segment_id,label_idx,start,end
--qXJuDtHPw,0,23.199,30.325
-3g5yACwYnA,0,82.753,100.555
-3g5yACwYnA,1,119.919,125.299
-3g5yACwYnA,5,74.083,82.776
-3nNcZdcdvU,1,12.014,20.098
-571d8cVauQ,1,21.842,28.309
-571d8cVauQ,2,69.893,85.0
-6rXp3zJ3kc,0,14.468,22.882
-6rXp3zJ3kc,1,45.428,58.151
-6rXp3zJ3kc,2,58.109,71.96
-9YyBTjo1zo,0,-0.457596371882,1.77959183673
-9YyBTjo1zo,1,0.81950113379,5.96009070295
-9YyBTjo1zo,2,5.97777777778,22.6721088435
-9YyBTjo1zo,3,32.8167800454,42.9959183673
-9YyBTjo1zo,4,42.853968254,47.7850340136
-9y-fZ3swSY,5,37.077,43.026
-AUZQgSxyPQ,0,13.122,35.513
-Alixo7euuU,0,0.0124716553288,5.14081632653
-Alixo7euuU,1,5.14081632653,12.4641723356
-Alixo7euuU,2,79.1426303855,87.543537415
-Alixo7euuU,3,115.739455782,119.810204082
-Alixo7euuU,4,120.488662132,130.346258503
-Alixo7euuU,5,133.259637188,140.912244898
-Alixo7euuU,6,12.4641723356,21.2741496599
-Alixo7euuU,7,141.041950113,153.653287982
-Alixo7euuU,8,167.312244898,182.238321995
-Alixo7euuU,9,184.982086168,189.950793651
-Alixo7euuU,10,190.270068027,197.114512472
-Alixo7euuU,11,198.301814059,213.866439909
-Alixo7euuU,12,223.554421769,228.303628118
-Alixo7euuU,13,36.2600907029,41.7476190476
-Eqdz5y4pEY,0,21.5734693878,28.3480725624
-HeZS2-Prhc,0,7.764,16.905
-HeZS2-Prhc,3,71.998,78.815
-HvKLjmsO5U,0,11.9154195011,20.7653061224
-HvKLjmsO5U,1,21.2342403628,31.9399092971
-IUUR2yyNbw,0,7.22607709751,25.4047619048
-IUUR2yyNbw,1,114.861451247,126.445124717
-IUUR2yyNbw,2,142.857823129,149.861904762
-IUUR2yyNbw,3,32.7081632653,42.446031746
-IUUR2yyNbw,4,66.531292517,69.753968254
-I_e4mIh0yE,0,3.144,10.57
-I_e4mIh0yE,2,25.154,47.097
-IqSFQePnpU,0,0.0124716553288,17.2931972789
-KCahx2qBOI,0,86.5857142857,94.6174603175
-KCahx2qBOI,1,44.9702947846,51.9943310658
-KCahx2qBOI,2,79.880952381,86.1866213152
-LnuDPiuuZw,0,0.0124716553288,5.30045351474
-LnuDPiuuZw,1,6.23832199546,14.8387755102
-LnuDPiuuZw,2,15.3077097506,31.4310657596
-LnuDPiuuZw,3,96.5231292517,108.216553288
-MeTTeMJBNc,1,77.036,82.277
-MeTTeMJBNc,3,31.849,42.258
-NFrJFQijFE,3,44.1111111111,54.7691609977
-RfYyzHpjk4,0,64.794,69.855
-RfYyzHpjk4,1,9.051,14.441
-RfYyzHpjk4,3,52.652,60.536
-RpZEe4w4fY,0,0.0,3.576
-RpZEe4w4fY,1,2.745,5.182
-RpZEe4w4fY,2,34.184,43.954
-RpZEe4w4fY,3,43.153,45.54
-RpZEe4w4fY,4,4.182,11.787
-RpZEe4w4fY,5,10.787,18.352
-RpZEe4w4fY,6,17.761,27.561
-RpZEe4w4fY,7,26.561,28.479
-RpZEe4w4fY,8,27.479,29.976
-RpZEe4w4fY,9,29.205,31.532
-RpZEe4w4fY,10,30.732,33.248
-RpZEe4w4fY,11,32.378,35.034
-SYSVSQnTnA,0,0.0124716553288,6.89682539683
-SYSVSQnTnA,1,7.43560090703,13.8310657596
-SYSVSQnTnA,2,15.2777777778,21.6233560091
-THoVjtIkeU,3,122.393,127.215
-THoVjtIkeU,4,126.604,141.392
-THoVjtIkeU,5,23.308,27.531
-THoVjtIkeU,7,97.62,106.831
-UUCSKoHeMA,1,65.532,71.97
-UUCSKoHeMA,3,58.508,66.532
-UacrmKiTn4,0,71.938,79.164
-UacrmKiTn4,1,34.792,39.464
-UacrmKiTn4,2,42.664,46.318
-UacrmKiTn4,3,45.717,56.216
-VmheDA92mM,0,-0.437641723356,8.24489795918
-VmheDA92mM,1,8.88117913832,12.9641723356
-VmheDA92mM,2,11.9641723356,23.5102040816
-VmheDA92mM,3,23.8172335601,29.3569160998
-VmheDA92mM,4,29.7537414966,44.6222222222
-WXXTNIJcVM,4,31.44,41.988
-ZgjBOA1Yhw,0,10.837,19.779
-ZgjBOA1Yhw,3,46.017,53.003
-a55Q6RWvTA,0,17.112,39.175
-aNfi7CP8vM,0,48.112,58.58
-aNfi7CP8vM,1,27.639,36.161
-aqamKhZ1Ec,2,29.115,42.317
-bl5PfNIYrk,0,18.5603174603,25.7240362812
-bl5PfNIYrk,1,104.993877551,113.584353741
-bl5PfNIYrk,2,131.483673469,142.778004535
-bl5PfNIYrk,3,48.4922902494,58.8886621315
-bl5PfNIYrk,4,59.8365079365,65.3739229025
-bl5PfNIYrk,5,65.9526077098,79.8111111111
-bl5PfNIYrk,6,80.4297052154,84.9394557823
-cEhr0cQcDM,0,56.423,63.819
-cEhr0cQcDM,1,31.819,38.935
-cmk6cfUeMs,0,0.0124716553288,4.1231292517
-cmk6cfUeMs,1,4.13310657596,18.4405895692
-dZ1TCboxcQ,0,0.0124716553288,9.76031746032
-dZ1TCboxcQ,1,11.6659863946,17.1136054422
-dZ1TCboxcQ,2,17.143537415,25.1253968254
-dZ1TCboxcQ,3,30.00430839,39.9317460317
-egA8-b7-3M,0,1.268,11.408
-egA8-b7-3M,4,101.561,107.03
-egA8-b7-3M,7,11.156,17.813
-egA8-b7-3M,8,124.788,131.245
-egA8-b7-3M,11,162.642,189.413
-egA8-b7-3M,12,188.802,194.701
-egA8-b7-3M,14,27.858,35.273
-hPfPhUIzfA,0,1.77845804989,18.1712018141
-hPfPhUIzfA,1,18.1712018141,22.7009070295
-hPfPhUIzfA,2,36.719047619,41.8274376417
-hPfPhUIzfA,3,41.9671201814,49.2006802721
-hnBHBN8p5A,0,16.9528344671,19.1002267574
-hnBHBN8p5A,1,21.043537415,27.3614512472
-hnBHBN8p5A,2,28.4965986395,35.7922902494
-hnBHBN8p5A,4,39.7210884354,47.4358276644
-iRBcNs9oI8,0,0.340589569161,8.33469387755
-iRBcNs9oI8,4,10.2281179138,15.7578231293
-l_53IwQoj0,0,33.1371882086,39.3231292517
-lqc32Zpr7M,1,38.514,47.576
-lqc32Zpr7M,2,76.448,85.42
-lqc32Zpr7M,3,22.4,27.731
-lzEya4AM_4,0,78.194,85.569
-lzEya4AM_4,1,25.124,32.679
-lzEya4AM_4,2,32.907,47.625
-lzEya4AM_4,3,47.324,51.686
-lzEya4AM_4,4,63.347,78.266
-m9KtvCk_L8,0,47.1353741497,52.5231292517
-m9KtvCk_L8,1,39.7222222222,42.4659863946
-m9KtvCk_L8,2,42.4659863946,47.1353741497
-mJ2ud6oKI8,0,0.47029478458,6.51882086168
-mqbVkbCndg,2,51.055,57.683
-o_667Ny7RM,0,0.0124716553288,5.63968253968
-qDkUB0GgYY,0,30.382,47.655
-qDkUB0GgYY,1,46.655,51.247
-qDkUB0GgYY,2,57.8,66.433
-qMhGeJkp5o,0,66.1920634921,76.5385487528
-qMhGeJkp5o,1,76.9975056689,85.2287981859
-qMhGeJkp5o,2,85.2287981859,94.6972789116
-qMhGeJkp5o,3,5.93900226757,13.9408163265
-qMhGeJkp5o,4,14.1702947846,27.919047619
-qMhGeJkp5o,5,28.4079365079,33.6759637188
-qMhGeJkp5o,6,33.7757369615,39.2133786848
-qMhGeJkp5o,7,49.7594104308,55.5961451247
-qMhGeJkp5o,8,62.4605442177,65.5734693878
-ri04Z7vwnc,3,39.1224489796,42.5469387755
-ri04Z7vwnc,4,41.8263038549,52.653968254
-rxZxtG0xmY,1,13.092,21.994
-t217m2on-s,0,10.647,16.257
-t217m2on-s,1,43.183,60.187
-tANM6ETl_M,1,19.008,25.605
-tANM6ETl_M,2,25.084,47.905
-tPCytz4rww,0,48.611,53.283
-tPCytz4rww,1,52.532,57.902
-tPCytz4rww,2,56.902,68.628
-tPCytz4rww,3,81.027,88.153
-tPCytz4rww,4,90.955,97.512
-tPCytz4rww,5,102.588,106.252
-uywlfIYOS8,0,24.955,30.834
-uywlfIYOS8,1,47.015,59.439
-vxjVxOeScU,0,24.396,31.023
-vxjVxOeScU,1,35.94,44.961
-wMB_hJL-3o,1,30.642,39.913
-wMB_hJL-3o,2,64.914,76.25
-wMB_hJL-3o,3,75.689,81.658
-wdUIwjDMfg,0,0.0124716553288,30.6628117914
-wny0OAz3g8,6,38.065,45.969
-yRb-Jum7EQ,0,5.279,34.376
-yRb-Jum7EQ,2,52.582,59.798
03X1FwF6udc,0,76.797,86.846
03X1FwF6udc,1,92.691,96.135
03X1FwF6udc,2,110.081,114.693
03X1FwF6udc,3,152.066,161.417
03X1FwF6udc,6,39.751,44.083
06st0Ez_E_I,1,33.385,38.646
07Z16yRBFUQ,0,15.845,21.824
07Z16yRBFUQ,1,37.297,49.771
07Z16yRBFUQ,2,49.339,58.321
08d4NTXkSxw,0,-0.038548752834,6.69841269841
0AA-wmk8WdA,0,10.627,17.145
0AkGtPzl7D8,0,32.448,37.888
0BVed2nBq1g,5,32.198185941,37.219047619
0DBfvvIVmqY,0,0.410430839002,4.21405895692
0DBfvvIVmqY,2,41.4172335601,44.7120181406
0DBfvvIVmqY,6,17.6013605442,21.0058956916
0DBfvvIVmqY,10,32.4875283447,35.3433106576
0EphpADwdPg,3,33.5850340136,38.6557823129
0EphpADwdPg,4,38.0149659864,45.5501133787
0EphpADwdPg,5,45.0589569161,50.7482993197
0FA32bEZ6xI,9,116.546485261,130.467120181
0Fqav67TDEw,0,6.936,15.299
0JaYazphxfM,0,30.332,42.637
0JaYazphxfM,1,41.956,50.16
0K7dCp80n9c,0,94.207,98.879
0K7dCp80n9c,1,98.059,104.087
0K7dCp80n9c,3,20.954,30.834
0OC3wf9x3zQ,2,74.5231292517,78.8333333333
0OC3wf9x3zQ,5,110.02244898,119.610657596
0OC3wf9x3zQ,8,39.5426303855,47.7240362812
0OC3wf9x3zQ,10,60.5448979592,63.8573696145
0OXeN3MhFeA,3,64.784,70.823
0OXeN3MhFeA,4,70.082,76.47
0OXeN3MhFeA,5,15.297,22.313
0OXeN3MhFeA,6,75.739,81.0
0PlQc98SccA,1,17.761,25.077
0SfejBuLgFo,0,1.39818594104,10.020861678
0Svu5BldR5A,1,76.956,81.888
0W4WsjhDgUI,0,17.352,28.678
0WIwQgH4lKg,0,21.0136054422,27.052154195
0WIwQgH4lKg,1,26.0920634921,33.1183673469
0WIwQgH4lKg,4,43.0634920635,46.1188208617
0Xs8wJrAmxs,0,29.764,42.317
0Xs8wJrAmxs,1,43.802,56.844
0Xs8wJrAmxs,3,64.315,70.483
0YdYFtVdlWE,1,45.9369614512,52.1850340136
0YdYFtVdlWE,3,57.8798185941,62.0526077098
0bsTzavb-AE,0,18.32,29.237
0bxhZ-LIfZY,0,29.464,47.795
0bxhZ-LIfZY,1,46.895,59.778
0cBmQ_ItVUc,0,1.598,11.278
0cBmQ_ItVUc,2,170.045,195.1
0cBmQ_ItVUc,4,200.665,223.047
0cBmQ_ItVUc,8,56.333,69.845
0cBmQ_ItVUc,10,76.388,82.177
0eTibWQdO5M,0,37.317,49.681
0hCOCt6fWas,0,68.705,74.165
0hCOCt6fWas,1,73.415,82.716
0hCOCt6fWas,3,9.041,18.99
0hCOCt6fWas,4,97.061,103.02
0hCOCt6fWas,5,43.812,51.147
0hCihQ5Kep0,0,19.647,31.083
0hCihQ5Kep0,2,52.751,56.894
0jtdrsmVzYQ,0,29.744,35.553
0jtdrsmVzYQ,1,34.702,42.856
0mXv97u2OCM,0,29.834,34.805
0mXv97u2OCM,1,34.084,45.54
0nJrksJ7azM,4,37.785,46.717
0p9XKC_J3hU,0,32.827,41.02
0r8KVXUCV6c,0,86.764,98.62
0r8KVXUCV6c,1,123.221,132.981
0r8KVXUCV6c,2,53.859,64.108
0r8KVXUCV6c,3,70.122,83.035
0rE8jEvQW_I,1,5.59863945578,10.2603174603
0tkWa2skSmA,0,42.335,47.745
0tkWa2skSmA,1,51.325,69.865
0uftSGdwo0Q,1,78.263,83.474
0uftSGdwo0Q,2,14.449,22.093
0utROiKxejc,0,6.626,12.685
0vXaXWx7Rvo,2,7.26485260771,11.9265306122
0vXaXWx7Rvo,4,39.3319727891,45.9192743764
0y022OlZ3W0,6,21.7419501134,27.1818594104
0y022OlZ3W0,7,29.1551020408,32.1206349206
0zl_GDVzykw,0,5.379,10.41
102858,22,55.5650793651,60.356462585
117tQqLjza4,0,19.317,22.762
117tQqLjza4,1,23.588,32.629
119348,1,85.5469387755,99.4775510204
11UtTaDYgII,1,99.974,116.15
11UtTaDYgII,5,64.176,70.404
11UtTaDYgII,6,70.222,84.541
11j7EfglCAs,0,16.165,23.53
11j7EfglCAs,1,36.818,47.955
120vnZnmhq4,0,6.656,16.277
13JpsLvddoY,0,23.259,29.227
13JpsLvddoY,1,29.095,34.815
13JpsLvddoY,2,35.072,43.016
13JpsLvddoY,3,42.754,47.027
15Wu4U2VPLw,0,1.278,8.594
15Wu4U2VPLw,3,30.662,39.294
15ktF-6wutk,1,20.9836734694,27.1419501134
15ktF-6wutk,5,6.02766439909,10.2303854875
15ktF-6wutk,6,9.6394557823,16.3365079365
173CpFb3clw,1,11.565,33.917
18JTkk8JbeU,0,4.721,23.48
18JTkk8JbeU,3,40.888,49.87
18QjfdhJEM4,2,93.4700680272,99.2369614512
18QjfdhJEM4,8,152.59569161,158.532199546
18QjfdhJEM4,18,87.6832199546,92.2229024943
19k6sEC7814,3,20.684,30.694
19k6sEC7814,5,45.927,55.228
1A-aRhYx-GQ,0,62.24,66.971
1A-aRhYx-GQ,1,65.971,70.064
1A-aRhYx-GQ,2,69.424,73.497
1A-aRhYx-GQ,3,73.355,78.924
1A-aRhYx-GQ,6,109.991,117.107
1A-aRhYx-GQ,8,139.983,146.391
1A-aRhYx-GQ,10,174.834,181.741
1A-aRhYx-GQ,16,47.104,62.023
1A7dqFxx8wU,2,24.8548752834,28.4290249433
1CjUHNYzW1E,2,55.5052154195,58.9197278912
1CjUHNYzW1E,3,9.41995464853,19.4095238095
1CjUHNYzW1E,4,18.8285714286,27.0920634921
1ESU5ONMMxs,7,10.8666666667,16.7156462585
1ESU5ONMMxs,9,21.2131519274,24.8671201814
1F0qH0EEBfo,6,58.4784580499,63.4594104308
1F0qH0EEBfo,10,6.57641723356,9.55192743764
1F0qH0EEBfo,17,100.892063492,105.633560091
1HK7Nea0PFo,3,60.693,73.417
1HS2HcN2LDo,0,9.43990929705,18.3718820862
1HS2HcN2LDo,2,18.3795918367,23.3006802721
1J9Fa995Ojs,0,49.688,55.657
1JQ9UCBEmCU,4,25.952,35.453
1RBT_QoSkIU,0,50.956,56.605
1RxliidxXyQ,1,7.115,17.953
1S4p-Lfhbp4,0,-0.487528344671,2.4380952381
1S4p-Lfhbp4,1,1.4380952381,6.6485260771
1S4p-Lfhbp4,2,6.14739229025,13.6925170068
1S4p-Lfhbp4,3,13.2213151927,23.4702947846
1S4p-Lfhbp4,4,23.9569160998,30.2049886621
1S4p-Lfhbp4,5,29.5242630385,38.0571428571
1S6ji_d4OLI,0,24.117,36.68
1S6ji_d4OLI,1,46.985,55.138
1W38PnuWIkM,0,1.747,8.594
1W38PnuWIkM,7,47.414,55.268
1YEgMQ1xxzQ,0,13.092,42.776
1ZjIX9AK860,1,24.675,30.854
1bzS0YF5hfs,0,14.0,22.343
1cyUKHOvdYY,1,4.97,13.812
1dWsw38VDjY,0,4.78,15.818
1dWsw38VDjY,1,24.635,30.415
1dWsw38VDjY,3,69.463,77.717
1fqNb8cfLFE,1,12.493,26.803
1jogeKX0wGw,0,12.633,20.238
1jogeKX0wGw,1,26.581,31.203
1k7br8xXMSU,2,87.223,93.262
1k7br8xXMSU,6,139.983,150.252
1k7br8xXMSU,8,27.509,46.678
1k7br8xXMSU,9,46.067,55.248
1knHBRVPoYQ,0,-0.487528344671,1.71972789116
1knHBRVPoYQ,1,35.1015873016,44.6222222222
1knHBRVPoYQ,2,43.99138322,50.568707483
1knHBRVPoYQ,3,49.9678004535,53.980952381
1knHBRVPoYQ,4,1.96689342404,8.80362811791
1knHBRVPoYQ,5,22.5301587302,25.5854875283
1knHBRVPoYQ,6,24.7351473923,30.2848072562
1knHBRVPoYQ,7,31.7990929705,34.7845804989
1mHjMNZZvFo,0,0.83945578231,8.59410430839
1o8Gy4J6WSs,0,6.397,9.522
1o8Gy4J6WSs,2,37.257,47.605
1pl2FVdQWj0,1,26.082,41.35
1pvK0_9SQns,0,52.901,62.741
1pvK0_9SQns,1,20.116,24.049
1pvK0_9SQns,2,23.827,34.944
1pvK0_9SQns,3,36.648,46.398
1sJjdaXXuJg,2,29.005,36.151
1tQOvm5eQOA,5,16.4240362812,19.2
1tuMFJnlXJc,0,4.731,10.45
1tuMFJnlXJc,2,89.159,96.075
1tuMFJnlXJc,6,18.469,37.518
1tuMFJnlXJc,7,38.115,42.866
1x7kf9vArjU,2,21.213,26.054
1zXAYdPdzy8,0,2.885,17.843
2-4autDbHVQ,6,58.598185941,63.389569161
2-5hH_k2VFk,0,166.513,171.683
2-5hH_k2VFk,1,55.565,64.038
2-5hH_k2VFk,3,122.064,136.733
2-5hH_k2VFk,5,145.291,166.725
2-EJz4RG4g4,0,19.557,29.457
20LfN8ENbhM,3,24.985,32.749
210238,4,59.0970521542,61.9129251701
218708,6,83.1623582766,90.4979591837
21Kxt5L9OBE,0,17.172,29.716
21Kxt5L9OBE,1,28.716,37.229
220134,12,104.09478458,111.350566893
220134,13,110.949206349,118.7138322
221153,11,98.7569160998,103.767800454
221153,12,15.9351473923,29.8657596372
231025,6,75.1605442177,77.9764172336
238645,13,76.8367346939,81.0394557823
238645,21,21.1233560091,24.0888888889
23YlZoucbyM,1,16.663,24.757
243646,4,117.823582766,139.815873016
243646,5,10.0784580499,11.537414966
244623,20,122.453061224,124.710204082
244623,21,125.546031746,129.419501134
244623,24,23.777324263,28.7183673469
244623,25,29.2648526077,33.8068027211
244623,27,34.473015873,37.1891156463
244623,28,36.2888888889,38.3365079365
24xayGF5yYA,18,168.288888889,172.282086168
24xayGF5yYA,23,194.349659864,203.880272109
254298,1,76.6371882086,80.2013605442
256935,1,46.914739229,53.5918367347
256935,5,69.0444444444,71.7804988662
256935,11,100.812244898,105.024943311
259470,1,43.2430839002,59.3188208617
259470,3,60.7832199546,66.5224489796
259470,5,69.6929705215,74.2149659864
259470,11,91.5233560091,99.3578231293
26WrTHLJJIU,1,18.958,24.129
27798,8,33.4154195011,42.1278911565
27ubp7CLLKQ,0,3.853,7.956
27ubp7CLLKQ,2,78.433,82.466
27ubp7CLLKQ,4,12.772,17.414
27ubp7CLLKQ,5,43.922,50.868
27v7Blr0vjw,1,15.077,25.855
2Crezdbre6I,0,48.521,56.805
2Crezdbre6I,1,17.661,29.596
2HP4KedfmSc,6,49.13,60.706
2HmBM3GGTlg,1,36.9873015873,43.2752834467
2ItiGjefTRA,0,34.273,43.674
2ItiGjefTRA,1,43.443,54.131
2J4zrDn7K4s,0,21.253,44.293
2JY5HXBWO84,0,60.215,71.541
2JY5HXBWO84,1,85.637,97.233
2JY5HXBWO84,2,118.033,123.842
2JY5HXBWO84,3,132.321,139.706
2JY5HXBWO84,4,138.706,152.597
2JY5HXBWO84,5,169.067,181.142
2JY5HXBWO84,6,181.788,191.798
2JY5HXBWO84,7,45.907,54.929
2Ky9DBSl49w,0,6.546,29.546
2LpVvLemgvw,1,53.809,56.146
2OLVF-KEaZU,0,41.008,44.752
2OLVF-KEaZU,1,13.65,18.801
2OLVF-KEaZU,2,23.807,29.377
2PgJok07td4,0,14.748,26.005
2QOf2wSu0j0,0,11.106,21.245
2QOf2wSu0j0,1,20.545,25.426
2QXHdu2zlQY,1,20.545,24.598
2QXHdu2zlQY,3,40.739,45.949
2RC_DXV_dPQ,0,67.757,77.238
2RC_DXV_dPQ,1,56.653,63.16
2RC_DXV_dPQ,2,62.759,67.899
2RDubrUjI-k,0,13.7,19.06
2RDubrUjI-k,1,21.892,27.78
2RDubrUjI-k,2,27.389,33.348
2RDubrUjI-k,3,32.897,39.574
2S00zYaVrtc,2,88.311,95.317
2S00zYaVrtc,3,100.104,107.17
2S00zYaVrtc,6,136.511,145.623
2S00zYaVrtc,8,154.281,165.897
2S00zYaVrtc,9,173.717,179.675
2S00zYaVrtc,11,42.485,52.185
2Vtv2gPzM7w,0,76.677,86.228
2Vtv2gPzM7w,1,100.134,106.541
2W-U94hXuK0,0,3.623,17.574
2Wo-0trLBjU,0,7.654,14.73
2Wo-0trLBjU,2,149.571,154.323
2Wo-0trLBjU,4,176.48,185.392
2Wo-0trLBjU,5,25.553,31.841
2YwgSmmLibs,0,178.456,185.642
2YwgSmmLibs,1,14.688,29.107
2YwgSmmLibs,3,96.442,114.264
2Zx4huY-KN8,0,19.288,31.312
2Zx4huY-KN8,1,30.522,41.07
2ahFSMFvs_c,1,73.415,77.647
2ahFSMFvs_c,2,77.475,87.964
2ahFSMFvs_c,4,117.225,131.245
2ahFSMFvs_c,6,19.178,24.338
2ahFSMFvs_c,7,36.349,42.667
2c2fhh_Dsoo,1,9.56,18.442
2c2fhh_Dsoo,3,38.983,43.914
2c6Gb73nx4E,0,80.758,86.866
2c6Gb73nx4E,1,12.413,25.286
2cwNG0YuwtQ,0,3.304,12.126
2cwNG0YuwtQ,2,97.28,103.538
2cwNG0YuwtQ,3,107.128,116.449
2cwNG0YuwtQ,4,115.499,127.304
2cwNG0YuwtQ,5,136.82,146.102
2cwNG0YuwtQ,6,145.69,152.906
2cwNG0YuwtQ,7,152.066,158.743
2cwNG0YuwtQ,8,162.981,169.059
2cwNG0YuwtQ,10,66.72,73.556
2f6ZHqJ76EU,1,93.06,100.346
2f6ZHqJ76EU,6,66.839,77.617
2f6ZHqJ76EU,7,76.867,86.746
2iukwQJjGHE,0,14.618,28.2
2lj0BaPsJpM,1,32.607,40.571
2lj0BaPsJpM,2,48.761,56.635
2lj0BaPsJpM,3,56.613,62.821
2m58ShI1QSI,1,39.581,44.483
2mWPHvbKzL8,1,64.824,72.419
2mWPHvbKzL8,5,91.064,95.098
2mWPHvbKzL8,7,105.651,110.034
2mWPHvbKzL8,9,10.238,17.903
2o2ljA0QD7g,0,72.906,90.378
2o2ljA0QD7g,1,89.658,97.841
2o2ljA0QD7g,2,13.191,20.068
2vX-ZRQQDwo,6,51.355,57.174
2vsgDSlJ9pU,1,70.391,77.398
2vsgDSlJ9pU,2,77.036,89.091
2vsgDSlJ9pU,3,34.054,45.82
2w7rpDe-HoA,0,3.324,9.971
2w7rpDe-HoA,4,95.105,100.964
2ze94yo2aPo,2,42.585,51.357
2ze94yo2aPo,3,50.916,58.451
31tcuDMQ_H8,0,2.935,18.063
31tcuDMQ_H8,2,107.148,120.121
31tcuDMQ_H8,3,129.497,143.537
31tcuDMQ_H8,6,37.476,42.677
31tcuDMQ_H8,8,66.52,80.012
32j1yMF37hA,0,19.417,23.77
33ueXDUn3mA,0,2.037,13.184
33ueXDUn3mA,3,12.483,19.22
33ueXDUn3mA,4,28.317,39.085
33ueXDUn3mA,6,54.527,71.521
34cU3HO_hEA,0,45.249,56.665
36o2cux9kfQ,1,120.946,126.376
39lcRCFvV-s,3,39.1523809524,48.7428571429
39lcRCFvV-s,33,165.415419501,173.369614512
39lcRCFvV-s,36,182.237188209,184.634013605
3B1zIUj-k3o,5,39.881,49.671
3B1zIUj-k3o,6,62.27,69.236
3DOrdP4H8SA,0,1.26848072562,5.75056689342
3DOrdP4H8SA,6,6.89569160998,10.9287981859
3FpmKxZgihw,3,68.117,76.37
3FpmKxZgihw,6,16.893,21.944
3FpmKxZgihw,7,29.375,35.094
3FpmKxZgihw,8,34.673,42.357
3GyEnzE1NTQ,1,64.804,68.548
3GyEnzE1NTQ,2,82.185,87.954
3GyEnzE1NTQ,5,95.664,99.468
3GyEnzE1NTQ,6,98.847,103.0
3GyEnzE1NTQ,7,102.508,106.961
3GyEnzE1NTQ,8,8.193,14.73
3GyEnzE1NTQ,9,14.249,19.549
3HRnhUin-5g,0,0.281,5.551
3HRnhUin-5g,3,145.471,150.152
3HRnhUin-5g,5,29.804,36.191
3HyAaqre_Fk,0,10.128,21.924
3HyAaqre_Fk,1,20.924,40.362
3IUVpwx23cY,0,35.82,40.532
3IUVpwx23cY,1,81.776,90.608
3IUVpwx23cY,2,110.71,116.668
3IUVpwx23cY,3,129.417,134.049
3IUVpwx23cY,4,32.328,36.571
3J3Thmd_vks,0,49.229,58.052
3MFNIag0wNE,0,1.907,8.973
3MFNIag0wNE,2,86.156,102.9
3MFNIag0wNE,4,126.404,136.483
3MFNIag0wNE,6,141.56,147.449
3MFNIag0wNE,10,52.582,60.187
3OMgvtWNHp4,4,13.541,20.936
3OMgvtWNHp4,6,43.512,47.236
3OMgvtWNHp4,7,46.236,48.673
3OYY5Tsz_2k,0,2.615,9.562
3OYY5Tsz_2k,3,9.2,19.31
3OYY5Tsz_2k,4,24.665,31.532
3OuNMjZo5wg,0,6.556,22.173
3OuNMjZo5wg,2,22.81,30.165
3QcqpwQiiLs,0,3.533,7.756
3REPHw7oLWo,0,9.48,19.529
3REPHw7oLWo,2,34.832,38.915
3REPHw7oLWo,3,45.298,52.255
3UOqbf_B_Yc,0,3.214,9.761
3UOqbf_B_Yc,3,45.688,52.774
3V2qm0rw920,1,81.795,89.261
3V2qm0rw920,5,27.569,32.729
3V2qm0rw920,6,49.688,56.735
3VsrcbjPwZY,1,26.591,37.01
3VsrcbjPwZY,2,36.289,41.998
3VsrcbjPwZY,3,57.331,72.828
3WZ6R9B0PcU,0,67.029,73.796
3Wi0if_L6Ug,0,81.117,90.688
3Wi0if_L6Ug,1,89.688,95.038
3Wi0if_L6Ug,2,111.508,118.424
3Wi0if_L6Ug,6,156.605,167.533
3Wi0if_L6Ug,7,11.854,30.494
3Wi0if_L6Ug,10,49.14,59.698
3Wi0if_L6Ug,11,59.097,67.59
3XShFTBsp_Q,0,17.851,31.372
3aD0xAgxxyw,1,78.084,85.669
3aD0xAgxxyw,3,101.261,107.05
3aD0xAgxxyw,4,107.148,111.62
3aD0xAgxxyw,5,14.937,28.619
3aD0xAgxxyw,6,70.81,76.61
3aIQUQgawaI,1,133.399319728,133.808390023
3aIQUQgawaI,2,133.808390023,136.242857143
3aIQUQgawaI,3,136.242857143,137.070975057
3aIQUQgawaI,6,70.3326530612,87.7131519274
3hOlJf_JQDs,0,5.06,20.317
3j94B0pzSVs,2,64.575,68.568
3j94B0pzSVs,4,91.533,100.146
3j94B0pzSVs,5,100.004,107.21
3j94B0pzSVs,8,17.911,29.127
3j94B0pzSVs,10,38.304,48.154
3j94B0pzSVs,11,49.589,55.348
3kNPvhdF1NA,1,47.723,53.033
3lkn8MS3n8Q,0,69.902,82.436
3lkn8MS3n8Q,1,111.139,116.04
3lkn8MS3n8Q,2,121.565,135.176
3lkn8MS3n8Q,7,172.35,178.039
3lkn8MS3n8Q,8,177.039,183.457
3lkn8MS3n8Q,11,5.369,19.539
3lkn8MS3n8Q,12,18.539,30.045
3lkn8MS3n8Q,13,29.095,34.695
3lkn8MS3n8Q,15,62.829,70.902
3n44IP3tCVE,7,17.901,24.438
3n44IP3tCVE,9,39.192,53.961
3n44IP3tCVE,10,53.011,61.983
3n44IP3tCVE,11,65.602,75.771
3oHPsYc8bmw,0,17.571,24.209
3oHPsYc8bmw,1,36.598,43.624
3oHPsYc8bmw,2,42.894,52.963
3ocpWAmSNUE,0,41.008,51.636
3ocpWAmSNUE,1,51.594,60.197
3ocpWAmSNUE,2,59.895,64.966
3ocpWAmSNUE,3,71.718,84.941
3odZe3AGilc,1,16.205,24.488
3paDwuRQP1w,3,37.037,46.448
3sUS8vXbRwg,1,74.771,82.496
3sUS8vXbRwg,2,82.484,94.928
3sUS8vXbRwg,4,18.2,23.59
3u_Joh0WJdw,0,39.282,46.438
3w9I5SBhHNc,0,148.614,157.336
3w9I5SBhHNc,1,42.874,52.295
3w9I5SBhHNc,3,112.985,119.542
3wHE78v9zr4,6,120.128344671,128.711111111
3y2YInNUmHY,3,29.524,43.136
424SXFTCFsA,0,3.922,7.796
424vOT3Nnyk,0,40.4006802721,55.5761904762
424vOT3Nnyk,1,56.2646258503,78.7136054422
424vOT3Nnyk,2,78.7136054422,89.3793650794
424vOT3Nnyk,3,89.3793650794,104.754421769
44MVdpDEQJs,3,36.997,45.849
45c3QQzGakM,0,25.244,32.041
45c3QQzGakM,1,31.42,45.56
48BD8qjClfE,0,19.347,28.259
48nifdN2vSI,0,52.722,63.609
48u68AzcWvE,0,79.082,85.12
4AQC7_uCuEE,5,85.4571428571,88.043537415
4AQC7_uCuEE,6,87.8616780045,92.673015873
4AQC7_uCuEE,7,92.0920634921,99.8766439909
4AQC7_uCuEE,10,111.258503401,118.753741497
4AQC7_uCuEE,15,142.717006803,150.022675737
4AQC7_uCuEE,16,149.022675737,153.30521542
4BoE-woHtwA,0,0.361,4.853
4BoE-woHtwA,3,46.625,54.44
4CKhrjuuofk,8,46.995,52.933
4EDblUpJieU,0,3.853,15.109
4EDblUpJieU,2,49.269,58.151
4EEru3cZwXo,0,30.273,35.164
4EEru3cZwXo,1,34.772,42.617
4Fw9TbWIVJI,0,50.447,61.364
4GYfmpEEtl4,0,1.937,8.385
4GYfmpEEtl4,2,67.488,73.197
4GYfmpEEtl4,3,13.96,32.45
4GYfmpEEtl4,4,31.999,38.776
4H9RfQuqsvg,0,1.438,4.863
4H9RfQuqsvg,2,47.663,51.956
4H9RfQuqsvg,3,15.576,23.261
4H9RfQuqsvg,4,22.261,29.537
4HAC00EAdno,0,65.433,85.908
4HAC00EAdno,1,84.908,97.123
4HAC00EAdno,2,97.42,101.982
4HAC00EAdno,7,34.972,48.553
4HAC00EAdno,8,48.282,55.887
4HazSkYihtw,0,10.907,27.312
4Q7OkrJLzAc,2,11.4952380952,17.9328798186
4Q7OkrJLzAc,3,17.2820861678,26.2839002268
4Q95Lg3Icho,5,108.49478458,112.078911565
4Q95Lg3Icho,6,111.078911565,122.345578231
4Q95Lg3Icho,22,37.5360544218,46.8371882086
4Ry6M_ZfJQc,1,50.437,61.773
4VA4kqMnEqA,2,42.3750566893,47.8448979592
4VA4kqMnEqA,5,19.6866213152,23.4004535147
4VA4kqMnEqA,6,27.9977324263,32.1405895692
4Vl6AeEkAg4,0,1.688,37.01
4Y8ROYezksQ,0,0.0,4.264
4YfyP0uIqw0,0,42.056,48.104
4Yxe1_ohz7Y,0,3.384,24.328
4Z47qIrVil4,1,35.191,56.485
4ZhIx2ozUIE,0,3.254,17.614
4ZhIx2ozUIE,2,21.203,29.646
4ZhIx2ozUIE,3,35.91,41.789
4cFeG2ydm9A,0,56.234,65.166
4dAYMzRyndc,1,61.5126984127,70.2428571429
4dAYMzRyndc,2,77.1371882086,84.8396825397
4dAYMzRyndc,5,36.4396825397,41.268707483
4dAYMzRyndc,6,56.8931972789,61.0138321995
4dV3slGSc60,1,78.623,87.156
4dV3slGSc60,2,86.505,101.483
4dV3slGSc60,4,186.807,209.448
4dV3slGSc60,6,41.028,52.355
4dV3slGSc60,7,63.068,70.713
4hEWns7JBg0,6,75.5297052154,82.9850340136
4hEWns7JBg0,10,93.2494331066,96.8036281179
4hEWns7JBg0,22,34.093877551,37.9174603175
4hEWns7JBg0,23,36.9174603175,48.9424036281
4iG0ffmnCOw,8,43.902,48.962
4iw1jTY-X3A,2,49.987755102,52.2648526077
4iw1jTY-X3A,5,11.6947845805,15.9473922902
4jTUcNlxlYA,1,21.5036281179,28.3879818594
4kF0U8kIMp4,2,23.767,30.674
4lKz4xyCmkk,2,62.02,70.154
4lKz4xyCmkk,3,72.666,78.385
4lKz4xyCmkk,4,78.543,89.301
4lKz4xyCmkk,11,57.122,62.611
4lro65JwQdc,0,50.566,57.064
4lro65JwQdc,1,109.782,129.37
4o4ilPK9rl8,0,12.563,22.153
4oeKDFIaL7o,3,58.02,93.391
4poXF3xo6Z8,8,32.777,48.813
4qjz4BQCZyM,1,37.995,43.255
4t5k_yILGJM,0,13.89,24.877
4wLP4elp1uM,0,36.029,42.258
4wLP4elp1uM,1,41.457,45.66
4wdeBJ39Cuw,2,33.3854875283,40.5015873016
4wdeBJ39Cuw,3,39.5015873016,45.2807256236
4wuug3-5cWo,3,36.368707483,40.5414965986
54CM1_GA-uw,1,24.4968253968,31.7702947846
55T4QNcdpOk,0,2.506,9.073
55T4QNcdpOk,2,18.07,28.878
5B0PQx3Ep3k,0,21.932,31.422
5B0PQx3Ep3k,1,33.326,38.835
5B0PQx3Ep3k,3,80.139,92.344
5F-KEGK9eXo,1,28.786,46.508
5FbzKjx3Lho,2,23.608,31.871
5Fs_7A_V2kA,0,15.736,34.884
5Fs_7A_V2kA,2,71.629,90.977
5HjbZAbB-Lg,2,29.684,39.733
5IhAgV0Bf_4,0,35.88,42.996
5IhAgV0Bf_4,1,47.184,57.962
5JMpMKAO-Mk,0,19.118,25.346
5JMpMKAO-Mk,1,30.632,35.573
5JMpMKAO-Mk,2,34.792,40.502
5O1W39o56gg,0,0.420408163265,5.72063492063
5O1W39o56gg,6,38.833106576,42.7265306122
5OLO6zEbrVw,2,31.021,43.515
5OUcvUDMMWE,0,0.0,2.398
5OUcvUDMMWE,1,1.678,9.302
5OUcvUDMMWE,2,46.526,48.813
5OUcvUDMMWE,3,48.89,54.709
5OUcvUDMMWE,4,8.592,14.85
5OUcvUDMMWE,5,14.049,21.704
5OUcvUDMMWE,6,20.974,26.823
5OUcvUDMMWE,7,27.06,32.38
5OUcvUDMMWE,8,31.62,37.768
5OUcvUDMMWE,9,36.927,42.098
5OUcvUDMMWE,10,41.238,47.526
5OXuBO5buF8,0,5.349,10.929
5OXuBO5buF8,1,19.298,25.486
5OXuBO5buF8,2,29.345,36.341
5PqwxUYIe3c,0,42.764,48.044
5PqwxUYIe3c,1,58.818,65.714
5PqwxUYIe3c,2,79.6,85.15
5PqwxUYIe3c,3,26.9,31.273
5QXHyL3BMto,0,6.936,17.234
5R5fDxZUL8M,0,82.793,92.314
5R5fDxZUL8M,1,91.543,100.126
5R5fDxZUL8M,3,110.251,129.739
5R5fDxZUL8M,6,23.917,32.939
5Tqu1IXJjGY,1,13.5306122449,19.1501133787
5Tqu1IXJjGY,2,18.7387755102,23.180952381
5VKMctXBN9M,0,0.200907029478,4.13424036281
5VKMctXBN9M,1,3.3537414966,10.8988662132
5XX0csik6VQ,2,36.459,42.567
5eY4S1F62Z4,1,80.937414966,90.1188208617
5fKPJPFqPho,0,1.039,3.785
5hXC8JbiLd8,0,60.294,67.67
5hXC8JbiLd8,1,19.068,23.321
5kaCGzjYukM,1,18.34,29.616
5kaCGzjYukM,4,81.915,91.905
5lrDS7LluCA,2,21.8616780045,27.770521542
5oEuiBPUTYc,0,57.89,68.099
5oEuiBPUTYc,1,67.438,75.462
5oEuiBPUTYc,3,20.615,30.804
5oEuiBPUTYc,4,30.322,42.647
5pxFqJ5hKMU,0,7.065,11.258
5pxFqJ5hKMU,1,62.03,71.202
5qQs9Cfydo4,0,14.0095238095,22.4326530612
5qQs9Cfydo4,1,21.4326530612,26.9424036281
5qQs9Cfydo4,2,26.3514739229,29.4467120181
5qQs9Cfydo4,3,28.4467120181,32.4399092971
5qxZFmIaynE,0,55.665,62.801
5qxZFmIaynE,1,70.122,75.422
5qxZFmIaynE,3,85.397,93.81
5qxZFmIaynE,6,112.546,120.669
5qxZFmIaynE,8,138.856,145.573
5qxZFmIaynE,11,162.013,165.897
5qxZFmIaynE,12,165.306,172.112
5qxZFmIaynE,16,210.712,219.664
5qxZFmIaynE,18,28.088,33.637
5qxZFmIaynE,19,36.977,42.118
5sDBK-lP8Pg,0,8.013,15.099
5tV5rZZJDCE,1,13.89,25.326
5tV5rZZJDCE,2,24.705,34.645
5vwXp27bCLw,0,94.447,102.76
5vwXp27bCLw,1,102.289,110.383
5vwXp27bCLw,2,109.383,117.586
5vwXp27bCLw,4,123.8,138.04
5vwXp27bCLw,6,147.636,151.859
5vwXp27bCLw,7,175.333,185.133
5vwXp27bCLw,9,228.981,232.924
5wpCKY2U1NE,2,60.015,68.717
5wpCKY2U1NE,3,21.413,27.102
5wpCKY2U1NE,6,46.276,53.801
5xa0Ac2krGs,0,7.415,15.449
5xa0Ac2krGs,1,33.286,37.488
60Qw70Rd9Yg,0,42.066,46.797
60Qw70Rd9Yg,1,46.246,50.13
60Qw70Rd9Yg,2,57.88,63.809
65kkuNV921k,2,77.635,83.913
65kkuNV921k,8,21.682,30.694
65kkuNV921k,9,163.23,167.693
65kkuNV921k,10,172.12,177.79
65kkuNV921k,11,176.79,186.021
65kkuNV921k,12,30.013,38.396
65kkuNV921k,14,45.308,50.908
663uRzFOfrg,0,42.375,51.776
663uRzFOfrg,1,64.385,71.99
69NtV79qgOg,3,44.5002267574,51.4566893424
6E-yr6nPxGA,0,70.99,78.226
6E-yr6nPxGA,1,91.553,100.934
6E-yr6nPxGA,2,106.729,123.144
6E-yr6nPxGA,3,34.693,43.385
6EDoVEm16fU,0,5.310430839,15.0682539683
6EDoVEm16fU,3,139.914512472,147.257823129
6EDoVEm16fU,5,15.3975056689,23.0501133787
6EDoVEm16fU,7,55.2868480726,59.8265306122
6EDoVEm16fU,8,90.1775510204,97.3113378685
6EJHA6IDLNk,0,7.165,14.181
6EJHA6IDLNk,1,13.531,20.327
6EJHA6IDLNk,2,38.663,44.383
6G8JJ69aN6o,0,0.1410430839,13.6126984127
6G8JJ69aN6o,6,43.7020408163,52.2349206349
6IUj6jyoTl0,1,19.327,29.207
6J_yzh1LNAE,1,13.211,19.639
6KvG5VbLalY,1,84.06,88.562
6KvG5VbLalY,2,88.41,95.776
6KvG5VbLalY,3,73.075,85.06
6MYUY5tC2Us,3,29.105,34.685
6MloL1gIccs,0,1.408,6.668
6MloL1gIccs,2,61.312,67.979
6MloL1gIccs,5,80.758,85.589
6MloL1gIccs,7,12.782,22.902
6PLlauWxF5E,1,14.289,21.884
6RFVsOWK1m4,3,27.429,34.555
6RFVsOWK1m4,6,60.404,73.058
6T1GHj7qwYs,1,60.185,67.81
6T1GHj7qwYs,2,70.491,84.432
6TDXQtGUNEs,0,81.366,87.844
6TDXQtGUNEs,1,87.024,91.685
6TDXQtGUNEs,3,145.132,158.743
6TDXQtGUNEs,5,8.003,34.016
6TDXQtGUNEs,9,43.004,55.927
6TDXQtGUNEs,10,55.216,66.892
6TKaGMkO69E,0,2.11655328798,11.4176870748
6TKaGMkO69E,1,24.8448979592,32.020861678
6WDchK7TuL8,2,43.652,53.183
6YNAmRjpxlA,2,52.991,56.575
6YNAmRjpxlA,3,55.795,58.032
6ZA8I83x-oY,1,12.832,26.883
6_ZT8beQXq8,1,49.04,54.969
6_ZT8beQXq8,2,54.398,58.501
6_ZT8beQXq8,4,68.326,72.05
6_ZT8beQXq8,5,71.249,76.999
6_ZT8beQXq8,6,75.999,80.361
6_ZT8beQXq8,9,44.061,47.815
6_k3cw9_k-Y,0,17.741,25.735
6aoTjlvo0js,3,32.787,44.772
6brtMLkjjYk,1,11.316,17.354
6c7vAwDSVGc,0,7.893,26.813
6gtfeIqGasE,3,18.948,22.193
6hFiTU77Sm0,4,57.58,71.85
6hp1SGhVYfY,0,13.89,21.036
6ng8CZ0ULK4,5,8.92108843537,16.2766439909
6qPjYvdZiLA,0,40.948,48.972
6qmReTSoz0E,0,3.992,11.777
6rkV4QRcVnk,1,13.141,19.35
6slq62RwH3Q,5,17.641,27.312
6slq62RwH3Q,8,53.071,63.09
6uPGcKTpC4I,0,2.436,15.907
6uPGcKTpC4I,3,39.112,47.127
6uoM8-9d0zA,0,31.719,37.439
6vbd4o5rIjM,0,54.148,58.421
6vbd4o5rIjM,1,60.165,69.446
6vbd4o5rIjM,4,26.202,31.283
6vbd4o5rIjM,5,40.25,47.226
6xvVFYR5di0,2,21.991,26.982
6xvVFYR5di0,7,48.022,51.946
6ywl-j2-e-s,0,16.504,25.556
6ywl-j2-e-s,1,26.012,32.699
6zjv1TLqfF0,0,0.84943310658,7.28707482993
6zjv1TLqfF0,8,15.4362811791,19.6290249433
708sewcSXVY,1,19.647,34.385
708sewcSXVY,2,47.853,57.373
70HptJgAhZM,0,9.53,23.969
72385,3,40.7287981859,42.9759637188
72tXTrSXoMk,0,54.0485260771,55.956462585
72tXTrSXoMk,1,11.6648526077,16.1868480726
74184,2,63.4571428571,66.6621315193
74184,3,66.220861678,69.5056689342
75RGHaxmUK8,0,41.756,47.935
75RGHaxmUK8,1,7.315,14.351
75RGHaxmUK8,2,20.375,27.222
76PsKs4kPXE,0,29.175,35.403
76sN4tvbPGk,0,63.128,71.92
76sN4tvbPGk,1,72.686,81.049
76sN4tvbPGk,2,14.748,20.976
76sN4tvbPGk,3,36.02,39.803
79934,1,11.0362811791,15.5782312925
7BFhRPlSOf0,0,0.0,7.966
7BFhRPlSOf0,1,8.083,14.191
7BFhRPlSOf0,2,13.381,24.558
7BFhRPlSOf0,3,23.867,27.232
7BFhRPlSOf0,4,27.639,36.391
7CLe7PZtna4,0,47.823,51.886
7CLe7PZtna4,1,55.844,60.815
7EWOMjaKlus,13,27.9079365079,30.9632653061
7IxmlIwqigw,0,70.691,85.28
7IxmlIwqigw,1,84.669,94.12
7IxmlIwqigw,2,97.939,104.117
7IxmlIwqigw,3,121.216,127.185
7IxmlIwqigw,4,142.118,148.277
7IxmlIwqigw,6,190.728,208.949
7IxmlIwqigw,8,27.738,40.621
7SsmaZZ7mz0,3,27.579,32.39
7U_z0JfleAw,0,70.351,76.989
7U_z0JfleAw,1,82.743,87.325
7U_z0JfleAw,3,26.92,36.85
7U_z0JfleAw,4,43.902,48.384
7UlSX-syPeo,0,2.21632653061,13.8621315193
7UlSX-syPeo,9,119.350113379,125.678004535
7UlSX-syPeo,10,12.8621315193,16.1569160998
7Vp6Lvin1rA,0,93.419,104.337
7Vp6Lvin1rA,1,114.85,120.799
7Vp6Lvin1rA,2,120.168,145.373
7Vp6Lvin1rA,3,23.568,31.143
7ZzbemE4QEE,19,129.636734694,134.06893424
7eWclVCXOtk,5,39.98,43.265
7f3ndBCx_JE,0,3.593,12.176
7f3ndBCx_JE,2,68.166,76.26
7fPYpqzw1iY,0,73.674,79.772
7fPYpqzw1iY,1,87.463,95.816
7hSWYI99-24,1,24.795,28.16
7hSWYI99-24,2,27.16,33.068
7idU7rR77Ss,1,17.073,35.573
7ifnoHhrMtA,0,2.546,7.776
7ifnoHhrMtA,2,75.879,80.71
7ifnoHhrMtA,3,79.71,88.483
7ifnoHhrMtA,5,17.791,22.313
7ifnoHhrMtA,6,32.647,40.851
7mb8Y2AhXIY,1,51.844,61.693
7mb8Y2AhXIY,2,23.308,27.471
7mb8Y2AhXIY,3,28.846,36.171
7npCA0zoQ8Q,2,35.73,47.745
7oFimEZJQ_A,0,1.159,8.923
7oFimEZJQ_A,2,28.566,39.035
7oFimEZJQ_A,3,38.035,44.193
7pZPQbMKGkY,3,20.724,30.754
7r4vRxKLFCA,0,64.016,78.036
7r4vRxKLFCA,1,77.326,86.906
7rMLN0KKE5k,4,56.4630385488,59.8176870748
7rMLN0KKE5k,5,58.937414966,69.6054421769
7rMLN0KKE5k,8,98.3678004535,100.50521542
7rMLN0KKE5k,16,146.029478458,149.354195011
7rMLN0KKE5k,17,148.354195011,153.444897959
7sgAWvbLtiM,0,1.44807256236,5.3514739229
7vJy1zbopJ8,0,37.426,42.996
7wiaDbpiAQ8,0,13.93,27.78
7xiu1tAJ2d8,0,13.231,18.781
7xiu1tAJ2d8,2,89.368,97.482
7xiu1tAJ2d8,6,128.11,134.827
7xiu1tAJ2d8,7,20.585,29.457
7xiu1tAJ2d8,10,52.492,58.241
8-Hi9NmF4rM,0,22.65,28.828
830KzUc6CbU,1,66.62,76.35
83859,23,95.3346938776,102.05170068
83_N43pvgHI,0,93.17,100.914
83_N43pvgHI,1,43.812,53.761
856LGms_0s0,0,38.793,45.61
856LGms_0s0,1,51.145,65.704
856LGms_0s0,2,64.794,73.157
86c2OkQ3_U8,1,68.815,78.196
86c2OkQ3_U8,4,99.974,107.26
86c2OkQ3_U8,6,10.308,16.356
86c2OkQ3_U8,7,124.828,132.213
86c2OkQ3_U8,8,16.484,21.794
86c2OkQ3_U8,10,48.601,55.966
88S1BjwMfdw,0,83.033,87.595
88S1BjwMfdw,1,97.939,101.513
88S1BjwMfdw,2,102.628,106.881
88S1BjwMfdw,4,26.052,31.891
88oSn21TFcA,1,93.579,100.266
88oSn21TFcA,2,21.103,29.586
88oSn21TFcA,5,55.006,69.117
89787,13,87.99138322,90.1487528345
89ZmOPOilu4,1,66.331,73.207
8Cp8c-eQELQ,1,109.732,115.78
8Cp8c-eQELQ,2,115.309,128.721
8Cp8c-eQELQ,4,136.731,147.708
8Cp8c-eQELQ,5,147.277,158.084
8Cp8c-eQELQ,6,157.493,165.627
8Cp8c-eQELQ,10,85.178,89.57
8EHEEXex5D8,0,50.566,61.404
8EHEEXex5D8,1,60.983,67.72
8EHEEXex5D8,3,92.79,98.889
8EHEEXex5D8,6,3.693,9.422
8EHEEXex5D8,9,14.02,18.551
8EHEEXex5D8,10,17.551,25.825
8F1mj-XT6KA,1,41.527,44.762
8F1mj-XT6KA,2,45.019,47.196
8Lmqsakmw3M,0,99.236,103.558
8Lmqsakmw3M,1,102.748,107.25
8Lmqsakmw3M,3,134.396,137.551
8Lmqsakmw3M,6,140.941,146.551
8Lmqsakmw3M,7,146.069,157.156
8Lmqsakmw3M,8,24.905,31.113
8Lmqsakmw3M,10,59.945,68.498
8M0AlvtMrv8,2,51.844,55.937
8P0zm2oYDyY,2,19.278,27.292
8P0zm2oYDyY,4,41.746,47.097
8UH0aPUf7sQ,0,15.496,26.384
8VhVf0TbjDA,0,14.518,37.199
8X5tGQLBqPo,0,0.859,6.17
8X5tGQLBqPo,2,69.883,83.314
8X5tGQLBqPo,3,88.839,95.028
8X5tGQLBqPo,4,94.028,109.106
8X5tGQLBqPo,6,127.921,139.596
8X5tGQLBqPo,8,154.829,168.65
8XODJwsvBa0,0,26.711,62.292
8YsIvz4qnk4,0,6.517,12.625
8aZbX-xMdgI,0,57.84,66.473
8f_lBxZgDb0,1,26.022,41.908
8jY_RhOS89o,0,23.129,29.566
8jY_RhOS89o,1,29.395,42.018
8jY_RhOS89o,2,41.826,54.869
8ovb-GaZ3QE,4,58.558276644,62.3120181406
8qCNtqjygW8,2,45.807,48.523
8qCNtqjygW8,4,51.205,54.001
8u5aet7s9_w,5,107.268,128.252
8u5aet7s9_w,6,9.719,22.483
8u5aet7s9_w,7,21.483,27.711
8u5aet7s9_w,9,51.025,70.254
8vpoQ5UVpXE,0,0.0,5.771
8vpoQ5UVpXE,1,5.16,11.039
8vpoQ5UVpXE,2,11.515,19.33
8vpoQ5UVpXE,3,38.314,42.128
8vpoQ5UVpXE,4,41.447,46.618
8wNr-NQImFg,2,26.9800453515,32.6494331066
8wNr-NQImFg,3,41.6866213152,50.9977324263
8wNr-NQImFg,4,50.0975056689,57.1537414966
8wNr-NQImFg,5,9.7691609977,15.0993197279
8wQhzezNcUY,0,1.877,7.048
8wQhzezNcUY,3,122.084,128.571
8wQhzezNcUY,4,6.457,15.788
8wQhzezNcUY,5,52.312,60.007
8wQhzezNcUY,6,59.247,72.858
8wdxczYf1jI,0,11.595,35.493
8wdxczYf1jI,1,40.739,44.772
8x81fzwcJko,0,15.187,20.238
8x81fzwcJko,1,19.238,26.893
8x81fzwcJko,2,26.381,32.839
8x_nCOh6Wmc,0,51.913,64.597
8xfW_azeNPk,13,37.6058956916,43.7841269841
90wZz0thye4,0,2.216,9.632
90wZz0thye4,9,55.715,65.335
91y7nPEWdmQ,0,57.66,75.991
92tWNUhG9DY,1,15.785,23.74
93iGT5oueTA,1,40.5691609977,44.1333333333
94ULum9MYX0,1,7.11632653061,8.48321995465
94ULum9MYX0,3,4.84149659864,5.49002267574
95mDHiLeDCM,0,1.927,7.776
95mDHiLeDCM,3,19.307,24.907
96o9hxy64wI,0,14.888,25.566
96o9hxy64wI,1,46.765,57.513
97ENTofrmNo,3,22.789569161,26.1342403628
984VkHzXl8w,1,18.80861678,22.9714285714
984VkHzXl8w,2,22.370521542,26.9723356009
9BceQC_SdTM,0,3.344,11.488
9BceQC_SdTM,2,39.701,47.336
9JqwFRCTKOM,0,76.567,82.716
9Jyr5laC8mg,0,28.297,40.961
9K5mYSaoBL4,0,-0.218140589569,1.63990929705
9K5mYSaoBL4,3,37.9551020408,41.2
9Lr4i7bIB6w,1,107.657823129,116.128571429
9Lr4i7bIB6w,4,133.389342404,140.493197279
9Lr4i7bIB6w,5,141.331292517,146.479591837
9Lr4i7bIB6w,7,35.8310657596,43.4337868481
9Lr4i7bIB6w,9,74.5829931973,80.8886621315
9Nhoi1jfDbY,0,86.485,94.978
9Nhoi1jfDbY,1,6.966,15.638
9OY3NU2ycVw,0,-0.487528344671,7.87573696145
9OY3NU2ycVw,1,7.22494331066,14.6403628118
9OY3NU2ycVw,2,14.3188208617,23.370521542
9OY3NU2ycVw,3,24.0766439909,28.7882086168
9OY3NU2ycVw,4,28.1174603175,34.4154195011
9OY3NU2ycVw,5,34.1238095238,41.4993197279
9OY3NU2ycVw,6,40.8185941043,46.3083900227
9OY3NU2ycVw,7,45.6675736961,49.7106575964
9OY3NU2ycVw,8,49.1197278912,54.6693877551
9QI-9w_VdB4,1,41.128,48.982
9QI-9w_VdB4,2,48.272,53.362
9QI-9w_VdB4,3,58.099,66.213
9Un1O2ypJmI,3,38.793,55.039
9VZ4cpoTFbo,0,4.581,9.612
9VZ4cpoTFbo,3,60.693,66.772
9XCmrHbU-rU,0,6.018,24.957
9bAgEmihzLs,3,30.7115646259,50.0498866213
9cSJglGi9Pg,0,71.559,77.877
9cSJglGi9Pg,1,77.405,82.945
9cSJglGi9Pg,7,124.927,129.938
9cSJglGi9Pg,8,128.938,133.061
9cYNT_YSo8o,0,11.116,21.644
9cxlcpbmrH0,4,101.78,112.528
9cxlcpbmrH0,8,33.575,39.314
9cxlcpbmrH0,9,44.371,54.33
9cxlcpbmrH0,10,53.46,62.601
9dFEGb_RfwE,0,3.9335600907,5.39024943311
9iRncKVM2PA,0,9.33,28.239
9kLNVTm3Z90,0,0.0,2.997
9kLNVTm3Z90,1,1.997,9.083
9kLNVTm3Z90,2,27.229,38.386
9pdyTplXwM4,1,48.99,53.672
9pdyTplXwM4,3,21.163,28.758
9pzn93kdP_g,0,63.407,70.942
9pzn93kdP_g,1,70.491,90.588
9pzn93kdP_g,2,90.605,109.495
9pzn93kdP_g,5,143.146,149.614
9pzn93kdP_g,6,148.783,156.179
9pzn93kdP_g,7,180.341,188.815
9pzn93kdP_g,8,14.219,20.916
9pzn93kdP_g,9,20.355,29.836
9sAoeFTKILY,0,14.2600907029,25.0755102041
9tX18DNC74w,1,76.408,86.497
9tX18DNC74w,3,33.366,40.282
9zBj8VkRBpE,2,24.8249433107,34.4952380952
9zWeMrfr-l0,2,46.755,51.696
9zWeMrfr-l0,3,51.584,54.699
A0aE2Gzym-M,0,1.927,16.376
A1lFJXUpxZo,2,119.051,137.292
A1lFJXUpxZo,3,138.088,158.134
A1lFJXUpxZo,4,157.563,189.323
A2E78CGi5TU,0,48.102,54.759
A2E78CGi5TU,1,62.17,73.626
A2E78CGi5TU,3,91.483,105.384
A2E78CGi5TU,5,165.306,170.636
A2E78CGi5TU,6,16.025,20.577
A4dzxgHDhF0,0,9.24,27.092
A8c7q_P4jQg,0,20.475,24.877
A8c7q_P4jQg,1,47.094,53.113
A8c7q_P4jQg,2,52.642,58.341
A8plGi4rbxM,2,17.5027210884,23.1997732426
AB1PbMaW03s,0,71.758,76.889
AB1PbMaW03s,1,76.458,81.758
AB1PbMaW03s,2,81.726,86.228
AB1PbMaW03s,5,109.872,115.701
AB1PbMaW03s,6,114.94,119.322
AB1PbMaW03s,7,4.91,11.478
AB1PbMaW03s,10,41.497,48.833
ABSC1JNdpTw,0,85.367,95.127
ABSC1JNdpTw,1,15.526,20.367
ABSC1JNdpTw,3,57.77,65.265
ABSC1JNdpTw,4,66.43,78.605
ACOlIiRdDyE,0,43.433,55.757
ADYia28RrFU,0,1.65759637188,6.71836734694
ADYia28RrFU,2,23.7573696145,28.2993197279
AG5EY8ZaFj4,0,67.358,75.562
AG5EY8ZaFj4,1,10.258,14.421
AG5EY8ZaFj4,2,14.758,20.527
AGFgaKPzjMQ,0,3.224,9.302
AGFgaKPzjMQ,4,26.032,37.02
AGFgaKPzjMQ,6,45.767,52.135
AHU3PUztC_M,0,29.694,46.408
AHXwnFvqYDk,0,-0.487528344671,18.6612244898
AHXwnFvqYDk,1,17.9006802721,27.1619047619
AHXwnFvqYDk,2,26.4811791383,30.7437641723
AHXwnFvqYDk,3,33.8145124717,42.8961451247
AHXwnFvqYDk,4,42.3750566893,45.8993197279
AHXwnFvqYDk,5,46.4657596372,49.4412698413
AHXwnFvqYDk,6,48.4412698413,53.033106576
AHXwnFvqYDk,7,52.033106576,56.5351473923
AHiA9hohKr8,4,18.0303854875,22.8816326531
AIPqRuTjI4E,0,57.022,62.142
AIPqRuTjI4E,1,70.721,76.859
AIPqRuTjI4E,2,77.485,83.175
AIPqRuTjI4E,3,86.006,91.576
AKofHsmxa1I,0,16.045,35.273
AKofHsmxa1I,1,34.742,64.986
AKofHsmxa1I,2,64.844,83.933
ALlKbGE6BH0,0,7.474,17.743
APYv5s4ucd0,0,12.194,17.504
APYv5s4ucd0,1,28.058,33.677
APYv5s4ucd0,2,39.721,49.621
AQ4Pktv4-Gc,0,30.562,40.831
ARNWtLCbfW4,0,1.468,8.824
ARNWtLCbfW4,3,8.462,13.972
ARNWtLCbfW4,5,33.645,40.801
ATfnMuJJDkk,0,0.79954648526,3.56553287982
ATfnMuJJDkk,4,3.14421768707,14.9596371882
ATfnMuJJDkk,5,14.6281179138,19.7287981859
ATfnMuJJDkk,6,26.2716553288,30.6240362812
AbNmF4RTzOI,0,12.752,26.992
AcoRjVPIVmQ,0,13.99,18.98
AcoRjVPIVmQ,1,29.065,33.567
AepwIhSbAws,1,22.62,36.59
AgH84SNRx5s,0,1.23968253968,6.29818594104
AjgDuPEp9sI,0,29.834,42.766
AjgDuPEp9sI,1,58.967,82.716
AlJX3Jw3xKk,0,33.555,37.798
AlJX3Jw3xKk,1,41.497,51.257
AlmUwZgY6bs,0,19.587,25.496
AlmUwZgY6bs,1,33.785,41.878
AmGocfFQfVE,4,108.126,122.475
AmGocfFQfVE,6,29.375,45.331
AmGocfFQfVE,7,53.24,64.896
AmGocfFQfVE,8,68.655,77.897
An8x4UfwZ7k,0,31.53,37.648
An8x4UfwZ7k,1,37.317,45.69
Arh2TKRi_mg,0,53.879,64.487
Arh2TKRi_mg,1,74.642,79.902
Arh2TKRi_mg,2,79.501,88.263
Arh2TKRi_mg,4,93.279,102.421
Arh2TKRi_mg,5,101.98,110.303
Arh2TKRi_mg,6,119.011,125.638
Arh2TKRi_mg,7,153.512,158.454
Arh2TKRi_mg,8,13.022,21.495
AsrhHuCfvF4,2,41.188,50.858
AuPCZlKBzq8,0,20.116,44.602
AuPCZlKBzq8,2,160.088,170.247
AuPCZlKBzq8,3,95.035,111.361
AuPCZlKBzq8,4,133.917,140.474
Az3e1Opu0LE,0,11.924,17.244
B1PzCwfgXyU,0,29.8646258503,41.2088435374
B1PzCwfgXyU,1,46.4868480726,53.9498866213
B9oeT0K92wU,0,23.239,36.211
BAi3ZJo5Vwg,0,106.739,116.629
BAi3ZJo5Vwg,1,9.171,20.427
BAi3ZJo5Vwg,3,52.093,60.356
BBSVLGf7zPI,0,4.60090702948,11.5972789116
BB_VwJSg3AI,0,18.16,28.798
BB_VwJSg3AI,1,31.629,40.172
BBoe8-HWPSw,5,25.543,32.43
BBoe8-HWPSw,6,31.949,38.995
BDCFV4EqHjY,0,5.599,18.182
BJS5KCSowgU,0,5.958,15.598
BJS5KCSowgU,1,19.497,25.476
BLFUj7_uy_0,5,20.644,26.164
BLFUj7_uy_0,7,190.269,202.473
BLFUj7_uy_0,10,57.351,69.386
BLFUj7_uy_0,11,71.519,77.238
BLFUj7_uy_0,12,77.166,86.617
BMhG11CXgww,1,28.606,38.965
BNaRO9g8ugQ,0,7.554,14.68
BR2pkk3TK-0,1,28.447,42.218
BRdw-_dbJXc,0,6.167,17.175
BRdw-_dbJXc,2,71.09,80.79
BRdw-_dbJXc,3,80.468,87.395
BRdw-_dbJXc,4,93.688,99.388
BRdw-_dbJXc,5,106.888,112.378
BRdw-_dbJXc,7,47.723,52.484
BRzjQHYWbSs,0,4.262,8.534
BRzjQHYWbSs,4,78.673,86.746
BRzjQHYWbSs,7,101.96,108.347
BRzjQHYWbSs,9,7.923,12.834
BRzjQHYWbSs,13,26.741,32.25
BRzjQHYWbSs,14,35.521,40.831
BSKAHXFYF_I,0,8.672,13.393
BSKAHXFYF_I,2,81.506,89.47
BSKAHXFYF_I,5,47.593,51.666
BSKAHXFYF_I,6,51.125,55.318
BTjV5dU_rfY,0,6.596,15.937
BXqnWuDA3H4,1,21.991,26.663
BXqnWuDA3H4,2,29.025,37.588
BZOB3r5AoKE,2,26.4723356009,37.6369614512
BZOB3r5AoKE,3,58.5195011338,64.1566893424
BaX10vbFhuU,0,8.293,13.842
BaX10vbFhuU,2,75.6,94.469
Baz0VVQ-E9E,2,49.987755102,53.412244898
Baz0VVQ-E9E,4,14.6081632653,16.9850340136
BdqoZ5qpz0E,1,73.025,78.635
BdqoZ5qpz0E,12,38.564,47.805
BdqoZ5qpz0E,14,57.421,68.119
Bf5owLv3X98,0,16.264,25.127
Bf5owLv3X98,1,24.376,33.378
Bf5owLv3X98,2,32.667,42.387
Bg-PA5KTjNs,9,55.685,66.143
BgXqrxum5G4,0,0.0,8.325
BgXqrxum5G4,1,7.375,10.58
BgXqrxum5G4,2,9.819,14.8
BgXqrxum5G4,3,14.069,20.337
BgXqrxum5G4,4,19.337,23.7
BgXqrxum5G4,5,22.7,27.302
BgXqrxum5G4,6,26.82,33.088
BgXqrxum5G4,7,46.665,49.611
BmDybDBTe7o,0,4.82,10.789
BmDybDBTe7o,2,17.771,22.403
Bo5IDtP8_Fk,0,6.586,16.117
Bo5IDtP8_Fk,2,108.245,115.491
Bo5IDtP8_Fk,3,115.06,120.969
Bo5IDtP8_Fk,4,120.118,126.576
Bo5IDtP8_Fk,5,32.946,45.4
Bpy61RdLAvo,0,25.823,34.934
BseI8-TYWm8,3,27.269,33.108
BuPhjBayua8,2,42.265,50.1
BuPhjBayua8,3,49.299,61.594
BvvttuYysvg,0,22.49,35.184
C-UUQju3bXo,0,93.609,97.692
C-UUQju3bXo,1,54.278,59.668
C03473pYcRM,0,3.005,9.642
C03473pYcRM,4,174.106,179.306
C03473pYcRM,8,81.706,96.664
C5-cY1nPQ20,2,39.382,44.213
C5-cY1nPQ20,6,22.8,26.733
C864zaWmEd0,0,31.959,37.039
C8Fhlk-eczU,1,11.4553287982,14.3709750567
C8Fhlk-eczU,3,44.6798185941,56.8045351474
CBYQDIqucxE,1,11.924,20.178
CE9yV4SearE,1,101.87,115.94
CE9yV4SearE,5,49.479,56.206
CHh6hWo1AFE,5,38.893,43.994
CIqRibqChDQ,1,109.193,115.521
CIqRibqChDQ,2,28.985,51.876
CIqRibqChDQ,3,73.754,81.658
CJGuudyvA0Y,2,51.684,62.99
CK31s0kfp-k,0,65.093,87.704
CK31s0kfp-k,1,100.613,105.983
CK31s0kfp-k,3,145.461,153.056
CK31s0kfp-k,4,5.03,15.838
CK31s0kfp-k,5,36.548,45.301
CKqDDh50gcU,0,0.54,4.344
CKqDDh50gcU,2,8.223,18.462
CKqDDh50gcU,4,39.282,48.483
CKqDDh50gcU,5,51.395,64.258
CL4hDu95Eqw,1,24.725,30.045
CL4hDu95Eqw,5,63.637,66.922
CLkTjujFVKU,2,75.909,82.526
CLkTjujFVKU,3,28.187,39.274
CLkTjujFVKU,5,57.281,63.06
CPjbogfLHR4,1,64.585,70.274
CPjbogfLHR4,3,100.194,106.671
CPjbogfLHR4,6,28.467,38.127
CPjbogfLHR4,7,55.356,65.205
CQnwOZRgQXs,0,10.049,19.918
CT7QOWbhfv4,0,12.503,24.588
CU6U-gS76K4,1,22.909,32.22
CU6U-gS76K4,3,142.937,155.989
CU6U-gS76K4,4,70.631,85.13
CVx494kExvc,1,112.196,117.327
CVx494kExvc,3,136.012,148.706
CVx494kExvc,5,172.519,177.42
CVx494kExvc,7,15.805,25.845
CVx494kExvc,10,70.072,76.21
CXojk-oSaEw,1,8.043,18.951
CXvUdCdKTJY,0,0.0,8.774
CXvUdCdKTJY,1,28.606,39.224
CXvUdCdKTJY,2,39.492,43.754
CXvUdCdKTJY,3,42.884,46.268
CZVmxwrWv34,0,6.147,12.206
CZVmxwrWv34,3,31.061,38.566
CZigX1ntOsI,9,32.488,38.795
CZigX1ntOsI,14,66.64,76.52
Cb8ay6WtJuM,0,0.51020408163,8.49433106576
Cb8ay6WtJuM,8,28.3170068027,33.9664399093
CbQxC1iPyS8,2,103.416,117.157
CbQxC1iPyS8,4,63.577,69.286
CbQxC1iPyS8,5,84.868,103.917
CbRexsp1HKw,0,4.50113378685,9.74149659864
CbRexsp1HKw,1,8.74149659864,22.7319727891
CbRexsp1HKw,2,22.4303854875,32.6893424036
CdB8QBhFccs,5,39.731,41.449
Ceu9AkIjuLY,0,3.823,15.399
Ceu9AkIjuLY,3,113.753,124.77
Ceu9AkIjuLY,5,31.38,37.369
CfWxp5bRt2A,2,20.7841269841,26.5732426304
ChhZna-aBK4,6,130.614512472,134.458049887
ChhZna-aBK4,13,48.1419501134,50.8680272109
Cj7R36s4dbM,1,27.0798185941,30.4444444444
Cj7R36s4dbM,2,29.4444444444,36.9596371882
Cj7R36s4dbM,3,35.9596371882,42.5768707483
Cj7R36s4dbM,5,46.7451247166,55.5673469388
Cj7R36s4dbM,7,18.6589569161,24.9968253968
CqFt3_uka14,0,101.6,122.924
CqFt3_uka14,1,124.459,138.519
CqFt3_uka14,2,137.768,141.432
CqFt3_uka14,3,31.61,37.937
CqFt3_uka14,4,50.167,65.455
CuF-UOcAFG8,1,76.398,91.645
CuFLRnu4FQ8,0,65.792,71.541
CuFLRnu4FQ8,1,23.019,33.537
CuFLRnu4FQ8,2,37.915,46.338
CvW0Mh1EWFA,1,110.48,116.878
CvW0Mh1EWFA,5,78.184,84.402
CwF97vXPYX4,0,7.345,18.901
CzstrpOTtgo,1,55.815,63.29
CzstrpOTtgo,5,45.308,54.48
D02PT0bl88A,0,3.922,7.277
D02PT0bl88A,2,45.777,53.023
D02PT0bl88A,3,52.322,82.007
D1I-Z8jaby8,0,54.059,76.36
D1I-Z8jaby8,1,75.979,98.58
D5cQWqYcBAE,1,21.702,27.681
DEFDuYyc-Xw,0,3.583,10.729
DEFDuYyc-Xw,3,10.158,16.197
DMtFQjrY7Hg,1,43.951,51.806
DNzA2UIkRZk,0,2.306,6.499
DQ7QKE3hzVg,0,1.49795918367,14.4108843537
DR65no1jCbg,2,54.438,61.913
DR9Hhpy8aA8,1,13.401,17.314
DR9Hhpy8aA8,2,36.658,42.108
DVAY-u_cJWU,0,7.873,17.115
DVvJoMt9o80,0,19.317,43.694
DVvJoMt9o80,1,58.339,66.692
DXQGngge7vU,2,22.72,25.785
DXQGngge7vU,5,49.708,52.215
DZBpdzrMelA,0,3.344,16.666
DZBpdzrMelA,1,15.955,24.109
DZIFCYOhosQ,0,2.007,9.023
DZIFCYOhosQ,2,79.191,91.017
DZIFCYOhosQ,4,112.546,117.826
DZIFCYOhosQ,8,44.909,51.407
DaXkixKFEvE,0,21.8517006803,27.39138322
DaXkixKFEvE,1,26.8603174603,31.3523809524
DaXkixKFEvE,2,30.7315192744,37.6680272109
DatH-ra0VKY,0,6.237,19.918
DatH-ra0VKY,5,19.317,33.088
DatH-ra0VKY,6,32.088,46.209
DatH-ra0VKY,7,45.807,65.395
DbAppk7xT0Y,3,27.808,40.442
DbAppk7xT0Y,4,40.499,42.307
DdUJojoFU_c,0,13.6,30.245
DdUJojoFU_c,4,175.044,181.361
DdUJojoFU_c,5,180.361,185.193
DdUJojoFU_c,7,29.814,41.449
DdUJojoFU_c,10,88.141,96.504
DfTMoqwMHVE,6,64.684,91.037
DgO5O-oDeX8,0,13.092,38.346
DgO5O-oDeX8,2,146.369,155.111
DhXBaBOB4E8,0,16.833,24.638
DjcZrtcBZi4,3,5.43900226757,12.5650793651
DlX-WyVe-D0,0,10.667,18.681
DlX-WyVe-D0,1,44.77,50.938
DlbYiwOnTyk,0,2.047,9.592
Dm8AL84e11w,0,3.264,9.362
Dm8AL84e11w,2,24.376,30.784
DnBHq5I52LM,1,47.5632653061,56.2557823129
Dnhxm6sHQpc,0,2.296,10.19
Dnhxm6sHQpc,2,37.656,43.984
Dnhxm6sHQpc,3,43.343,49.681
DpZGnuj-BA8,1,9.869,19.579
Dq7V30WhOJQ,0,6.038,14.411
Drhrzj1yhVs,0,27.808,36.351
Drhrzj1yhVs,1,36.049,48.463
Drhrzj1yhVs,2,64.495,70.154
Drhrzj1yhVs,3,69.583,79.064
DtbT85s3i94,3,36.079,43.565
DtwbwyfajnI,1,15.726,22.552
Dws8ZrzF7xQ,0,2.0179138322,5.66961451247
Dws8ZrzF7xQ,2,20.0868480726,23.3693877551
Dws8ZrzF7xQ,3,24.5467120181,27.7095238095
DzdPl68gV5o,0,1.83718820862,7.27709750567
E05bA058vts,0,29.005,36.171
E0g6nae4Ae4,30,55.9342403628,66.7718820862
E1r0FrFyNTw,1,8.66281179138,12.2446712018
E7ZLz3tSwNM,0,6.756,11.448
E7ZLz3tSwNM,2,17.522,25.017
E7ZLz3tSwNM,3,33.824,47.615
E8L1Z71vKG8,0,6.437,13.473
E8L1Z71vKG8,1,13.151,20.607
E8MuzHUhUHk,4,96.412,103.758
E8MuzHUhUHk,7,29.255,35.254
E8MuzHUhUHk,8,42.555,51.068
E8MuzHUhUHk,10,64.864,72.838
EEUGfVTyTQM,4,73.355,78.106
EEUGfVTyTQM,5,77.585,83.943
EEjCkc82oyk,1,60.025,63.829
EEjCkc82oyk,2,63.198,69.875
EEjCkc82oyk,4,25.583,30.794
EEjCkc82oyk,6,38.444,55.158
EGA6iulTr00,0,63.7975056689,64.5757369615
EGA6iulTr00,1,24.2573696145,32.8079365079
EGA6iulTr00,3,60.1557823129,63.7975056689
EHbZ2EeVags,0,3.084,11.976
EJT25p7JahU,1,84.02,110.133
EJT25p7JahU,2,110.829,122.136
EJT25p7JahU,4,127.372,139.187
EK2bnbzmJs4,0,5.748,15.548
EK2bnbzmJs4,1,15.277,37.488
ELtbrO8FbuI,0,24.795,29.008
EMS14J0odIE,0,68.087,76.749
EMS14J0odIE,1,123.291,130.088
EMS14J0odIE,2,129.258,140.454
EMS14J0odIE,3,171.851,180.912
EO_5o9Gup6g,5,128.36,140.754
EO_5o9Gup6g,14,41.238,48.743
EO_5o9Gup6g,18,96.791,104.736
EOkdFMw0pmk,2,38.4439909297,44.3428571429
EOkdFMw0pmk,5,14.3387755102,19.8585034014
EQxkXiWAm08,0,51.724,59.439
EQxkXiWAm08,1,75.669,80.94
ERnYvxojeu0,0,5.778,12.705
ERnYvxojeu0,5,33.306,37.758
ET1cU5_A2YM,0,11.116,19.16
ET1cU5_A2YM,4,34.054,40.611
EULEL3QhKD0,0,153.203,163.372
EULEL3QhKD0,1,162.542,169.189
EULEL3QhKD0,2,168.758,173.689
EWYivXUavOY,0,0.0,4.224
EWYivXUavOY,1,3.224,10.889
EWYivXUavOY,2,10.527,17.913
EWYivXUavOY,3,17.132,22.832
EWYivXUavOY,4,22.361,25.396
EZkOWskJl20,0,22.68,33.408
E_oqbJatW3E,0,18.509,23.66
E_oqbJatW3E,1,32.318,37.898
EfQoSpEZa0o,0,4.3126984127,8.50317460317
EfQoSpEZa0o,2,20.9249433107,25.3049886621
EiG3r8hAVeY,1,58.748,64.946
EiG3r8hAVeY,2,74.442,78.765
EiG3r8hAVeY,4,107.218,126.536
EiG3r8hAVeY,7,38.683,47.506
Emi9cw9xa00,1,82.444,93.431
Emi9cw9xa00,2,104.783,111.051
Emi9cw9xa00,6,20.305,33.039
Emi9cw9xa00,7,32.767,49.062
Emjv2cDzW1E,1,29.824,48.893
Emjv2cDzW1E,2,61.102,73.237
EmmuWoCUgXs,0,5.249,13.523
EmmuWoCUgXs,2,109.193,126.706
EmmuWoCUgXs,4,162.243,171.005
EmmuWoCUgXs,5,170.025,173.32
EmmuWoCUgXs,8,44.131,54.6
EmmuWoCUgXs,9,54.029,63.32
EoC83JhkCAw,0,0.6798185941,8.80362811791
Es9MkKsMsjU,0,122.164,127.893
Es9MkKsMsjU,1,129.497,139.556
Es9MkKsMsjU,3,100.732,104.187
Es9MkKsMsjU,4,103.187,109.156
EuSp1pkX9i8,0,0.0,2.877
EuSp1pkX9i8,1,38.504,45.899
EujJ0SwiCRE,0,29.764,35.762
EyoMU2yoJPY,0,58.109,66.632
EyoMU2yoJPY,1,66.121,72.389
EyoMU2yoJPY,2,88.291,95.916
EyoMU2yoJPY,3,46.047,52.973
Ezn3p5FWF_U,0,51.005,58.63
Ezn3p5FWF_U,1,57.63,80.68
F1U26PLiXjM,0,22.051,27.551
F2M7WbPXRps,0,70.012,78.445
F2M7WbPXRps,1,78.363,83.544
F2M7WbPXRps,2,31.27,37.429
F2M7WbPXRps,3,42.415,48.543
F4yFRROWtdE,0,21.712,35.144
F4yFRROWtdE,1,34.613,45.999
F59hwsm4Ld0,12,92.1319727891,97.4321995465
F59hwsm4Ld0,27,149.292063492,154.332879819
F59hwsm4Ld0,38,191.725623583,198.45260771
F59hwsm4Ld0,39,198.220861678,203.660770975
F5SGdvSRJmo,8,34.9818594104,41.0403628118
F6Ci45lP5aA,1,82.663,94.459
F6Ci45lP5aA,2,42.804,63.15
F6JV-K840EY,1,76.986,82.107
F7zQPzwFToE,0,10.248,14.62
F7zQPzwFToE,2,36.947,45.73
F8KE2ZhoUe4,0,77.994,87.215
F8KE2ZhoUe4,1,87.552,96.375
F8KE2ZhoUe4,7,145.471,151.679
F8KE2ZhoUe4,9,15.127,27.95
F8KE2ZhoUe4,10,27.549,37.139
F8KE2ZhoUe4,11,36.768,45.859
F8eQI8E-6q4,0,59.905,74.305
F8eQI8E-6q4,1,17.691,25.825
F8eQI8E-6q4,2,45.668,50.549
F9NruwaEmA8,0,11.805,25.615
F9NruwaEmA8,1,24.955,50.698
FCMbWx2JpZ0,0,2.915,9.193
FGnHDWGYsA8,0,7.325,19.519
FHDVQkU-nGI,4,39.751,41.898
FHlzZ2VxuGQ,2,113.673,122.356
FHlzZ2VxuGQ,3,129.148,138.798
FHlzZ2VxuGQ,6,87.253,96.694
FJgO-FICHlA,0,29.454,39.374
FJgO-FICHlA,1,41.756,54.809
FLyWn2DCci4,0,26.102,35.393
FMW6diQ9rMo,5,31.6893424036,36.8897959184
FMif4HMBZjo,0,14.379,28.07
FNbULlE9RKg,1,14.199,29.098
FNbULlE9RKg,3,58.658,64.208
FOMXt3lStco,2,42.215,60.935
FP3o75bpi8k,1,24.386,32.759
FR0B64ID-hA,0,42.934,49.731
FR0B64ID-hA,1,49.499,56.625
FRKwvmrwrZA,0,17.941,33.358
FRKwvmrwrZA,2,121.545,127.514
FRKwvmrwrZA,3,130.415,141.163
FRKwvmrwrZA,4,157.473,163.462
FRKwvmrwrZA,6,178.875,184.235
FRKwvmrwrZA,8,201.294,208.001
FRKwvmrwrZA,10,69.234,75.512
FRKwvmrwrZA,11,80.389,90.857
FSGL5K2EEdo,1,9.101,14.88
FWBCTZiijEM,2,13.6503401361,27.0321995465
FX-YgVKC1AI,0,32.458,39.224
FX-YgVKC1AI,1,43.502,58.211
FX-YgVKC1AI,2,57.211,65.714
FX87sfrE47w,0,40.649,45.81
FX87sfrE47w,1,45.109,52.055
FX87sfrE47w,2,51.923,57.433
F_YaG_pvZrA,0,4.83,13.214
F_YaG_pvZrA,2,73.744,83.434
F_YaG_pvZrA,4,53.29,63.739
FaHosBIr0xY,0,14.129,22.373
FaHosBIr0xY,1,66.061,77.517
FaHosBIr0xY,2,77.076,92.883
FcAgbLF6__s,0,16.973,28.678
FdTczBnXtYU,0,6.40793650794,16.5149659864
FdTczBnXtYU,1,18.1213151927,28.7770975057
FfavRdRKsAQ,4,88.929,104.127
FfavRdRKsAQ,5,13.59,20.697
FfavRdRKsAQ,8,49.299,61.624
FmIS69vB12I,10,31.1106575964,36.2113378685
FmIS69vB12I,11,36.0693877551,39.4140589569
FphtHpVV-7w,2,66.869,81.858
FqEekswKPWE,2,78.293,89.211
FqEekswKPWE,3,54.937,59.917
FqEekswKPWE,4,59.147,66.243
FsmNLTdE2p0,1,32.298,41.958
FvoZgWvc3gc,0,2.985,8.145
FvoZgWvc3gc,2,64.475,72.04
FvoZgWvc3gc,3,84.589,90.298
FvoZgWvc3gc,4,40.39,46.548
FxxJB8hBpyQ,0,7.165,13.134
FxxJB8hBpyQ,2,21.024,29.058
FylhSeozvG8,9,19.168,25.276
FylhSeozvG8,11,28.187,30.933
FzxmeVRTjwU,0,0.0,3.556
FzxmeVRTjwU,1,3.224,8.794
FzxmeVRTjwU,2,8.352,13.623
FzxmeVRTjwU,3,12.962,19.18
FzxmeVRTjwU,4,18.609,24.468
FzxmeVRTjwU,5,24.336,37.329
FzxmeVRTjwU,6,36.818,41.699
FzxmeVRTjwU,7,40.948,49.561
FzxmeVRTjwU,8,49.319,57.453
G1Z_JUTgZqo,1,15.726,23.261
G38DwNDQ8Cc,8,157.344,166.874
G38DwNDQ8Cc,10,177.538,185.223
G38DwNDQ8Cc,11,189.251,200.308
G38DwNDQ8Cc,13,21.602,26.254
G38DwNDQ8Cc,15,25.653,33.268
G38DwNDQ8Cc,16,32.877,39.444
G38DwNDQ8Cc,18,49.589,61.873
G3RPgs_7l3U,0,11.006,18.302
G3RPgs_7l3U,1,17.412,25.805
G4HMKRdIva0,2,116.876,131.515
G4HMKRdIva0,5,153.073,162.155
G4HMKRdIva0,7,173.976,181.262
G8aL3bM39co,0,42.585,52.305
G8aL3bM39co,1,131.063,138.519
G8aL3bM39co,2,140.702,146.102
G8aL3bM39co,4,8.891,16.586
G8aL3bM39co,5,21.762,33.867
G8p4QMjLUXI,0,10.0485260771,16.2267573696
GAVpYuhMZAw,0,9.23,16.486
GAVpYuhMZAw,3,123.451,137.501
GAVpYuhMZAw,8,56.782,70.753
GAY5ICoVnA8,0,71.479,82.366
GAY5ICoVnA8,1,82.065,95.916
GAY5ICoVnA8,4,105.312,111.68
GAY5ICoVnA8,8,35.351,44.532
GAY5ICoVnA8,9,44.131,49.541
GCOFujDHDx0,1,96.741,102.64
GCOFujDHDx0,3,19.068,27.122
GCOFujDHDx0,6,89.249,97.741
GJyzeK-Cn-0,0,15.406,30.125
GK-Pprzh0t0,0,10.368,20.068
GK-Pprzh0t0,2,37.706,46.498
GK-Pprzh0t0,3,45.658,53.123
GMHW6XEO1ms,0,2.79501133787,10.5995464853
GMHW6XEO1ms,1,9.7990929705,22.5424036281
GMHW6XEO1ms,4,47.7827664399,56.0761904762
GMa0cIAltnw,1,32.637,41.2
GMa0cIAltnw,2,58.758,69.765
GMjQUrlMa50,0,29.544,41.469
GMjQUrlMa50,1,41.148,53.732
GMjQUrlMa50,2,53.061,58.9
GMnoxaqqReQ,0,6.946,14.64
GNP0PFas12Y,0,86.555,98.989
GNP0PFas12Y,1,104.663,111.61
GNP0PFas12Y,2,124.0,128.442
GNP0PFas12Y,3,143.286,147.189
GNP0PFas12Y,5,38.753,44.313
GO0V4ZGSF28,0,44.999,54.959
GOj7TBcEA8E,0,40.859,45.989
GOj7TBcEA8E,1,48.8,55.557
GOj7TBcEA8E,6,102.189,107.569
GOj7TBcEA8E,9,128.33,135.316
GOj7TBcEA8E,11,139.464,147.977
GOj7TBcEA8E,14,12.074,16.007
GTGtVdAuyRc,2,54.867,58.58
GTGtVdAuyRc,4,44.321,46.049
GUffC7vu9zA,0,5.08,9.492
GUffC7vu9zA,2,80.518,85.769
GUffC7vu9zA,3,105.711,111.011
GUffC7vu9zA,4,119.699,123.732
GUffC7vu9zA,5,125.566,129.779
GUffC7vu9zA,6,129.307,133.54
GXIfrEUJ5d4,1,14.7578231293,22.1931972789
G_M3lYn6hAA,1,30.781,44.433
G_M3lYn6hAA,2,43.463,48.364
Gc_zIjqqUys,2,69.763,79.613
GcfETVXgtg0,0,47.244,54.151
GcfETVXgtg0,1,53.151,71.152
GcfETVXgtg0,2,79.361,91.057
GdFP_p4eQX0,0,72.098,76.869
GdFP_p4eQX0,1,12.224,17.274
GdFP_p4eQX0,3,32.837,37.688
GeSTiDe1hG0,0,16.264,26.563
Gg9ZcRlwnbc,0,62.998,75.652
Gg9ZcRlwnbc,1,75.33,84.262
Gg9ZcRlwnbc,3,105.083,111.49
Gg9ZcRlwnbc,4,111.109,116.14
Gg9ZcRlwnbc,7,5.928,11.627
Gg9ZcRlwnbc,9,23.009,30.494
GjCUDqWSI6c,1,33.834,43.235
GkoBk5K-FH0,0,57.78,69.466
GkoBk5K-FH0,1,72.187,86.397
GkoBk5K-FH0,5,146.898,152.487
GkoBk5K-FH0,8,199.807,207.322
GkoBk5K-FH0,9,206.322,212.561
GkoBk5K-FH0,10,220.081,224.902
GkoBk5K-FH0,12,18.35,27.282
GlShH_ua_GU,0,27.718,32.19
Gljee9uq_Rc,0,88.101,100.974
Gljee9uq_Rc,1,100.363,106.961
Gljee9uq_Rc,3,117.824,125.449
Gljee9uq_Rc,4,125.566,133.54
Gljee9uq_Rc,5,133.897,140.355
Gljee9uq_Rc,7,157.244,167.523
Gljee9uq_Rc,10,182.457,211.004
Gmhi58erY6k,3,15.5260770975,22.7319727891
Gmhi58erY6k,4,22.4403628118,28.5886621315
GmpDbIstUdc,0,87.073,96.155
GmpDbIstUdc,1,101.271,109.255
GmpDbIstUdc,2,42.176,64.727
GtRxTvuF6J0,1,14.229,21.914
Gv0kKbfwPpI,0,22.8095238095,31.4022675737
Gv0kKbfwPpI,1,31.0807256236,35.6326530612
Gvg_80PlAAs,0,51.534,61.404
GxWLhv-Vt78,0,8.053,22.672
GxcOSmJAyYQ,2,28.626,40.142
Gz2qsCqWNUY,0,16.663,30.245
H-74k5vclCU,0,9.53,13.992
H-74k5vclCU,1,13.251,18.98
H-AJ-grXvgQ,1,66.919,78.824
H-AJ-grXvgQ,2,90.566,98.2
H-AJ-grXvgQ,3,28.257,32.789
H1DpVwktfDQ,3,20.9138321995,33.2480725624
H26MMmrHTlQ,2,36.7678004535,41.8585034014
H26MMmrHTlQ,4,6.60634920635,15.6480725624
H4RysMUSQD8,0,3.154,9.602
H4RysMUSQD8,5,27.13,32.699
H4w9mU8B3Mc,0,2.715,6.728
H4w9mU8B3Mc,2,35.441,45.4
H4w9mU8B3Mc,3,45.149,50.489
H6ci6Myq8uI,0,33.116,40.921
H6ci6Myq8uI,1,50.517,67.8
H6ci6Myq8uI,2,70.691,80.65
H9BNzzxlscA,2,34.812,40.671
H9BNzzxlscA,4,48.451,58.451
H9mSft9YGuk,0,63.936,69.635
H9mSft9YGuk,1,32.178,39.554
H9mSft9YGuk,2,39.262,46.139
H9zVQlzit8Y,0,9.41,32.141
HA2AiTz-qxc,0,14.947,20.427
HA2AiTz-qxc,1,20.205,46.069
HAid0IEUoFQ,0,10.108,20.816
HAnQVHOd3hg,0,5.15,12.715
HAnQVHOd3hg,2,28.886,37.049
HByf7qiO-Kg,2,36.3088435374,39.6634920635
HByf7qiO-Kg,5,44.8893424036,49.3215419501
HByf7qiO-Kg,7,11.4752834467,13.7723356009
HFPGeaEPy9o,3,30.761,40.122
HIsJqphLCyw,0,4.581,13.263
HJTxq72GuMs,0,15.396,24.698
HJTxq72GuMs,2,134.625,150.342
HJTxq72GuMs,3,57.82,64.477
HJTxq72GuMs,4,84.749,97.602
HLFaW4oVP9E,1,41.707,45.48
HLFaW4oVP9E,3,10.218,14.521
HLFaW4oVP9E,5,24.306,35.433
HLFaW4oVP9E,6,35.082,39.085
HMRqR-P68Ws,1,91.264,99.398
HMRqR-P68Ws,2,112.875,118.165
HMRqR-P68Ws,4,16.205,27.142
HMRqR-P68Ws,8,75.959,83.953
HOCsiS0pmf0,0,8.682,24.468
HOCsiS0pmf0,1,30.532,39.783
HOCsiS0pmf0,3,64.914,72.01
HObh42PhOfw,0,59.067,64.357
HObh42PhOfw,1,63.766,70.184
HObh42PhOfw,2,33.086,44.173
HObh42PhOfw,3,45.987,52.714
HQ2LwfRcrVc,0,1.847,6.249
HQ2LwfRcrVc,2,69.134,77.627
HQ2LwfRcrVc,3,12.094,26.064
HQ2LwfRcrVc,6,39.921,45.331
HR18U0yAlTc,0,141.22,155.001
HR18U0yAlTc,1,169.995,189.503
HR18U0yAlTc,2,24.865,32.879
HR18U0yAlTc,3,31.879,76.101
HS-2vVP95u8,0,13.032,39.125
HS-2vVP95u8,1,45.388,56.405
HUH9BXVmAig,1,32.478,42.607
HVksxaUzv9Y,0,57.92,67.201
HVksxaUzv9Y,1,66.64,78.306
HVksxaUzv9Y,2,77.685,88.403
HVksxaUzv9Y,3,87.403,95.377
HVksxaUzv9Y,4,94.796,108.766
HWLpH3NMtFs,1,31.61,41.32
HXuRR2eBHHQ,0,48.332,56.336
HXuRR2eBHHQ,1,3.184,11.388
Ha7DMd_iKyM,0,14.708,23.849
Ha7DMd_iKyM,1,23.139,32.969
HbaycY0VuZk,1,45.338,62.232
HbaycY0VuZk,2,61.232,66.722
HetCe0lLacc,0,14.039,19.31
HfLVQZLvcH8,0,34.254,38.636
HgDdU_RB9UA,0,125.956235828,149.712244898
HgDdU_RB9UA,1,20.635600907,32.2891156463
HhpziYYP2Vg,0,3.154,13.363
HhpziYYP2Vg,5,114.302,121.847
HhpziYYP2Vg,6,121.056,129.17
HhpziYYP2Vg,9,143.755,147.967
HjLpXXFoAQw,0,12.872,19.789
HmXXW45eZL4,0,2.446,20.188
HmXXW45eZL4,2,39.272,48.573
HqtvFTa29L8,0,13.9707482993,18.5303854875
HuIKyKkEL0Q,0,40.2609977324,46.7063492063
I5cS_TlV5B8,0,1.069,7.267
I5cS_TlV5B8,4,40.918,45.78
I5cS_TlV5B8,5,47.174,54.19
I8MM8y1XVjs,0,15.576,22.073
I8MM8y1XVjs,1,21.672,31.103
I9iV9q3ePhI,0,120.707,129.659
I9iV9q3ePhI,1,48.152,55.937
I9iV9q3ePhI,2,68.246,75.682
IAmZ5iWHxw4,0,28.936,37.578
IAmZ5iWHxw4,1,37.995,44.582
IAubgwEiCcY,0,84.809,90.159
IAubgwEiCcY,1,17.601,23.41
IAubgwEiCcY,3,36.159,47.266
IB0lGIxP8YY,3,85.976,92.982
IB0lGIxP8YY,4,19.098,29.347
IB0lGIxP8YY,6,52.781,67.011
ICeSewdyf34,0,5.589,11.807
IDVbPEket6U,0,64.215,70.543
IDVbPEket6U,1,18.659,30.834
IDVbPEket6U,2,30.672,39.304
IHv_yBn83P8,0,24.585,36.341
IIPYcCii7Sg,0,0.071,4.992
IKXWSNf4m2k,0,17.901,25.526
IM6HW1HwHhM,0,55.056,60.985
IM6HW1HwHhM,1,60.254,65.096
IM6HW1HwHhM,3,75.19,86.856
IM6HW1HwHhM,4,86.126,92.394
IM6HW1HwHhM,5,3.463,9.741
IM6HW1HwHhM,7,194.659,198.502
IM6HW1HwHhM,8,16.234,22.004
IRSxo_XXArg,1,140.622,174.677
IRSxo_XXArg,4,54.966,70.254
IRSxo_XXArg,6,107.667,115.81
IRY4D_-mx3Q,0,13.4120181406,20.4959183673
ITQTVfk9Iqo,2,91.414,97.083
ITQTVfk9Iqo,6,117.454,127.883
ITQTVfk9Iqo,7,127.192,155.131
ITQTVfk9Iqo,9,52.322,57.323
IUmxJNs2zaY,0,7.664,17.384
IW7IssCKgmI,2,40.6888888889,46.4979591837
IW7IssCKgmI,3,48.8403628118,55.2979591837
IW7IssCKgmI,5,20.09569161,27.5410430839
I_r2CP56toU,0,26.771,33.478
IawsOlEKRf0,0,49.279,58.391
IawsOlEKRf0,1,61.122,68.508
IawsOlEKRf0,2,100.653,108.038
IawsOlEKRf0,4,111.957,122.575
IawsOlEKRf0,6,128.34,135.885
IawsOlEKRf0,7,11.715,18.621
IawsOlEKRf0,8,20.934,27.93
Ie6sDptjAsU,0,52.612,56.176
Iemw8vqt-54,2,117.983,138.998
Iemw8vqt-54,3,170.753,182.419
Iemw8vqt-54,4,181.768,188.016
Iemw8vqt-54,5,105.053,110.293
Iemw8vqt-54,6,109.922,118.694
IgenXuE4qIM,1,17.751,32.649
IiX1k0oYW_w,0,3.693,13.234
IkvL4IAiZog,0,85.387,100.016
IkvL4IAiZog,1,41.687,50.449
IlgnbEdOhmI,0,1.308,7.157
IlgnbEdOhmI,2,59.486,77.877
IsAtAzltJNM,1,10.4575963719,13.0240362812
IsAtAzltJNM,2,12.0240362812,17.2444444444
IsAtAzltJNM,3,16.2444444444,20.7963718821
ItnyexqXR_U,0,1.029,5.102
ItnyexqXR_U,2,15.017,25.376
Itqbc2TBXWY,19,33.5750566893,40.7609977324
Itqbc2TBXWY,24,80.0594104308,87.4848072562
Itqbc2TBXWY,25,87.3528344671,95.0775510204
Iz_PDdyXr-8,4,55.136,62.931
J3-NEG8uoiE,0,5.519,13.114
J3-NEG8uoiE,2,84.878,90.608
J3-NEG8uoiE,5,146.289,155.929
J3-NEG8uoiE,6,165.874,177.171
J3-NEG8uoiE,7,176.4,183.886
J3-NEG8uoiE,10,19.966,32.25
J3-NEG8uoiE,12,31.669,40.162
J3-NEG8uoiE,13,57.91,63.37
J3-NEG8uoiE,14,62.38,69.097
JGEEA_JVriE,1,38.264399093,59.5682539683
JGEEA_JVriE,2,58.5682539683,74.2049886621
JGEEA_JVriE,3,73.5342403628,87.8739229025
JGZb_ygtB0g,0,21.133,29.297
JGZb_ygtB0g,1,37.686,47.366
JHJOK6cdW-0,2,92.451,113.576
JHJOK6cdW-0,3,116.656,129.799
JHJOK6cdW-0,4,128.799,144.006
JHW3nD6flgU,2,12.702,17.215
JHW3nD6flgU,6,36.548,39.354
JLqBVj6f5gI,0,3.034,12.894
JLqBVj6f5gI,3,110.201,119.173
JLqBVj6f5gI,6,140.053,144.844
JLqBVj6f5gI,9,171.721,177.231
JLqBVj6f5gI,13,50.856,69.246
JMb18N7lQ0A,0,5.549,12.336
JMzilFvwNXE,1,39.422,43.066
JMzilFvwNXE,2,42.066,47.985
JNhqI4JtPXA,2,26.9800453515,35.0140589569
JNt1k3ohkbs,0,0.0,7.846
JNt1k3ohkbs,1,8.013,16.177
JNt1k3ohkbs,2,28.616,32.5
JNt1k3ohkbs,3,32.607,41.888
JNt1k3ohkbs,4,41.926,45.79
JNt1k3ohkbs,5,45.688,54.051
JNt1k3ohkbs,6,53.639,56.735
JP95Fby6qLE,0,7.993,17.434
JP95Fby6qLE,2,157.194,170.436
JP95Fby6qLE,4,199.378,213.668
JP95Fby6qLE,5,24.855,33.498
JPT38CA3sGI,4,23.2485260771,26.7628117914
JSlTJsUulH0,0,12.114,18.581
JSlTJsUulH0,1,21.842,31.732
JVpF99zuQhA,1,6.766,14.66
JVpF99zuQhA,3,26.471,43.315
JW3OfSCZlhc,0,13.4408163265,24.3283446712
JW3OfSCZlhc,1,27.1596371882,33.3079365079
JX-mwjSw0dk,1,34.952,46.239
JX-mwjSw0dk,2,50.906,63.589
JX-mwjSw0dk,3,69.344,74.415
JXYot3NDQn0,0,5.279,9.602
JYdfUNjyYxo,0,18.6390022676,24.0589569161
JYdfUNjyYxo,1,23.7473922902,40.441723356
JYdfUNjyYxo,2,39.441723356,52.274829932
JYsAacFmXEo,0,75.54,81.478
JYsAacFmXEo,1,130.345,150.821
JYsAacFmXEo,2,150.529,159.272
JYsAacFmXEo,3,158.531,165.378
JYsAacFmXEo,4,33.625,40.711
JYsAacFmXEo,6,59.346,64.278
J_DtcW86D9c,0,11.824,17.264
J_DtcW86D9c,3,118.761,132.981
J_DtcW86D9c,4,44.221,55.019
Ja7phs8EbWk,0,2.725,8.744
Ja7phs8EbWk,2,57.83,63.37
Ja7phs8EbWk,7,25.444,30.604
Ja7phs8EbWk,8,30.332,35.852
JcmqmLaL_MQ,0,37.317,47.645
JdFaSggG58c,0,0.909,3.456
Jg2okZn6Ut8,0,23.229,34.844
Jh1uDYOJMwk,0,1.648,7.985
JkHxzOWOLfs,0,18.1512471655,25.753968254
JlmpDdm1A1Y,0,1.04897959184,4.65306122449
JvLMNXW7B10,0,4.292,15.798
JvLMNXW7B10,1,35.82,47.995
JvgofTcCSEc,0,6.427,10.819
JvgofTcCSEc,2,49.559,54.669
JvgofTcCSEc,3,53.889,62.631
JvgofTcCSEc,4,70.91,77.428
JvgofTcCSEc,5,100.513,109.684
JvgofTcCSEc,6,108.684,115.691
JwzxqrD8tIo,0,28.816,35.842
JwzxqrD8tIo,1,35.271,40.821
JwzxqrD8tIo,2,39.821,46.827
JwzxqrD8tIo,3,56.084,61.264
Jz1oMq6l-ZM,4,34.513,50.269
Jz1oMq6l-ZM,8,94.367,116.619
JzydLJw6y6o,4,49.9777777778,53.0231292517
JzydLJw6y6o,12,38.873015873,42.7464852608
K0m1tO3Ybyc,0,62.459,68.418
K0m1tO3Ybyc,1,89.668,96.265
K0m1tO3Ybyc,3,12.942,21.275
K0m1tO3Ybyc,5,49.908,61.743
K1VeXZxR24U,0,24.376,31.322
K1VeXZxR24U,1,30.622,38.766
K1VeXZxR24U,2,38.215,50.21
K5cGfs3i-tk,1,117.035,124.421
K5cGfs3i-tk,2,123.471,139.576
K5cGfs3i-tk,5,177.558,186.879
K5cGfs3i-tk,7,53.33,68.538
K62NK2KYhws,0,68.526,73.098
K62NK2KYhws,1,84.868,92.264
K62NK2KYhws,5,15.217,23.959
K62NK2KYhws,6,122.862,131.325
K62NK2KYhws,7,131.004,145.194
K62NK2KYhws,11,64.345,69.276
K7FiMf-Dmwo,0,5.768,13.114
K7FiMf-Dmwo,1,17.182,22.233
K7KEtrgBkz4,0,73.644,79.214
K7KEtrgBkz4,1,86.086,93.162
K7KEtrgBkz4,2,60.753,69.206
K8gp7ncdUl8,0,80.399,90.528
K8gp7ncdUl8,1,89.987,103.738
K9-KyChw8RM,1,77.226,84.771
K9-KyChw8RM,2,10.378,16.137
K9-KyChw8RM,5,52.203,58.88
K9U2TAF9DDY,0,25.6430839002,27.6308390023
K9U2TAF9DDY,1,26.9700680272,33.2081632653
K9U2TAF9DDY,2,34.0439909297,37.5083900227
K9faaGel838,1,18.629,23.59
K9faaGel838,2,23.308,27.99
K9faaGel838,3,27.838,38.456
KB5hSnV1emg,5,24.406,32.659
KB5hSnV1emg,8,54.517,63.649
KB73TD4xQ8Y,0,36.069,50.569
KD0w4BrNXQg,1,46.146,51.696
KD0w4BrNXQg,2,52.312,58.95
KD0w4BrNXQg,4,31.43,37.189
KD0w4BrNXQg,5,38.284,45.999
KDjl2exStlI,0,61.362,64.737
KDjl2exStlI,1,74.592,80.261
KDjl2exStlI,2,20.455,29.916
KDjl2exStlI,3,28.916,36.81
KEUVzxC7T3E,0,10.757,16.436
KEUVzxC7T3E,2,46.017,58.171
KEUVzxC7T3E,3,57.89,74.095
KF5wgQPp2yc,1,31.759,43.315
KI2sU-mhM44,1,95.454,101.623
KI2sU-mhM44,4,133.398,141.223
KI2sU-mhM44,5,143.106,157.117
KI2sU-mhM44,7,17.252,23.839
KI2sU-mhM44,8,38.743,62.332
KJyz9fCt7Is,2,19.557,26.553
KLy4aBLqwCk,0,6.098,14.59
KLy4aBLqwCk,2,61.921,66.173
KLy4aBLqwCk,3,70.292,77.877
KLy4aBLqwCk,4,78.533,86.627
KLy4aBLqwCk,6,94.896,103.738
KLy4aBLqwCk,7,152.924,164.56
KLy4aBLqwCk,8,19.806,24.648
KPeos6f4HuQ,2,25.314,28.299
KQ86HmgwUns,0,124.598,135.077
KQ86HmgwUns,1,30.422,39.264
KQ86HmgwUns,2,55.665,66.063
KQ86HmgwUns,4,98.148,117.197
KRje7su4I5U,0,0.8,4.723
KRje7su4I5U,3,24.256,30.544
KSyX-lejDcc,0,80.409,97.891
KSyX-lejDcc,1,18.649,25.087
KSyX-lejDcc,3,40.629,48.204
KUVGWCTT5DU,0,66.78,72.08
KUVGWCTT5DU,1,78.433,83.544
KUVGWCTT5DU,2,49.11,58.112
KXsjl0DKgL0,0,57.331,66.932
KYQTwFVBzME,0,10.039,22.592
KZzFCrEyKF0,0,64.585,73.806
KZzFCrEyKF0,1,27.838,33.358
KZzFCrEyKF0,2,34.852,45.959
KZzFCrEyKF0,3,48.222,53.871
K_5u2Wh_wGk,1,105.003854875,114.362585034
K_5u2Wh_wGk,2,114.362585034,118.732653061
K_5u2Wh_wGk,6,34.4641723356,41.9371882086
KanWhGY33Hk,0,70.012,74.165
KanWhGY33Hk,1,19.208,28.529
KanWhGY33Hk,2,31.39,39.534
Kep_mLLXsqk,1,61.661,67.77
Kep_mLLXsqk,2,15.127,23.211
KgXuILFtgJQ,0,1.737,7.167
KgXuILFtgJQ,3,31.849,44.752
KgXuILFtgJQ,4,44.39,49.282
KkKWFZZmmCM,0,8.173,21.026
KmYG8zaRmOA,0,46.386,55.378
KmYG8zaRmOA,1,66.311,73.127
Kmtib-wZ0jM,2,19.836,25.865
Kn5eKHlPD0k,3,7.77369614512,12.6448979592
Kn5eKHlPD0k,4,21.4526077098,26.3138321995
Kn99u05vlpA,0,3.354,10.969
Kn99u05vlpA,1,10.468,19.829
KpMCvUyQCXg,2,15.157,19.619
Kpe5fISxRTg,0,53.749,67.171
Kpe5fISxRTg,1,67.149,72.748
KqFarHUGjSc,1,30.552,43.225
KrmVX-HANew,0,27.01,32.49
KrmVX-HANew,1,31.829,39.504
KrmVX-HANew,2,44.51,52.873
Kyz32PTyP4I,3,49.539,65.156
Kyz32PTyP4I,4,64.964,74.215
L-7oRnbi9-w,0,14.967,22.772
L-7oRnbi9-w,1,22.231,27.731
L-7oRnbi9-w,2,27.419,49.84
L-a4Sh6iAcw,0,64.4659863946,64.9648526077
L-a4Sh6iAcw,1,9.24149659864,17.9517006803
L-a4Sh6iAcw,2,18.2011337868,28.0287981859
L1eFHRQGFeg,1,24.945,38.526
L1gXZVU6AE4,0,8.88231292517,17.8519274376
L1gXZVU6AE4,1,18.4206349206,24.8260770975
L382XZ6iZmM,0,0.74965986395,8.15510204082
L382XZ6iZmM,4,34.7922902494,41.010430839
L382XZ6iZmM,5,40.010430839,47.8947845805
L3b9wwZ8vRQ,0,27.489,32.58
L5a2ijeWpUI,1,7.19501133787,15.0793650794
L5a2ijeWpUI,3,38.8630385488,47.4258503401
L6pg3DQKoH4,7,45.1188208617,47.6154195011
LAj3rqJvS3s,0,22.829,35.583
LDKWr94J0wM,0,73.913,87.275
LDKWr94J0wM,1,99.625,108.417
LDKWr94J0wM,6,58.439,66.203
LFOwCSiGOvw,0,7.694,17.304
LHC7ZKJy4Zw,0,2.31609977324,5.31156462585
LKAEv8x9jKI,0,24.426,30.085
LKAEv8x9jKI,1,39.621,48.893
LKAEv8x9jKI,2,50.237,62.881
LL02UFLfQKo,0,61.023,67.929
LUKIYWa0UGA,0,16.773,19.669
LUKIYWa0UGA,4,44.999,46.997
LUKIYWa0UGA,5,46.037,52.923
LUf9vbe0TcQ,0,5.569,16.746
LUf9vbe0TcQ,2,34.613,45.55
LX2rT5C3sJs,0,19.497,29.088
LX2rT5C3sJs,1,29.085,46.019
LZl9Sj1safM,3,31.061,45.221
L_XttWZBKss,0,31.769,38.746
L_XttWZBKss,1,38.145,47.166
LcfubBagG6Q,12,35.69,40.282
LityRNuQihc,0,3.952,7.666
LityRNuQihc,4,11.755,16.097
LpTbjgELALo,0,5.04,9.462
LppEvM60-xo,0,64.046,68.278
LppEvM60-xo,1,25.394,33.956
LppEvM60-xo,2,45.318,55.188
LppEvM60-xo,3,54.767,63.759
LtlL-03S79Q,0,4.79,22.063
LtlL-03S79Q,1,23.089,30.714
LtlL-03S79Q,3,37.666,47.226
Lxs_6Tvq12E,0,15.167,21.764
Lxs_6Tvq12E,1,21.183,30.185
LyOq9mOEPuk,0,68.007,73.995
LyOq9mOEPuk,1,17.222,23.58
LyOq9mOEPuk,2,50.157,55.098
M2Pb2kx77ww,0,7.285,12.575
M2Pb2kx77ww,2,132.939,138.349
M2Pb2kx77ww,3,19.856,24.987
MBDZbACupsc,0,18.0303854875,20.2675736961
MBDZbACupsc,1,19.4272108844,22.3927437642
MBDZbACupsc,4,-0.487528344671,1.13106575964
MBDZbACupsc,5,0.131065759637,4.46349206349
MBDZbACupsc,8,13.420861678,19.0303854875
MCRCXXPqFOI,0,78.453,87.974
MCRCXXPqFOI,1,100.054,103.917
MCRCXXPqFOI,4,13.291,19.26
MCRCXXPqFOI,7,38.165,42.677
MCsvw5-7lVE,0,10.937,21.395
MD6Tq_4VlGc,0,20.265,29.197
MD6Tq_4VlGc,1,59.536,70.563
MFXQH7ZlBJI,0,121.246,126.057
MFrwi-RibUk,8,22.3405895692,59.6780045351
MFrwi-RibUk,9,58.6780045351,61.0249433107
MHVrwCEWLPI,0,1.06893424036,10.6693877551
MHVrwCEWLPI,2,35.2213151927,42.716553288
MHVrwCEWLPI,3,42.1156462585,45.5301587302
MHyW857u_X8,0,61.751,69.526
MHyW857u_X8,1,82.673,86.537
MHyW857u_X8,3,9.141,19.25
MHyW857u_X8,4,111.009,120.909
MHyW857u_X8,6,30.672,35.543
MIqL9OXszRw,0,0.0,3.655
MIqL9OXszRw,1,2.715,9.512
MIqL9OXszRw,2,9.141,14.241
MIqL9OXszRw,3,13.251,23.221
MIqL9OXszRw,4,22.221,30.554
MIqL9OXszRw,5,29.554,40.232
MIuJDn_0yVU,0,70.91,78.745
MIuJDn_0yVU,1,77.795,91.446
MIuJDn_0yVU,6,50.127,59.139
MJnc4GUhUuY,1,26.9301587302,36.041723356
MJnc4GUhUuY,5,25.3138321995,27.9301587302
MKShLlJ7X7g,0,5.05,12.505
MKShLlJ7X7g,3,31.57,42.367
MLegxOZBGUc,0,55.296,61.783
MM2qPdnRmQ8,1,47.942,55.458
MMpo2bDk-DU,0,52.432,57.653
MMpo2bDk-DU,1,73.135,77.966
MMpo2bDk-DU,2,82.743,89.44
MMpo2bDk-DU,3,88.909,101.273
MMpo2bDk-DU,4,105.033,113.745
MMpo2bDk-DU,6,31.49,37.748
MNLG4-diuYM,1,17.971,21.694
MNLG4-diuYM,2,21.612,28.589
MNXBOeiPhec,3,49.569,69.137
MNXBOeiPhec,4,78.463,87.166
MOfEl_1dh-g,3,49.748,57.054
MPRqaQqrd9Y,0,77.455,89.001
MPRqaQqrd9Y,1,27.698,35.742
MPRqaQqrd9Y,2,42.714,53.263
MSHBEntSDjU,0,64.944,70.503
MSmTFZ_-THM,1,25.224,43.355
MTU_thei3-c,0,107.507,112.558
MTU_thei3-c,1,16.524,21.056
MTU_thei3-c,2,33.795,40.292
MWCNzYUCys0,2,91.364,102.58
MYEyQUpMe3k,0,0.160997732426,12.7446712018
MYEyQUpMe3k,3,22.1510204082,25.9746031746
MZoLQD83R-4,0,90.785,98.061
MZoLQD83R-4,1,36.289,51.686
MZoLQD83R-4,2,69.054,81.199
MbpPBLUjpV4,1,57.491,78.196
MbpPBLUjpV4,7,11.425,23.969
MbpPBLUjpV4,8,23.628,33.338
MbpPBLUjpV4,11,52.851,58.291
McnbZjgCPLw,0,108.545,111.919
McnbZjgCPLw,1,118.971,126.706
McnbZjgCPLw,2,29.325,35.603
McnbZjgCPLw,3,52.512,62.99
MhojeOmmjC8,0,6.517,19.928
MhojeOmmjC8,1,40.41,52.395
MmJD4KBT0nk,0,11.675,21.176
MnFRVJtHAeo,3,33.066,42.916
MpuWcGn2Lcg,1,14.439,21.944
MpuWcGn2Lcg,4,50.826,55.966
MroQfGehC84,6,26.3015873016,30.4743764172
MroQfGehC84,10,70.7306122449,74.9034013605
MsjnLoTKAXo,1,13.1714285714,18.9106575964
MsjnLoTKAXo,4,42.0657596372,47.9047619048
MtIklGnIMGo,0,51.345,67.81
MvEw24PU2Ac,0,87.502,91.825
MvEw24PU2Ac,1,33.176,40.242
MvEw24PU2Ac,2,51.774,60.426
MvFFYObY9A8,0,4.312,16.426
Mw4EZYZAd9c,0,10.996,19.769
Mw4EZYZAd9c,2,32.248,37.648
MyDLelMxt-A,0,124.608,137.9
MyDLelMxt-A,1,70.85,83.474
MyfRrTjglm8,4,21.8716553288,26.6630385488
N-NnCI6U52c,0,25.673,42.677
N-NnCI6U52c,1,60.384,70.214
N0GhVkCwrqw,0,110.859,123.164
N0GhVkCwrqw,1,10.198,21.185
N0GhVkCwrqw,3,92.751,99.338
N0Y7x_fJ0Nw,0,3.254,15.947
N0Y7x_fJ0Nw,1,15.317,23.77
N0Y7x_fJ0Nw,4,47.374,53.203
N188QSyfmeQ,4,31.171,37.578
N1X63d_jgmw,0,28.786,41.14
N2nCB34Am-E,0,61.532,69.995
N2nCB34Am-E,1,44.071,53.153
N3vSaV8Ztrg,1,97.889,107.22
N4WOBzpZtWM,3,30.372,37.229
N5xfBtD6rLY,0,0.220861678005,3.5156462585
N5xfBtD6rLY,4,41.9160997732,46.2984126984
N7IerkWUClI,0,10.687,17.594
NCJTV5KaJJc,2,16.125,18.023
NCJTV5KaJJc,4,25.024,38.686
NDMAVMZyISM,4,37.376,44.951
NIpuKcoJhGM,1,20.036,36.95
NIpuKcoJhGM,2,36.588,55.478
NKindd5Xn3s,2,46.097,58.84
NKindd5Xn3s,3,58.209,89.041
NOl0v54DaXo,5,11.286,14.68
NSihgq4R8Z0,0,57.221,63.679
NSihgq4R8Z0,1,70.162,76.629
NVLPURuAVLU,0,12.004,22.882
NVLPURuAVLU,1,32.687,41.719
NVlxq3jxlAk,0,27.6585034014,33.6272108844
NVlxq3jxlAk,1,32.9863945578,35.2036281179
NVlxq3jxlAk,2,46.5056689342,48.862585034
NVlxq3jxlAk,3,48.3215419501,54.0308390023
NVlxq3jxlAk,4,2.49569160998,5.88027210884
NVlxq3jxlAk,5,7.3746031746,14.1714285714
NVlxq3jxlAk,6,13.1714285714,15.3487528345
NVlxq3jxlAk,7,14.7179138322,20.4471655329
NVlxq3jxlAk,8,19.8462585034,22.3528344671
NVlxq3jxlAk,9,21.801814059,28.3292517007
NYuY6HVjMZQ,0,12.802,30.704
NYuY6HVjMZQ,2,91.703,97.732
N_dNuV-4iAo,1,29.105,38.855
N_dNuV-4iAo,2,38.244,56.755
Na6170hd8po,0,2.815,11.328
Na6170hd8po,2,19.906,30.035
Na6170hd8po,4,51.325,63.37
NaWmaHwjElo,0,115.449,125.149
NaWmaHwjElo,1,36.628,43.634
Nd55vByy2F8,0,53.789,58.96
Nd55vByy2F8,1,16.534,22.812
Nd55vByy2F8,3,39.571,44.672
NgENhhXf0LE,0,4.721,14.86
NiAjz4ciA60,0,0.58,7.487
NkbRuTJaj_M,0,58.119,68.917
NkbRuTJaj_M,1,80.937,89.61
Nmd50Uzyybs,1,63.766,80.69
NoOt0oU843M,0,13.411,19.908
NoOt0oU843M,1,19.028,27.611
NoOt0oU843M,4,57.381,72.289
NoZsdSGnNpI,0,8.263,17.424
NoZsdSGnNpI,2,45.937,55.019
NocexkPXja8,0,2.286,11.348
NocexkPXja8,2,121.815,133.82
NocexkPXja8,7,67.648,87.026
Nrurc5sMUOE,0,13.75,20.327
Nrurc5sMUOE,1,37.456,51.876
Nrurc5sMUOE,3,62.958,73.207
NuRvTWhELqs,2,95.105,129.13
NuRvTWhELqs,3,128.669,135.955
Nzh2KkaGwrE,0,61.132,66.562
Nzh2KkaGwrE,1,69.414,83.534
Nzh2KkaGwrE,2,23.797,35.104
NzpymNJaFjo,0,5.848,18.621
NzvNW7vP-Co,1,11.356,22.672
NzvNW7vP-Co,2,22.101,26.044
O0Nn-5UkfoA,0,5.329,11.956
O0Nn-5UkfoA,1,10.956,20.497
O2CEvvYWWbU,0,1.169,4.972
O2CEvvYWWbU,2,7.614,13.513
O2ShYliS3CU,0,15.975,28.359
O2ShYliS3CU,1,67.448,76.111
O3whFU2lAAk,0,4.222,25.965
O3whFU2lAAk,3,70.661,77.298
O3whFU2lAAk,4,110.67,120.091
O4UkHVJlIs8,0,206.841,211.822
O4UkHVJlIs8,1,29.235,37.718
O8IJh_L0EfM,6,25.8426303855,33.9664399093
OAV6KKf60bQ,1,44.979,48.064
OBaMn1-x7jQ,0,19.5469387755,32.5396825397
OBaMn1-x7jQ,1,35.0716553288,44.99138322
OBaMn1-x7jQ,3,50.5265306122,54.1605442177
OEMSGahoCmM,0,54.956,59.299
OEOkmrKvTUo,2,31.889,56.286
OEOkmrKvTUo,3,69.134,82.047
OEesmAnTpeA,2,78.683,83.963
OEesmAnTpeA,3,71.259,79.263
OFBc3z99bIc,2,52.552,62.432
OFBc3z99bIc,3,68.985,77.268
OFBc3z99bIc,4,79.112,83.554
OFBc3z99bIc,5,83.212,92.473
OFBc3z99bIc,7,100.204,107.839
OFBc3z99bIc,8,107.846,115.332
OFBc3z99bIc,9,114.332,124.91
OFBc3z99bIc,11,132.58,140.135
OFBc3z99bIc,13,29.794,35.742
OFia3dWgaoI,2,17.222,24.229
OHWyYVux-yw,0,101.61,108.677
OHWyYVux-yw,1,111.518,116.02
OHWyYVux-yw,5,145.261,150.551
OHWyYVux-yw,9,74.163,86.168
OHWyYVux-yw,11,93.998,99.338
OIJr0voCvVQ,0,36.219,42.008
OJwO6g01qO8,0,52.053,56.326
OJwO6g01qO8,1,16.155,27.87
OLP0nCKwU6k,0,5.369,13.164
OORklkFql3k,0,6.746,15.409
OORklkFql3k,5,220.8,234.032
OORklkFql3k,9,53.4,62.242
OOh1_ffKOKk,1,7.504,12.834
OSyKmOye5Uo,0,3.214,12.286
OUjzDchhkIA,2,71.439,80.411
OUjzDchhkIA,3,79.75,85.569
OUjzDchhkIA,4,38.185,43.016
OUjzDchhkIA,5,51.225,61.185
OXsTIPdytiw,1,42.944,47.386
OXsTIPdytiw,3,61.781,68.658
OXsTIPdytiw,5,17.402,26.424
OXsTIPdytiw,6,30.662,35.234
O_fTDhCtAhw,0,8.722,14.261
O_fTDhCtAhw,1,28.916,36.012
O_fTDhCtAhw,2,35.98,50.828
Oa2xVjzAMFc,0,12.623,19.549
Oa2xVjzAMFc,1,18.549,21.684
Oa2xVjzAMFc,2,21.203,25.895
OaWYjsS02fk,1,24.206,28.449
OaWYjsS02fk,3,43.423,47.825
OcqJx_cRc3Y,0,22.849,32.729
OctOcfI4KSs,0,3.553,18.791
OctOcfI4KSs,5,46.316,55.857
OdKp0hYomgs,1,39.8408163265,46.9369614512
OdKp0hYomgs,5,24.1065759637,27.0920634921
OiMkqEH5WeE,0,5.579,19.539
OiMkqEH5WeE,2,41.427,51.447
Oj3XwBBrzXc,0,0.959,6.14
Olx-sTx7HTk,3,58.768,66.582
OoOD_VBL0i0,0,82.145,89.141
Or-9Nc_GAq8,0,21.213,39.234
OrYBtyO0aPI,2,18.41,27.711
OwYfPi9St0w,0,3.264,11.966
OyK86reBnJE,0,3.204,11.488
P0UHzR4CmYg,21,74.6916099773,81.9673469388
P0WaXnH37uI,0,4.90022675737,17.2145124717
P0WaXnH37uI,1,18.0503401361,25.0666666667
P35dyIit1yM,2,58.069,63.799
P35dyIit1yM,3,18.449,26.942
P3QEOJWxXI8,3,49.948,53.771
P3QEOJWxXI8,4,52.881,57.054
P4qxfjZlIrY,0,7.135,13.114
P4qxfjZlIrY,1,15.606,22.842
P4qxfjZlIrY,3,33.475,40.043
PEBwwe0PLZ8,0,-0.487528344671,40.1324263039
PEBwwe0PLZ8,1,39.1324263039,42.3174603175
PEBwwe0PLZ8,2,48.201814059,51.4167800454
PEBwwe0PLZ8,3,50.4167800454,53.3922902494
PEBwwe0PLZ8,4,52.3922902494,54.589569161
PEBwwe0PLZ8,5,41.3174603175,43.2453514739
PEBwwe0PLZ8,6,42.2453514739,44.6222222222
PEBwwe0PLZ8,7,43.6222222222,45.5800453515
PEBwwe0PLZ8,8,44.8793650794,47.0766439909
PEBwwe0PLZ8,9,46.0766439909,48.064399093
PEBwwe0PLZ8,10,47.064399093,48.7229024943
PGBrZLC15yA,2,40.16,51.287
PHJ8eybXJdw,0,12.383,15.089
PMH4mdJeojE,0,22.829478458,30.5142857143
PMH4mdJeojE,1,30.6117913832,37.5782312925
PN3ApHIGopo,0,57.241,62.861
PN3ApHIGopo,1,62.459,83.534
PORCNDRKtko,0,25.813,41.429
PQYmOknHA4c,1,41.946,45.989
PRZ4VhESz1A,4,17.462,22.932
PRZ4VhESz1A,5,27.519,34.395
PRZ4VhESz1A,7,40.549,49.751
PUIsiLk8etk,0,0.330612244898,3.33605442177
PUIsiLk8etk,2,40.6489795918,48.8027210884
PUIsiLk8etk,5,8.53197278912,15.2689342404
PYylJk8R9Ak,3,21.502,34.036
Pbu6oAKFCvo,1,39.831,57.443
Pbu6oAKFCvo,2,68.985,87.694
PbyI-sUzLZY,0,0.390476190476,3.58548752834
PbyI-sUzLZY,1,2.58548752834,14.4707482993
PcqKFt1p3UQ,0,63.746,73.856
PcqKFt1p3UQ,1,19.198,26.962
PexNiFbPTYM,0,0.71972789116,2.62766439909
PohW-isYMK0,0,1.4380952381,7.61632653061
Pt-D0LUHDSc,3,31.7591836735,36.2412698413
PtH_8O__EAY,0,61.571,73.686
PtdK-TLOuD0,0,15.516,23.79
PtdK-TLOuD0,1,29.065,39.344
PwapK9d8IGk,0,25.633,37.099
PwapK9d8IGk,1,47.034,59.907
PybuzkS31J4,2,15.5659863946,26.4335600907
PzI6yY9Y2xQ,3,87.313,92.184
PzI6yY9Y2xQ,5,23.438,31.652
Q2uHXKA8cq8,0,2.88594104308,10.9775510204
Q2uHXKA8cq8,1,12.1848072562,18.6201814059
Q2uHXKA8cq8,5,60.7244897959,63.5979591837
Q5YU2sLKVL4,0,20.295,27.042
Q5fZk_jPjBI,1,137.1,144.695
Q5fZk_jPjBI,3,78.473,93.501
Q5uYByRyswI,1,12.693,27.341
Q5uYByRyswI,2,31.091,49.351
Q7S0tX4FUNA,0,0.490249433107,8.95328798186
Q7S0tX4FUNA,3,22.9492063492,31.3324263039
Q7nhtfkIPN4,5,14.558,18.961
Q8naC1qriIU,0,3.663,17.185
QBc7X5jj8oA,0,20.146,36.6
QBc7X5jj8oA,1,36.159,48.054
QCR7uyowjhM,3,8.402,12.595
QDRtKv8PvFs,1,18.469,32.24
QE0pAVSPsKQ,0,39.911,43.734
QE0pAVSPsKQ,1,45.558,50.908
QE0pAVSPsKQ,4,80.279,104.386
QE0pAVSPsKQ,5,2.506,8.405
QE0pAVSPsKQ,8,129.038,136.683
QE0pAVSPsKQ,11,25.104,32.29
QI-TTqj0KnA,0,17.601,29.537
QI-TTqj0KnA,1,28.966,47.635
QI-TTqj0KnA,2,47.005,54.58
QJBQIOmG1CA,0,35.371,51.147
QJCDZCllSYQ,2,20.315,26.094
QLEOYF7Mju0,0,11.2857142857,19.4594104308
QLI-OnegxFM,0,75.61,83.115
QLI-OnegxFM,1,27.708,36.221
QMAztkqnvws,0,44.091,56.376
QMAztkqnvws,1,56.553,67.241
QMEgjkpyVzQ,0,8.193,13.812
QMEgjkpyVzQ,1,28.257,34.954
QMEgjkpyVzQ,2,34.423,46.099
QOxIdbNwpx0,4,41.717,49.8
QP2CjKap818,0,11.146,23.78
QP2CjKap818,1,23.318,39.654
QQVRIGEUa_Q,0,49.698,68.438
QUpI5kMw_nA,0,79.84,92.264
QUpI5kMw_nA,1,95.764,105.434
QUpI5kMw_nA,3,125.766,135.146
QUpI5kMw_nA,5,21.852,34.515
QVyxySAaehE,0,119.091,133.091
QVyxySAaehE,1,132.091,141.273
QVyxySAaehE,2,36.528,49.94
QWaUvAL-yiA,0,2.785,11.388
QWll4lS1qqI,0,48.182,58.73
QWll4lS1qqI,1,63.746,70.912
QWll4lS1qqI,2,74.033,82.935
QXPOQW2tRBs,0,8.362,17.095
QXXexH-ow_k,0,19.916,29.566
QYp0lGhyL6A,1,68.097,74.744
QYp0lGhyL6A,2,85.597,96.674
QYp0lGhyL6A,5,30.412,36.61
QYp0lGhyL6A,8,60.434,68.528
Q_py5n2fQXw,0,63.347,73.926
Q_py5n2fQXw,1,20.375,25.256
Q_py5n2fQXw,2,34.283,39.005
Qa6Yz62V-Yc,1,39.073,45.191
QbJiphIpzYc,0,65.712,72.239
QbJiphIpzYc,1,106.739,111.51
Qe4AT670hq4,0,46.476,65.046
Qfa1fY_07bQ,3,27.319,31.522
QjcQx8_PQfw,0,73.933,79.154
QjcQx8_PQfw,1,56.453,64.028
QnYlpSeVOYo,0,14.7678004535,22.7419501134
QpchvHpGFc8,0,67.159,74.325
QpchvHpGFc8,1,92.461,102.66
QpchvHpGFc8,4,24.206,34.166
QpchvHpGFc8,6,48.501,57.523
QxU625Hn370,0,38.3941043084,46.6575963719
QzdEjKQFisQ,2,17.820861678,21.6244897959
QzdEjKQFisQ,6,43.3528344671,47.2761904762
R-17BoOk4kc,0,192.644,198.363
R0o37yJ1PP0,0,15.566,25.885
R0o37yJ1PP0,1,25.673,34.066
R0o37yJ1PP0,2,34.323,53.422
R0uRDh-engU,0,64.056,74.245
R0uRDh-engU,1,73.315,80.161
R0uRDh-engU,2,17.611,33.488
R5a3TP-l_n4,3,24.6253968254,26.7029478458
R7IkQVUuLew,0,5.609,10.44
R8Kw_4Y9E0s,0,34.034,42.208
R8leu0tEJ4o,0,110.979,117.068
R8leu0tEJ4o,1,130.335,139.157
R8leu0tEJ4o,2,143.795,152.946
R8leu0tEJ4o,4,87.083,103.868
R8leu0tEJ4o,5,103.247,111.221
R9ypacCuEZo,0,107.347,124.112
R9ypacCuEZo,1,152.036,168.92
R9ypacCuEZo,2,20.425,49.79
R9ypacCuEZo,3,52.352,64.347
R9ypacCuEZo,5,72.317,97.273
RAiO_rChmdU,0,22.341,49.411
RAiO_rChmdU,1,48.681,69.446
RArhIHk4Qs4,3,72.8158730159,78.8045351474
RB3HA-ZMtFw,0,5.21,31.642
RChkXDS8ulE,0,2.985,23.8
RChkXDS8ulE,2,47.114,59.369
RE-LIPOFnrE,1,3.26394557823,6.30929705215
RE-LIPOFnrE,5,44.6,47.8448979592
REkPZ77s3Vc,1,23.4979591837,32.0807256236
REkPZ77s3Vc,2,31.5596371882,42.0480725624
REkPZ77s3Vc,3,41.3473922902,46.3383219955
RIAEgUKtzxw,0,70.621,79.283
RIAEgUKtzxw,1,14.01,20.856
RIAEgUKtzxw,2,19.856,27.711
RIAEgUKtzxw,3,39.691,50.239
RKP6j28FCWE,0,20.844,32.081
RKP6j28FCWE,1,34.493,60.746
RKP6j28FCWE,2,79.181,87.585
RLHZ6xtIWSM,0,2.53560090703,13.2734693878
RLHZ6xtIWSM,4,33.3256235828,36.7401360544
ROC2YI3tDsk,1,80.778,85.609
ROC2YI3tDsk,7,16.394,24.937
ROcTx5VEn7o,2,90.855,103.568
ROcTx5VEn7o,3,19.956,37.01
RRKez9BR-94,0,29.4854875283,38.6047619048
RRKez9BR-94,1,38.8442176871,42.1965986395
RRKez9BR-94,2,43.0945578231,47.8238095238
RRKez9BR-94,3,48.2029478458,52.1040816327
RRKez9BR-94,4,59.7068027211,66.0723356009
RRKez9BR-94,5,81.2179138322,90.3172335601
RST6PgpsLws,4,31.8301587302,35.0727891156
RST6PgpsLws,7,63.079138322,70.7616780045
RTzDzj4NxIM,4,34.204,36.75
RVC8l5hf2Eg,9,23.298,29.397
RXcI6PK37lM,2,36.738,46.428
RXcI6PK37lM,3,45.817,55.378
RaTQZrdICKo,0,5.878,16.626
RadU51t1kL0,2,23.4680272109,28.5886621315
RadU51t1kL0,6,47.0544217687,49.1619047619
Rb1uzHNcYcA,0,-0.337868480726,11.3678004535
RdOc70IrjJo,0,4.83,8.824
RfKxYiFd-fs,0,2.576,8.335
RgubFcmvgDE,2,22.041,28.519
RqOgkJbqFXg,0,12.892,27.302
RqOgkJbqFXg,3,60.424,72.848
RrGpzInAwCg,1,13.022,25.226
RsE2gYghZ2s,0,14.768,29.327
Rse6laKf1i8,1,44.0113378685,48.443537415
Rse6laKf1i8,4,12.7424036281,17.6335600907
Rse6laKf1i8,5,20.8040816327,30.1750566893
Rugd2NMu4bA,0,1.60770975057,11.0185941043
Rugd2NMu4bA,2,43.273015873,47.2961451247
Rugd2NMu4bA,3,49.3292517007,51.5764172336
Rugd2NMu4bA,4,13.9297052154,17.8031746032
RvIohowRPAk,1,38.4340136054,40.7510204082
RvIohowRPAk,5,14.2489795918,17.9029478458
RvIohowRPAk,6,17.1723356009,24.9170068027
RvmTZVNAAuQ,0,67.997,73.197
RvmTZVNAAuQ,1,75.59,86.527
RvmTZVNAAuQ,3,25.982,32.131
Rw2pzFGosmw,1,16.224,20.367
Rw2pzFGosmw,6,47.873,53.253
RwcTz-tOIeo,3,29.953,36.64
Ry2NJPd4N3s,0,78.982,90.698
Ry2NJPd4N3s,1,97.729,107.24
Ry2NJPd4N3s,3,115.01,127.234
Ry2NJPd4N3s,4,12.393,17.244
Ry2NJPd4N3s,5,175.912,183.157
Ry2NJPd4N3s,6,46.755,56.874
S0ecaAi_CJo,0,10.727,23.071
S0ecaAi_CJo,1,30.432,37.628
S21ApRNQ9Ko,4,18.998,29.287
S21ApRNQ9Ko,5,28.596,45.071
S2znq3iRPwE,2,41.268,45.351
S2znq3iRPwE,3,45.727,51.177
S2znq3iRPwE,4,51.035,63.07
S2znq3iRPwE,5,78.054,84.571
S2znq3iRPwE,6,85.537,98.22
S2znq3iRPwE,7,97.28,106.801
S2znq3iRPwE,8,34.084,41.839
S6S2XL0-ZpM,0,2.29727891156,3.26507936508
S9PDgK7fpJI,2,35.2512471655,37.2589569161
S9PDgK7fpJI,11,30.9410430839,35.6725623583
SCXp4l0CO4s,0,139.205,154.602
SD6wphlw72U,1,27.08,32.091
SGsiGz2fdpo,0,0.51020408163,4.83265306122
SGsiGz2fdpo,3,47.6430839002,53.9410430839
SGsiGz2fdpo,28,28.6063492063,33.7868480726
SH0OYx3fR7s,1,127.362,132.562
SH0OYx3fR7s,2,30.442,40.541
SH0OYx3fR7s,3,42.804,49.671
SH0OYx3fR7s,4,52.342,59.798
SH0wXyhsx9s,1,7.87346938776,15.6480725624
SHa756SwGJQ,5,31.8390022676,37.7578231293
SI39azgVUR8,0,6.237,15.758
SI39azgVUR8,6,51.454,60.396
SKTyBOhDX6U,0,1.62766439909,10.3002267574
SKTyBOhDX6U,2,49.2693877551,56.0662131519
SKTyBOhDX6U,3,55.6149659864,59.8176870748
SMr2DprlLu4,0,31.131,36.311
SMzV26l6iA0,1,50.177,57.882
SNBqe_JpZC4,0,25.883,30.744
SO53x_pbou8,0,9.699,26.434
SRP5FYP71Ng,0,64.335,71.99
SSNrLu-eZiM,0,1.029,10.989
SWHmteF5Rlk,3,15.875,21.245
SZ7HK5ns6mE,2,85.437,91.995
SZ7HK5ns6mE,6,55.914,69.615
SZRxuS6fn9s,0,2.695,7.327
S_ISgjJR1bc,0,19.357,25.466
S_mxvk4LEh0,0,16.584,34.196
S_mxvk4LEh0,2,38.624,45.8
S_tGoxSEh5Y,0,68.536,81.219
Sb2xMPwNKPo,1,104.733,113.855
Sb2xMPwNKPo,3,9.639,17.663
Sb2xMPwNKPo,4,27.489,33.378
Sb6ftNgzz9M,0,11.994,18.951
Sb6ftNgzz9M,1,18.599,28.519
Sglx7douG_4,0,8.053,28.868
ShgrdU9WAJE,3,91.234,96.684
ShgrdU9WAJE,7,123.291,129.789
ShgrdU9WAJE,8,145.92,149.903
ShgrdU9WAJE,10,39.242,44.802
ShgrdU9WAJE,11,44.181,49.89
Sir2QeCh4B0,7,52.641723356,58.5206349206
SmftC-VAfYQ,0,1.09886621315,33.1782312925
So3bPzg2bq0,0,43.8129251701,50.4578231293
So3bPzg2bq0,1,70.0632653061,77.1371882086
So3bPzg2bq0,3,81.3775510204,89.1897959184
So3bPzg2bq0,4,89.1897959184,93.4900226757
So3bPzg2bq0,5,93.4900226757,94.5077097506
So3bPzg2bq0,6,6.71723356009,9.58072562358
Sq6DIhFxPqQ,3,48.531,52.824
SqofxdeEcjg,0,28.447,32.959
SqofxdeEcjg,3,74.931,81.538
SqtZGF_f63s,0,63.268,72.12
SrMN3rwvCsE,2,24.037,30.424
SuIcJvERiFk,1,29.7149659864,30.5929705215
SuKnUzid-1g,1,17.99,25.566
SwT0gh0V8fI,0,10.338,18.731
SwT0gh0V8fI,3,123.411,128.551
SwT0gh0V8fI,4,129.916,135.486
SwT0gh0V8fI,6,144.653,152.218
SwT0gh0V8fI,7,151.218,171.534
SwT0gh0V8fI,8,170.534,179.795
SwT0gh0V8fI,9,17.731,25.885
SwT0gh0V8fI,12,212.598,222.588
SzJf6viBWBg,0,50.447,61.863
SzJf6viBWBg,1,6.507,10.729
SzJf6viBWBg,3,16.065,25.705
T-8TvJcS78w,0,11.495,22.113
T-8TvJcS78w,2,54.208,59.449
T-vqHR989bM,0,9.689,15.788
T-vqHR989bM,1,14.788,19.42
T4e4Ba1sRg0,4,64.764,71.611
T4e4Ba1sRg0,5,72.137,79.293
TBCjKGYBNIo,14,149.252154195,159.590929705
TBCjKGYBNIo,15,17.1124716553,41.5591836735
TBCjKGYBNIo,17,43.5523809524,49.8802721088
TBCjKGYBNIo,18,49.3492063492,57.8222222222
TBwetweXRb4,0,43.572,51.576
TBwetweXRb4,1,50.736,54.27
TBwetweXRb4,2,53.27,58.98
TH32jop4FiI,2,67.089,77.258
TH32jop4FiI,3,86.176,96.405
TH32jop4FiI,4,95.893,103.578
TH32jop4FiI,10,55.735,60.456
TJelZLbfT2A,9,49.0,54.6494331066
TJelZLbfT2A,10,54.4575963719,63.8485260771
TLPlduck5II,2,17.192,24.688
TM7cHOHfF70,1,57.291,67.849
TM7cHOHfF70,2,71.18,83.973
TM7cHOHfF70,3,115.828,120.18
TM7cHOHfF70,7,32.478,38.187
TM7cHOHfF70,9,44.969,52.554
TNwwVWA-oAE,1,67.348,75.981
TNwwVWA-oAE,2,93.09,100.944
TNwwVWA-oAE,3,107.966,112.278
TNwwVWA-oAE,4,116.327,131.744
TNwwVWA-oAE,5,50.327,56.326
TO5HjoK8Iu8,0,87.383,95.686
TO5HjoK8Iu8,1,95.405,106.961
TO5HjoK8Iu8,2,106.599,112.568
TO5HjoK8Iu8,5,145.171,155.919
TO5HjoK8Iu8,6,13.85,22.572
TSDC7CCyeGY,0,0.69977324263,4.02448979592
TUY83eDK5jc,0,3.364,11.029
TUY83eDK5jc,2,96.402,100.336
TUY83eDK5jc,6,21.433,31.233
TUY83eDK5jc,7,31.46,41.898
TVhXqAI9gyA,0,4.012,9.203
TVhXqAI9gyA,3,8.382,14.88
TVhXqAI9gyA,4,38.663,44.772
TWf0XFpXwfs,1,55.615,65.674
TWf0XFpXwfs,2,24.735,29.507
TWf0XFpXwfs,3,30.712,35.702
TWszOxkOV0w,0,26.84,43.674
TXCXFYIc3Yo,5,20.455,36.311
TXiOSZdaLJ8,0,27.14,42.677
TXiOSZdaLJ8,1,42.764,65.644
TYJzg5IJN8o,2,82.564,92.184
TYJzg5IJN8o,3,91.583,104.406
TYJzg5IJN8o,5,34.832,44.014
TYJzg5IJN8o,6,60.195,68.528
TZXcQemh8n8,0,76.547,82.097
TZXcQemh8n8,1,148.394,153.016
Ta_IgA3XJ3s,0,44.52,50.828
Ta_IgA3XJ3s,1,85.727,93.97
Ta_IgA3XJ3s,3,94.058,102.022
Ta_IgA3XJ3s,4,110.82,117.237
Ta_IgA3XJ3s,5,132.42,137.022
TahiuVpcROM,0,33.056,46.717
TbZPa_keawc,0,9.22154195011,15.1580498866
TbZPa_keawc,2,70.0233560091,75.8900226757
TbZPa_keawc,4,20.3861678005,35.6614512472
TbZPa_keawc,5,51.5353741497,56.0750566893
TcTGCIh6e5s,2,32.248,38.237
TdCfpMRiA1c,0,0.56009070295,3.22630385488
TdCfpMRiA1c,1,2.22630385488,9.74149659864
TdCfpMRiA1c,2,8.74149659864,13.3732426304
TdCfpMRiA1c,3,21.7319727891,26.0544217687
TdCfpMRiA1c,4,25.1641723356,33.3678004535
TdCfpMRiA1c,5,33.0562358277,39.4839002268
TdCfpMRiA1c,6,39.0426303855,45.410430839
TdCfpMRiA1c,7,45.3482993197,48.9324263039
Te-vgmYgGM4,0,21.163,31.183
TfBVq9oWBmM,0,7.285,13.772
Tiq67-bAV3M,3,32.2380952381,45.0213151927
Tpdqfpuumg4,1,84.29,91.975
TqMh7U3J4D4,0,30.153,38.746
TqMh7U3J4D4,1,48.302,56.735
TqMh7U3J4D4,2,59.736,66.073
TsfyeZ8hgwE,0,3.723,10.35
TtAyUQtmTLk,0,2.605,24.857
TtAyUQtmTLk,1,24.486,34.425
TwFl4epL244,0,-0.487528344671,4.5433106576
TwFl4epL244,1,3.85260770975,13.2535147392
TwFl4epL244,2,12.2535147392,14.8299319728
TwFl4epL244,3,14.5183673469,23.8693877551
TwFl4epL244,4,24.0566893424,28.9278911565
TwFl4epL244,5,28.0975056689,36.989569161
TwFl4epL244,6,35.989569161,41.5192743764
TwFl4epL244,7,40.5192743764,45.4204081633
TxJjAK0WrOY,0,51.085,61.534
TxJjAK0WrOY,1,86.265,91.446
TxRS6vJ9ak0,3,11.2258503401,32.7591836735
TxRtSItpGMo,1,15.905,24.608
TxRtSItpGMo,3,38.584,47.156
U-KihZeIfKI,3,71.4888888889,80.7401360544
U-KihZeIfKI,4,79.7600907029,88.462585034
U2Ydtq6qvL0,2,19.048,24.867
U2Ydtq6qvL0,4,35.002,43.934
U4-u5NZLA_w,0,5.659,11.917
U6IqFbpM-VM,1,8.053,13.932
U8Ewftg_8CI,0,11.066,17.284
U8Ewftg_8CI,3,63.986,74.654
U8Ewftg_8CI,4,16.354,23.889
U8Ewftg_8CI,6,35.351,40.202
U8Ewftg_8CI,7,39.202,50.778
U8VYG_g6yVE,0,94.3979591837,95.6650793651
U8VYG_g6yVE,1,16.006122449,32.5784580499
U8VYG_g6yVE,2,61.0836734694,72.2283446712
UF9OlX-QNHU,0,8.861,17.793
UF9OlX-QNHU,1,37.386,44.732
UKVwc6I06x8,1,21.343,26.124
UK_IXtJ2BqI,0,0.76961451247,3.15646258503
ULkFbie8g-I,0,0.271,5.92
ULtBuI6nMaY,0,9.47,29.566
ULtBuI6nMaY,2,41.966,52.135
ULtBuI6nMaY,5,93.639,99.557
UNLD7eYPzfQ,0,50.397,60.845
UNLD7eYPzfQ,1,33.246,39.304
URP2YlSNuZ4,0,44.79,57.663
URP2YlSNuZ4,1,71.249,77.448
USkMa4Evv7U,0,12.064,19.849
USkMa4Evv7U,1,35.88,40.252
UTErYLpdAY0,0,22.121,37.648
UTNP1roJV3I,1,15.117,18.122
UTNP1roJV3I,4,48.82,52.255
UUukBV82P9A,0,1.528,4.064
UXvMaHD9kmA,0,42.295,46.009
UXvMaHD9kmA,1,45.009,48.743
UXvMaHD9kmA,5,77.775,88.044
UXvMaHD9kmA,6,87.702,102.561
UXvMaHD9kmA,7,5.708,13.762
UXvMaHD9kmA,9,126.175,137.202
UXvMaHD9kmA,12,13.63,21.515
Ua4g9q0r-dI,0,13.431,20.856
Ua4g9q0r-dI,3,76.488,83.913
Ua4g9q0r-dI,7,116.656,122.695
Ua4g9q0r-dI,8,122.004,128.412
Ua4g9q0r-dI,11,139.564,146.86
Ua4g9q0r-dI,12,170.374,175.355
Ua4g9q0r-dI,16,53.57,61.943
Uc-0G7RRxoY,0,71.17,79.683
Uc-0G7RRxoY,1,79.052,83.783
Uc-0G7RRxoY,2,22.55,27.102
UcINGGuysBE,0,0.0,7.616
UcINGGuysBE,1,6.746,10.22
UcINGGuysBE,2,26.082,31.831
UcINGGuysBE,3,31.31,34.695
UcINGGuysBE,4,34.473,41.11
UcINGGuysBE,5,40.739,45.291
UcINGGuysBE,6,45.099,51.227
UcINGGuysBE,7,50.487,54.829
UcV-bpksJi0,0,10.318,14.86
UcV-bpksJi0,1,14.149,19.35
UcV-bpksJi0,2,18.978,23.47
Uc_6d-fkZEc,0,24.695,28.958
Uc_6d-fkZEc,1,27.958,39.753
UfLMdSGGQVw,5,23.547845805,30.9433106576
UiPmjKggv1s,0,41.288,55.587
Uiq0lf9ibF8,0,6.906,10.051
UiurP5k-f1A,0,11.924,17.175
UjT8pHMN8Q8,0,10.498,16.845
UjT8pHMN8Q8,1,70.112,75.502
UjqA6KVW2m8,1,46.196,52.165
UjqA6KVW2m8,6,20.764,26.414
UkqTwAuA8jI,0,0.101133786848,8.78367346939
UkqTwAuA8jI,3,29.1750566893,41.4594104308
UlTJmndbGHM,2,17.2920634921,23.9092970522
UlTJmndbGHM,5,39.9405895692,44.5424036281
UmB5c_QqUPs,0,15.217,21.734
UmB5c_QqUPs,5,148.703,162.574
UmB5c_QqUPs,7,22.041,34.435
UmB5c_QqUPs,10,78.722,85.41
UtjenieM1Ak,1,19.278,34.435
UtjenieM1Ak,2,54.727,58.96
UtuTyW9pUN8,0,0.190929705215,8.64399092971
UuR4Rw38v_U,0,0.77,13.653
UuR4Rw38v_U,2,77.904,101.583
Uu_XyXyKHAk,0,40.789,47.905
UvniNGPyeBc,1,39.232,48.693
Uw1nWfSuyo8,0,8.352,15.668
Uw1nWfSuyo8,1,35.83,43.764
UweZVaFqruU,0,0.87936507937,9.12290249433
V0SvSPkiJUY,6,15.4562358277,21.3551020408
V0SvSPkiJUY,7,20.3950113379,29.9256235828
V0SvSPkiJUY,8,31.4798185941,36.0916099773
V2X1NU5RkwY,4,39.4816326531,44.3229024943
V7OFSHYcQD0,0,54.807,60.516
VAFdgtqZz4g,1,43.054,47.566
VAFdgtqZz4g,2,46.855,68.169
VAr7gJydnys,14,70.3115646259,74.3546485261
VAr7gJydnys,15,73.6439909297,86.1079365079
VCIe-4p0xoM,0,98.547,106.152
VDkBM0ZG4q8,8,38.2743764172,44.4725623583
VLQgw-88v4Q,1,72.2870748299,78.8344671202
VLQgw-88v4Q,4,22.3505668934,31.2925170068
VLQgw-88v4Q,5,31.6693877551,40.3319727891
VN1IPN1TL3Q,1,31.0718820862,35.2224489796
VN1IPN1TL3Q,2,35.6115646259,36.1902494331
VS7xSvno7NA,0,5.289,20.407
VS7xSvno7NA,2,113.454,116.818
VS7xSvno7NA,3,115.818,120.071
VS7xSvno7NA,4,41.128,53.143
VUrTT7xsrec,0,6.327,13.323
VUrTT7xsrec,2,39.611,42.826
VVZLA2neYyw,0,11.545,28.818
VVtx4IDsHZA,0,37.735600907,42.1977324263
VWik5oKP6IU,2,50.3768707483,54.2802721088
VWik5oKP6IU,4,18.2399092971,24.3383219955
VXy21GwGs8o,1,24.037,35.074
VZqkWIPmH6w,0,3.473,12.455
VZqkWIPmH6w,3,163.889,173.749
VZqkWIPmH6w,5,36.688,46.588
Va54WZgPTdY,0,8.98095238095,15.2390022676
Va54WZgPTdY,1,15.3863945578,23.0013605442
Va54WZgPTdY,2,23.2285714286,29.0077097506
VbSsGRXIwjc,0,4.132,10.131
VbSsGRXIwjc,1,47.164,59.868
VbV9S4svrTg,14,61.6412698413,73.8158730159
VbmSzYg_lmg,0,5.938,10.58
VcZffwwL0bw,0,8.72154195011,16.9650793651
VcZffwwL0bw,1,16.1746031746,23.8893424036
Vdf1McvE9ao,1,56.453,61.793
Vdf1McvE9ao,3,80.229,86.317
Vdf1McvE9ao,4,85.816,94.629
Vdf1McvE9ao,6,100.194,105.873
Vdf1McvE9ao,8,113.883,123.742
Vdf1McvE9ao,12,51.325,56.705
Ve-mmCM8TI0,0,80.459,87.096
Ve-mmCM8TI0,1,94.307,106.172
Ve-mmCM8TI0,8,57.9,66.612
VgqI1KRnDSw,2,17.951,21.605
VgqI1KRnDSw,3,25.314,40.242
VhKJm_jiciU,0,83.432,89.341
VhKJm_jiciU,1,88.959,96.554
VhKJm_jiciU,2,16.075,26.523
VhKJm_jiciU,5,67.288,83.743
ViyQVpGW05w,0,3.922,9.183
ViyQVpGW05w,2,20.964,27.351
Viz5vDE39y8,0,12.184,23.051
Viz5vDE39y8,1,33.575,42.028
VjAvqFXEmmk,5,31.969,35.772
VjAvqFXEmmk,7,51.135,57.493
Vlas-mPydcg,0,39.083,48.434
Vlas-mPydcg,1,66.021,77.817
Vlas-mPydcg,2,82.205,87.136
VoETCD8fBLI,0,15.596,25.127
VoETCD8fBLI,1,44.68,50.1
VsXGwSZazwA,3,9.869,19.689
VsXGwSZazwA,5,44.141,49.002
Vuay0mVKkik,0,76.507,83.793
Vuay0mVKkik,1,5.928,14.012
Vv2DTPyyw90,1,62.02,67.71
Vv2DTPyyw90,3,82.843,86.727
Vv2DTPyyw90,4,20.904,25.286
Vv2DTPyyw90,5,51.375,61.384
Vw4-ae-ucHE,1,6.357,12.745
VwvptdTkwEE,0,88.231,94.878
Vx8npmcFxak,0,7.225,20.377
Vx8npmcFxak,2,47.274,58.87
VybXjsmsjAY,0,81.736,88.253
VybXjsmsjAY,1,87.961,96.644
VybXjsmsjAY,2,97.23,103.359
VybXjsmsjAY,3,103.776,111.42
VybXjsmsjAY,4,48.242,54.44
VzDXgBOe5iI,0,22.75,26.703
VzDXgBOe5iI,1,25.703,34.755
W-pA0lOGLR0,1,5.49886621315,9.69160997732
W-ptEZFARVo,7,27.9378684807,32.5995464853
W1CWpktWtTs,6,18.2299319728,22.7219954649
W40BaML7mzc,2,32.527,53.063
W53uRqITk2I,2,6.586,12.096
WANirpnKa4w,3,33.815,43.605
WANirpnKa4w,4,42.974,52.624
WAXJRnJXmOA,1,53.091,59.888
WAXJRnJXmOA,3,81.985,87.515
WAXJRnJXmOA,4,89.658,98.61
WAXJRnJXmOA,6,10.597,16.137
WAXJRnJXmOA,7,32.976,37.548
WBCRTcMJZZc,1,16.045,22.991
WBCRTcMJZZc,2,31.061,37.828
WGfGxoI05ew,0,2.665,6.798
WHUHTmtBJWU,0,66.081,72.599
WHUHTmtBJWU,1,74.652,80.471
WHUHTmtBJWU,2,32.338,42.298
WJ2QF4Kw9Y8,2,39.771,57.313
WJM8u2I2rQ4,0,94.517,102.181
WJM8u2I2rQ4,1,17.452,24.887
WJM8u2I2rQ4,2,29.564,42.547
WQFRctNL8AA,1,17.382,24.478
WSjlhBDxNW8,4,38.205,44.183
WSjlhBDxNW8,5,50.347,59.169
WTF9xgqLIvI,0,1.1387755102,3.32607709751
WTF9xgqLIvI,8,21.0036281179,25.2362811791
WUeSV0Z23Kg,0,37.4961451247,41.3197278912
WYSomBHdl4c,0,60.554,68.688
WZVfvgTeFPo,1,20.1866213152,26.9412698413
WZVfvgTeFPo,2,60.8541950113,64.0868480726
WbtsuXkaGeg,0,3.384,16.247
We5nTulz1Vs,2,37.855,47.546
We5nTulz1Vs,3,46.546,78.495
Wfn7XvSEwUA,2,49.539,56.336
Wfn7XvSEwUA,5,37.746,43.525
Wfn7XvSEwUA,6,42.525,45.839
WgI8IbJtXHw,1,33.046,52.275
Wh6sht7xwqQ,8,16.6535147392,22.2829931973
WmQF5RmbsVQ,0,36.698,57.593
Wmhif6hmPTQ,0,120.128,131.734
Wmhif6hmPTQ,1,145.022,151.749
Wmhif6hmPTQ,2,12.952,18.941
Wn8nz8GPKkI,2,84.868,105.234
Wnw1IAEDwDM,1,29.983,37.409
Wnw1IAEDwDM,2,39.512,46.338
Wo1RxRjXyYw,5,29.0752834467,32.8789115646
WoL4fCxGd8Q,3,106.868,113.805
WoL4fCxGd8Q,4,113.044,124.81
WoL4fCxGd8Q,6,133.638,148.536
WoL4fCxGd8Q,9,14.159,20.307
Wrcf2xtqbkQ,0,0.7,25.755
Wrcf2xtqbkQ,4,77.056,86.697
WtiBpLt2wuA,0,14.488,23.241
Wu-wQTmxRgo,0,31.7092970522,40.9605442177
Wu-wQTmxRgo,1,40.2897959184,45.1709750567
WuaoxGAKue0,0,41.597,46.049
Wx9nThz5z_Y,0,89.438,93.84
Wx9nThz5z_Y,1,13.87,18.322
Wx9nThz5z_Y,2,123.89,128.152
WxYb2x_irTM,1,10.368,20.128
WxajvjGKz7Y,2,25.6630385488,30.9632653061
WxajvjGKz7Y,5,42.135600907,46.4879818594
WygyVNL_qdE,5,20.70430839,28.0598639456
X0jMZoxUL2A,1,48.461,54.27
X2Hs89fZ2-c,8,148.903,163.442
X2Hs89fZ2-c,10,190.149,194.372
X2Hs89fZ2-c,11,193.372,206.933
X2Hs89fZ2-c,12,14.259,22.333
X2Hs89fZ2-c,15,224.84,233.912
X2Hs89fZ2-c,17,31.52,45.49
X2Hs89fZ2-c,18,45.079,52.025
X2leyjuolDM,0,3.653,8.175
X2leyjuolDM,2,16.484,21.076
X2leyjuolDM,4,33.096,43.674
X3p50qqFW_w,0,70.551,79.732
X3p50qqFW_w,1,100.273,105.713
X3p50qqFW_w,4,22.8,37.239
X3p50qqFW_w,5,46.306,51.217
X6-jJO00DMg,1,64.644,69.536
X6-jJO00DMg,2,69.134,81.598
X6N7UEFJLNY,1,11.136,17.105
X7-Gbk8gAD0,3,10.7369614512,15.9673469388
XAT2IfFFAU0,0,8.602,14.012
XAT2IfFFAU0,1,13.401,20.038
XAgD-xoil40,0,59.137,65.704
XAgD-xoil40,1,71.519,80.201
XAgD-xoil40,3,83.362,86.786
XAgD-xoil40,4,7.544,12.854
XCyngF93SmU,1,6.038,11.268
XDVit9ASVUg,0,4.99,10.22
XDVit9ASVUg,1,9.56,17.903
XEZ7e4pf1xE,7,15.157,17.354
XEZ7e4pf1xE,8,16.354,21.185
XFGHTk_3hGg,0,26.062,33.019
XFGHTk_3hGg,1,32.807,40.452
XFGHTk_3hGg,2,39.761,45.64
XFGHTk_3hGg,3,47.473,53.632
XFJQJb0yaKY,1,14.548,19.729
XIGpuL-Kkyk,1,33.4154195011,36.4408163265
XIGpuL-Kkyk,2,35.9696145125,46.2385487528
XIGpuL-Kkyk,3,21.1832199546,27.5111111111
XIGpuL-Kkyk,5,28.8058956916,33.9664399093
XKyumlBmix8,1,17.921,21.395
XKyumlBmix8,3,34.024,39.095
XLjpZUsFEXo,0,81.227,94.898
XLjpZUsFEXo,1,94.117,97.602
XLjpZUsFEXo,2,96.901,111.061
XLjpZUsFEXo,3,40.02,53.263
XLjpZUsFEXo,4,63.976,77.687
XPoY4LD-A1I,0,0.93922902494,7.59637188209
XPoY4LD-A1I,3,50.1573696145,54.4798185941
XPoY4LD-A1I,5,10.8167800454,18.6811791383
XPoY4LD-A1I,7,24.8947845805,35.5927437642
XQxnAPleuCE,1,59.147,71.232
XVWiAArXYpE,1,43.1034013605,49.39138322
XVWiAArXYpE,7,20.2553287982,26.6131519274
XVWiAArXYpE,8,26.7804988662,37.0494331066
XWIp0zH3qDM,0,8.342,12.944
XXvSLz8QmGk,2,135.444,143.198
XXvSLz8QmGk,5,212.189,224.503
XXvSLz8QmGk,6,223.902,230.839
XXvSLz8QmGk,8,42.295,49.162
X_TusmBIlC0,0,23.448,28.249
X_TusmBIlC0,1,35.501,40.941
Xa086gxLJ3Y,0,65.293,71.611
Xa086gxLJ3Y,1,13.59,19.559
XbkYA-iXUwA,3,35.79,47.077
XblL7mcdDdg,1,79.78,90.967
XblL7mcdDdg,2,111.049,121.687
XblL7mcdDdg,3,151.776,158.653
XblL7mcdDdg,4,159.599,163.741
XcHLB-qfv5M,1,27.02,32.749
Xe-keAcLge0,0,12.124,18.561
Xe-keAcLge0,1,26.711,37.149
XgT2WWcXip4,1,53.55,69.446
XgT2WWcXip4,2,38.314,46.318
XgT2WWcXip4,3,45.977,51.028
XnPnlRQXSkM,0,0.0,4.174
XnPnlRQXSkM,1,4.302,10.839
XnPnlRQXSkM,2,10.637,17.803
XnPnlRQXSkM,3,32.597,47.955
Xo6-V2RlWss,3,19.118,31.931
Xq7zLxYHxd8,1,93.13,101.673
Xq7zLxYHxd8,5,28.197,51.297
Xq7zLxYHxd8,6,68.715,76.27
XrNaL-MTjXg,0,11.016,22.113
XrNaL-MTjXg,1,21.113,28.13
XsEPZydHWdo,0,39.242,49.681
XsEPZydHWdo,1,60.813,66.522
XwOdPYlyqXA,0,91.444,99.707
XwOdPYlyqXA,1,19.677,31.223
XwOdPYlyqXA,2,46.945,55.029
Xx7Y2YIbleA,0,9.56,18.053
Xx7Y2YIbleA,2,82.494,88.014
Xx7Y2YIbleA,3,94.157,102.81
Xx7Y2YIbleA,7,50.117,57.174
Xy57UpKRNEo,1,15.436,24.159
Xy57UpKRNEo,3,35.321,38.167
XyBU_gZtU0M,1,32.4675736961,39.3142857143
XyBU_gZtU0M,2,38.5637188209,44.9115646259
XyBU_gZtU0M,3,44.3206349206,55.0485260771
XyP8bVmGX6M,1,33.096,38.346
XytBlo2R5Yg,0,23.598,35.144
XzhRYIeczg4,0,10.837,18.252
XzhRYIeczg4,1,17.532,23.81
Y2F51I-dzAg,2,24.496,30.724
Y4izAQYtGEw,2,19.278,24.348
Y4izAQYtGEw,4,36.109,44.034
Y6s_vuUUsJM,0,6.487,21.644
Y6s_vuUUsJM,2,43.692,50.688
Y6s_vuUUsJM,3,71.878,78.625
Y7qkyMyanjU,3,35.491,39.753
Y8dI1GTWCk4,0,1.26848072562,3.94467120181
Y8dI1GTWCk4,3,21.612244898,24.9768707483
Y9fvHRNz2Bs,0,69.693,86.118
Y9fvHRNz2Bs,1,97.37,107.819
Y9fvHRNz2Bs,2,108.515,115.451
Y9fvHRNz2Bs,3,45.688,59.698
YAYfMkxhRiQ,4,45.209,49.541
YB9EUgrzCCo,0,42.435,49.92
YB9EUgrzCCo,1,15.955,19.589
YB9EUgrzCCo,2,26.292,32.839
YB9EUgrzCCo,3,37.307,43.405
YCEllKyaCrc,0,27.479,32.5
YCEllKyaCrc,1,32.488,40.472
YCEllKyaCrc,2,16.873,20.188
YCI-ZzclIPQ,0,26.312,32.999
YEOU4KFDjZo,1,10.098,26.853
YF3mDOuF46M,1,18.25,23.43
YGeVGXXK3ao,0,13.052,20.507
YITXOmhQhYE,1,142.009,146.8
YITXOmhQhYE,8,92.97,101.343
YJJoYkFPmds,0,0.5201814059,7.11746031746
YJJoYkFPmds,4,49.7283446712,56.485260771
YLA7h1RTa9w,2,43.2829931973,49.0920634921
YLA7h1RTa9w,6,11.3455782313,15.0195011338
YLK58srjhNI,0,12.134,19.25
YQUutkMdLj0,0,9.819,28.15
YQZPnHZRp1w,0,34.244,36.551
YRbtXb9fWmI,0,3.14421768707,10.779138322
YRbtXb9fWmI,4,36.179138322,42.3274376417
YRmjALBdTdE,1,20.874,28.499
YUNxD04EvfE,3,80.529478458,85.1589569161
YUNxD04EvfE,5,120.57845805,135.564399093
YUNxD04EvfE,7,38.5049886621,46.2573696145
YUNxD04EvfE,8,54.8179138322,59.0482993197
YVBsDJtAbk4,0,62.4206349206,67.3095238095
YVBsDJtAbk4,1,29.5653061224,36.9585034014
YVBsDJtAbk4,2,44.3517006803,50.9167800454
YVHJpAROBvQ,0,19.0281179138,20.906122449
YWjTWl0oNLk,2,53.28,57.393
YWjTWl0oNLk,10,30.771,38.436
YWxvIFmYnNU,0,37.746,44.293
YWxvIFmYnNU,1,44.351,50.968
YWxvIFmYnNU,2,50.407,59.369
YWxvIFmYnNU,3,61.541,68.628
YWxvIFmYnNU,4,69.613,74.025
YWxvIFmYnNU,5,73.025,77.118
YWxvIFmYnNU,8,101.301,106.152
YWxvIFmYnNU,10,114.052,132.203
YWxvIFmYnNU,12,134.566,138.01
YWxvIFmYnNU,15,173.387,183.976
YWxvIFmYnNU,16,196.335,203.591
YWxvIFmYnNU,18,16.384,27.082
YY2yjEEoB3U,0,1.7074829932,13.4131519274
YY2yjEEoB3U,2,18.8884353741,28.5387755102
YbuG8xyUO-o,0,2.715,6.479
YbuG8xyUO-o,1,5.708,9.253
YcJ5RJYUr7Y,0,47.673,54.061
YcJ5RJYUr7Y,1,55.944,72.848
YcJ5RJYUr7Y,4,82.284,92.643
YcJ5RJYUr7Y,5,92.85,95.985
YcJ5RJYUr7Y,7,103.067,107.12
YcJ5RJYUr7Y,9,10.328,15.588
YcJ5RJYUr7Y,10,135.513,139.826
YcJ5RJYUr7Y,11,170.065,176.542
YcJ5RJYUr7Y,12,176.311,179.705
YcJ5RJYUr7Y,13,191.456,196.617
YcJ5RJYUr7Y,14,18.908,26.074
YcJ5RJYUr7Y,15,27.16,31.173
YcyHQQXGXWA,0,0.450340136054,3.92471655329
YcyHQQXGXWA,2,18.8385487528,22.9215419501
YgyeyooSz0g,0,34.204,58.321
YgyqX4aZ4tE,0,54.248,58.68
YgyqX4aZ4tE,1,58.0,63.1
YgyqX4aZ4tE,5,105.132,109.305
YgyqX4aZ4tE,6,12.383,18.811
YgyqX4aZ4tE,7,18.1,22.981
Yi6Qyn4X8is,0,84.699,93.701
Yi6Qyn4X8is,1,101.361,108.078
Yi6Qyn4X8is,2,107.158,116.778
Yi6Qyn4X8is,6,29.814,49.312
YjNYBBs1AZw,0,50.676,58.341
YmGfjU5PGyE,0,79.381,93.252
YmGfjU5PGyE,1,25.284,31.911
Yn8vNC41UMg,0,54.059,74.963
Yn8vNC41UMg,1,162.113,170.167
Yn8vNC41UMg,2,26.541,38.297
YodtMIsjM0c,4,43.2131519274,47.6752834467
YodtMIsjM0c,8,14.1092970522,20.1079365079
YqHEmUKUy-E,0,84.24,104.127
YqHEmUKUy-E,1,103.616,119.921
YrPXbGBvqGo,1,47.673,54.62
YrPXbGBvqGo,2,54.218,61.973
YsMM_1R1vtw,1,51.694,56.425
YsMM_1R1vtw,3,22.66,29.656
Z-26eyME6Co,1,89.448,93.9
Z-26eyME6Co,3,110.55,120.999
Z-26eyME6Co,4,27.299,38.137
Z-26eyME6Co,5,68.556,82.885
Z-26eyME6Co,6,82.344,89.959
Z3fcd1wdzr0,0,0.64988662132,6.51882086168
Z4iYSMMMycQ,1,8.562,24.837
Z7L3V5bwzI0,1,7.604,13.154
ZDz8Qr-sJ3E,0,80.728,90.987
ZDz8Qr-sJ3E,1,14.159,23.041
ZDz8Qr-sJ3E,2,22.041,26.483
ZHUFlEgKk-w,2,20.285,24.278
ZKErPftd--w,2,47.3337868481,55.8866213152
ZKErPftd--w,8,32.1283446712,34.3455782313
ZKKNd0zR8Io,0,14.588,19.15
ZKZ8UjaQQT4,0,44.42,58.311
ZKZ8UjaQQT4,1,57.94,67.62
ZLCK8WX6qFQ,0,51.594,55.877
ZLCK8WX6qFQ,1,20.445,30.933
ZMAoUt0SD7E,0,4.451,9.412
ZQaGGpcIPHM,0,12.992,17.554
ZQaGGpcIPHM,1,22.77,27.8
ZQuGizjoCTY,0,1.46802721088,4.15419501134
ZQuGizjoCTY,5,40.6589569161,44.4426303855
ZRic9ygn9f8,0,5.768,11.667
ZRic9ygn9f8,2,25.932,34.066
ZS1Nb0OWYNE,6,94.9555555556,101.223582766
ZUqTWOx9jYU,0,18.589,24.099
ZUqTWOx9jYU,1,23.847,40.172
ZUqTWOx9jYU,2,39.601,45.57
ZW4Oe_fKJM0,2,13.171,20.138
ZW4Oe_fKJM0,3,19.677,30.005
ZXQkyX6prBQ,0,4.92,12.206
ZXQkyX6prBQ,1,12.932,17.294
ZXQkyX6prBQ,2,16.364,21.305
ZXQkyX6prBQ,3,21.163,26.005
ZXQkyX6prBQ,4,27.14,31.602
ZXQkyX6prBQ,5,33.785,41.28
ZXQkyX6prBQ,6,45.378,51.297
ZZ1IyZaMTWQ,1,28.487,43.295
ZZ1IyZaMTWQ,4,63.707,72.589
ZZzdvUdOTww,1,6.77596371882,10.0707482993
Zae-zQ3VBpY,0,11.795,17.434
ZaoFHcbRM9g,4,38.444,42.587
Zb7bdrjWyEY,0,36.548,45.351
ZbVa-a2tNFM,1,15.017,20.377
ZcFzcd4ZoMg,1,48.5709750567,51.2272108844
ZcFzcd4ZoMg,2,8.08299319728,17.643537415
ZdX9sUd3bAI,0,1.398,17.185
ZeH7gZw94k0,0,43.542,51.736
ZfQYEa2fHGo,1,13.052,26.553
Zg9DKOHJdw8,0,13.521,22.971
ZiM_gkdFGJk,0,95.734,100.994
ZiM_gkdFGJk,1,21.283,30.265
Zj_4YmbMWtg,0,46.087755102,49.8990929705
Zj_4YmbMWtg,1,13.0927437642,19.2287981859
Zj_4YmbMWtg,2,21.8528344671,27.0111111111
ZjsQqd6KZIg,0,2.486,10.051
ZjsQqd6KZIg,3,123.521,139.806
ZjsQqd6KZIg,10,65.712,70.024
ZmAIDJ_gcXM,0,35.281,44.463
ZmAIDJ_gcXM,1,44.041,50.21
ZmAIDJ_gcXM,2,55.206,66.562
Zr3psuFQoDY,0,32.068,38.167
Zs8x712Y-CM,1,25.7628117914,28.2394557823
Zs8x712Y-CM,9,12.4031746032,16.9551020408
ZtocGyL3Tfc,0,5.239,17.654
ZtocGyL3Tfc,4,111.967,117.098
ZtocGyL3Tfc,5,116.656,126.935
ZtuTCuh9C1M,0,32.0596371882,44.1421768707
ZtuTCuh9C1M,1,44.7108843537,48.322675737
ZtuTCuh9C1M,2,93.6396825397,98.0596371882
ZtuTCuh9C1M,3,99.416553288,103.936281179
ZtuTCuh9C1M,4,117.93446712,120.64829932
ZtuTCuh9C1M,5,22.3716553288,25.983446712
Zvisaa77Cng,0,4.192,9.821
ZznoGQVwTtw,0,2.49569160998,5.39138321995
_0efYOjQYRc,0,20.215,30.424
_0efYOjQYRc,1,30.342,34.565
_1nvuNk7EFY,0,79.7811791383,89.3893424036
_1nvuNk7EFY,1,91.225170068,96.8723356009
_1nvuNk7EFY,2,97.7503401361,110.900453515
_1nvuNk7EFY,3,110.900453515,118.333560091
_1nvuNk7EFY,4,142.398866213,151.019274376
_1nvuNk7EFY,7,171.213378685,177.03015873
_1nvuNk7EFY,9,188.184807256,188.623809524
_26JmJnPKfM,9,132.799546485,145.273469388
_2u0MkRqpjA,0,40.988,56.745
_4K620KW_Is,0,30.502,36.062
_4K620KW_Is,1,50.038,62.342
_4PNh8dIILI,0,10.857,21.185
_4PNh8dIILI,1,20.385,30.883
_7HVhnSYX1Y,2,82.444,87.794
_7HVhnSYX1Y,4,105.362,114.793
_7HVhnSYX1Y,5,114.092,120.041
_7HVhnSYX1Y,7,137.718,142.789
_7HVhnSYX1Y,8,15.147,23.231
_7HVhnSYX1Y,9,154.57,161.307
_7HVhnSYX1Y,10,160.616,164.959
_7HVhnSYX1Y,11,39.013,56.395
_BXmhCPTQmA,0,2.097,10.679
_BtdwH6mfWg,1,73.973,98.45
_BvNNdEkhZA,1,45.298,51.487
_BvNNdEkhZA,2,56.154,67.121
_BvNNdEkhZA,3,66.49,70.613
_BvNNdEkhZA,4,70.002,85.878
_BvNNdEkhZA,5,85.268,88.672
_BvNNdEkhZA,8,23.558,28.808
_HabvL0VnrQ,1,64.006,73.956
_HabvL0VnrQ,2,101.161,112.558
_HabvL0VnrQ,3,126.933,136.902
_HabvL0VnrQ,4,160.716,165.078
_HabvL0VnrQ,5,27.968,33.867
_HanACduNJk,0,62.429,70.005
_HanACduNJk,1,69.005,79.742
_HanACduNJk,3,86.664,97.572
_HanACduNJk,5,27.359,36.401
_JcML8u5Wes,0,3.833,11.088
_K0okiLaF9I,0,5.539,17.963
_KGd7IpX3B4,0,10.108,35.603
_MGd6t9eZP8,0,7.594,16.516
_OmWVs0-6UM,1,15.606,27.611
_PJ26YwqRJE,0,62.699,68.448
_PJ26YwqRJE,1,67.807,74.395
_PJ26YwqRJE,3,6.846,13.503
_PJ26YwqRJE,4,27.269,30.824
_PJ26YwqRJE,5,31.889,40.571
_PKP676ez2c,0,76.9176870748,82.2954648526
_PKP676ez2c,1,87.8029478458,94.1485260771
_PKP676ez2c,2,98.1793650794,108.974829932
_PKP676ez2c,3,109.553514739,114.881405896
_PKP676ez2c,5,25.5444444444,32.9476190476
_PKP676ez2c,6,47.8637188209,55.9353741497
_UNQDdiAbWI,1,28.976,35.313
_UNQDdiAbWI,2,37.067,44.802
_UNQDdiAbWI,3,43.852,56.126
_Vp4SDp_knI,0,16.045,33.168
_Vp4SDp_knI,1,57.112,64.447
_WkXQNVLQXs,0,32.128,42.208
_WkXQNVLQXs,1,48.96,61.354
_WkXQNVLQXs,2,60.853,66.832
_WkXQNVLQXs,3,66.181,71.361
_XWUKMkxa-Q,0,26.371,32.959
_YzIvwvyIq4,0,38.703,48.813
_ZlF5Q9W1DM,1,39.522,47.935
_aJghSQmxD8,0,85.707,95.167
_aJghSQmxD8,1,26.122,41.4
_aJghSQmxD8,2,40.878,56.385
_aZDaIfGfPo,2,17.5027210884,17.8818594104
_gr7o5ynhnw,0,2.176,14.95
_gr7o5ynhnw,3,90.376,97.861
_gr7o5ynhnw,6,20.126,35.613
_gr7o5ynhnw,10,61.99,66.363
_iRAn6feOmw,0,95.105,104.646
_iRAn6feOmw,1,103.935,114.813
_iRAn6feOmw,2,128.689,133.849
_iRAn6feOmw,3,181.848,188.775
_iRAn6feOmw,4,188.194,198.303
_iy7ftq27xE,1,57.9696145125,76.6494331066
_iy7ftq27xE,2,76.1083900227,82.0272108844
_iy7ftq27xE,3,81.7555555556,85.4195011338
_q7DM8WkzAQ,0,122.982,130.587
_q7DM8WkzAQ,1,137.12,149.464
_q7DM8WkzAQ,5,70.232,86.697
_qVgNLJCYdA,2,38.175,53.103
_qVgNLJCYdA,3,52.273,57.722
_qVgNLJCYdA,4,58.039,67.849
_tBaGXNwlp0,2,18.24,27.202
_v8c7iWkYz0,0,15.476,30.774
_v8c7iWkYz0,1,30.362,36.77
_v8c7iWkYz0,5,69.015,82.875
_xjBqNfiEY4,5,50.846,61.394
a-WihYDk6vc,1,24.186,36.7
a-WihYDk6vc,2,35.7,43.924
a4PHWxILDp0,1,117.554,125.838
a4PHWxILDp0,3,154.62,160.429
a4PHWxILDp0,5,169.556,176.024
a4PHWxILDp0,12,102.109,112.239
a4vRa-_nuJw,2,82.663,93.322
a4vRa-_nuJw,5,43.063,58.73
a5CSKvCAhbs,2,24.306122449,34.4952380952
a5CSKvCAhbs,9,21.1532879819,24.7274376417
a5FKWiI90hk,0,15.676,21.156
a5FKWiI90hk,1,24.895,31.352
a5FKWiI90hk,2,37.207,45.939
a7HHg_JygJo,0,5.948,15.728
a7HHg_JygJo,2,90.965,98.839
a7HHg_JygJo,3,20.884,35.543
a8UMRrUjavI,0,43.422675737,48.2240362812
a8UMRrUjavI,1,9.819047619,16.7655328798
a8UMRrUjavI,4,36.8875283447,41.9482993197
aCwLQrJz4Bo,2,50.3469387755,53.1827664399
aCwLQrJz4Bo,4,26.8802721088,29.4965986395
aDvgbBqTWWE,0,50.197,54.989
aDvgbBqTWWE,1,53.989,61.254
aDvgbBqTWWE,3,101.311,108.068
aDvgbBqTWWE,4,127.801,133.7
aDvgbBqTWWE,5,136.96,142.51
aE-X_QdDaqQ,0,4.93129251701,10.319047619
aE7sckIAWuw,0,1.12879818594,7.22721088435
aE7sckIAWuw,2,13.231292517,16.5859410431
aEaM_LOI-BM,1,71.698,76.45
aEaM_LOI-BM,2,40.33,51.237
aEaM_LOI-BM,3,50.237,57.593
aEaM_LOI-BM,4,56.593,68.528
aEaM_LOI-BM,5,67.528,72.698
aFZIvp3SgHY,0,58.997,64.268
aFZIvp3SgHY,1,63.617,70.713
aFZIvp3SgHY,2,70.082,75.273
aFZIvp3SgHY,3,37.366,49.062
aFhT0px8AMw,1,20.335,32.34
aFhc2ddipoM,2,65.103,73.337
aFhc2ddipoM,3,75.54,88.123
aFhc2ddipoM,4,91.513,97.911
aFhc2ddipoM,5,96.911,103.399
aFhc2ddipoM,6,43.024,49.142
aIUF3QJJOF4,1,144.373,161.217
aIUF3QJJOF4,4,25.214,38.147
aIUF3QJJOF4,8,108.156,121.438
aKPfbyW-Qxw,5,32.198,39.703
aKPfbyW-Qxw,7,66.72,76.001
aMtFBGh2wKI,0,49.948,61.993
aMtFBGh2wKI,1,60.993,73.207
aMtFBGh2wKI,2,72.487,76.659
aMtFBGh2wKI,5,22.839,30.863
aNOuoSVlunM,2,10.5573696145,46.587755102
aNOuoSVlunM,3,47.3337868481,53.6517006803
aNOuoSVlunM,4,52.6517006803,56.3056689342
aWwjhcYLbRw,0,5.229,15.109
aWwjhcYLbRw,2,49.918,64.687
aXla94xd_AQ,2,22.45,37.02
aXla94xd_AQ,3,52.901,62.152
aYdMtEO0cbI,0,4.8,12.116
aYdMtEO0cbI,1,11.894,16.376
aZjCq_hv2Pk,0,53.6,67.38
aZjCq_hv2Pk,1,67.159,88.912
aZjCq_hv2Pk,2,12.802,27.431
aa0J1AXSseY,4,17.8009070295,20.3074829932
aa0J1AXSseY,5,19.6167800454,25.1664399093
aa0J1AXSseY,6,24.7052154195,30.1151927438
aa2MEQ6FL7k,0,0.0,7.237
aa2MEQ6FL7k,1,7.534,16.097
aa2MEQ6FL7k,2,16.604,20.886
aa2MEQ6FL7k,3,21.203,28.878
aa2MEQ6FL7k,4,29.405,34.815
aa2MEQ6FL7k,5,34.842,47.915
absh1hsZeF0,0,40.19,48.823
absh1hsZeF0,1,51.514,70.244
absh1hsZeF0,3,79.022,83.484
afCsKTHteg4,2,38.863,50.369
afDJvn5nmtY,0,30.871,42.976
ahG9c_uaf8s,2,53.709,59.808
ahcAFnY6iAY,0,22.8893424036,25.6253968254
ai7G98thPpk,2,15.477324263,18.1911564626
aiJg0jtIHOM,0,51.953,62.891
aiUq5xksJy0,0,9.49,15.459
ak7N0BqMluI,4,13.191,19.569
ak7N0BqMluI,8,39.941,49.112
an_GzG40hcE,1,64.704,70.164
an_GzG40hcE,3,7.943,14.191
an_GzG40hcE,4,35.84,42.298
ap465Tlzf88,0,2.975,8.754
aqmRPNfeOy8,1,20.575,29.147
aqmRPNfeOy8,3,52.562,60.297
asWraTfIqq0,0,1.119,9.083
atxoi7pB5TM,0,56.094,69.925
atxoi7pB5TM,1,6.896,11.408
auTpzciNgls,4,86.126,100.525
avW2m6VHTyg,5,30.153,36.78
axQ5CDRawO0,0,9.131,17.474
axQ5CDRawO0,1,22.929,27.98
b-FX9NOVQOM,2,23.039,26.044
b1Il3Nf6BrU,0,13.471,29.616
b1Il3Nf6BrU,1,54.537,68.179
b1Il3Nf6BrU,2,67.538,83.394
b1LEcg6z66g,1,77.435,94.469
b1LEcg6z66g,3,7.584,16.835
b1LEcg6z66g,5,39.332,43.624
b7DK08bWU6c,0,32.238,37.648
b86B3hP8ARM,0,65.143,71.002
b86B3hP8ARM,1,41.966,52.504
b8xmgi4VV0M,0,33.126,48.942
b8xmgi4VV0M,5,63.647,70.763
b8xmgi4VV0M,8,135.663,139.008
b92iw0OAnI4,0,5.758,16.237
b92iw0OAnI4,2,63.667,75.722
bAkUEnPoucg,1,21.473,29.926
bCBMKwafZKY,0,36.997,44.353
bCDfIJ12oqM,1,33.665,43.086
bD0FqMn1KXw,1,65.742,78.286
bD0FqMn1KXw,2,12.673,18.911
bD0FqMn1KXw,4,24.476,29.457
bDwAuRFciJM,0,0.0,2.388
bDwAuRFciJM,1,1.598,3.885
bDwAuRFciJM,2,50.457,54.5
bDwAuRFciJM,3,53.5,56.615
bDwAuRFciJM,4,3.134,6.918
bDwAuRFciJM,5,17.053,20.008
bDwAuRFciJM,6,19.337,24.318
bDwAuRFciJM,7,32.946,39.274
bEXCrGIOoWU,0,8.562,21.984
bEXCrGIOoWU,2,94.636,102.85
bI3DTH2yTbM,0,49.269,54.729
bI3DTH2yTbM,1,54.468,64.786
bJI7-LnKPH4,1,49.3192743764,55.1882086168
bJI7-LnKPH4,4,37.8054421769,40.9206349206
bJI7-LnKPH4,5,40.0702947846,47.1764172336
bMuoPr5-Yt4,0,47.344,55.737
bNQkb4K5DX0,0,2.805,18.881
bNQkb4K5DX0,2,43.832,48.414
bNQkb4K5DX0,4,64.435,75.901
bQcJVJcpgAs,2,69.444,87.265
bU6CgE_kMRY,0,49.788,73.307
bU6CgE_kMRY,2,179.404,200.867
bUFAN2TgPaU,1,50.4766439909,53.7614512472
bUFAN2TgPaU,6,31.5297052154,37.40861678
bVhWpCvpSs4,7,51.844,55.717
bWmrrWQOVCM,0,80.01,94.369
bWmrrWQOVCM,1,105.382,114.912
bYt4wybVLRQ,0,60.344,65.864
bYt4wybVLRQ,1,64.864,69.496
bYt4wybVLRQ,2,70.501,75.093
bYt4wybVLRQ,4,38.404,41.799
bZ2ytqPtyK4,0,86.545,93.042
b_SffSbPVJM,0,137.779365079,148.095918367
b_SffSbPVJM,1,36.0605442177,46.2473922902
b_SffSbPVJM,4,108.785260771,120.668253968
badtXoOJaf8,1,19.956,25.336
badtXoOJaf8,3,48.521,50.748
badtXoOJaf8,4,49.748,55.019
bcns0Gu66D8,1,11.735,14.87
bdtwQxwySN0,4,126.654,133.031
bdtwQxwySN0,6,28.247,39.484
bdtwQxwySN0,7,46.366,57.044
bfy28AlY-TQ,0,27.459,33.138
bfy28AlY-TQ,1,32.138,56.405
bfy28AlY-TQ,2,73.993,96.375
bge5PUG3G4A,0,5.629,15.029
bge5PUG3G4A,3,36.209,47.137
bh4_Kd4hhd4,0,12.782,36.6
bhFK-xy76U4,0,19.906,26.054
bhPB19tr-JY,3,35.151,48.503
bhPB19tr-JY,5,63.188,70.234
bj9e8w4vNxo,1,67.199,79.643
bj9e8w4vNxo,2,85.138,93.471
bj9e8w4vNxo,3,96.761,105.713
bkP-BNW4oMg,2,22.859,27.262
bkX5FOX22Tw,3,26.8204081633,36.0816326531
bnzVR2ETQQ8,1,37.037,49.98
bpvYdXVlgvc,2,30.751,35.303
bvycs3BXtx0,0,46.426,66.213
bvycs3BXtx0,1,65.782,85.41
bzPFUVGPS3c,0,13.361,22.592
bzPFUVGPS3c,1,33.216,45.81
bzPFUVGPS3c,3,80.888,93.292
c1a1y9ytHH0,2,69.4845804989,79.1326530612
c1a1y9ytHH0,4,53.0020408163,57.6514739229
c1a1y9ytHH0,5,58.1204081633,62.0714285714
c5-L8vC6_sk,0,64.774,87.694
c5-L8vC6_sk,1,7.933,13.972
c5-L8vC6_sk,3,29.255,45.999
c5AJbOd794U,2,11.9641723356,17.1047619048
c5AJbOd794U,4,27.947845805,30.9931972789
c5AJbOd794U,6,31.968707483,36.5505668934
c5cB7AfVgcE,0,79.63,89.281
c5cB7AfVgcE,1,88.281,93.082
c5cB7AfVgcE,2,28.666,34.815
c5cB7AfVgcE,3,33.874,44.502
c5zxqITn3ZM,0,6.337,13.722
c5zxqITn3ZM,2,29.255,35.902
c6wuh0NRG1s,3,11.3555555556,14.5505668934
c6wuh0NRG1s,6,39.0326530612,45.6997732426
c6wuh0NRG1s,7,44.6997732426,52.9632653061
c7xUcM68IFE,0,38.7433106576,46.4480725624
c7xUcM68IFE,1,45.8571428571,51.9954648526
c7xUcM68IFE,3,2.22630385488,9.57188208617
c7xUcM68IFE,6,31.6993197279,36.1814058957
c7xUcM68IFE,7,35.2612244898,38.6258503401
c805Td8A_Ek,0,65.063,70.643
c805Td8A_Ek,1,69.962,75.572
c805Td8A_Ek,4,90.805,97.043
c805Td8A_Ek,5,13.82,26.264
c805Td8A_Ek,6,96.592,107.27
c805Td8A_Ek,7,123.98,134.717
c805Td8A_Ek,8,25.883,31.672
cAA2mONG98w,1,21.163,31.961
cEXJ2zFbC9I,0,0.839,5.641
cEXJ2zFbC9I,3,75.141,89.39
cHBRDdSXLtU,1,32.158,46.468
cHrOisasWLU,0,0.91927437642,6.12970521542
cHrOisasWLU,2,24.0467120181,32.3401360544
cKUPgzZu-Fk,0,87.453,93.631
cKUPgzZu-Fk,1,18.898,39.065
cKUPgzZu-Fk,2,62.729,70.334
cKldvZeyRDA,0,3.843,13.273
cM1Zuji24dI,0,71.0609977324,93.8092970522
cM1Zuji24dI,1,93.8092970522,105.502721088
cMsTvqU_-rc,1,37.227,55.777
cRFiXLzcCOA,1,6.187,17.673
cR_KQlNhoNE,0,56.533,61.424
cR_KQlNhoNE,1,76.996,84.342
cR_KQlNhoNE,2,84.05,88.922
cR_KQlNhoNE,5,121.715,129.19
cR_KQlNhoNE,6,132.919,145.114
cR_KQlNhoNE,7,144.114,160.539
cR_KQlNhoNE,8,17.232,22.842
cR_KQlNhoNE,9,22.62,27.391
cS3BDGNDu_8,0,72.517,81.688
cS3BDGNDu_8,1,15.855,29.676
cSrM5mHACmA,0,11.1770975057,27.9390022676
cSrM5mHACmA,2,45.858276644,47.5145124717
cUm0TN3vXRc,0,5.329,15.349
cUm0TN3vXRc,5,62.958,72.14
cW-aX4dPVfk,16,136.720634921,145.343310658
cW-aX4dPVfk,17,144.852154195,149.144671202
cW-aX4dPVfk,18,150.229931973,154.791836735
cW-aX4dPVfk,28,189.700226757,195.010430839
cWN1bibicHc,0,54.517,63.509
cWN1bibicHc,1,21.303,32.779
cXu56oK462o,0,148.544,155.989
cXu56oK462o,1,100.892,106.601
cY8DcaHXNNs,0,19.467,33.627
cY8DcaHXNNs,1,32.737,43.834
cY8DcaHXNNs,2,60.264,69.276
cZDAM6NjBzE,0,44.061,49.98
cZDAM6NjBzE,1,49.299,54.24
cZDAM6NjBzE,2,67.438,71.501
cZVM4svwE90,0,1.56780045351,4.19410430839
c_FJuhSte8Q,0,4.222,10.769
c_FJuhSte8Q,4,10.418,17.494
caLWajc18Y4,0,5.25941043084,9.62176870748
ce1ObTPlI38,0,4.53219954649,12.0850340136
cfX_iuhCbRY,0,3.962,8.983
cfX_iuhCbRY,4,40.539,48.114
cl1DNRGX578,0,13.62,26.034
cl1DNRGX578,1,45.488,54.629
cml9rShionM,0,77.7757369615,91.6641723356
cml9rShionM,1,91.6641723356,103.457369615
cml9rShionM,2,114.991156463,136.093197279
cml9rShionM,4,45.8383219955,54.50861678
cml9rShionM,6,65.4637188209,73.4755102041
cn0WZ8-0Z1Y,0,49.22,54.36
cn0WZ8-0Z1Y,1,11.455,14.59
cnllFPRyBFs,1,37.7256235828,40.0027210884
cnllFPRyBFs,2,39.8408163265,50.9378684807
ctAZf4sMBUQ,2,83.831,110.493
ctMCSUT2LlQ,3,22.68,28.12
cuR-l2qCxBc,0,0.0,6.319
cuR-l2qCxBc,1,5.319,10.081
cuR-l2qCxBc,2,9.909,18.023
cuR-l2qCxBc,3,17.601,22.902
cuR-l2qCxBc,4,22.74,29.068
cuR-l2qCxBc,5,28.806,40.671
cuR-l2qCxBc,6,40.2,44.752
cuR-l2qCxBc,7,44.371,49.192
cuR-l2qCxBc,8,48.701,52.165
cyOSDKOxb1o,0,11.156,16.446
cyOSDKOxb1o,1,18.25,28.299
cyOSDKOxb1o,2,27.389,42.088
cyu1HhakSaQ,0,23.268,37.159
d-Uw_uZyUys,3,102.687981859,128.411791383
d-Uw_uZyUys,4,128.579138322,139.516553288
d0QNH2vcDgU,17,27.6684807256,36.1814058957
d0QNH2vcDgU,18,35.1814058957,38.2666666667
d1CDP6sMuLA,0,0.899,14.71
d1CDP6sMuLA,2,78.593,89.171
d1CDP6sMuLA,5,128.948,146.82
d1CDP6sMuLA,7,169.267,173.25
d38u9n5GOLM,0,0.311,6.469
d38u9n5GOLM,2,56.623,61.843
d38u9n5GOLM,5,90.196,97.991
d38u9n5GOLM,7,133.229,138.369
d38u9n5GOLM,8,137.718,143.418
d38u9n5GOLM,9,142.707,150.242
d38u9n5GOLM,12,155.438,164.949
d38u9n5GOLM,13,18.629,25.506
d3EeIRaMbbk,0,120.727,127.544
d3EeIRaMbbk,1,51.674,60.945
d3I7Ug-_3L0,3,112.905,118.564
d3I7Ug-_3L0,7,30.193,41.36
d3I7Ug-_3L0,8,40.888,45.829
d7Dz34-cZ74,1,154.001,164.759
d7Dz34-cZ74,2,164.527,175.355
d89Z_olwc2Y,0,46.985,59.179
d89Z_olwc2Y,1,82.624,88.652
d89Z_olwc2Y,2,87.652,94.08
d89Z_olwc2Y,3,96.811,101.313
d89Z_olwc2Y,4,109.662,125.568
d89Z_olwc2Y,5,31.669,38.686
d99mfGIenCo,7,100.802267574,111.520181406
d99mfGIenCo,9,120.357823129,122.844444444
dCDAcBR505Q,0,59.167,65.405
dCDAcBR505Q,1,73.045,80.71
dCDAcBR505Q,2,114.062,123.224
dDFyJp_OkeA,0,14.568,34.595
dDFyJp_OkeA,1,33.745,38.526
dEDbm2ubVRQ,1,4.322,9.033
dEDbm2ubVRQ,4,38.644,44.373
dEDbm2ubVRQ,5,43.672,60.426
dEXSb0CfodU,0,4.002,8.015
dH0FmwvOzs0,0,29.185,35.054
dH0FmwvOzs0,1,34.054,41.1
dHk--ExZbHs,1,57.3621315193,71.1507936508
dHk--ExZbHs,2,72.0088435374,96.6827664399
dHk--ExZbHs,3,96.6827664399,109.95260771
dJ5MXl66-UQ,2,27.948,32.23
dLmtsRyRH4s,0,6.137,12.186
dOSyvhYsfFo,0,17.142,33.428
dQ56b0bqmc8,2,116.057596372,200.907029478
dR68gbeOWOc,0,0.939,13.273
dSax_7klbfE,2,101.291,115.81
dSax_7klbfE,3,115.22,119.402
dSax_7klbfE,6,37.217,47.346
dTcz1am1eUw,1,11.745,16.426
dWfgSGnd9zM,1,18.4,24.398
dWfgSGnd9zM,2,24.067,29.417
dWfgSGnd9zM,3,29.075,37.738
dXMAS2tIknw,1,8.77142857143,16.0272108844
dYgmvmFegkQ,0,0.330612244898,4.17414965986
dYgmvmFegkQ,1,4.70068027211,13.1337868481
dYgmvmFegkQ,2,14.4984126984,22.422675737
dYgmvmFegkQ,3,22.1709750567,25.1764172336
dYgmvmFegkQ,4,34.4929705215,40.1823129252
dYgmvmFegkQ,5,39.9605442177,44.0235827664
dYgmvmFegkQ,6,43.5723356009,54.6394557823
dYyg91d7zjY,0,18.05,24.448
dZK01jhM27k,1,8.931,20.437
dZK01jhM27k,2,43.273,53.572
damyXH7mBic,0,54.837,65.565
damyXH7mBic,1,17.821,23.7
dbpGH5iP0GE,0,11.416553288,17.3131519274
dbpGH5iP0GE,1,17.712244898,22.9603174603
dcUlt6zk_S0,0,8.223,17.254
dcUlt6zk_S0,1,29.634,38.855
ddix4XuaUlY,0,29.015,45.56
dlE05KC95uk,0,50.307,57.074
dlE05KC95uk,1,56.832,63.579
dlE05KC95uk,3,84.569,104.247
dlE05KC95uk,4,105.941,115.78
dlE05KC95uk,6,6.846,13.064
dlE05KC95uk,7,22.7,30.804
dlE05KC95uk,8,38.474,46.079
dqragS38hCk,0,8.30249433107,15.937414966
dqragS38hCk,4,39.780952381,43.2054421769
dsob2MgUPpA,4,41.0879818594,44.7818594104
dsob2MgUPpA,8,56.4829931973,60.1968253968
dsob2MgUPpA,10,7.9433106576,15.9074829932
dt641WxonBI,0,1.408,9.013
dxsPkcG-Q30,1,17.292,30.195
dzSv6GwfF-0,0,16.414,22.522
e-2QlzFeyNU,0,30.722,37.578
e-2QlzFeyNU,1,78.483,85.599
e0ltF8zpEcw,7,46.825,51.277
e1E5W_ZefmY,1,80.788,88.443
e1E5W_ZefmY,5,65.233,70.753
e1E5W_ZefmY,6,75.48,81.059
e7_2U4lm6TE,1,56.383,64.437
e7_2U4lm6TE,6,6.806,14.541
e7_2U4lm6TE,8,107.617,116.249
e7_2U4lm6TE,9,124.608,130.188
e7_2U4lm6TE,13,151.926,162.654
e7_2U4lm6TE,15,20.185,32.4
e7_2U4lm6TE,16,32.328,45.45
eD5cScqaf6c,2,26.002,37.029
eE8Qr9fOvVA,0,3.20408163265,7.96553287982
eE8Qr9fOvVA,1,8.16281179138,16.5659863946
eFV7iFPYZB4,0,0.300680272109,4.01451247166
eFV7iFPYZB4,2,45.0689342404,47.5755102041
eFV7iFPYZB4,11,30.5718820862,33.2879818594
eJfT7-dDqzA,0,2.66530612245,9.01315192744
eJfT7-dDqzA,1,9.19047619048,15.937414966
eJwZfdtlks8,0,58.878,65.974
eJwZfdtlks8,1,11.824,20.637
eKRWfaizBO0,0,2.226,9.153
eMa6gbD7id0,0,9.699,21.066
eOU_40p9RpA,1,28.786,42.228
eOU_40p9RpA,2,41.228,49.97
eOiC1kb17P4,1,12.2535147392,34.1759637188
eOiC1kb17P4,2,33.1959183673,38.885260771
ePiz4zU6crI,1,25.234,43.106
ePtlUYCdrNM,3,19.7464852608,30.6340136054
ePtlUYCdrNM,6,48.0022675737,52.085260771
eQc5uI7FKCU,2,17.851,27.94
eREud0qYR3s,0,12.403,18.093
eREud0qYR3s,1,21.632,26.044
eSHOcLD5T58,0,41.397,46.019
eSHOcLD5T58,1,57.73,62.781
eSHOcLD5T58,2,75.141,81.838
eSHOcLD5T58,4,13.261,18.901
eSHOcLD5T58,5,26.751,31.342
eTCnM472-cQ,1,37.865,43.385
eTn2P4wmFr4,0,67.508,75.452
eTn2P4wmFr4,1,75.171,84.352
eTn2P4wmFr4,5,102.0,105.983
eTn2P4wmFr4,6,11.645,18.891
eTn2P4wmFr4,10,23.658,36.68
eW1vgHE6FRM,2,82.993,94.888
eW1vgHE6FRM,5,146.648,167.273
eW1vgHE6FRM,6,22.161,29.736
eW1vgHE6FRM,7,29.534,37.898
eY64P27khzk,2,35.9097505669,39.6136054422
eY64P27khzk,4,48.3814058957,52.9433106576
eYCiRWf2NHE,0,16.095,24.618
eYCiRWf2NHE,1,24.027,33.587
eZVcshSUD3Q,1,8.163,15.189
eaXDCknxPrU,1,22.77,27.252
eeN7l4R3nPc,0,85.317,97.382
eeN7l4R3nPc,1,20.764,29.237
eeN7l4R3nPc,2,28.686,39.185
eeN7l4R3nPc,3,50.068,72.808
efLrpnuLwyU,4,97.0718820862,100.653741497
efLrpnuLwyU,7,19.8274376417,24.9258503401
efLrpnuLwyU,11,63.4782312925,67.4492063492
ehZrOdw6PhA,2,40.839,47.665
ejDe6hQWZOk,0,5.2,9.562
ejDe6hQWZOk,2,45.039,50.878
emtvrtk-jsU,0,6.417,28.349
emtvrtk-jsU,2,64.575,74.644
eo8L7lCTjDQ,1,16.534,27.531
ep3IasggD3k,0,49.728,53.342
ep3IasggD3k,1,2.007,5.361
ep3IasggD3k,4,32.098,37.039
erBIIKA6r5Y,0,22.999,27.242
erNDEjQeox8,0,47.444,53.183
erNDEjQeox8,1,58.668,74.714
esnOE1LefKA,0,3.5843537415,9.21156462585
evAswZ6m3hg,2,44.39,53.482
ewBrNsyY82Q,0,20.295,31.991
ex-dKshlXoY,0,61.741,67.82
ex-dKshlXoY,1,22.58,29.527
ex-dKshlXoY,2,31.071,44.303
ezuWKsxPRSM,3,38.823,43.904
f-VdKweez2U,1,19.228,23.76
f-VdKweez2U,3,50.956,56.824
f-ZNjqLlrm4,2,166.663,188.106
f-ZNjqLlrm4,4,118.672,139.197
f-ZNjqLlrm4,5,138.197,166.775
f47bnEUrOvA,0,29.295,44.313
f49boM5fb8U,5,56.932,63.589
f5k5cF80aUE,0,11.685,18.352
f5k5cF80aUE,1,27.688,32.989
f5k5cF80aUE,3,38.374,45.201
f6S2XNPIiFk,3,87.223,103.987
f6S2XNPIiFk,6,160.127,172.073
f6S2XNPIiFk,7,13.62,21.425
f6S2XNPIiFk,9,33.585,43.585
f8Puta8k8fU,0,24.685260771,28.0498866213
fDYZINwIs_A,0,59.696,65.405
fEm9AdLNrjk,0,2.166,10.699
fEm9AdLNrjk,2,38.494,58.102
fGYbbP8RDLQ,0,15.975,39.035
fGYbbP8RDLQ,1,38.324,54.61
fGYbbP8RDLQ,2,53.769,63.479
fI9KptYFZeg,2,20.086,28.339
fMUmdlzuc94,0,-0.28798185941,4.74285714286
fMUmdlzuc94,1,3.91247165533,9.58185941043
fMUmdlzuc94,2,8.58185941043,12.1160997732
fMUmdlzuc94,3,11.4154195011,21.7741496599
fMUmdlzuc94,4,21.2829931973,25.2961451247
fMUmdlzuc94,5,25.8126984127,32.6195011338
fOxg1NstCHA,0,30.761,36.361
fPsy1co_nuw,0,47.144,58.68
fSOVk2cS-sY,1,24.705,36.161
fT6SrlsWV7M,5,105.98,114.064
fT6SrlsWV7M,8,38.943,44.163
fT6SrlsWV7M,9,51.215,60.835
fTKe7E_4OCQ,1,55.3068027211,60.5947845805
fTNOAssiTYk,2,15.087,24.967
fTNOAssiTYk,5,46.585,51.746
fU5AYkq0m9k,2,35.151,40.801
fVCDn6SdtVM,0,16.354,24.817
fVCDn6SdtVM,1,24.665,41.22
fW1pK2L6RgM,0,42.864,49.351
fW1pK2L6RgM,1,48.771,59.159
fWAKek8jA5M,1,14.4585034014,17.1646258503
fWAKek8jA5M,2,16.7433106576,23.5501133787
fWOIAxzBQFY,0,15.805,25.506
fWOIAxzBQFY,2,89.927,100.615
fWOIAxzBQFY,3,104.404,113.346
fWOIAxzBQFY,4,112.406,119.702
fWOIAxzBQFY,6,137.838,162.095
fWOIAxzBQFY,9,42.415,47.416
fWOIAxzBQFY,11,61.013,66.093
f_ZJ7L14oYQ,0,1.648,6.15
f_ZJ7L14oYQ,3,62.739,66.632
f_ZJ7L14oYQ,4,65.902,69.765
f_ZJ7L14oYQ,5,5.509,13.413
f_ZJ7L14oYQ,6,74.921,81.618
f_ZJ7L14oYQ,7,80.947,85.819
f_ZJ7L14oYQ,10,111.628,118.115
f_ZJ7L14oYQ,12,130.904,134.268
f_ZJ7L14oYQ,13,29.814,34.435
f_ZJ7L14oYQ,14,33.775,40.102
faMq0C_wTpU,0,58.409,69.057
faUvT7zfsyk,0,27.559,35.403
faUvT7zfsyk,1,36.119,52.674
fbHlBmq7Ipo,6,17.1324263039,20.3673469388
fbSxct2JcKU,0,4.102,9.123
fbSxct2JcKU,1,9.21,18.591
fbSxct2JcKU,4,62.918,79.084
fcxbB7ybUfs,0,32.009,46.259
fcxbB7ybUfs,1,54.188,66.163
fcxbB7ybUfs,2,119.36,126.157
fdK_tsvBXJ8,1,81.297,95.786
fdK_tsvBXJ8,2,94.786,112.688
fdc7iyzKvFQ,1,17.272,26.673
fe2CWCpdTF8,1,86.295,95.397
ffrJ91swyq0,0,3.384,15.468
fhADeWE5VgU,0,1.598,15.229
fhY2vbnjuWY,1,14.4984126984,16.6458049887
fhY2vbnjuWY,3,25.3637188209,35.0739229025
fi7g4GoK-z4,0,2.775,12.096
fiXZqpbRYKk,0,-0.347845804989,4.91247165533
fiXZqpbRYKk,1,4.47120181406,10.9287981859
fiXZqpbRYKk,2,46.725170068,50.5886621315
fiXZqpbRYKk,3,49.5886621315,56.4054421769
fiXZqpbRYKk,4,10.1482993197,14.4009070295
fiXZqpbRYKk,5,13.6702947846,18.9605442177
fiXZqpbRYKk,6,18.2498866213,23.5900226757
fiXZqpbRYKk,7,22.9492063492,30.5242630385
fiXZqpbRYKk,8,30.9709750567,36.380952381
fiXZqpbRYKk,9,35.7301587302,39.4340136054
fiXZqpbRYKk,10,38.4340136054,42.6068027211
fiXZqpbRYKk,11,41.9560090703,47.2861678005
fjE2EZKgQm8,3,18.33,26.663
flBtk736di4,3,89.777,100.266
flBtk736di4,4,19.607,29.008
flBtk736di4,5,50.796,62.801
flGZteJUNYU,0,141.899,147.039
flv4by3RYVk,0,0.0,4.134
flv4by3RYVk,1,3.593,7.367
flv4by3RYVk,2,44.53,47.216
flv4by3RYVk,3,46.216,51.686
flv4by3RYVk,4,6.367,10.33
flv4by3RYVk,5,9.659,12.036
flv4by3RYVk,6,11.585,19.729
flv4by3RYVk,7,18.729,22.582
flv4by3RYVk,8,22.251,28.389
flv4by3RYVk,9,27.678,29.556
flv4by3RYVk,10,28.676,38.825
flv4by3RYVk,11,37.825,45.371
fnFoRPqkQeo,0,16.554,36.471
fnFoRPqkQeo,1,35.95,44.762
fnFoRPqkQeo,2,44.361,55.677
foXArPhK0xY,0,0.0,4.244
foXArPhK0xY,1,3.244,12.924
foXArPhK0xY,2,12.663,25.536
foXArPhK0xY,3,24.536,33.837
foXArPhK0xY,4,32.907,39.195
foXArPhK0xY,5,38.195,42.417
foXArPhK0xY,6,41.667,46.488
frCWtiam4tE,3,36.299,41.968
fsd1qPLA3kY,0,3.064,10.061
fsd1qPLA3kY,2,24.635,29.576
fzuTEKwNS94,4,80.2589569161,87.0557823129
fzuTEKwNS94,5,86.4947845805,93.7405895692
g6VJg6ycUk0,0,3.613,9.193
g8Cl74tS3oY,0,3.753,11.049
g8Cl74tS3oY,4,44.7,53.163
g8NBNtY3cpU,0,4.052,11.039
g99kISQbyuI,1,48.032,53.811
g99kISQbyuI,8,32.677,37.937
g9rNhtFG9aU,1,56.363,62.561
g9rNhtFG9aU,2,62.07,74.844
g9rNhtFG9aU,3,26.471,33.937
g9rNhtFG9aU,4,33.176,42.996
g9rNhtFG9aU,5,45.119,51.477
gAMbkJk6gnE,1,22.49,33.867
gE7kUqMqQ9g,0,15.686,28.559
gE7kUqMqQ9g,1,28.287,32.849
gFAOKuqpUq4,1,91.174,98.011
gFAOKuqpUq4,3,13.92,19.31
gFAOKuqpUq4,4,123.541,135.705
gFAOKuqpUq4,5,141.38,145.373
gJdSxPhf85M,1,31.29,39.354
gJdSxPhf85M,2,46.925,52.375
gKojBrXHhUc,0,65.103,70.254
gKojBrXHhUc,1,75.46,82.965
gL8h7lOPv1Q,0,60.843,66.722
gL8h7lOPv1Q,1,65.941,71.85
gL8h7lOPv1Q,3,88.141,94.948
gL8h7lOPv1Q,4,93.948,98.699
gL8h7lOPv1Q,5,14.498,29.756
gL8h7lOPv1Q,6,140.692,150.013
gLTxaEcx41E,0,0.80952380952,4.87256235828
gLdRUsLw4CA,2,49.439,56.176
gLdRUsLw4CA,3,56.004,60.596
gPWyANEm0eE,1,90.975,110.433
gPWyANEm0eE,3,131.233,139.507
gPWyANEm0eE,5,13.87,18.232
gPWyANEm0eE,6,23.249,30.963
gR3igiwaeyc,5,12.2136054422,19.5492063492
gR3igiwaeyc,8,43.612244898,47.4058956916
gR4gM_WXesQ,1,66.959,74.265
gR4gM_WXesQ,5,118.881,128.302
gR4gM_WXesQ,7,138.886,151.509
gR4gM_WXesQ,9,166.403,171.394
gR4gM_WXesQ,12,185.151,189.493
gR4gM_WXesQ,13,18.36,25.945
gR4gM_WXesQ,14,25.084,31.971
gU7McujYYPY,4,40.978,48.673
gU7McujYYPY,6,53.729,56.834
gVqs4TzqySw,0,0.87936507937,11.3678004535
gVqs4TzqySw,5,38.9428571429,43.325170068
gZDyk95Xob4,0,53.649,57.323
gZDyk95Xob4,1,56.752,69.107
gZDyk95Xob4,6,105.661,111.031
gZDyk95Xob4,8,4.122,11.088
gZF-YNQHqwI,2,37.2766439909,40.3120181406
gZF-YNQHqwI,3,39.3519274376,44.4426303855
gZF-YNQHqwI,5,49.6984126984,52.1151927438
gcFECfN4BCU,2,78.3133786848,87.9836734694
gcGZp9JX_qE,0,144.792,154.951
gcGZp9JX_qE,1,67.747,81.688
gcGZp9JX_qE,2,95.165,104.736
gcGZp9JX_qE,3,118.612,125.169
gcpsSao7kHM,0,4.421,10.57
gcpsSao7kHM,3,65.103,72.908
gcpsSao7kHM,4,74.532,82.097
gfHrSg3BwiQ,2,39.073,43.555
ggbV7YeSl7k,0,22.53,39.454
ggbV7YeSl7k,1,38.853,49.272
ggbV7YeSl7k,2,87.343,99.507
gjEYmdWrBLM,1,60.8530612245,68.5179138322
gjGL6YY6oMs,4,27.639,34.445
gjSyl6evrWk,2,69.523,77.777
gjSyl6evrWk,4,23.229,28.758
goMtnNHQ_z4,0,5.529,10.52
goMtnNHQ_z4,3,10.787,15.868
gr9YU-UTJzQ,0,95.285,100.086
gr9YU-UTJzQ,1,6.846,16.117
grePRQ8zonA,0,13.541,31.602
grePRQ8zonA,3,55.226,68.907
grsV1YN1z5s,0,24.047,31.472
guRD0zQC6Q0,1,63.258,74.335
guRD0zQC6Q0,2,73.854,83.654
guRD0zQC6Q0,3,83.172,94.828
gv43BPYYxKQ,0,21.961,29.995
gv43BPYYxKQ,1,29.385,37.219
gvjQ1XfMA_g,0,14.838,20.687
gvjQ1XfMA_g,1,21.752,37.399
gvjQ1XfMA_g,3,49.11,60.307
gvrfI9e5xHQ,0,51.375,67.73
gzZ8NTeTzRs,0,5.389,11.308
h1ZZHUU4j0k,1,49.2893424036,54.2004535147
h1ZZHUU4j0k,7,86.6743764172,90.6675736961
h4LrwMn94ss,1,15.616,30.624
h4LrwMn94ss,2,29.754,44.443
h7p5URoookk,19,10.2879818594,21.0857142857
h7p5URoookk,20,136.960090703,140.7138322
h7p5URoookk,25,38.8430839002,41.3696145125
h7p5URoookk,26,40.3696145125,46.547845805
hBzw4r0kfjA,0,27.469,35.523
hBzw4r0kfjA,1,88.131,97.193
hCFV5VLgS0A,1,47.1741496599,49.1519274376
hCFV5VLgS0A,3,51.8634920635,54.4498866213
hCFV5VLgS0A,4,12.9020408163,19.5891156463
hCFV5VLgS0A,6,37.5759637188,41.1600907029
hE-sA5umuCk,1,50.048,81.808
hF6kFQPdBjY,0,84.938,96.804
hF6kFQPdBjY,1,107.108,111.52
hF6kFQPdBjY,6,34.373,40.342
hF6kFQPdBjY,7,79.171,85.509
hGRRlXfH0BY,0,4.232,17.983
hGRRlXfH0BY,3,17.741,25.765
hGRRlXfH0BY,5,46.516,51.088
hI7ObFqn9Bg,0,54.318,64.298
hIQhkTjNaQc,0,7.634,12.605
hIQhkTjNaQc,2,76.627,81.289
hIQhkTjNaQc,4,42.644,50.629
hOp6I4jGvu4,0,5.05,16.776
hOp6I4jGvu4,3,62.09,67.49
hSEfYcIjIr4,0,17.102,32.729
hSgKOKK3L8M,6,37.257,46.109
hThsntvCk2s,0,2.516,8.474
hThsntvCk2s,1,24.117,36.58
hUBQrLjm4M4,1,22.77,33.338
hawztAtYHCE,0,4.122,9.143
hawztAtYHCE,2,31.39,37.638
hawztAtYHCE,3,60.464,78.565
hbJfSyJKBEA,0,46.366,55.138
hdLC4Ro977Q,1,50.008,57.603
he475nnmMi0,3,121.366,127.803
he475nnmMi0,5,163.48,181.741
he475nnmMi0,6,188.044,197.944
he475nnmMi0,8,21.413,26.374
he475nnmMi0,10,68.226,73.098
he475nnmMi0,11,91.912,102.72
hfK8QtTd7fo,0,36.109,43.894
hfVXx8hfKak,6,49.11,58.261
hfVXx8hfKak,7,58.568,71.93
hfVXx8hfKak,8,86.415,101.693
hfvmQuhqMmY,0,0.45,5.88
hfvmQuhqMmY,2,60.484,65.086
hfvmQuhqMmY,3,70.691,76.3
hfvmQuhqMmY,5,11.116,17.055
hfvmQuhqMmY,6,35.451,42.417
hfvmQuhqMmY,7,41.766,48.204
hj1ph17-0jE,0,14.728,23.6
hkGN5q3OOCE,0,39.871,51.277
hkGN5q3OOCE,1,50.696,58.551
hlBOP5NskhM,6,7.59410430839,9.6716553288
hlBOP5NskhM,9,16.2344671202,21.1455782313
hlYDicOj2m0,0,6.84580498866,21.09569161
hlYDicOj2m0,1,40.429478458,45.789569161
hlYDicOj2m0,3,50.4167800454,52.4544217687
hnSdAbnHDy4,0,7.165,11.976
hnSdAbnHDy4,1,11.276,15.079
hntnelpiyl8,0,75.649,81.01
hntnelpiyl8,1,83.382,90.947
hntnelpiyl8,2,23.987,34.036
hntnelpiyl8,3,33.465,39.803
hp3nsb_eIc0,0,2.137,10.42
hp3nsb_eIc0,2,99.805,111.919
hp3nsb_eIc0,3,129.337,147.648
hp3nsb_eIc0,4,36.698,47.665
hp3nsb_eIc0,6,66.949,72.489
hrLoOAh_8LY,0,1.837,7.746
huzEsVEJPaY,0,49.18,69.476
hvfaYsv7p8E,1,83.212,88.193
hvfaYsv7p8E,2,47.593,57.643
hvfaYsv7p8E,3,57.181,65.804
hytnfm-AVaA,0,0.0,3.027
hytnfm-AVaA,1,2.027,8.355
hytnfm-AVaA,2,7.355,10.001
hytnfm-AVaA,3,17.063,22.333
hytnfm-AVaA,4,21.333,26.523
hytnfm-AVaA,5,35.491,39.723
hytnfm-AVaA,6,38.723,41.849
hytnfm-AVaA,7,41.327,50.18
i5bmKlHv-SA,0,25.992,33.248
i5bmKlHv-SA,1,32.907,42.168
i5of7ZTkyfw,0,12.154,19.469
i5of7ZTkyfw,1,19.397,26.114
i6UngvEEuNs,0,5.998,11.438
i714Xt6eb1Y,1,74.293,86.976
i714Xt6eb1Y,2,99.036,107.01
i714Xt6eb1Y,3,127.282,141.073
i714Xt6eb1Y,4,28.856,40.801
iEOBNT0HFtU,4,89.089,96.893
iEOBNT0HFtU,8,16.334,24.997
iEOBNT0HFtU,10,35.98,43.994
iEOBNT0HFtU,11,43.832,51.347
iFGoQUh81as,0,76.767,88.912
iFj9wJaJSPE,0,13.221,22.293
iFj9wJaJSPE,4,116.227,123.563
iFj9wJaJSPE,5,123.141,137.272
iFxFTtCQ6zA,0,9.001,13.403
iFxFTtCQ6zA,1,23.438,32.969
iH04VOkbof0,0,3.184,12.964
iM3wSwoAtwk,0,5.239,8.285
iMG962Rj3Vw,0,3.703,12.435
iMss8xBhFiI,0,3.503,8.554
iMss8xBhFiI,2,91.374,96.854
iMss8xBhFiI,3,96.362,102.241
iMss8xBhFiI,4,101.381,109.375
iMss8xBhFiI,5,54.986,60.486
iO34hER47xA,0,6.716,13.403
iPPp6MCythU,2,46.057,52.544
iPPp6MCythU,4,82.913,89.6
iPPp6MCythU,5,12.962,22.024
iQDB_OkAQWs,0,16.673,25.745
iR1Os7FVGHs,0,6.337,21.465
iR1Os7FVGHs,2,70.451,79.503
iREkcXde5ds,2,39.3918367347,42.2675736961
iREkcXde5ds,9,35.2612244898,38.7455782313
iS91daVpH2E,1,85.377,91.037
iS91daVpH2E,2,21.961,28.02
iS91daVpH2E,4,36.538,43.116
iUXqlrui25c,0,48.711,58.61
iUXqlrui25c,1,58.808,67.46
iUXqlrui25c,2,66.899,81.389
iUXqlrui25c,6,135.274,140.634
iUXqlrui25c,7,169.167,173.928
iUXqlrui25c,8,173.327,184.724
iUXqlrui25c,9,18.988,25.556
iUXqlrui25c,11,188.094,198.951
iWBx0CP9JqA,0,27.559,34.635
iWBx0CP9JqA,1,33.705,39.544
iXiMifHNKPI,1,82.374,107.679
iXiMifHNKPI,2,118.073,126.905
iXiMifHNKPI,4,26.222,39.424
iXiMifHNKPI,6,60.663,69.316
icIS9VfbzMw,0,1.019,9.293
icIS9VfbzMw,2,44.63,52.923
icIS9VfbzMw,4,55.665,64.447
icIS9VfbzMw,6,68.695,75.572
icIS9VfbzMw,7,74.572,80.96
icIS9VfbzMw,8,82.723,86.298
icIS9VfbzMw,9,85.298,88.672
icIS9VfbzMw,10,93.708,99.956
iceSGs0MXaA,0,2.2462585034,8.43446712018
iceSGs0MXaA,3,27.8680272109,31.1428571429
iceSGs0MXaA,4,44.9990929705,49.9600907029
icehEYAiimM,1,47.493,57.124
ieWQdiQAh4M,0,22.62,28.808
ieWQdiQAh4M,1,28.307,36.69
iex7I7iVnLk,0,14.568,18.382
iex7I7iVnLk,1,17.771,22.652
ihPjsliqz5o,0,3.094,15.518
ihPjsliqz5o,1,25.683,29.676
ihPjsliqz5o,3,39.901,51.247
ihuGFUrzD30,0,74.542,81.598
io85pRFj_dw,0,2.805,9.083
ioupaiAuRr0,1,25.444,32.939
ioupaiAuRr0,2,31.939,41.779
ip8xwAr4MRE,2,26.012,34.475
ipLoS44xfO4,7,22.7696145125,25.7451247166
ixQbCXLUUj8,2,36.4684807256,45.5201814059
ixZAEncExWI,0,12.902,27.322
izFBeXMTgds,0,9.669,24.129
izFBeXMTgds,3,150.449,156.578
izFBeXMTgds,4,24.576,37.359
izFBeXMTgds,6,71.928,83.185
j0br-fFy160,2,9.999,21.475
j4MpQ6CKoDE,0,32.727,53.392
j7fRIGphgtk,2,42.565,52.165
j7fRIGphgtk,3,51.724,55.887
j9mRv472dq0,0,9.51088435374,13.2324263039
jD3iIEsc_K4,0,3.533,12.266
jE3gYsxr_5s,1,84.679,89.071
jE3gYsxr_5s,2,47.404,64.527
jEQoBvc7V1o,0,3.643,14.73
jEQoBvc7V1o,3,24.047,28.758
jFNgOznarMo,0,40.998,55.996
jFNgOznarMo,1,69.034,73.207
jFNgOznarMo,2,72.966,86.597
jFNgOznarMo,3,33.076,41.709
jFpRdhl3fgw,0,0.350566893424,11.9065759637
jICmfLeFymA,0,71.06,78.745
jICmfLeFymA,1,77.904,88.393
jICmfLeFymA,3,94.756,107.29
jICmfLeFymA,5,112.326,120.141
jICmfLeFymA,8,24.166,35.273
jLN6B0aSrW0,4,40.968,45.341
jPGDFrQLD4I,0,43.333,60.805
jPrEKz1rAno,1,78.533,82.366
jPrEKz1rAno,4,32.288,36.96
jPtaz1rN6lc,1,56.9929705215,66.9603174603
jPtaz1rN6lc,2,84.7498866213,89.7884353741
jPtaz1rN6lc,3,89.9979591837,98.9975056689
jQ3EmbRIe58,0,89.548,94.688
jQ3EmbRIe58,1,113.593,118.265
jQ3EmbRIe58,2,11.805,20.028
jT3FSTBA8Us,4,30.3823129252,34.3555555556
jUKH63mltLE,0,58.349,66.014
jV6qzF2YROc,4,112.516,118.714
jV6qzF2YROc,5,18.489,29.187
jV6qzF2YROc,6,29.175,36.251
jVayR0VClxQ,1,93.708,108.746
jVayR0VClxQ,2,109.473,117.776
jVayR0VClxQ,4,18.619,33.228
jVayR0VClxQ,7,80.937,93.611
jXQmVFcOiUI,1,13.141,20.776
jXQmVFcOiUI,2,30.901,35.772
jYT3-RQFy1U,0,6.477,18.821
jYT3-RQFy1U,6,54.068,81.578
jZTe5cbwwEE,0,74.083,87.964
jZe-2w7pkd8,0,86.295,94.758
jZe-2w7pkd8,1,96.063,103.967
jZe-2w7pkd8,2,128.19,139.985
jZe-2w7pkd8,3,17.322,26.543
jZnFr-Mzj9M,0,5.08,14.341
jakiZQd4boM,1,29.095,43.185
jakiZQd4boM,2,42.664,49.98
jbKDW9URnvM,1,58.618,65.864
jbKDW9URnvM,2,74.841,81.528
jbKDW9URnvM,3,27.778,34.176
jfSGWBfVNBI,0,0.57006802721,9.14285714286
jgNu58Da9cs,3,25.853,37.309
jgNu58Da9cs,5,50.137,57.483
jj8aSNPHMw8,2,114.731,126.307
jj8aSNPHMw8,6,177.298,186.28
jj8aSNPHMw8,7,38.075,51.626
jj8aSNPHMw8,10,75.42,84.931
jj8aSNPHMw8,11,84.729,94.389
jjbOD6u7V34,0,77.755,112.508
jjbOD6u7V34,1,10.757,22.143
jjbOD6u7V34,2,37.107,47.446
jjbOD6u7V34,4,57.94,66.183
jlCFLG6rKKY,0,8.87120181406,13.5029478458
jlCFLG6rKKY,1,12.9918367347,15.7977324263
jlCFLG6rKKY,5,36.4984126984,48.1442176871
jlW4Iep4mmE,0,4.052,10.689
jnG9zog4NCs,3,24.7151927438,34.5850340136
jqKzaEniiKo,3,88.38,107.779
jqKzaEniiKo,6,22.45,36.541
jqutn5ou8_0,0,8.572,33.917
jqutn5ou8_0,1,33.196,37.628
jqutn5ou8_0,4,61.721,68.807
jrDqduyQrfo,0,3.394,16.247
jrDqduyQrfo,2,23.638,33.787
jrDqduyQrfo,3,42.974,48.763
jscKL5jS-SQ,2,80.02,85.639
jscKL5jS-SQ,3,103.057,111.131
jscKL5jS-SQ,7,160.746,170.137
jscKL5jS-SQ,8,192.993,197.904
jscKL5jS-SQ,9,212.658,223.456
jscKL5jS-SQ,11,43.882,50.19
jscKL5jS-SQ,12,51.045,57.782
juI9KoLA87A,6,75.629,80.81
juI9KoLA87A,8,98.019,103.997
juI9KoLA87A,9,16.045,19.699
juI9KoLA87A,13,36.858,43.954
jzNIU-w0MVo,0,71.15,79.333
jzNIU-w0MVo,1,78.333,85.19
jzNIU-w0MVo,2,84.41,91.885
jzNIU-w0MVo,4,94.876,105.414
jzNIU-w0MVo,5,104.414,113.785
jzNIU-w0MVo,6,117.035,122.116
jzNIU-w0MVo,10,50.457,63.938
k1BrzX5bc7U,0,17.182,22.273
k1BrzX5bc7U,2,37.137,44.363
k1ca_xbhohk,0,79.4319727891,86.026984127
k1ca_xbhohk,1,87.0047619048,93.1907029478
k1ca_xbhohk,3,16.6945578231,25.6342403628
k1ca_xbhohk,4,51.6850340136,64.0868480726
k1ca_xbhohk,5,66.4614512472,75.8102040816
k4T6GaDrcjs,10,43.093,48.084
k5-3KuvCFms,1,36.02,40.99
k8NgVOCDYKM,0,64.825170068,83.3530612245
k8NgVOCDYKM,1,84.9095238095,91.374829932
k8NgVOCDYKM,3,111.908163265,117.914512472
k8NgVOCDYKM,5,133.858276644,141.490929705
k8NgVOCDYKM,6,10.0197278912,13.9507936508
k8NgVOCDYKM,7,142.837868481,163.560770975
k8NgVOCDYKM,8,164.588435374,173.408390023
k8yDywC4gt8,0,12.772,21.295
kCQqLNiO0mk,4,82.155,86.587
kCQqLNiO0mk,5,86.146,90.678
kCQqLNiO0mk,10,22.39,31.881
kDyK9VGfLW8,0,6.676,18.462
kI6jzM_aLGs,0,3.27505668934,10.089569161
kI6jzM_aLGs,1,10.089569161,17.9816326531
kKkZihSbxF4,3,40.33,51.606
kLAXmTx2xOA,0,0.75963718821,6.4589569161
kM6wo2bb3nw,1,11.326,16.346
kPch8YhNfPE,0,83.053,86.876
kPch8YhNfPE,1,5.748,12.665
kPch8YhNfPE,3,42.954,51.846
kPn-t6NSxfQ,3,79.96,86.098
kPn-t6NSxfQ,5,109.413,117.786
kPn-t6NSxfQ,7,14.578,20.058
kPn-t6NSxfQ,8,23.727,41.28
kPn-t6NSxfQ,9,47.284,51.327
kRs39SO-neY,0,3.094,7.766
kRs39SO-neY,2,118.612,123.333
kRs39SO-neY,3,21.203,33.757
kU6YY2z7z0I,1,48.601,53.103
kXhJ3hHK9hQ,1,48.8204081633,55.0984126984
kXhJ3hHK9hQ,2,5.96780045351,10.4099773243
kXhJ3hHK9hQ,5,31.2303854875,38.2666666667
kXiBdruxTvE,0,9.919,25.346
kXiBdruxTvE,1,24.346,39.145
kY64gXOapYk,1,18.9782312925,24.9868480726
kY64gXOapYk,2,23.9868480726,30.2448979592
kZfcQ4a0kx4,2,86.694,112.249
kZfcQ4a0kx4,4,125.985,133.351
kZfcQ4a0kx4,6,161.794,168.95
kZfcQ4a0kx4,9,212.159,219.654
kZfcQ4a0kx4,11,41.986,49.381
kbRtSmJM5aU,0,100.443,105.234
kbRtSmJM5aU,1,80.099,95.636
kcIGTPHEsNo,0,13.571,18.013
kcIGTPHEsNo,2,85.158,97.023
kcIGTPHEsNo,3,96.821,113.426
kcIGTPHEsNo,4,116.147,126.386
kcIGTPHEsNo,5,125.865,137.421
kcIGTPHEsNo,8,177.069,183.477
kcIGTPHEsNo,9,183.035,197.395
kcIGTPHEsNo,11,40.519,55.787
kddCewAsxfA,2,26.0732426304,29.5952380952
kddCewAsxfA,3,30.6827664399,44.5712018141
kf3fZcx8nIo,0,11.5362811791,27.2505668934
kf3fZcx8nIo,1,27.8492063492,45.1
kfsO4c0Ekes,1,22.76,30.814
kfsO4c0Ekes,2,47.214,53.582
kfsO4c0Ekes,3,56.084,69.855
kg-W6-hP2Do,0,46.9557823129,55.6260770975
kg-W6-hP2Do,1,64.406122449,69.7340136054
kg-W6-hP2Do,2,70.8215419501,76.7380952381
kg-W6-hP2Do,5,10.6283446712,14.2201814059
kg-W6-hP2Do,6,14.9585034014,18.0215419501
kg-W6-hP2Do,7,34.0151927438,41.837414966
kj63uF0RhW8,0,7.554,15.149
kjQAkrdbREk,0,2.316,11.019
kk4gr5A6_Uw,0,9.25,21.535
kkaX3okuvjI,3,17.9804988662,22.1532879819
kld9r0iFkWM,0,3.573,13.882
kmAisuAFckw,0,32.078,41.479
kmAisuAFckw,1,41.138,47.176
kmgsC68hIL8,2,49.5387755102,53.3324263039
kmgsC68hIL8,5,28.4467120181,34.7047619048
kmgsC68hIL8,6,33.7047619048,41.0303854875
kqXpf26EL-s,1,48.4911564626,50.1297052154
kqXpf26EL-s,9,37.0072562358,49.3414965986
krHZuqfXrPU,17,146.648072562,154.931519274
ktblaVOnFVE,1,20.615,27.91
ku-dtUqCm2o,0,4.052,9.512
kuQWPuhnlHs,0,6.397,18.192
kuQWPuhnlHs,1,17.532,33.917
kuQWPuhnlHs,2,33.296,53.791
kvUb78Rdzdc,0,49.818,62.911
kvUb78Rdzdc,1,61.911,84.591
kwkhYpCHWPw,1,59.027,68.448
kwkhYpCHWPw,2,103.486,123.852
kwkhYpCHWPw,4,11.356,22.971
kwkhYpCHWPw,5,36.688,41.449
kx544gnOZB0,1,29.4555555556,41.8873015873
ky7Q5onqxGw,1,39.132,52.165
ky7Q5onqxGw,2,51.345,58.79
kyPepNmxaj8,0,10.278,15.189
kyPepNmxaj8,1,18.519,24.418
kz7ahNfXFsk,0,34.702,38.586
kzmaKnujN64,3,26.112,36.7
l0vCKpk6Aes,0,47.533,54.011
l0vCKpk6Aes,1,54.039,59.648
l0vCKpk6Aes,3,71.728,77.657
l0vCKpk6Aes,4,85.906,98.19
l0vCKpk6Aes,5,97.739,102.99
l0vCKpk6Aes,6,11.535,16.436
l0vCKpk6Aes,8,113.883,126.486
l0vCKpk6Aes,9,28.377,33.647
l4oMbKDuW3Y,0,5.349,16.865
l4oMbKDuW3Y,2,34.792,41.988
l8LTcZJ-_8k,1,52.1029478458,58.0217687075
lKTeLK8nq8w,0,45.0390022676,48.1342403628
lKTeLK8nq8w,1,47.1342403628,51.6562358277
lKTeLK8nq8w,4,8.01315192744,12.0761904762
lKTeLK8nq8w,7,31.8888888889,41.2897959184
lO6N9dyvPTA,0,8.692,14.82
lO87-4Kf0cQ,1,29.4056689342,35.5217687075
lTfsqoo-jKg,0,0.75,3.815
lTfsqoo-jKg,5,6.507,9.053
lUNNDDsm7R8,0,2.117,10.061
lUNNDDsm7R8,2,63.956,76.689
lVj6ZdyW9pI,0,4.451,9.382
lWXjdWvB0VI,0,58.917,69.057
lWf5hHRHIDs,0,67.757,73.576
lWf5hHRHIDs,1,14.129,25.645
lWf5hHRHIDs,2,47.932,53.592
lWvaIexY2WU,3,100.842,115.731
lYwgLa4R5XQ,2,52.831292517,57.2934240363
lawHYX5eB20,0,32.607,35.972
lbx3eu8LUl8,0,6.866,13.453
lc5bSoGlQwY,0,4.96,13.084
lc5bSoGlQwY,2,54.488,62.362
lc5bSoGlQwY,3,61.362,65.954
lc5bSoGlQwY,4,66.82,72.968
liJO1yIFsJs,0,60.843,67.989
lkIe41StoGI,5,16.2244897959,22.3628117914
lkIe41StoGI,7,30.8612244898,33.3678004535
lkeVfgI0eEk,6,37.0671201814,41.1501133787
lksy-At0vxc,0,87.772,95.008
lksy-At0vxc,1,4.761,12.894
lksy-At0vxc,3,51.105,65.355
lksy-At0vxc,4,64.804,83.833
ll10nEjTvGE,0,44.351,50.279
ll10nEjTvGE,1,58.917,66.822
ll10nEjTvGE,2,14.289,20.387
ll10nEjTvGE,4,37.267,45.181
lpF-yBYou0s,0,5.509,11.418
lpF-yBYou0s,1,10.418,22.323
lpF-yBYou0s,2,21.802,27.92
lrjm6F3JJgg,0,52.622,68.648
ltA1VF_DUSc,0,112.406,119.861
lwL4hjhkid4,2,19.8163265306,30.8235827664
lwL4hjhkid4,4,37.3365079365,43.8639455782
lxBKEPIUSgc,0,9.699,17.065
ly3QDQDJzzQ,0,27.329,34.056
lzyVWNrkgbQ,0,66.151,74.335
lzyVWNrkgbQ,1,78.952,82.576
lzyVWNrkgbQ,2,38.574,45.69
m0-DH0k115I,0,7.424,16.247
m0-DH0k115I,1,15.616,23.38
m7SJs73SF8w,3,25.523,29.886
m8tzdtrgFUA,4,3.59319727891,6.50884353741
m8tzdtrgFUA,9,40.8185941043,42.9959183673
mHGaQ_nv9UY,0,58.329,64.337
mHGaQ_nv9UY,1,64.485,68.528
mHGaQ_nv9UY,3,99.106,105.234
mHGaQ_nv9UY,7,149.681,162.025
mHGaQ_nv9UY,12,202.072,208.719
mHGaQ_nv9UY,15,32.537,38.307
mHIvH6Nnrls,6,41.6167800454,46.966893424
mI50zj8cTNw,3,27.239,33.098
mKP6TVuixWg,0,81.746,102.291
mKP6TVuixWg,1,101.291,106.222
mKP6TVuixWg,3,130.914,135.346
mKP6TVuixWg,4,21.502,40.591
mKP6TVuixWg,5,151.128,159.082
mKP6TVuixWg,6,65.991,74.973
mL2v-sODUZ8,0,82.743,90.498
mL2v-sODUZ8,1,89.817,105.175
mL2v-sODUZ8,2,104.254,111.081
mL2v-sODUZ8,3,49.868,62.522
mLW-jn67gRE,0,10.547,14.75
mLW-jn67gRE,2,62.849,71.631
mLW-jn67gRE,7,21.732,29.098
mLW-jn67gRE,11,53.22,56.775
mLZZ174bqws,0,12.613,16.047
mLZZ174bqws,1,15.406,20.806
mLZZ174bqws,2,20.405,27.232
mLZZ174bqws,3,26.741,34.086
mMeGgB9-hSE,0,49.509,56.336
mMeGgB9-hSE,1,93.08,105.743
mMeGgB9-hSE,2,119.131,127.464
mNurUl_Q2UY,0,37.127,44.592
mOnyMWhb5Ac,1,13.78,18.512
mQTaEIrNxnQ,0,56.164,69.745
mQTaEIrNxnQ,1,69.424,77.029
mQTaEIrNxnQ,6,47.972,53.003
mRnEJOLkhp8,1,20.6854875283,22.9902494331
mRnEJOLkhp8,4,42.6854875283,47.0056689342
mRnEJOLkhp8,5,3.21519274376,6.32811791383
mRnEJOLkhp8,7,54.7580498866,54.8777777778
mRnEJOLkhp8,8,54.8777777778,55.1072562358
mRnEJOLkhp8,9,6.32811791383,8.09410430839
mRqqH_gx7Q0,1,14.748,35.563
mSWwz7dXUP8,0,23.318,29.796
mW8eL4e7Wrg,0,53.49,60.606
mW8eL4e7Wrg,1,60.075,68.398
mW8eL4e7Wrg,4,11.994,18.771
mW8eL4e7Wrg,5,97.999,105.943
mW8eL4e7Wrg,7,18.459,27.511
mW8eL4e7Wrg,8,33.395,44.273
mXdvCxLbpuY,0,7.185,11.877
mXdvCxLbpuY,1,19.707,24.877
mZ_8em_-CGc,0,44.7,52.065
mZ_8em_-CGc,1,60.224,79.772
maO6KmmgcB8,0,45.059,54.879
maO6KmmgcB8,1,54.707,65.904
mfpR4CN9LZo,1,48.691,55.817
mfpR4CN9LZo,2,65.582,73.696
mfpR4CN9LZo,3,80.638,88.143
mfpR4CN9LZo,5,20.744,27.032
mgovo8VYtvk,11,8.60181405896,22.6721088435
mgovo8VYtvk,21,21.6721088435,28.5188208617
mgpoY1-110U,0,14.039,20.846
mgpoY1-110U,2,90.077,95.447
mgpoY1-110U,3,105.691,115.062
mgpoY1-110U,4,122.463,127.544
mgpoY1-110U,5,42.345,52.005
mgsvwAVQAQo,2,29.983,41.03
mjQfQx2K__8,2,95.165,101.732
mjQfQx2K__8,5,144.303,161.467
mjQfQx2K__8,6,161.315,167.732
mjQfQx2K__8,9,27.519,35.373
mjQfQx2K__8,11,61.791,77.009
mjYeEikLR8I,0,48.332,56.376
mjYeEikLR8I,1,63.557,69.196
mn8_HvzbN5c,1,59.855,71.361
mn8_HvzbN5c,2,124.339,146.61
mpfSRGHFY0g,0,6.048,14.81
muOYAxkG-Zo,1,57.351,64.477
muOYAxkG-Zo,2,64.096,69.835
muOYAxkG-Zo,3,73.494,79.104
muOYAxkG-Zo,4,83.571,91.965
mw_ZwML0SbY,1,32.059,46.518
mxFU6TrHChY,1,91.473,104.646
mxFU6TrHChY,4,121.186,131.644
mxFU6TrHChY,5,12.423,25.226
mxFU6TrHChY,9,59.436,73.916
mxFU6TrHChY,10,73.804,78.286
mxa4KXSz9rw,3,44.8494331066,47.8049886621
mzAu5gxjE-w,3,52.552,73.028
mzTHW2dtbs4,0,0.45,8.285
mzTHW2dtbs4,2,36.947,42.597
mzTHW2dtbs4,3,41.936,52.624
mziQcFSsdRI,0,3.204,11.677
n-sgVVTE9Io,3,52.622,62.063
n4xRx0J3rYQ,3,99.336,111.49
n4xRx0J3rYQ,5,122.683,130.717
n4xRx0J3rYQ,11,59.596,66.842
n5J1ZkGUGnU,0,51.0464852608,54.6183673469
n5J1ZkGUGnU,1,15.0083900227,20.7253968254
n5J1ZkGUGnU,2,21.2242630385,24.6963718821
n5J1ZkGUGnU,3,25.4845804989,33.0174603175
n5MU2-GFjo8,2,58.319,63.32
n5MU2-GFjo8,3,78.782,98.141
n7K5SpMrQt0,0,52.073,58.96
n7K5SpMrQt0,1,58.688,62.571
n7K5SpMrQt0,2,64.764,69.306
n7K5SpMrQt0,3,75.38,83.544
n7K5SpMrQt0,5,18.529,23.959
n7K5SpMrQt0,6,40.769,47.466
nAhn8-kZpM8,0,103.267,109.295
nAhn8-kZpM8,1,109.153,128.691
nD1R4UedEDo,7,102.039455782,112.218594104
nD1R4UedEDo,8,18.2399092971,25.2961451247
nDXKvarLEOM,1,31.829,38.227
nDXKvarLEOM,2,39.641,46.378
nErOMpqvcRg,0,24.536,29.467
nErOMpqvcRg,1,28.936,39.683
nErOMpqvcRg,2,49.449,69.466
nFTo-Lz4Fr8,0,16.514,25.795
nGah7qST1dI,0,12.6126984127,14.5505668934
nGah7qST1dI,2,17.022675737,23.3405895692
nHMHePX9WoU,1,6.16734693878,9.95102040816
nHP7l5zAwGA,1,156.855,167.014
nHP7l5zAwGA,2,116.537,131.106
nHP7l5zAwGA,3,130.674,137.242
nKiC9sEP2vM,3,107.198,121.737
nKiC9sEP2vM,6,172.868,181.431
nKiC9sEP2vM,8,15.067,32.809
nKiC9sEP2vM,9,206.093,217.27
nKiC9sEP2vM,13,74.622,81.718
nM5S3xxNOlQ,8,42.7541950113,46.2684807256
nMCCLB9gOag,0,-0.487528344671,15.7278911565
nMCCLB9gOag,1,51.1650793651,55.3578231293
nMCCLB9gOag,2,54.3578231293,56.7746031746
nMCCLB9gOag,3,28.6662131519,34.1859410431
nMCCLB9gOag,4,35.3011337868,45.6
nMCCLB9gOag,5,44.7696145125,51.3768707483
nMCCLB9gOag,6,50.3768707483,52.1650793651
nQ7txb1MtG0,0,13.58,22.572
nQ7txb1MtG0,1,21.981,33.657
nTBKtwqPIYw,0,3.623,12.336
nTBKtwqPIYw,4,21.862,27.172
nTBKtwqPIYw,5,40.878,45.879
nTBKtwqPIYw,6,48.521,53.352
nTZSH0EwpnY,1,123.331,144.296
nTZSH0EwpnY,3,159.249,172.492
nTZSH0EwpnY,6,35.66,47.965
nUZYqTRSGDw,0,20.365,31.063
nUZYqTRSGDw,1,34.423,41.459
nXWNHVZtV9A,0,30.632,41.599
nZEPf7a8GbI,0,24.576,31.392
nZEPf7a8GbI,1,30.901,38.317
nZFPKP9kBkw,0,3.583,9.961
naZi9AusrW4,0,8.722,17.813
namehdJxRIM,3,36.049,45.341
nbru7qLot04,1,62.4206349206,68.3272108844
nbru7qLot04,5,6.27823129252,10.7380952381
nbru7qLot04,11,53.9798185941,62.4206349206
ngp7s5Wvde0,0,2.705,11.887
ngp7s5Wvde0,2,113.434,124.141
ngp7s5Wvde0,4,74.302,84.202
nhD9WSEIspQ,2,80.119,88.752
nhD9WSEIspQ,3,97.31,102.531
nhD9WSEIspQ,4,106.3,120.649
nhD9WSEIspQ,5,50.327,53.283
niX_m3aMxhQ,1,7.524,15.239
npIVLL_fTf0,1,87.542,97.642
npIVLL_fTf0,2,97.42,104.815
npIVLL_fTf0,5,145.251,152.996
npIVLL_fTf0,6,173.437,182.619
npIVLL_fTf0,7,196.864,203.052
npIVLL_fTf0,8,30.632,39.145
nsLACXjD4KU,0,14.937414966,20.6068027211
nsLACXjD4KU,1,21.8217687075,33.2879818594
nw6Kf3AtCz4,0,0.69977324263,5.91020408163
nw6Kf3AtCz4,10,4.91020408163,7.33696145125
nw6Kf3AtCz4,29,16.9528344671,20.377324263
nxksB2kDJ6o,1,39.971,57.014
nyzIL6YAonY,0,27.03,32.43
nyzIL6YAonY,1,32.128,37.129
nyzIL6YAonY,2,36.648,47.027
nz2vkMyqfeE,0,76.697,87.235
nz2vkMyqfeE,1,86.654,99.996
nz2vkMyqfeE,3,117.614,123.333
nz2vkMyqfeE,5,33.066,40.332
o2XbNJDpOlc,0,89.618,95.886
o2XbNJDpOlc,1,95.814,105.334
o2XbNJDpOlc,2,120.797,129.819
o2XbNJDpOlc,3,136.252,142.909
o2XbNJDpOlc,4,64.185,70.104
o2XbNJDpOlc,5,81.446,88.692
o2miCpS7Hwo,0,10.428,17.564
o2miCpS7Hwo,2,38.344,51.726
o5OsO6Aq9pA,0,-0.487528344671,2.85714285714
o5OsO6Aq9pA,1,40.7886621315,47.0766439909
o5OsO6Aq9pA,2,5.59863945578,8.89342403628
o5OsO6Aq9pA,3,7.99319727891,12.5850340136
o5OsO6Aq9pA,4,12.0140589569,15.1492063492
o5OsO6Aq9pA,5,15.2467120181,20.6068027211
o5OsO6Aq9pA,6,20.4349206349,24.0789115646
o5OsO6Aq9pA,7,26.3814058957,31.0829931973
o5OsO6Aq9pA,8,30.9410430839,40.212244898
o63doZKEIds,4,29.814,35.144
o6Cd9RmqdBc,0,0.0,3.077
o6Cd9RmqdBc,1,2.127,9.362
o6Cd9RmqdBc,2,8.362,15.089
o6Cd9RmqdBc,3,14.109,23.949
o6Cd9RmqdBc,4,23.927,26.733
o6Cd9RmqdBc,5,35.171,45.54
o6Cd9RmqdBc,6,44.879,51.098
o8OZGBDPD8M,1,78.174,83.185
o8OZGBDPD8M,2,82.185,90.877
o8OZGBDPD8M,3,91.643,101.862
o8OZGBDPD8M,4,134.067,143.937
o8OZGBDPD8M,6,60.813,70.184
oANUXY3xXKM,0,6.69614512472,11.0884353741
oBS-IW-BO00,0,15.277,26.992
oBS-IW-BO00,1,26.91,33.647
oCsrnIomHos,0,87.672,96.275
oCsrnIomHos,1,158.761,171.344
oCsrnIomHos,2,225.02,236.327
oCsrnIomHos,3,33.775,42.218
oCsrnIomHos,4,57.461,79.453
oDznO5w3v0U,0,65.592,76.34
oDznO5w3v0U,1,27.778,32.889
oDznO5w3v0U,2,46.077,52.085
oGFDE-6nd7Q,4,42.126,47.526
oGnKsroR0R0,2,57.001814059,61.114739229
oGnKsroR0R0,10,107.95600907,113.96462585
oGnKsroR0R0,11,10.916553288,15.8975056689
oH9fMma8jiQ,0,67.318,81.209
oHV99Y_EWfI,1,70.93,78.046
oHV99Y_EWfI,2,83.502,91.156
oHV99Y_EWfI,8,183.494,191.409
oHV99Y_EWfI,9,27.888,34.256
oHV99Y_EWfI,11,42.525,49.521
oHff2W51wZ8,0,1.30839002268,10.0707482993
oK951Y2N_k0,0,4.152,9.293
oNCvb0F-c88,0,19.966,25.645
oNnoN0bxVnA,0,-0.487528344671,2.66757369615
oNnoN0bxVnA,1,1.91700680272,5.0820861678
oNnoN0bxVnA,2,30.601814059,35.243537415
oNnoN0bxVnA,3,34.3233560091,40.9405895692
oNnoN0bxVnA,4,39.9405895692,45.4204081633
oNnoN0bxVnA,5,44.5102040816,55.2780045351
oPvUDLhTrjI,1,73.285,80.171
oPvUDLhTrjI,4,103.366,108.337
oPvUDLhTrjI,5,107.946,125.528
oPvUDLhTrjI,6,22.081,28.0
oQizLbmte0c,0,7.135,14.451
oQizLbmte0c,2,63.138,68.468
oQizLbmte0c,3,68.685,75.402
oQizLbmte0c,5,88.909,93.92
oQizLbmte0c,6,19.128,24.308
oVqBUyKvgdU,2,148.015,181.531
oVqBUyKvgdU,4,90.346,121.877
oVqBUyKvgdU,5,133.817,148.426
oW1OEsP7Dds,0,83.671,94.479
oW1OEsP7Dds,1,93.908,103.728
oW1OEsP7Dds,2,51.604,56.126
oWAyEzyp2xQ,0,16.763,22.203
oWAyEzyp2xQ,3,97.699,101.144
oWAyEzyp2xQ,4,107.986,115.192
oWAyEzyp2xQ,5,114.591,123.423
oWAyEzyp2xQ,6,141.171,146.77
oWAyEzyp2xQ,11,63.597,74.584
oZkWWCQw2Js,1,93.728,106.951
oZkWWCQw2Js,2,106.469,113.067
obGF3RfWQKE,0,44.141,53.781
obGF3RfWQKE,1,69.234,74.814
obGF3RfWQKE,2,82.903,88.403
obGF3RfWQKE,5,101.022,103.818
obGF3RfWQKE,7,106.529,110.373
obGF3RfWQKE,8,7.494,16.446
obGF3RfWQKE,10,130.714,137.252
obGF3RfWQKE,12,15.446,25.007
obGF3RfWQKE,13,26.292,31.781
obGF3RfWQKE,14,37.097,42.387
obnOnuzb-Xw,2,15.3764172336,20.0879818594
oecQ9yDtfx0,1,20.824,32.6
ogGweZUAVtU,42,192.254421769,194.790929705
ogGweZUAVtU,50,34.9818594104,38.1369614512
omBcvw7izuM,3,142.078,149.554
omBcvw7izuM,5,179.444,186.36
omBcvw7izuM,7,198.041,203.391
omBcvw7izuM,11,84.749,101.643
omBcvw7izuM,13,126.145,134.318
omHQ68k50XY,0,106.27,113.296
omHQ68k50XY,1,112.615,121.488
omHQ68k50XY,4,169.396,183.397
omHQ68k50XY,5,10.088,23.74
omHQ68k50XY,6,23.089,31.861
omHQ68k50XY,7,71.08,78.805
ooAF6I-fmTg,0,13.67,20.786
ooAF6I-fmTg,1,24.825,31.273
ooAF6I-fmTg,2,48.222,56.495
ooGB4BLK9PM,0,37.546,46.658
opHUZsc2WO8,0,6.177,17.215
opHUZsc2WO8,1,17.312,24.318
ossKC1VrusE,1,9.121,18.232
otna1VHHCow,3,27.489,37.688
ou6S6fbfBWU,1,47.693,59.089
owT0_Xfu8a0,1,20.834,28.319
oyHKiX5YGDE,0,57.181,62.721
oyHKiX5YGDE,1,81.835,91.476
oyHKiX5YGDE,2,121.665,138.798
oyHKiX5YGDE,3,139.903,153.844
oyHKiX5YGDE,4,153.183,163.901
oyHKiX5YGDE,7,181.429,187.757
oyHKiX5YGDE,9,35.68,44.932
ozA7pRW4gFM,0,14.618,17.394
p18PVgfxook,0,24.635,33.418
p19Hsjx2xgI,0,14.059,39.604
p19Hsjx2xgI,2,138.656,144.395
p19Hsjx2xgI,3,143.864,163.801
p1zqEGwRMI8,0,28.197,37.558
p4IeTRNcxc4,0,19.796,28.449
p4IeTRNcxc4,1,27.978,41.37
p4IeTRNcxc4,2,55.575,64.647
p4WmcxrXkc4,2,26.611,43.615
p5LEk2u8tXk,0,57.7,65.305
p5LEk2u8tXk,1,66.271,72.489
p5LEk2u8tXk,2,74.402,81.468
p5LEk2u8tXk,5,17.472,21.185
p5LEk2u8tXk,6,36.838,50.05
p7zuPEZgtY4,1,64.844,72.12
p7zuPEZgtY4,3,93.948,100.126
p7zuPEZgtY4,4,99.655,114.064
p7zuPEZgtY4,5,10.178,15.159
p7zuPEZgtY4,6,53.47,58.331
pC0zFF8CXXk,0,6.995,13.184
pC0zFF8CXXk,1,20.315,31.821
pDRdCSIyjkA,1,11.834,24.837
pFh-SLxltms,0,0.361,8.325
pFh-SLxltms,2,77.106,83.743
pFh-SLxltms,3,83.971,98.969
pFh-SLxltms,6,112.067,118.335
pFh-SLxltms,8,121.795,130.288
pFh-SLxltms,10,141.41,151.33
pFh-SLxltms,15,56.184,62.641
pI5Kng_GuLE,0,35.78,42.048
pIMByitigYI,0,2.925,7.367
pIMByitigYI,4,124.518,130.467
pIMByitigYI,7,148.833,156.099
pIMByitigYI,8,165.236,176.902
pIMByitigYI,9,15.516,22.014
pIMByitigYI,11,46.536,52.155
pKXaKinzTmY,0,25.364,30.993
pKXaKinzTmY,1,31.799,41.619
pKXaKinzTmY,2,41.627,49.411
pQpy7RSfWzM,1,42.435,49.731
pQpy7RSfWzM,2,49.559,56.256
pQpy7RSfWzM,6,82.783,88.243
pQpy7RSfWzM,7,100.962,110.034
pQpy7RSfWzM,12,33.216,39.234
pRdxEaLB8r4,1,37.386,44.941
pSxte-ms0t8,0,3.154,7.626
pSxte-ms0t8,10,18.42,25.635
pSxte-ms0t8,12,193.452,206.065
pSxte-ms0t8,16,35.451,42.138
pSxte-ms0t8,17,41.976,47.775
pSxte-ms0t8,18,47.573,54.839
pU-MjERGTUk,0,72.048,86.547
pVs1daijYTw,0,6.187,22.004
pVzHaakhKAw,1,59.376,78.415
pY4ovojS4rk,1,21.832,27.082
pY4ovojS4rk,2,37.287,47.665
pYUTSG9frAk,0,127.771,141.522
pYUTSG9frAk,1,4.112,10.38
pbFwuNCQlH8,0,41.4571428571,51.8358276644
pbFwuNCQlH8,1,50.8657596372,53.9410430839
pbFwuNCQlH8,4,6.60634920635,13.662585034
pbFwuNCQlH8,8,32.8367346939,38.2965986395
pf-78LF4ORE,0,4.87,12.156
pf-78LF4ORE,5,106.28,111.141
pf-78LF4ORE,6,110.65,123.962
pf-78LF4ORE,7,122.962,128.871
pf-78LF4ORE,8,11.485,16.835
pf-78LF4ORE,10,137.11,144.655
pf-78LF4ORE,15,16.374,30.814
pfCPogxnUfw,2,76.937,88.872
pfCPogxnUfw,3,88.331,94.948
pfCPogxnUfw,7,116.716,123.433
pfCPogxnUfw,9,142.667,149.394
pfCPogxnUfw,10,148.963,155.351
pfCPogxnUfw,11,164.647,173.599
pfCPogxnUfw,12,22.57,30.275
pfCPogxnUfw,13,29.275,34.116
pfCPogxnUfw,14,33.246,39.594
pfCPogxnUfw,15,44.151,50.659
pjWLxORDDP4,0,28.786,32.57
pkH2TfFN-6s,0,16.574,22.932
plsot5mFAtQ,0,41.826,48.883
plsot5mFAtQ,1,51.923,75.113
plsot5mFAtQ,2,74.332,84.901
pnpFPX34Agk,1,23.1188208617,27.4612244898
po5jCjnxW1w,0,18.519,24.907
pqAGD3ijMPw,0,43.912,50.16
pqAGD3ijMPw,1,49.259,60.087
ptgBkE_e5js,0,13.91,26.284
ptp-kfn4vWY,0,27.379,35.114
ptp-kfn4vWY,1,34.603,48.374
pttwIaJmfcU,0,14.608,24.378
pttwIaJmfcU,1,24.166,38.646
puum3vabpb4,0,96.023,101.693
puum3vabpb4,1,118.851,125.119
puum3vabpb4,4,17.841,25.615
puum3vabpb4,9,177.668,182.619
puum3vabpb4,11,204.616,210.455
puum3vabpb4,12,209.874,214.835
puum3vabpb4,14,227.474,232.465
puum3vabpb4,16,56.303,65.844
puum3vabpb4,17,65.882,83.963
puum3vabpb4,18,82.963,94.289
pwj9YeMJC08,0,63.4682539683,71.0011337868
pwj9YeMJC08,1,71.4900226757,77.5462585034
pwj9YeMJC08,2,77.985260771,81.9163265306
pwj9YeMJC08,3,83.3031746032,87.0346938776
pwj9YeMJC08,4,17.1036281179,21.2741496599
pwj9YeMJC08,7,42.1666666667,49.9689342404
q-0gu48ClF4,3,44.5700680272,51.8657596372
q17gSr9kNww,0,0.39,7.826
q17gSr9kNww,3,7.155,17.683
q17gSr9kNww,6,31.939,43.355
q1_knonj0Lw,1,59.327,63.888
q1_knonj0Lw,6,104.304,110.093
q1_knonj0Lw,8,131.363,140.684
q1_knonj0Lw,9,139.913,148.257
q1_knonj0Lw,10,160.397,164.55
q1_knonj0Lw,13,27.419,31.791
q1_knonj0Lw,14,40.629,46.239
q4hP2j7oewo,0,9.779,18.302
q7BxnIM2_z0,0,31.959,44.183
qBanrqkzobg,1,18.619,21.215
qBanrqkzobg,3,47.314,52.065
qCUg4ek1PPE,0,1.698,10.909
qEkFReBuwxc,4,113.254,117.676
qEkFReBuwxc,6,118.063,126.476
qEkFReBuwxc,10,28.008,31.382
qEkFReBuwxc,11,45.079,57.214
qEkFReBuwxc,13,64.295,71.332
qFppeQvdfxI,6,47.683,52.434
qFsGMA75-oQ,0,2.985,9.213
qJBQH14qtHc,0,52.901,66.832
qJBQH14qtHc,1,69.763,74.534
qJBQH14qtHc,2,93.649,105.354
qJBQH14qtHc,4,146.688,152.307
qJBQH14qtHc,5,6.247,13.423
qJBQH14qtHc,6,35.571,40.292
qJZlp9uxoTU,1,68.6453514739,70.6231292517
qJZlp9uxoTU,5,93.7283446712,105.434013605
qJZlp9uxoTU,6,105.192290249,117.626303855
qJZlp9uxoTU,11,25.9823129252,29.8857142857
qJZlp9uxoTU,12,29.7238095238,43.2054421769
qJh6x4wmmh8,1,4.84,14.76
qK77ZmbqmOM,1,101.461,106.392
qK77ZmbqmOM,2,22.141,29.846
qP4uuMI-JSk,0,79.181,88.812
qP4uuMI-JSk,1,13.551,27.591
qP4uuMI-JSk,2,27.469,33.088
qTkazqluJ_I,0,112.067,121.717
qTkazqluJ_I,1,30.213,39.424
qTkazqluJ_I,4,89.388,95.886
qXisb7w9LjM,0,21.802,25.476
qXisb7w9LjM,1,33.565,40.003
qXisb7w9LjM,2,50.766,55.857
qY1sXq-YCHs,0,71.659,82.107
qY1sXq-YCHs,1,37.576,46.049
qY1sXq-YCHs,2,45.568,52.185
qY1sXq-YCHs,3,58.858,63.35
qYC3gN1AkOA,0,-0.447619047619,3.58548752834
qYC3gN1AkOA,1,3.6231292517,10.3301587302
qYC3gN1AkOA,2,10.1782312925,13.5727891156
qYC3gN1AkOA,3,14.0095238095,20.147845805
qYC3gN1AkOA,4,19.3673469388,29.1873015873
qYC3gN1AkOA,5,28.1873015873,33.7369614512
qYC3gN1AkOA,6,45.7673469388,52.3945578231
qYC3gN1AkOA,7,51.3945578231,55.4077097506
qYJtbgLqizk,0,6.387,17.624
qaoSn1eEyq0,0,39.921,46.079
qbIajpM7U3Y,1,22.7,30.584
qd6YuFGcBGk,2,100.403,122.994
qd6YuFGcBGk,3,122.393,127.723
qd6YuFGcBGk,5,167.371,172.921
qd6YuFGcBGk,6,20.215,29.157
qd6YuFGcBGk,7,65.213,83.015
qed3medhsj4,4,98.158,103.259
qgC8_emxSIU,0,82.324,93.222
qgC8_emxSIU,1,39.112,53.642
qgC8_emxSIU,2,52.642,65.794
qjMyjLSORY4,0,1.069,11.078
qjMyjLSORY4,4,106.988,116.429
qjMyjLSORY4,9,184.722,189.134
qjMyjLSORY4,10,188.523,191.878
qjMyjLSORY4,12,192.274,198.363
qjMyjLSORY4,14,203.808,208.749
qjMyjLSORY4,16,24.097,34.455
qjMyjLSORY4,17,34.283,41.689
qkWdc-E6jGI,0,48.641,55.208
qkWdc-E6jGI,1,6.816,20.307
qkWdc-E6jGI,3,107.258,111.241
qkWdc-E6jGI,5,30.243,34.944
qlDT-bmIzQI,1,26.761,34.385
qlDiE1d45Bc,0,50.786,58.231
qlDiE1d45Bc,1,64.435,71.411
qlDiE1d45Bc,3,76.019,90.917
qlDiE1d45Bc,4,4.421,10.889
qmMSumMloAs,0,12.174,22.263
qmx0nQZYHIo,0,23.707,35.453
qmx0nQZYHIo,1,35.231,49.272
qo2reupzUE0,0,2.865,12.465
qo2reupzUE0,2,40.429,45.6
qo2reupzUE0,3,47.523,52.973
qpht9L3s9G4,0,23.807,31.741
qpht9L3s9G4,1,61.671,70.134
qrSW93EtuMc,1,27.13,36.87
qszy_WSRFUM,2,96.143,101.254
qszy_WSRFUM,3,40.36,45.58
qszy_WSRFUM,6,78.224,95.157
qtI3CB1jslQ,0,66.361,81.039
qvIhzmujTi8,0,54.807,59.728
qvIhzmujTi8,1,71.659,83.324
qvIhzmujTi8,2,25.932,32.151
qyJiDgtj6YE,0,50.177,58.341
qyJiDgtj6YE,1,72.327,77.418
qyJiDgtj6YE,2,76.667,81.259
qyJiDgtj6YE,5,23.847,31.123
qyqVc352g3Q,0,16.1247165533,21.3151927438
r13W4H8ZhqI,0,3.573,16.277
r13W4H8ZhqI,4,16.035,25.456
r13W4H8ZhqI,6,37.795,41.729
r1erb5PSm1A,3,126.354,135.097
r1erb5PSm1A,5,37.815,47.256
r1erb5PSm1A,6,75.819,82.566
r4ul1wl_1T8,0,84.589,94.519
r4ul1wl_1T8,1,94.706,100.415
r4ul1wl_1T8,2,103.795,115.501
r4ul1wl_1T8,3,14.149,30.085
r4ul1wl_1T8,4,29.854,49.671
r5ijC2W9ddk,1,9.879,20.008
r5ijC2W9ddk,3,32.917,41.16
r5ijC2W9ddk,4,47.972,58.541
r8Jyl2Bfl14,1,12.244,17.424
r8OPmbZZlpE,0,11.775,20.956
r917wP1qsL4,0,90.935,96.484
r917wP1qsL4,1,98.547,105.165
r917wP1qsL4,2,44.271,49.072
r9tgDqXEcuc,0,72.726,84.851
r9tgDqXEcuc,1,94.127,100.286
r9tgDqXEcuc,2,33.834,42.018
r9tgDqXEcuc,3,45.767,57.064
rApOTQgFW6Y,0,53.51,61.334
rB6WmWvvyxg,6,33.6548752834,39.1247165533
rBWeo_rEdcU,0,108.674,124.85
rBWeo_rEdcU,1,123.85,132.433
rBWeo_rEdcU,2,134.117,148.606
rBWeo_rEdcU,5,176.031,185.911
rBWeo_rEdcU,7,213.376,223.845
rBWeo_rEdcU,9,48.102,64.407
rC29Qub0U7A,1,88.47,95.846
rC29Qub0U7A,2,95.844,102.87
rC29Qub0U7A,7,73.524,81.169
rCQYq4T8SEI,1,82.713,94.309
rCQYq4T8SEI,2,16.574,23.321
rCQYq4T8SEI,4,40.799,46.119
rEWQW_ibDwg,0,62.0,70.893
rEWQW_ibDwg,1,85.527,102.64
rEWQW_ibDwg,2,102.029,110.193
rEWQW_ibDwg,3,121.874,131.255
rEWQW_ibDwg,4,136.81,147.129
rEWQW_ibDwg,5,155.568,164.54
rEWQW_ibDwg,6,42.156,48.853
rFHIApgUtoI,0,32.308,40.611
rKyXU0ls5aQ,0,44.0412698413,50.0798185941
rKyXU0ls5aQ,1,18.2598639456,26.6231292517
rKyXU0ls5aQ,2,28.935600907,33.8566893424
rKyXU0ls5aQ,3,37.4562358277,43.3650793651
rKyXU0ls5aQ,4,42.7442176871,45.0412698413
rLHJ_ebXCHQ,0,63.387,90.558
rLHJ_ebXCHQ,1,12.383,18.791
rNXM3avNBKk,0,88.011,94.968
rNXM3avNBKk,1,94.417,115.262
rNXM3avNBKk,2,117.953,129.868
rVG8gOAY0JE,0,51.754,72.399
rWjPSlzUc-8,1,18.25,35.822
rZqWAnrJ1Nc,0,3.204,10.021
r_vjlTcrI-U,0,18.689,31.811
r_vjlTcrI-U,1,30.811,41.819
raQ9Pcgo-II,2,25.733,31.582
rcfnqiD0y8o,5,13.231,23.321
rePYTlT5_AY,1,17.342,28.399
rexJoy4RMdY,2,33.755,41.26
rf0yDSeVEUA,2,18.9195011338,22.2718820862
rhQB8e999-Q,2,64.684,74.544
rhQB8e999-Q,3,87.961,105.185
rhQB8e999-Q,6,160.307,165.448
rhQB8e999-Q,11,54.946,65.425
rsQRiALH5FU,0,74.362,87.345
rsQRiALH5FU,1,86.714,95.247
rsQRiALH5FU,3,24.695,35.323
rv1gp0wEhI0,0,61.132,67.111
rvQ2cRnroOU,0,3.254,10.35
rvQ2cRnroOU,3,94.327,99.458
rvQ2cRnroOU,4,105.871,110.882
rvQ2cRnroOU,7,26.082,32.859
rwNlqh0k1j4,0,92.082,104.327
rwNlqh0k1j4,1,123.6,138.03
rwNlqh0k1j4,6,38.394,47.645
rwNlqh0k1j4,8,61.711,74.923
ryE9VBiR3p8,0,58.468,67.859
rz4Ax6xfZHQ,0,13.73,30.744
rz4Ax6xfZHQ,3,121.066,128.102
rz4Ax6xfZHQ,6,44.48,51.078
rzsk_IvI7bQ,0,9.121,18.272
s0PUurm1ONo,0,3.394,15.409
s1Yo_MCiMPc,0,3.863,19.25
s1Yo_MCiMPc,3,107.417,113.506
s1Yo_MCiMPc,4,119.42,140.554
s1Yo_MCiMPc,6,46.037,57.982
s2oX3zxWuEI,0,49.858,64.088
s53UAEi7JEY,0,1.897,7.806
s53UAEi7JEY,2,103.626,111.7
sC16n1k66io,0,102.049,106.192
sC16n1k66io,1,4.611,16.346
sC1NvtirijU,18,39.881,48.952
sFLTjqVS7AE,2,41.1777777778,48.8725623583
sFLTjqVS7AE,3,48.5909297052,54.2702947846
sFxUNO2HOKY,0,142.857,160.609
sFxUNO2HOKY,1,8.612,16.626
sIGAq2J4KKI,2,22.291,26.942
sIusv36VoBY,0,22.929,36.331
sK9_de5Jx4U,0,4.771,12.036
sKwPCpFtUUI,0,6.247,10.49
sKwPCpFtUUI,1,16.264,21.814
sLaTZtL0ZIk,0,21.602,28.06
sLaTZtL0ZIk,1,27.649,38.277
sMnbpyFqrlE,2,69.603,77.557
sMnbpyFqrlE,3,82.135,89.241
sMnbpyFqrlE,5,94.846,98.859
sMnbpyFqrlE,6,27.549,32.639
sPremsknoLM,0,0.350566893424,2.47800453515
sPremsknoLM,2,45.20861678,48.8825396825
sPxoGNvnVzg,3,27.379138322,39.643537415
sPxoGNvnVzg,4,52.1129251701,55.4575963719
sRMdbZVjhis,0,5.13,14.381
sRex0-9yFFc,1,75.779,90.259
sRex0-9yFFc,2,37.017,46.199
sWsDAG6x9n0,2,18.839,26.793
sfaWfZ2-4c0,0,11.196,26.823
skp_SpnIOCM,0,10.937,16.337
slLRsFFiiRc,0,4.162,14.401
slLRsFFiiRc,2,38.264,73.447
slLRsFFiiRc,3,93.698,108.307
slz8pd0Wzxs,0,36.399,46.099
sn1fEo72gJM,0,72.586,77.817
sn1fEo72gJM,1,7.095,17.304
sn1fEo72gJM,3,35.092,40.781
sn1fEo72gJM,4,40.569,50.778
snVkfJKvjwk,1,20.924,30.614
soqnBdPOwoo,0,1.268,4.214
sqADHmnM164,0,10.597,20.607
ssqiwP19JhM,0,4.83,15.838
ssqiwP19JhM,3,15.157,23.39
ssqiwP19JhM,4,67.139,76.759
ssqiwP19JhM,5,76.478,86.198
svsbGQn389o,0,32.907,42.168
svsbGQn389o,1,47.364,53.771
szic2IB9HB4,0,6.866,12.415
szic2IB9HB4,2,38.614,45.151
szic2IB9HB4,4,58.099,63.948
t-wXEPHHtME,0,28.976,43.844
t-wXEPHHtME,1,43.143,52.794
t0Wi5Nb6kbI,0,80.169,94.918
t0Wi5Nb6kbI,1,100.702,110.961
t0Wi5Nb6kbI,2,25.723,36.201
t2U7w3K2qac,0,8.552,18.043
t2U7w3K2qac,1,47.154,54.53
t4-ZulW5np4,2,20.2154195011,24.6476190476
t7a3zECpT4k,0,8.462,27.84
t7a3zECpT4k,2,102.967,114.643
t7a3zECpT4k,3,36.049,41.749
tC2KicUHB9Q,0,-0.18820861678,6.61859410431
tO68uTk-T_E,0,4.701,13.732
tO68uTk-T_E,2,31.659,36.361
tO68uTk-T_E,3,38.673,51.187
tQ-CIfgj-Js,0,21.5036281179,22.0922902494
tQk-eoA7JyE,0,29.654,45.47
tQk-eoA7JyE,1,45.199,54.669
tRSPfPlNbMU,0,50.636,56.016
tRSPfPlNbMU,1,124.119,131.854
tRSPfPlNbMU,2,18.878,24.817
tUTf9R5u6r0,0,15.187,19.709
tW5xAWDnbGU,2,42.156,47.835
tXQQ0joMq1Q,0,11.854,18.083
tXQpm-nKxNA,1,14.848,27.87
tXQpm-nKxNA,3,45.787,52.135
tXxXhGD1aMo,0,0.340589569161,5.34149659864
tXxXhGD1aMo,4,13.9396825397,27.2517006803
tXxf6-CilNI,2,99.805,107.878
tXxf6-CilNI,3,107.886,123.283
tXxf6-CilNI,4,122.693,126.376
tXxf6-CilNI,5,128.2,134.249
tXxf6-CilNI,7,47.683,54.4
tZDNinnrGf8,1,20.066,31.402
tZDNinnrGf8,3,50.666,55.068
ta26Z2YEVMQ,1,14.319,22.363
taCchyi5h68,0,21.283,29.387
tdIZZ9v0IGA,1,5.77823129252,13.5628117914
tdIZZ9v0IGA,3,30.6217687075,38.9351473923
tdIZZ9v0IGA,5,45.168707483,51.2970521542
teQqaAmqqx0,1,22.43,39.085
tgrxA3CiBv0,0,70.97,78.595
tgrxA3CiBv0,1,77.874,85.21
tgrxA3CiBv0,4,17.721,22.842
tgrxA3CiBv0,5,22.311,33.438
tkzdanzsA0A,0,0.350566893424,7.4566893424
tkzdanzsA0A,1,48.0421768707,53.4022675737
tkzdanzsA0A,2,15.8253968254,21.0557823129
tkzdanzsA0A,3,22.0811791383,25.6453514739
tkzdanzsA0A,4,24.7750566893,30.843537415
tkzdanzsA0A,5,29.9931972789,34.3655328798
tkzdanzsA0A,6,33.3655328798,38.0770975057
tkzdanzsA0A,7,37.0770975057,41.2498866213
tkzdanzsA0A,8,40.3995464853,43.2453514739
tnWmVXZ87h0,2,51.834,61.753
tnWmVXZ87h0,4,81.277,86.447
tnWmVXZ87h0,5,17.262,22.203
tnWmVXZ87h0,6,34.543,42.098
tnhRxo-g3Xw,0,52.3024943311,55.9963718821
trQLgl6ncmk,0,74.881,80.66
trQLgl6ncmk,1,79.66,96.564
trQLgl6ncmk,3,31.25,44.912
trQLgl6ncmk,4,53.709,59.818
ttfaZ8IIWCo,8,57.171,64.477
tv8IhQZQuJI,1,86.485,104.756
tv8IhQZQuJI,2,104.753,109.495
tv8IhQZQuJI,3,136.84,143.537
tv8IhQZQuJI,7,42.016,47.615
tv8IhQZQuJI,10,76.098,84.112
tvE_DucE0_k,1,65.143,73.936
tvE_DucE0_k,2,25.902,31.283
tvE_DucE0_k,3,30.532,36.511
tvE_DucE0_k,4,35.62,47.366
tw2xFbfgV4U,0,2.965,10.669
tw2xFbfgV4U,4,105.801,119.562
tw2xFbfgV4U,5,118.891,123.792
tw2xFbfgV4U,7,128.779,140.804
tw2xFbfgV4U,9,29.714,35.473
tw2xFbfgV4U,10,41.278,50.329
txjqbr6FoZs,0,97.59,116.299
txjqbr6FoZs,1,27.559,39.065
txjqbr6FoZs,2,38.374,47.585
tymso_pAxhk,0,0.8,10.959
tymso_pAxhk,2,134.805,139.616
tymso_pAxhk,3,148.374,154.044
tymso_pAxhk,4,153.642,166.016
u6H0sVuY1ac,0,7.674,17.863
u8ViR4L2cVk,1,23.348,30.903
u8ViR4L2cVk,2,30.312,38.426
u94VPxEIJPg,0,0.89931972789,5.51111111111
u94VPxEIJPg,2,49.9977324263,56.525170068
u94VPxEIJPg,6,14.2390022676,20.3673469388
u9I5WD3Nglk,0,51.085,58.521
u9ZV8jb_-U0,1,37.885,48.753
uAExKaLeOl8,1,139.215,149.703
uAExKaLeOl8,3,17.432,24.887
uAExKaLeOl8,6,87.752,91.137
uAExKaLeOl8,7,91.204,107.36
uITHY4LORDs,1,10.068,33.168
uN0d3ZOkDp8,0,5.329,14.87
uQds2dN1AiM,0,5.489,18.442
uTWeng4h5eM,0,7.744,15.468
uTWeng4h5eM,2,47.164,68.009
uTWeng4h5eM,3,82.115,85.659
uU_3tbZ1zG8,0,4.93,11.986
uU_3tbZ1zG8,2,71.639,84.951
uU_3tbZ1zG8,3,86.255,92.304
uU_3tbZ1zG8,4,98.418,106.821
uU_3tbZ1zG8,5,116.686,123.842
uU_3tbZ1zG8,8,160.247,173.36
uVM4JWjfGgQ,1,64.714,71.711
uVM4JWjfGgQ,2,18.998,26.523
uXYAfpQUYVE,0,70.002,79.563
uXYAfpQUYVE,1,131.083,141.273
uXYAfpQUYVE,2,140.791,149.145
uXYAfpQUYVE,6,181.379,189.553
uXYAfpQUYVE,7,17.901,23.44
uXYAfpQUYVE,8,23.149,27.132
uXYAfpQUYVE,9,26.711,34.206
uYzZB4ccG1Q,7,99.0362811791,102.650340136
uYzZB4ccG1Q,29,77.2557823129,80.5006802721
uacdDoBtT1k,3,62.549,70.394
uacdDoBtT1k,4,69.683,77.917
uea5xJZygsc,0,29.883,43.605
uea5xJZygsc,1,49.519,67.55
unNY4zIk8MM,2,46.0766439909,54.210430839
unOeTDc2rlY,3,84.1,92.444
unOeTDc2rlY,6,119.48,127.743
unOeTDc2rlY,7,126.773,135.975
unOeTDc2rlY,9,161.245,165.747
unOeTDc2rlY,10,165.016,172.112
unOeTDc2rlY,11,171.412,179.486
unOeTDc2rlY,13,185.18,191.828
unOeTDc2rlY,16,211.66,219.245
unOeTDc2rlY,17,24.536,31.931
unOeTDc2rlY,18,31.47,42.517
unOeTDc2rlY,19,52.991,56.755
uogwnZGb-iE,0,47.144,52.814
uogwnZGb-iE,1,56.862,63.759
uogwnZGb-iE,3,2.027,10.021
uogwnZGb-iE,7,104.195,111.071
uogwnZGb-iE,8,110.371,116.808
uogwnZGb-iE,9,116.427,122.495
uogwnZGb-iE,10,121.834,135.077
uogwnZGb-iE,11,134.077,142.56
uogwnZGb-iE,12,148.773,160.469
uogwnZGb-iE,14,19.617,24.857
uogwnZGb-iE,15,23.857,28.16
ussfmzwftQ8,0,7.494,19.469
uu1FqsR7JV0,0,4.92,10.41
uxHBEfIhY-E,0,-0.018594104308,2.58775510204
uxHBEfIhY-E,1,2.17641723356,15.8575963719
uy9MGhVqCp8,0,16.105,25.097
uy9MGhVqCp8,2,65.363,78.176
uyOrVTq8Tjk,1,41.796,50.319
uyOrVTq8Tjk,2,51.484,57.343
uyOrVTq8Tjk,4,68.576,75.612
uyeQsv2tq44,0,2.625,7.407
v0a8N7Y-Vfc,0,97.649,106.402
v0a8N7Y-Vfc,1,105.751,112.099
v0a8N7Y-Vfc,2,17.262,23.311
v1GKBjohgHc,0,5.629,12.346
v2DFe9X-jCY,0,49.229,58.042
v2DFe9X-jCY,1,80.319,85.729
v2DFe9X-jCY,2,90.127,99.338
v2DFe9X-jCY,3,141.58,149.823
v2DFe9X-jCY,4,162.692,169.608
v2DFe9X-jCY,5,170.185,177.899
v2DFe9X-jCY,6,177.967,188.695
v2DFe9X-jCY,7,188.842,196.527
v2DFe9X-jCY,8,196.904,213.718
v2Rr-EsJda8,5,31.141,35.154
v3l56fl6aJM,1,50.576,56.016
v3l56fl6aJM,2,55.475,65.475
v45zoIrjoTo,0,47.064,59.558
v45zoIrjoTo,1,30.652,35.772
v5AAvrZuR2U,0,13.9,21.295
v5AAvrZuR2U,3,54.398,64.856
v5AAvrZuR2U,4,80.588,94.828
v73dbqOUoXQ,0,82.893,94.05
v73dbqOUoXQ,1,51.145,61.634
v9GshyXtiWg,1,55.236,64.028
v9GshyXtiWg,4,20.495,30.863
v9GshyXtiWg,5,35.471,42.008
v9gjg7TDlTA,2,22.76,40.122
vA68fTqDars,1,49.339,61.454
vB_kZocHtYo,0,55.266,66.892
vC9oWzTU71s,0,12.313,22.802
vC9oWzTU71s,1,47.513,54.62
vCWpKubBbcw,0,2.855,14.421
vGkIaClHKDg,0,81.985,88.662
vGkIaClHKDg,1,90.595,95.566
vGkIaClHKDg,2,98.707,103.0
vGkIaClHKDg,3,103.496,110.892
vGkIaClHKDg,4,110.75,119.372
vHzbn_YW76s,0,6.487,14.511
vHzbn_YW76s,1,13.511,18.222
vI5JH0daNsM,0,11.725,17.244
vI5JH0daNsM,1,16.544,34.046
vJDDEuE-FlY,0,12.593,17.504
vJDDEuE-FlY,1,31.011,43.146
vM3YB7LmMq4,18,108.355102041,111.540136054
vM3YB7LmMq4,20,16.683446712,22.043537415
vM3YB7LmMq4,25,129.546938776,131.414965986
vM3YB7LmMq4,46,43.3029478458,45.9891156463
vM3YB7LmMq4,48,49.5986394558,57.8321995465
vM7m581tHn0,8,42.864,50.229
vM9AH4EqCaA,1,14.289,24.658
vNID-RVhWcQ,0,1.229,7.237
vR90Pdx9wxs,6,87.662,101.533
vRhj2bLo1ho,6,44.071,48.533
vRydHjRzDX0,1,64.734,83.693
vRydHjRzDX0,4,34.982,45.56
vRydHjRzDX0,5,44.56,49.411
vTAV6FThy30,3,38.713,46.149
vTAV6FThy30,5,68.087,76.949
vYOr36tdcpc,2,54.956,78.964
v_8QeoNc4QY,0,6.906,12.495
v_8QeoNc4QY,3,25.274,30.175
vbVLgaP5IYU,1,21.892,28.12
vbVLgaP5IYU,2,27.609,33.817
vbr3EA8cJTI,1,69.134,73.816
vbr3EA8cJTI,3,78.732,83.334
vbr3EA8cJTI,4,13.73,19.729
vbr3EA8cJTI,5,29.035,38.027
veA6ECsGFxI,1,38.294,43.096
vlnKSMw5v1o,2,25.054,35.094
vn0CFvUK5D0,0,14.818,23.191
vn0CFvUK5D0,1,23.867,29.277
vn0CFvUK5D0,2,29.075,34.545
vn0CFvUK5D0,3,46.695,52.474
vop7tN_K64I,0,11.236,19.28
vop7tN_K64I,3,98.009,109.355
vop7tN_K64I,4,108.684,119.352
vop7tN_K64I,5,19.158,28.828
vqBRkjHWjXM,0,36.01,44.502
vrgwwihTxVQ,1,40.459,50.0
vwUBtNvjrU4,4,71.6596371882,74.6229024943
vwUBtNvjrU4,5,76.129478458,78.9630385488
vwUBtNvjrU4,6,84.7798185941,88.7907029478
vwUBtNvjrU4,7,12.3544217687,18.0215419501
vwUBtNvjrU4,8,109.014739229,117.226077098
vwUBtNvjrU4,9,117.555328798,121.526303855
vwUBtNvjrU4,10,121.745804989,125.138095238
vwUBtNvjrU4,12,18.4505668934,24.1675736961
vx8j_4DMqh4,0,2.516,9.203
vySKXq0ZOb0,0,10.577,20.527
w-PFjo89Dpw,0,116.497,126.456
w-PFjo89Dpw,1,136.681,148.426
w-PFjo89Dpw,3,8.422,21.654
w-PFjo89Dpw,4,203.259,211.513
w-PFjo89Dpw,8,103.416,117.447
w44JDB1NmqM,2,23.827,32.649
w4xIyGs-3wc,0,18.33,26.184
w8TXP0iz29A,2,17.7310657596,27.6807256236
wC_1M7KIv9s,2,54.517,60.716
wC_1M7KIv9s,4,65.183,72.479
wC_1M7KIv9s,7,94.826,102.89
wC_1M7KIv9s,15,11.256,15.778
wC_1M7KIv9s,16,21.123,26.444
wCtZdAdoIm8,1,39.711,49.721
wEs7pJH2mqQ,2,8.43219954649,12.3854875283
wEs7pJH2mqQ,4,48.6807256236,54.7591836735
wHQYmMZzyJY,0,50.985,60.995
wHQYmMZzyJY,1,86.395,92.843
wHQYmMZzyJY,3,105.671,111.57
wHQYmMZzyJY,4,111.368,123.962
wHQYmMZzyJY,5,10.168,16.446
wHQYmMZzyJY,6,124.339,131.515
wHQYmMZzyJY,7,131.562,137.232
wHQYmMZzyJY,9,149.292,154.832
wHeZHLv9wGI,0,45.658,54.819
wI7DDCRh4Nw,5,100.612698413,109.9138322
wLJohZMqR-g,0,46.296,53.931
wLJohZMqR-g,1,69.144,76.819
wLrgvSYLPUI,0,19.078,29.397
wLrgvSYLPUI,4,110.311,122.635
wMggOhhVouA,0,23.418,27.062
wMggOhhVouA,1,27.838,31.801
wNx1ZnQ0MDQ,0,105.651,123.553
wNx1ZnQ0MDQ,1,12.792,20.417
wNx1ZnQ0MDQ,2,46.635,59.608
wNx1ZnQ0MDQ,3,65.113,70.583
wO8fUOC4OSE,1,31.0718820862,35.2224489796
wOKWTFYYMuk,0,16.035,22.772
wOKWTFYYMuk,1,26.142,41.549
wOKWTFYYMuk,3,68.216,86.238
wOjnqud5GBA,2,21.063,26.683
wQkNqbrAlB4,0,20.235,30.225
wR3zalLV_6c,0,7.375,17.634
wR3zalLV_6c,2,99.705,111.77
wR3zalLV_6c,3,111.219,120.689
wR3zalLV_6c,8,170.973,180.703
wR3zalLV_6c,11,42.146,51.886
wR3zalLV_6c,12,51.923,56.815
wR3zalLV_6c,13,56.862,61.933
wRKVNiABc0w,2,61.711,72.479
wRKVNiABc0w,4,78.832,82.905
wRKVNiABc0w,7,106.699,113.137
wRKVNiABc0w,9,119.22,129.928
wRKVNiABc0w,13,10.837,19.08
wRKVNiABc0w,15,41.248,46.298
wVdoIjg3ZFQ,5,41.337,48.942
wY8JbFOsp5E,0,0.869,8.474
w_qYZSVx2dM,0,64.355,73.596
w_qYZSVx2dM,1,73.395,82.855
w_qYZSVx2dM,3,7.454,18.621
w_qYZSVx2dM,5,44.64,49.86
w_qYZSVx2dM,6,48.86,55.587
wb7CfuiIZFQ,0,56.363,62.971
wd-LTpCtAzw,2,32.2979591837,36.3609977324
wd-LTpCtAzw,6,15.2965986395,18.0426303855
wd-LTpCtAzw,7,18.768707483,23.6598639456
wd-LTpCtAzw,8,28.4267573696,33.1682539683
wd8VQ5E7o7o,0,31.869,51.806
wd8VQ5E7o7o,1,51.135,69.476
wdU-0bttAkc,0,25.234,37.289
wdU-0bttAkc,1,58.838,65.295
werKCgZ5dFE,0,74.352,88.792
werKCgZ5dFE,1,96.552,110.951
werKCgZ5dFE,2,118.741,133.091
werKCgZ5dFE,3,141.779,161.517
werKCgZ5dFE,4,57.96,66.483
wgca4dZnnVQ,0,28.666,32.969
wj3ur4fsiN4,0,1.30839002268,3.4358276644
wj4snKbUWZA,0,7.405,14.301
wj4snKbUWZA,1,16.644,28.878
wj4snKbUWZA,2,28.407,37.389
wk5lFk5kFjY,0,24.466,38.107
wnL3ld9bM2o,6,65.0734693878,69.0965986395
wnL3ld9bM2o,7,68.3560090703,75.5519274376
wnL3ld9bM2o,8,74.7215419501,86.1777777778
wosolsrH3sM,0,20.475,35.972
wosolsrH3sM,1,61.222,67.53
wtCKzu8eVJ0,0,2.226,20.008
wxxqXK9x-64,1,28.8768707483,38.425170068
wxxqXK9x-64,3,66.8006802721,70.5621315193
wznRBN1fWj4,1,48.4412698413,51.8857142857
wznRBN1fWj4,3,24.0367346939,31.3024943311
wznRBN1fWj4,4,31.6394557823,35.3832199546
x-oexIBWwR4,0,-0.347845804989,7.39682539683
x-oexIBWwR4,1,6.62630385488,12.2757369615
x-oexIBWwR4,2,44.2408163265,51.8857142857
x-oexIBWwR4,3,11.5351473923,18.1324263039
x-oexIBWwR4,4,17.1324263039,21.8140589569
x-oexIBWwR4,5,20.8140589569,26.8027210884
x-oexIBWwR4,6,27.7283446712,30.125170068
x-oexIBWwR4,7,37.3065759637,40.0126984127
x-oexIBWwR4,8,39.0126984127,44.8716553288
x-zGBp7axao,0,17.781,30.275
x-zGBp7axao,1,29.275,49.521
x0rLwBIocuI,0,104.474,121.827
x0rLwBIocuI,1,30.372,36.461
x0rLwBIocuI,2,49.369,64.806
x266rUJQC_8,1,58.219,63.38
x266rUJQC_8,3,17.262,32.37
x266rUJQC_8,4,38.444,46.249
x2lOwQaAn4g,1,8.71156462585,19.1301587302
x2n19Cn96aw,0,25.853,37.239
x2n19Cn96aw,1,65.912,72.519
x5xF4yu9Bos,2,38.763,43.555
x5xF4yu9Bos,6,15.586,20.996
x7ZR70cTa84,0,7.185,24.169
x8UZQkN52o4,0,31.6993197279,36.4707482993
x8UZQkN52o4,1,35.9596371882,45.6299319728
x8UZQkN52o4,4,9.4798185941,20.0181405896
x8UZQkN52o4,7,28.6961451247,32.3600907029
x92920ole0w,1,49.259,54.699
x92920ole0w,2,54.308,58.501
x92920ole0w,3,72.616,82.865
x9E8yaFCX0Y,2,10.5573696145,19.2598639456
xBsrNFxnnuY,1,12.293,15.468
xBsrNFxnnuY,3,24.625,30.045
xBsrNFxnnuY,6,44.69,48.244
xNYsfeSgDCQ,3,32.627,40.462
xPN38lYBQv4,0,4.322,11.308
xPhlDO-2Foc,1,15.257,24.568
xRJXYUZVdas,2,61.891,72.339
xRJXYUZVdas,3,23.089,32.54
xRJXYUZVdas,4,31.879,39.713
xSCvspXYU9k,1,78.822,87.435
xSCvspXYU9k,2,95.385,101.224
xSCvspXYU9k,3,100.483,107.28
xSCvspXYU9k,4,106.599,111.361
xSCvspXYU9k,6,30.562,36.67
xTBBDx3DkXQ,1,102.947,111.38
xTBBDx3DkXQ,3,38.833,50.938
xU3N7ujUB-g,0,19.218,29.816
xUgAP84vsg4,0,79.181,85.669
xUgAP84vsg4,1,90.526,97.951
xUgAP84vsg4,5,30.951,39.743
xUz5cCA-oTo,1,36.299,51.537
xUz5cCA-oTo,2,51.734,64.507
xUz5cCA-oTo,3,65.453,70.663
xUz5cCA-oTo,5,75.23,92.683
xUz5cCA-oTo,6,92.112,96.584
xUz5cCA-oTo,8,116.566,124.6
xXGEkDhu94E,0,116.926,132.542
xXGEkDhu94E,1,9.44,23.859
xXGEkDhu94E,3,74.173,93.84
xXGEkDhu94E,4,93.359,117.507
xXIq7YPkdUQ,0,0.80952380952,9.65170068027
xXXcgb9eZ9Y,0,0.6798185941,5.59092970522
xXXcgb9eZ9Y,5,43.0036281179,47.7750566893
xZ1FrxU6hcg,1,81.356,93.88
xZ1FrxU6hcg,2,98.877,107.12
xZ1FrxU6hcg,3,122.992,129.529
xZ1FrxU6hcg,4,45.847,50.738
xZ1FrxU6hcg,5,54.398,64.058
xaSf1d13WoY,0,2.695,8.973
xaSf1d13WoY,3,65.193,74.385
xaSf1d13WoY,6,8.761,12.675
xaSf1d13WoY,7,17.132,21.176
xaSf1d13WoY,8,20.804,25.675
xbl7bU5PGBs,2,32.677,40.851
xfP0bm6Z-7E,3,26.731,33.318
xfeASyC6PPg,1,32.308,57.034
xgAwddSkrOo,2,21.892,32.21
xgAwddSkrOo,4,43.054,58.68
xge9aYTxxOA,1,40.41,45.371
xge9aYTxxOA,2,46.675,50.599
xiRUWSUrGSg,1,35.421,41.18
xjsaS-LeZ14,0,74.662,88.273
xjsaS-LeZ14,1,87.572,91.795
xjsaS-LeZ14,2,91.104,103.818
xjsaS-LeZ14,3,102.907,108.627
xjsaS-LeZ14,5,137.569,142.729
xjsaS-LeZ14,7,148.713,160.978
xjsaS-LeZ14,8,29.405,34.106
xjsaS-LeZ14,9,37.077,56.685
xk4C4p5vHDk,4,10.8566893424,14.1215419501
xk4C4p5vHDk,5,13.3510204082,19.2299319728
xlNDpmKgSIc,0,11.036,17.883
xmLJHru6Z1M,0,63.547,71.232
xmLJHru6Z1M,1,75.49,82.706
xmLJHru6Z1M,2,24.067,27.88
xmLJHru6Z1M,3,27.22,33.238
xmLJHru6Z1M,4,36.229,41.988
xn9_4n4NpEw,2,52.662,56.924
xnNZyfhusAk,0,6.437,12.515
xnNZyfhusAk,1,48.222,68.488
xnNZyfhusAk,3,126.274,140.205
xobMRm5Vs44,0,21.672,26.813
xomMHflvVDw,19,29.0253968254,33.3578231293
xsiHAO0gq74,0,14.0904761905,28.4777777778
xu53lk4dhSc,0,3.753,10.41
xu53lk4dhSc,2,72.207,77.887
xu53lk4dhSc,3,81.496,88.083
xu53lk4dhSc,4,87.582,97.183
xu53lk4dhSc,5,118.342,122.994
xu53lk4dhSc,6,132.161,152.607
xu53lk4dhSc,7,50.257,54.779
xvnFF0FiyS4,2,36.6081632653,40.5614512472
xvnFF0FiyS4,3,39.5614512472,55.9863945578
xvnFF0FiyS4,4,55.6548752834,58.0616780045
xw-Blnej8EA,0,30.991,38.007
xwNQ7QuXaps,0,163.769,189.513
xwNQ7QuXaps,1,188.872,209.258
xwNQ7QuXaps,2,46.226,53.811
xwNQ7QuXaps,3,53.081,71.461
xwvSYhQrHoA,1,30.372,35.902
y-nEcwAyQos,0,5.828,10.051
y-nEcwAyQos,2,21.512,27.192
y1gL_MuokI8,1,15.087,19.839
y5JdqGL5DRc,0,26.661,36.93
y5JdqGL5DRc,1,35.93,41.14
y5Jpf48SUX8,0,0.43,6.419
y8HXGm1-Ecw,0,3.803,11.837
y8HXGm1-Ecw,2,15.835,20.407
y8HXGm1-Ecw,4,40.32,46.827
y9FyTEyGy5Y,0,0.76961451247,5.14195011338
yALhl-lMBxk,0,1.717,8.015
yBGuxyO-ElM,0,45.468,51.966
yBGuxyO-ElM,1,11.046,17.075
yBGuxyO-ElM,3,40.35,46.468
yBtMwyQFXwA,1,44.2009070295,46.9868480726
yBtMwyQFXwA,2,46.3260770975,57.0240362812
yBtMwyQFXwA,5,27.419047619,31.6117913832
yDIFWzOBjXc,0,46.476,52.594
yDIFWzOBjXc,1,61.611,67.51
yDIFWzOBjXc,3,74.293,82.696
yDIFWzOBjXc,6,7.265,12.495
yDIFWzOBjXc,8,118.682,125.967
yDIFWzOBjXc,11,143.056,148.307
yDIFWzOBjXc,12,148.913,153.335
yDIFWzOBjXc,16,209.545,215.624
yDIFWzOBjXc,18,15.915,25.196
yDIFWzOBjXc,20,24.845,29.217
yG3wpvLUQcg,0,50.836,56.006
yG3wpvLUQcg,1,59.536,63.948
yG3wpvLUQcg,2,62.948,67.869
yHtR71rx16I,1,74.452,78.306
yHtR71rx16I,2,77.595,83.015
yHtR71rx16I,4,97.709,107.27
yHtR71rx16I,5,148.594,152.377
yHtR71rx16I,6,22.76,27.83
yKdIZR5xfcc,0,1.06893424036,5.05215419501
yLo-Jl8nBXU,1,103.975,120.4
yLo-Jl8nBXU,2,128.749,143.507
yLo-Jl8nBXU,3,60.185,66.602
yLo-Jl8nBXU,4,65.832,77.537
yLo-Jl8nBXU,5,76.817,86.816
yNiJGh7JpLM,0,12.234,17.703
yNiJGh7JpLM,1,17.122,25.007
yOQHOiswVjc,0,12.174,20.028
yOQHOiswVjc,3,90.625,101.044
yOQHOiswVjc,5,108.664,113.975
yOQHOiswVjc,7,131.313,134.907
yOQHOiswVjc,9,24.585,29.816
ySfHPyaDbqY,0,21.772,43.265
ySfHPyaDbqY,1,42.535,62.871
yXE_XZUb8qE,0,71.788,92.503
yXE_XZUb8qE,1,19.647,24.448
yXE_XZUb8qE,2,34.094,39.474
ybK5wRaaUyE,1,104.673,110.163
ybK5wRaaUyE,4,15.177,40.711
ybK5wRaaUyE,5,40.769,50.15
ydzNAuqUAnc,3,43.6222222222,56.8244897959
ygb8Cfxghbs,1,93.0,112.767
ygb8Cfxghbs,3,165.745,169.439
ygb8Cfxghbs,5,175.243,182.339
ymPQOY2O_nw,1,23.747,29.736
ymPQOY2O_nw,2,31.739,40.342
ymPQOY2O_nw,3,40.07,45.43
yoDMh8FlHR8,1,15.616,20.956
yp6Gd2NPwOU,0,74.612,81.02
yp6Gd2NPwOU,1,80.259,89.351
yp6Gd2NPwOU,2,21.183,30.155
ypZhKsR-9iI,0,57.78,65.076
ypZhKsR-9iI,1,90.236,97.283
ypZhKsR-9iI,2,122.224,137.92
ypZhKsR-9iI,3,46.476,51.038
yrIXBklJ5YQ,5,41.5968253968,44.3428571429
ysGFcG_PI5I,0,3.873,17.673
yt9GpittX4U,0,5.51882086168,11.7469387755
ytXVSpPfKwA,0,7.89342403628,16.3065759637
ytXVSpPfKwA,1,15.4163265306,23.2507936508
ytXVSpPfKwA,2,26.39138322,42.566893424
ytXVSpPfKwA,3,41.566893424,46.6775510204
yuwvVTnsDjc,2,21.273,24.947
yxZydS2qHzs,0,32.188,37.977
yxZydS2qHzs,1,37.865,50.12
yyToAEoUuek,0,11.515,17.853
yyToAEoUuek,1,60.644,67.49
yyToAEoUuek,2,67.119,73.497
z0y1ZxH1f74,0,56.034,62.701
z0y1ZxH1f74,1,70.122,84.342
z0y1ZxH1f74,4,27.02,42.198
z441aDJvAcU,0,2.585,11.019
z441aDJvAcU,2,81.157,89.75
z441aDJvAcU,3,112.406,123.852
z441aDJvAcU,7,149.073,155.57
z441aDJvAcU,9,169.676,176.552
z441aDJvAcU,10,22.5,28.419
z441aDJvAcU,11,27.848,35.623
z6E-ocntPo4,7,26.1219954649,27.9201814059
z7FicxE_pMU,1,77.655,87.854
z7FicxE_pMU,2,104.334,110.273
z7FicxE_pMU,3,109.582,118.395
z7FicxE_pMU,4,126.833,134.069
z7FicxE_pMU,5,35.79,44.343
zFuRNvfC4So,0,9.041,14.531
zFuRNvfC4So,6,39.412,46.488
zJWmmDk9fCE,1,43.802,49.351
zKNAu2CCeRs,0,8.123,30.185
zOHZDq2BvGo,1,59.576,66.113
zPskvGHHQtE,2,35.361,41.829
zPskvGHHQtE,3,41.078,52.993
zR-kKDaSDmE,0,23.698,27.262
zR62DCEMWgs,1,26.042,34.844
zR62DCEMWgs,3,51.045,64.996
zShw-E-yBqU,0,21.5523809524,24.8970521542
zShw-E-yBqU,1,23.8970521542,26.9723356009
zShw-E-yBqU,2,25.9723356009,28.7482993197
zShw-E-yBqU,3,29.8934240363,33.1482993197
zShw-E-yBqU,4,32.1482993197,34.6947845805
zU2_X9lIcUM,1,30.123,36.92
zU2_X9lIcUM,3,57.221,69.715
zURYO3k8lW0,0,90.865,102.68
zURYO3k8lW0,1,11.046,15.309
zURYO3k8lW0,2,58.359,67.221
zWfDRPy4lXQ,0,8.592,22.034
zaTyjiyrHnk,0,11.984,20.786
zaTyjiyrHnk,2,36.718,41.649
zcG0ms7CdBE,1,13.201,21.156
zeQKU2L173M,0,137.239,145.114
zeQKU2L173M,1,33.755,54.739
zeQKU2L173M,6,117.075,137.072
zfZUOvZZTuk,19,53.8589569161,58.5904761905
zhE_68GMJIk,0,21.443,29.956
zhE_68GMJIk,1,29.464,35.433
zhE_68GMJIk,2,35.91,45.201
zhNksSReaQk,0,1.76734693878,9.16281179138
zhNksSReaQk,11,79.8,82.546031746
zhNksSReaQk,13,91.293877551,94.2594104308
zhNksSReaQk,16,104.174603175,107.389569161
zhNksSReaQk,32,179.812698413,183.017687075
zhNksSReaQk,38,39.0925170068,41.7986394558
zi0a6r52ZlY,0,52.672,69.875
zi0a6r52ZlY,1,69.623,75.382
zj4PzGtFwJM,0,3.434,15.0
zk2jTlAtvSU,0,24.406,35.463
zk2jTlAtvSU,1,45.877,59.419
zknhrUs7-lI,0,8.362,18.342
zknhrUs7-lI,2,33.765,42.746
zknhrUs7-lI,3,53.709,59.618
znNt--6itO4,5,35.7002267574,39.3242630385
zoPOeViAdOo,0,13.99,22.582
zrFZAofNGi4,3,75.011,79.563
zrFZAofNGi4,4,79.411,94.349
zrFZAofNGi4,6,27.589,33.078
zrFZAofNGi4,7,48.96,64.088
zsRTbbKlsEg,0,57.2324263039,61.4428571429
zsRTbbKlsEg,1,41.1789115646,44.2319727891
zv0Jl4TIQDc,0,56.852,60.845
zv0Jl4TIQDc,1,29.764,35.633
zv0Jl4TIQDc,2,42.146,49.242
zvZd3V5D5Ik,0,6.147,12.276
zvZd3V5D5Ik,1,11.276,21.235
zwRBZisdpQ0,1,65.582,70.813
zwRBZisdpQ0,2,69.813,77.986
zwRBZisdpQ0,3,27.808,32.719
zx4W0Vuus-I,0,15.057,38.327
