segment_id,label_idx,start,end,audio_path,video_path
--qXJuDtHPw,0,23.199,30.325,,
-3g5yACwYnA,0,82.753,100.555,,
-3g5yACwYnA,1,119.919,125.299,,
-3g5yACwYnA,2,4.84,14.052,,
-3g5yACwYnA,3,13.211,27.521,,
-3g5yACwYnA,4,26.541,41.3,,
-3g5yACwYnA,5,74.083,82.776,,
-3nNcZdcdvU,0,0.0,9.213,,
-3nNcZdcdvU,1,12.014,20.098,,
-3nNcZdcdvU,2,36.399,44.173,,
-571d8cVauQ,0,0.0,4.992,,
-571d8cVauQ,1,21.842,28.309,,
-571d8cVauQ,2,69.893,85.0,,
-6rXp3zJ3kc,0,14.468,22.882,,
-6rXp3zJ3kc,1,45.428,58.151,,
-6rXp3zJ3kc,2,58.109,71.96,,
-9YyBTjo1zo,0,-0.457596371882,1.77959183673,,
-9YyBTjo1zo,1,0.81950113379,5.96009070295,,
-9YyBTjo1zo,2,5.97777777778,22.6721088435,,
-9YyBTjo1zo,3,32.8167800454,42.9959183673,,
-9YyBTjo1zo,4,42.853968254,47.7850340136,,
-9y-fZ3swSY,0,0.0,6.748,,
-9y-fZ3swSY,1,5.988,12.096,,
-9y-fZ3swSY,2,11.475,15.898,,
-9y-fZ3swSY,3,16.055,22.832,,
-9y-fZ3swSY,4,23.179,25.825,,
-9y-fZ3swSY,5,37.077,43.026,,
-9y-fZ3swSY,6,42.475,48.214,,
-9y-fZ3swSY,7,47.444,52.345,,
-AUZQgSxyPQ,0,13.122,35.513,,
-Alixo7euuU,0,0.0124716553288,5.14081632653,,
-Alixo7euuU,1,5.14081632653,12.4641723356,,
-Alixo7euuU,2,79.1426303855,87.543537415,,
-Alixo7euuU,3,115.739455782,119.810204082,,
-Alixo7euuU,4,120.488662132,130.346258503,,
-Alixo7euuU,5,133.259637188,140.912244898,,
-Alixo7euuU,6,12.4641723356,21.2741496599,,
-Alixo7euuU,7,141.041950113,153.653287982,,
-Alixo7euuU,8,167.312244898,182.238321995,,
-Alixo7euuU,9,184.982086168,189.950793651,,
-Alixo7euuU,10,190.270068027,197.114512472,,
-Alixo7euuU,11,198.301814059,213.866439909,,
-Alixo7euuU,12,223.554421769,228.303628118,,
-Alixo7euuU,13,36.2600907029,41.7476190476,,
-Eqdz5y4pEY,0,21.5734693878,28.3480725624,,
-HeZS2-Prhc,0,7.764,16.905,,
-HeZS2-Prhc,1,15.905,24.049,,
-HeZS2-Prhc,2,34.224,44.083,,
-HeZS2-Prhc,3,71.998,78.815,,
-HvKLjmsO5U,0,11.9154195011,20.7653061224,,
-HvKLjmsO5U,1,21.2342403628,31.9399092971,,
-HwX2H8Z4hY,0,0.0,2.348,,
-HwX2H8Z4hY,1,2.146,11.318,,
-HwX2H8Z4hY,2,10.318,14.211,,
-HwX2H8Z4hY,3,13.92,20.118,,
-HwX2H8Z4hY,4,19.866,26.214,,
-HwX2H8Z4hY,5,27.08,32.61,,
-HwX2H8Z4hY,6,32.108,35.353,,
-HwX2H8Z4hY,7,35.441,42.806,,
-HwX2H8Z4hY,8,43.093,49.551,,
-HwX2H8Z4hY,9,49.299,56.934,,
-IUUR2yyNbw,0,7.22607709751,25.4047619048,,
-IUUR2yyNbw,1,114.861451247,126.445124717,,
-IUUR2yyNbw,2,142.857823129,149.861904762,,
-IUUR2yyNbw,3,32.7081632653,42.446031746,,
-IUUR2yyNbw,4,66.531292517,69.753968254,,
-I_e4mIh0yE,0,3.144,10.57,,
-I_e4mIh0yE,1,16.803,25.785,,
-I_e4mIh0yE,2,25.154,47.097,,
-IqSFQePnpU,0,0.0124716553288,17.2931972789,,
-KCahx2qBOI,0,86.5857142857,94.6174603175,,
-KCahx2qBOI,1,44.9702947846,51.9943310658,,
-KCahx2qBOI,2,79.880952381,86.1866213152,,
-LnuDPiuuZw,0,0.0124716553288,5.30045351474,,
-LnuDPiuuZw,1,6.23832199546,14.8387755102,,
-LnuDPiuuZw,2,15.3077097506,31.4310657596,,
-LnuDPiuuZw,3,96.5231292517,108.216553288,,
-MeTTeMJBNc,0,0.0,9.213,,
-MeTTeMJBNc,1,77.036,82.277,,
-MeTTeMJBNc,2,10.647,19.17,,
-MeTTeMJBNc,3,31.849,42.258,,
-NFrJFQijFE,0,-0.477551020408,4.10430839002,,
-NFrJFQijFE,1,3.37369614512,9.0231292517,,
-NFrJFQijFE,2,8.0231292517,14.7201814059,,
-NFrJFQijFE,3,44.1111111111,54.7691609977,,
-RfYyzHpjk4,0,64.794,69.855,,
-RfYyzHpjk4,1,9.051,14.441,,
-RfYyzHpjk4,2,48.711,53.223,,
-RfYyzHpjk4,3,52.652,60.536,,
-RpZEe4w4fY,0,0.0,3.576,,
-RpZEe4w4fY,1,2.745,5.182,,
-RpZEe4w4fY,2,34.184,43.954,,
-RpZEe4w4fY,3,43.153,45.54,,
-RpZEe4w4fY,4,4.182,11.787,,
-RpZEe4w4fY,5,10.787,18.352,,
-RpZEe4w4fY,6,17.761,27.561,,
-RpZEe4w4fY,7,26.561,28.479,,
-RpZEe4w4fY,8,27.479,29.976,,
-RpZEe4w4fY,9,29.205,31.532,,
-RpZEe4w4fY,10,30.732,33.248,,
-RpZEe4w4fY,11,32.378,35.034,,
-SYSVSQnTnA,0,0.0124716553288,6.89682539683,,
-SYSVSQnTnA,1,7.43560090703,13.8310657596,,
-SYSVSQnTnA,2,15.2777777778,21.6233560091,,
-THoVjtIkeU,0,0.0,13.463,,
-THoVjtIkeU,1,12.693,23.071,,
-THoVjtIkeU,2,112.625,122.934,,
-THoVjtIkeU,3,122.393,127.215,,
-THoVjtIkeU,4,126.604,141.392,,
-THoVjtIkeU,5,23.308,27.531,,
-THoVjtIkeU,6,84.27,92.244,,
-THoVjtIkeU,7,97.62,106.831,,
-UUCSKoHeMA,0,0.0,7.716,,
-UUCSKoHeMA,1,65.532,71.97,,
-UUCSKoHeMA,2,10.338,22.642,,
-UUCSKoHeMA,3,58.508,66.532,,
-UacrmKiTn4,0,71.938,79.164,,
-UacrmKiTn4,1,34.792,39.464,,
-UacrmKiTn4,2,42.664,46.318,,
-UacrmKiTn4,3,45.717,56.216,,
-UuX1xuaiiE,0,0.0,3.566,,
-UuX1xuaiiE,1,3.084,13.333,,
-UuX1xuaiiE,2,12.463,20.437,,
-UuX1xuaiiE,3,19.437,23.47,,
-UuX1xuaiiE,4,22.47,28.639,,
-UuX1xuaiiE,5,27.639,30.794,,
-UuX1xuaiiE,6,30.253,38.187,,
-UuX1xuaiiE,7,37.686,43.794,,
-UuX1xuaiiE,8,42.884,51.556,,
-UuX1xuaiiE,9,51.125,57.693,,
-VmheDA92mM,0,-0.437641723356,8.24489795918,,
-VmheDA92mM,1,8.88117913832,12.9641723356,,
-VmheDA92mM,2,11.9641723356,23.5102040816,,
-VmheDA92mM,3,23.8172335601,29.3569160998,,
-VmheDA92mM,4,29.7537414966,44.6222222222,,
-WXXTNIJcVM,0,0.0,2.079,,
-WXXTNIJcVM,1,1.278,5.012,,
-WXXTNIJcVM,2,4.351,8.444,,
-WXXTNIJcVM,3,7.594,18.721,,
-WXXTNIJcVM,4,31.44,41.988,,
-ZgjBOA1Yhw,0,10.837,19.779,,
-ZgjBOA1Yhw,1,18.779,30.255,,
-ZgjBOA1Yhw,2,37.107,46.787,,
-ZgjBOA1Yhw,3,46.017,53.003,,
-ZgjBOA1Yhw,4,60.993,72.259,,
-ZgjBOA1Yhw,5,71.259,81.957,,
-a55Q6RWvTA,0,17.112,39.175,,
-aNfi7CP8vM,0,48.112,58.58,,
-aNfi7CP8vM,1,27.639,36.161,,
-aqamKhZ1Ec,0,0.0,10.889,,
-aqamKhZ1Ec,1,9.889,23.959,,
-aqamKhZ1Ec,2,29.115,42.317,,
-bl5PfNIYrk,0,18.5603174603,25.7240362812,,
-bl5PfNIYrk,1,104.993877551,113.584353741,,
-bl5PfNIYrk,2,131.483673469,142.778004535,,
-bl5PfNIYrk,3,48.4922902494,58.8886621315,,
-bl5PfNIYrk,4,59.8365079365,65.3739229025,,
-bl5PfNIYrk,5,65.9526077098,79.8111111111,,
-bl5PfNIYrk,6,80.4297052154,84.9394557823,,
-cEhr0cQcDM,0,56.423,63.819,,
-cEhr0cQcDM,1,31.819,38.935,,
-cmk6cfUeMs,0,0.0124716553288,4.1231292517,,
-cmk6cfUeMs,1,4.13310657596,18.4405895692,,
-dZ1TCboxcQ,0,0.0124716553288,9.76031746032,,
-dZ1TCboxcQ,1,11.6659863946,17.1136054422,,
-dZ1TCboxcQ,2,17.143537415,25.1253968254,,
-dZ1TCboxcQ,3,30.00430839,39.9317460317,,
-dxfTGcXJoc,0,0.0,20.407,,
-dxfTGcXJoc,1,20.205,36.221,,
-dxfTGcXJoc,2,36.169,52.794,,
-dxfTGcXJoc,3,52.622,62.502,,
-dxfTGcXJoc,4,62.25,67.321,,
-dxfTGcXJoc,5,67.189,77.308,,
-dxfTGcXJoc,6,77.465,90.079,,
-dxfTGcXJoc,7,90.107,100.914,,
-egA8-b7-3M,0,1.268,11.408,,
-egA8-b7-3M,1,67.957,78.615,,
-egA8-b7-3M,2,86.116,90.139,,
-egA8-b7-3M,3,93.848,101.403,,
-egA8-b7-3M,4,101.561,107.03,,
-egA8-b7-3M,5,106.729,113.805,,
-egA8-b7-3M,6,113.314,121.567,,
-egA8-b7-3M,7,11.156,17.813,,
-egA8-b7-3M,8,124.788,131.245,,
-egA8-b7-3M,9,150.509,157.286,,
-egA8-b7-3M,10,157.184,162.654,,
-egA8-b7-3M,11,162.642,189.413,,
-egA8-b7-3M,12,188.802,194.701,,
-egA8-b7-3M,13,17.731,24.977,,
-egA8-b7-3M,14,27.858,35.273,,
-egA8-b7-3M,15,35.102,41.27,,
-egA8-b7-3M,16,63.377,68.308,,
-hPfPhUIzfA,0,1.77845804989,18.1712018141,,
-hPfPhUIzfA,1,18.1712018141,22.7009070295,,
-hPfPhUIzfA,2,36.719047619,41.8274376417,,
-hPfPhUIzfA,3,41.9671201814,49.2006802721,,
-hnBHBN8p5A,0,16.9528344671,19.1002267574,,
-hnBHBN8p5A,1,21.043537415,27.3614512472,,
-hnBHBN8p5A,2,28.4965986395,35.7922902494,,
-hnBHBN8p5A,3,35.1614512472,40.7210884354,,
-hnBHBN8p5A,4,39.7210884354,47.4358276644,,
-iRBcNs9oI8,0,0.340589569161,8.33469387755,,
-iRBcNs9oI8,1,36.5882086168,41.8585034014,,
-iRBcNs9oI8,2,42.1455782313,46.019047619,,
-iRBcNs9oI8,3,7.7537414966,10.819047619,,
-iRBcNs9oI8,4,10.2281179138,15.7578231293,,
-iRBcNs9oI8,5,16.2743764172,20.3972789116,,
-iRBcNs9oI8,6,19.5868480726,22.4027210884,,
-iRBcNs9oI8,7,21.7219954649,25.7151927438,,
-iRBcNs9oI8,8,25.5732426304,33.5972789116,,
-iRBcNs9oI8,9,33.7546485261,37.1192743764,,
-l_53IwQoj0,0,33.1371882086,39.3231292517,,
-lqc32Zpr7M,0,0.0,5.112,,
-lqc32Zpr7M,1,38.514,47.576,,
-lqc32Zpr7M,2,76.448,85.42,,
-lqc32Zpr7M,3,22.4,27.731,,
-lzEya4AM_4,0,78.194,85.569,,
-lzEya4AM_4,1,25.124,32.679,,
-lzEya4AM_4,2,32.907,47.625,,
-lzEya4AM_4,3,47.324,51.686,,
-lzEya4AM_4,4,63.347,78.266,,
-m9KtvCk_L8,0,47.1353741497,52.5231292517,,
-m9KtvCk_L8,1,39.7222222222,42.4659863946,,
-m9KtvCk_L8,2,42.4659863946,47.1353741497,,
-mJ2ud6oKI8,0,0.47029478458,6.51882086168,,
-mJ2ud6oKI8,1,6.04761904762,11.7369614512,,
-mJ2ud6oKI8,2,11.1759637188,16.6757369615,,
-mJ2ud6oKI8,3,15.6757369615,22.1732426304,,
-mJ2ud6oKI8,4,21.1732426304,25.9646258503,,
-mJ2ud6oKI8,5,25.4036281179,27.6108843537,,
-mJ2ud6oKI8,6,26.8303854875,30.4743764172,,
-mJ2ud6oKI8,7,29.4743764172,33.6272108844,,
-mJ2ud6oKI8,8,33.0063492063,39.9129251701,,
-mqbVkbCndg,0,0.0,6.369,,
-mqbVkbCndg,1,5.948,9.173,,
-mqbVkbCndg,2,51.055,57.683,,
-o_667Ny7RM,0,0.0124716553288,5.63968253968,,
-qDkUB0GgYY,0,30.382,47.655,,
-qDkUB0GgYY,1,46.655,51.247,,
-qDkUB0GgYY,2,57.8,66.433,,
-qMhGeJkp5o,0,66.1920634921,76.5385487528,,
-qMhGeJkp5o,1,76.9975056689,85.2287981859,,
-qMhGeJkp5o,2,85.2287981859,94.6972789116,,
-qMhGeJkp5o,3,5.93900226757,13.9408163265,,
-qMhGeJkp5o,4,14.1702947846,27.919047619,,
-qMhGeJkp5o,5,28.4079365079,33.6759637188,,
-qMhGeJkp5o,6,33.7757369615,39.2133786848,,
-qMhGeJkp5o,7,49.7594104308,55.5961451247,,
-qMhGeJkp5o,8,62.4605442177,65.5734693878,,
-ri04Z7vwnc,0,-0.487528344671,3.23628117914,,
-ri04Z7vwnc,1,2.23628117914,7.27709750567,,
-ri04Z7vwnc,2,6.27709750567,12.1859410431,,
-ri04Z7vwnc,3,39.1224489796,42.5469387755,,
-ri04Z7vwnc,4,41.8263038549,52.653968254,,
-ri04Z7vwnc,5,51.653968254,58.2213151927,,
-rxZxtG0xmY,0,0.0,11.178,,
-rxZxtG0xmY,1,13.092,21.994,,
-s9qJ7ATP7w,0,0.0,6.708,,
-s9qJ7ATP7w,1,6.107,10.729,,
-s9qJ7ATP7w,2,9.729,14.451,,
-s9qJ7ATP7w,3,13.77,19.439,,
-s9qJ7ATP7w,4,18.439,22.672,,
-s9qJ7ATP7w,5,21.672,30.055,,
-s9qJ7ATP7w,6,29.125,31.432,,
-s9qJ7ATP7w,7,30.801,37.638,,
-s9qJ7ATP7w,8,36.638,39.813,,
-s9qJ7ATP7w,9,38.813,46.229,,
-t217m2on-s,0,10.647,16.257,,
-t217m2on-s,1,43.183,60.187,,
-tANM6ETl_M,0,0.0,11.039,,
-tANM6ETl_M,1,19.008,25.605,,
-tANM6ETl_M,2,25.084,47.905,,
-tPCytz4rww,0,48.611,53.283,,
-tPCytz4rww,1,52.532,57.902,,
-tPCytz4rww,2,56.902,68.628,,
-tPCytz4rww,3,81.027,88.153,,
-tPCytz4rww,4,90.955,97.512,,
-tPCytz4rww,5,102.588,106.252,,
-uywlfIYOS8,0,24.955,30.834,,
-uywlfIYOS8,1,47.015,59.439,,
-vxjVxOeScU,0,24.396,31.023,,
-vxjVxOeScU,1,35.94,44.961,,
-vxjVxOeScU,2,60.085,73.816,,
-wMB_hJL-3o,0,0.0,7.237,,
-wMB_hJL-3o,1,30.642,39.913,,
-wMB_hJL-3o,2,64.914,76.25,,
-wMB_hJL-3o,3,75.689,81.658,,
-wdUIwjDMfg,0,0.0124716553288,30.6628117914,,
-wny0OAz3g8,0,0.0,3.256,,
-wny0OAz3g8,1,2.256,9.013,,
-wny0OAz3g8,2,8.013,14.521,,
-wny0OAz3g8,3,13.521,19.599,,
-wny0OAz3g8,4,18.599,23.061,,
-wny0OAz3g8,5,22.121,28.848,,
-wny0OAz3g8,6,38.065,45.969,,
-wny0OAz3g8,7,45.069,50.22,,
-wny0OAz3g8,8,49.22,55.258,,
-yRb-Jum7EQ,0,5.279,34.376,,
-yRb-Jum7EQ,1,44.41,53.582,,
-yRb-Jum7EQ,2,52.582,59.798,,
-yRb-Jum7EQ,3,58.798,71.84,,
-yRb-Jum7EQ,4,70.84,82.317,,
03X1FwF6udc,0,76.797,86.846,,
03X1FwF6udc,1,92.691,96.135,,
03X1FwF6udc,2,110.081,114.693,,
03X1FwF6udc,3,152.066,161.417,,
03X1FwF6udc,4,10.946,20.537,,
03X1FwF6udc,5,19.537,28.549,,
03X1FwF6udc,6,39.751,44.083,,
06st0Ez_E_I,0,0.0,10.53,,
06st0Ez_E_I,1,33.385,38.646,,
07Z16yRBFUQ,0,15.845,21.824,,
07Z16yRBFUQ,1,37.297,49.771,,
07Z16yRBFUQ,2,49.339,58.321,,
08d4NTXkSxw,0,-0.038548752834,6.69841269841,,
08d4NTXkSxw,1,6.62630385488,11.5174603175,,
08d4NTXkSxw,2,11.335600907,22.0235827664,,
08d4NTXkSxw,3,46.1664399093,55.0684807256,,
0AA-wmk8WdA,0,10.627,17.145,,
0AA-wmk8WdA,1,78.403,83.903,,
0AkGtPzl7D8,0,32.448,37.888,,
0BVed2nBq1g,0,-0.487528344671,3.73514739229,,
0BVed2nBq1g,1,2.94467120181,10.8888888889,,
0BVed2nBq1g,2,10.2380952381,20.4770975057,,
0BVed2nBq1g,3,19.9659863946,25.9346938776,,
0BVed2nBq1g,4,25.3138321995,30.7038548753,,
0BVed2nBq1g,5,32.198185941,37.219047619,,
0BVed2nBq1g,6,36.4884353741,39.7732426304,,
0DBfvvIVmqY,0,0.410430839002,4.21405895692,,
0DBfvvIVmqY,1,35.1115646259,42.187755102,,
0DBfvvIVmqY,2,41.4172335601,44.7120181406,,
0DBfvvIVmqY,3,44.3804988662,47.0566893424,,
0DBfvvIVmqY,4,46.0566893424,52.1950113379,,
0DBfvvIVmqY,5,14.6780045351,18.0925170068,,
0DBfvvIVmqY,6,17.6013605442,21.0058956916,,
0DBfvvIVmqY,7,20.3451247166,23.3904761905,,
0DBfvvIVmqY,8,24.4857142857,29.6861678005,,
0DBfvvIVmqY,9,29.3446712018,32.9487528345,,
0DBfvvIVmqY,10,32.4875283447,35.3433106576,,
0EAAfLCQabY,0,-0.487528344671,5.71065759637,,
0EAAfLCQabY,1,5.0,7.41678004535,,
0EAAfLCQabY,2,6.75600907029,15.1891156463,,
0EphpADwdPg,0,-0.487528344671,3.42585034014,,
0EphpADwdPg,1,2.58548752834,12.1959183673,,
0EphpADwdPg,2,11.1959183673,15.1492063492,,
0EphpADwdPg,3,33.5850340136,38.6557823129,,
0EphpADwdPg,4,38.0149659864,45.5501133787,,
0EphpADwdPg,5,45.0589569161,50.7482993197,,
0FA32bEZ6xI,0,5.29931972789,8.69387755102,,
0FA32bEZ6xI,1,7.69387755102,14.2512471655,,
0FA32bEZ6xI,2,58.5882086168,68.4281179138,,
0FA32bEZ6xI,3,68.4258503401,77.6371882086,,
0FA32bEZ6xI,4,76.6371882086,79.4031746032,,
0FA32bEZ6xI,5,78.6027210884,92.3637188209,,
0FA32bEZ6xI,6,93.0299319728,95.9256235828,,
0FA32bEZ6xI,7,95.9034013605,108.856235828,,
0FA32bEZ6xI,8,110.091156463,116.189569161,,
0FA32bEZ6xI,9,116.546485261,130.467120181,,
0FA32bEZ6xI,10,130.804081633,133.819501134,,
0FA32bEZ6xI,11,133.767346939,142.988662132,,
0FA32bEZ6xI,12,13.8399092971,16.0671201814,,
0FA32bEZ6xI,13,145.141496599,156.029024943,,
0FA32bEZ6xI,14,156.655328798,163.970975057,,
0FA32bEZ6xI,15,163.888888889,175.624489796,,
0FA32bEZ6xI,16,176.66984127,181.411337868,,
0FA32bEZ6xI,17,181.548752834,194.272108844,,
0FA32bEZ6xI,18,193.970521542,199.829478458,,
0FA32bEZ6xI,19,199.936961451,212.071655329,,
0FA32bEZ6xI,20,212.099319728,222.048979592,,
0FA32bEZ6xI,21,221.687528345,225.900226757,,
0FA32bEZ6xI,22,225.259410431,229.911111111,,
0FA32bEZ6xI,23,15.0671201814,19.3496598639,,
0FA32bEZ6xI,24,19.4172335601,28.758276644,,
0FA32bEZ6xI,25,29.1650793651,39.1945578231,,
0FA32bEZ6xI,26,39.3818594104,43.893877551,,
0FA32bEZ6xI,27,42.9138321995,49.9501133787,,
0FA32bEZ6xI,28,49.8081632653,59.2489795918,,
0Fqav67TDEw,0,6.936,15.299,,
0JaYazphxfM,0,30.332,42.637,,
0JaYazphxfM,1,41.956,50.16,,
0JuRmhhgMw8,0,0.351,6.08,,
0JuRmhhgMw8,1,5.459,16.676,,
0JuRmhhgMw8,2,16.105,32.25,,
0JuRmhhgMw8,3,31.819,44.912,,
0JuRmhhgMw8,4,44.45,54.989,,
0JuRmhhgMw8,5,54.537,72.569,,
0JuRmhhgMw8,6,72.137,88.692,,
0JuRmhhgMw8,7,88.181,100.356,,
0K7dCp80n9c,0,94.207,98.879,,
0K7dCp80n9c,1,98.059,104.087,,
0K7dCp80n9c,2,8.482,18.322,,
0K7dCp80n9c,3,20.954,30.834,,
0K7dCp80n9c,4,30.163,37.159,,
0K7dCp80n9c,5,36.888,47.605,,
0K7dCp80n9c,6,47.104,51.616,,
0K7dCp80n9c,7,51.065,57.483,,
0OC3wf9x3zQ,0,0.0124716553288,3.56439909297,,
0OC3wf9x3zQ,1,3.97346938776,9.76031746032,,
0OC3wf9x3zQ,2,74.5231292517,78.8333333333,,
0OC3wf9x3zQ,3,79.2324263039,87.9426303855,,
0OC3wf9x3zQ,4,101.83106576,109.403854875,,
0OC3wf9x3zQ,5,110.02244898,119.610657596,,
0OC3wf9x3zQ,6,16.993877551,25.5444444444,,
0OC3wf9x3zQ,7,25.5444444444,31.6006802721,,
0OC3wf9x3zQ,8,39.5426303855,47.7240362812,,
0OC3wf9x3zQ,9,48.4324263039,52.6029478458,,
0OC3wf9x3zQ,10,60.5448979592,63.8573696145,,
0OXeN3MhFeA,0,0.0,10.3,,
0OXeN3MhFeA,1,9.3,15.967,,
0OXeN3MhFeA,2,54.278,58.86,,
0OXeN3MhFeA,3,64.784,70.823,,
0OXeN3MhFeA,4,70.082,76.47,,
0OXeN3MhFeA,5,15.297,22.313,,
0OXeN3MhFeA,6,75.739,81.0,,
0PlQc98SccA,0,0.0,9.831,,
0PlQc98SccA,1,17.761,25.077,,
0PlQc98SccA,2,24.695,31.412,,
0SfejBuLgFo,0,1.39818594104,10.020861678,,
0SfejBuLgFo,1,9.23038548753,23.1510204082,,
0SfejBuLgFo,2,22.5102040816,25.6453514739,,
0SfejBuLgFo,3,25.2040816327,31.601814059,,
0SfejBuLgFo,4,31.0807256236,34.6349206349,,
0SfejBuLgFo,5,34.6126984127,39.4839002268,,
0SfejBuLgFo,6,39.0526077098,41.7986394558,,
0SfejBuLgFo,7,41.3274376417,47.0965986395,,
0Svu5BldR5A,0,0.0,11.398,,
0Svu5BldR5A,1,76.956,81.888,,
0W4WsjhDgUI,0,17.352,28.678,,
0WIwQgH4lKg,0,21.0136054422,27.052154195,,
0WIwQgH4lKg,1,26.0920634921,33.1183673469,,
0WIwQgH4lKg,2,34.6526077098,39.2344671202,,
0WIwQgH4lKg,3,41.3274376417,44.0634920635,,
0WIwQgH4lKg,4,43.0634920635,46.1188208617,,
0WIwQgH4lKg,5,45.1188208617,49.2317460317,,
0Xs8wJrAmxs,0,29.764,42.317,,
0Xs8wJrAmxs,1,43.802,56.844,,
0Xs8wJrAmxs,2,56.453,65.315,,
0Xs8wJrAmxs,3,64.315,70.483,,
0YdYFtVdlWE,0,-0.457596371882,3.13650793651,,
0YdYFtVdlWE,1,45.9369614512,52.1850340136,,
0YdYFtVdlWE,2,51.3746031746,57.6526077098,,
0YdYFtVdlWE,3,57.8798185941,62.0526077098,,
0YdYFtVdlWE,4,61.0526077098,76.1605442177,,
0YdYFtVdlWE,5,76.2181405896,81.5283446712,,
0YdYFtVdlWE,6,81.506122449,92.5433106576,,
0YdYFtVdlWE,7,91.5433106576,94.6684807256,,
0YdYFtVdlWE,8,93.9179138322,96.5541950113,,
0YdYFtVdlWE,9,96.0430839002,97.6616780045,,
0YdYFtVdlWE,10,96.7814058957,107.609070295,,
0YdYFtVdlWE,11,3.57324263039,8.7537414966,,
0YdYFtVdlWE,12,106.988208617,110.013605442,,
0YdYFtVdlWE,13,109.013605442,128.092517007,,
0YdYFtVdlWE,14,127.331972789,130.307482993,,
0YdYFtVdlWE,15,129.936054422,137.271655329,,
0YdYFtVdlWE,16,9.03083900227,21.9936507937,,
0YdYFtVdlWE,17,21.7619047619,28.9777777778,,
0YdYFtVdlWE,18,27.9777777778,31.5419501134,,
0YdYFtVdlWE,19,32.0385487528,35.283446712,,
0YdYFtVdlWE,20,34.283446712,39.4240362812,,
0YdYFtVdlWE,21,38.4240362812,45.7995464853,,
0YiAKqU36KE,0,0.0,9.003,,
0YiAKqU36KE,1,9.21,16.656,,
0YiAKqU36KE,2,17.641,29.078,,
0YiAKqU36KE,3,28.876,32.859,,
0YiAKqU36KE,4,32.348,36.6,,
0YiAKqU36KE,5,35.6,39.893,,
0YiAKqU36KE,6,39.332,41.29,,
0YiAKqU36KE,7,41.098,47.356,,
0YiAKqU36KE,8,46.356,54.001,,
0bsTzavb-AE,0,18.32,29.237,,
0bsTzavb-AE,1,28.556,38.087,,
0bsTzavb-AE,2,37.586,44.024,,
0bsTzavb-AE,3,43.024,51.127,,
0bxhZ-LIfZY,0,29.464,47.795,,
0bxhZ-LIfZY,1,46.895,59.778,,
0cBmQ_ItVUc,0,1.598,11.278,,
0cBmQ_ItVUc,1,154.361,170.835,,
0cBmQ_ItVUc,2,170.045,195.1,,
0cBmQ_ItVUc,3,194.1,201.496,,
0cBmQ_ItVUc,4,200.665,223.047,,
0cBmQ_ItVUc,5,222.486,232.665,,
0cBmQ_ItVUc,6,19.846,24.219,,
0cBmQ_ItVUc,7,36.179,57.064,,
0cBmQ_ItVUc,8,56.333,69.845,,
0cBmQ_ItVUc,9,70.102,75.662,,
0cBmQ_ItVUc,10,76.388,82.177,,
0eTibWQdO5M,0,37.317,49.681,,
0hCOCt6fWas,0,68.705,74.165,,
0hCOCt6fWas,1,73.415,82.716,,
0hCOCt6fWas,2,86.395,92.324,,
0hCOCt6fWas,3,9.041,18.99,,
0hCOCt6fWas,4,97.061,103.02,,
0hCOCt6fWas,5,43.812,51.147,,
0hCihQ5Kep0,0,19.647,31.083,,
0hCihQ5Kep0,1,43.961,52.624,,
0hCihQ5Kep0,2,52.751,56.894,,
0jtdrsmVzYQ,0,29.744,35.553,,
0jtdrsmVzYQ,1,34.702,42.856,,
0mXv97u2OCM,0,29.834,34.805,,
0mXv97u2OCM,1,34.084,45.54,,
0nJrksJ7azM,0,0.0,3.625,,
0nJrksJ7azM,1,2.625,13.952,,
0nJrksJ7azM,2,13.551,23.301,,
0nJrksJ7azM,3,22.351,24.837,,
0nJrksJ7azM,4,37.785,46.717,,
0nJrksJ7azM,5,45.747,51.297,,
0p9XKC_J3hU,0,32.827,41.02,,
0r8KVXUCV6c,0,86.764,98.62,,
0r8KVXUCV6c,1,123.221,132.981,,
0r8KVXUCV6c,2,53.859,64.108,,
0r8KVXUCV6c,3,70.122,83.035,,
0rE8jEvQW_I,0,0.87936507937,5.38140589569,,
0rE8jEvQW_I,1,5.59863945578,10.2603174603,,
0rE8jEvQW_I,2,9.5596371882,15.1990929705,,
0rE8jEvQW_I,3,14.787755102,21.2553287982,,
0rE8jEvQW_I,4,20.2553287982,23.6299319728,,
0rE8jEvQW_I,5,22.6299319728,29.5265306122,,
0rE8jEvQW_I,6,28.7360544218,31.9310657596,,
0rE8jEvQW_I,7,30.9310657596,33.8267573696,,
0rE8jEvQW_I,8,33.2058956916,36.4607709751,,
0tkWa2skSmA,0,42.335,47.745,,
0tkWa2skSmA,1,51.325,69.865,,
0uftSGdwo0Q,0,0.0,6.639,,
0uftSGdwo0Q,1,78.263,83.474,,
0uftSGdwo0Q,2,14.449,22.093,,
0uftSGdwo0Q,3,35.381,41.539,,
0utROiKxejc,0,6.626,12.685,,
0utROiKxejc,1,11.685,16.197,,
0utROiKxejc,2,21.562,33.368,,
0vXaXWx7Rvo,0,-0.487528344671,6.379138322,,
0vXaXWx7Rvo,1,5.379138322,7.77596371882,,
0vXaXWx7Rvo,2,7.26485260771,11.9265306122,,
0vXaXWx7Rvo,3,13.0517006803,19.4195011338,,
0vXaXWx7Rvo,4,39.3319727891,45.9192743764,,
0vXaXWx7Rvo,5,45.1287981859,51.706122449,,
0y022OlZ3W0,0,-0.457596371882,3.64535147392,,
0y022OlZ3W0,1,2.88480725624,6.54875283447,,
0y022OlZ3W0,2,41.1777777778,48.2639455782,,
0y022OlZ3W0,3,5.7283446712,11.3179138322,,
0y022OlZ3W0,4,11.485260771,19.2399092971,,
0y022OlZ3W0,5,18.3396825397,22.4326530612,,
0y022OlZ3W0,6,21.7419501134,27.1818594104,,
0y022OlZ3W0,7,29.1551020408,32.1206349206,,
0y022OlZ3W0,8,31.5097505669,40.1024943311,,
0zl_GDVzykw,0,5.379,10.41,,
0zl_GDVzykw,1,30.632,38.426,,
100178,0,0.091,1.39,,
100178,1,0.48,6.429,,
100178,2,43.493,48.304,,
100178,3,47.653,52.514,,
100178,4,51.604,56.844,,
100178,5,55.844,61.504,,
100178,6,60.833,64.607,,
100178,7,64.006,65.894,,
100178,8,65.073,69.216,,
100178,9,68.256,71.282,,
100178,10,5.429,11.128,,
100178,11,10.128,17.105,,
100178,12,16.424,21.774,,
100178,13,21.293,28.569,,
100178,14,28.048,31.293,,
100178,15,30.372,33.657,,
100178,16,32.657,38.746,,
100178,17,39.053,43.365,,
100499,0,0.0,2.807,,
100499,1,2.975,11.647,,
100499,2,11.805,17.494,,
100499,3,16.604,30.804,,
100499,4,32.398,38.267,,
100499,5,37.317,59.449,,
100499,6,58.628,66.822,,
101787,0,0.0,5.521,,
101787,1,5.17,13.254,,
101787,2,43.493,47.186,,
101787,3,47.414,57.214,,
101787,4,56.862,60.087,,
101787,5,59.845,64.527,,
101787,6,64.315,66.223,,
101787,7,65.522,68.648,,
101787,8,12.972,18.322,,
101787,9,17.621,19.679,,
101787,10,18.679,22.123,,
101787,11,22.44,28.698,,
101787,12,28.337,34.894,,
101787,13,33.894,36.65,,
101787,14,35.8,37.907,,
101787,15,37.656,44.283,,
101851,0,0.939,7.576,,
101851,1,7.444,13.293,,
101851,2,65.951,72.629,,
101851,3,72.377,84.252,,
101851,4,84.19,85.918,,
101851,5,85.587,88.682,,
101851,6,88.53,90.318,,
101851,7,90.156,99.268,,
101851,8,98.268,101.373,,
101851,9,100.852,106.851,,
101851,10,107.657,113.396,,
101851,11,113.603,116.499,,
101851,12,13.371,19.679,,
101851,13,116.147,117.726,,
101851,14,18.908,34.864,,
101851,15,34.693,38.137,,
101851,16,37.416,39.454,,
101851,17,38.554,43.365,,
101851,18,42.814,56.475,,
101851,19,57.191,63.429,,
101851,20,63.298,66.532,,
102168,0,0.331,5.521,,
102168,1,5.249,8.415,,
102168,2,7.415,25.635,,
102168,3,24.765,50.12,,
102168,4,49.469,58.281,,
102184,0,0.371,13.962,,
102184,1,13.69,17.903,,
102184,2,76.627,85.529,,
102184,3,85.248,90.029,,
102184,4,89.029,97.702,,
102184,5,96.971,100.834,,
102184,6,17.202,34.395,,
102184,7,34.194,42.786,,
102184,8,42.255,45.79,,
102184,9,45.707,58.122,,
102184,10,58.049,67.62,,
102184,11,66.62,69.705,,
102184,12,69.733,73.756,,
102184,13,72.756,77.627,,
10219,0,0.0,4.015,,
10219,1,3.693,11.288,,
10219,2,47.084,54.26,,
10219,3,53.26,57.922,,
10219,4,57.491,74.205,,
10219,5,76.927,80.551,,
10219,6,11.725,13.583,,
10219,7,12.603,15.02,,
10219,8,16.843,26.134,,
10219,9,25.873,33.507,,
10219,10,32.507,34.874,,
10219,11,34.962,39.923,,
10219,12,39.801,44.532,,
10219,13,44.211,46.827,,
102213,0,1.618,6.968,,
102213,1,7.095,12.555,,
102213,2,62.09,69.406,,
102213,3,68.406,76.38,,
102213,4,75.859,82.446,,
102213,5,81.486,85.01,,
102213,6,11.555,18.332,,
102213,7,17.891,23.56,,
102213,8,22.929,30.774,,
102213,9,31.161,33.627,,
102213,10,34.004,38.885,,
102213,11,38.284,48.184,,
102213,12,48.471,55.757,,
102213,13,56.034,62.532,,
10223,0,0.0,3.625,,
10223,1,3.364,7.606,,
10223,2,6.606,16.596,,
10223,3,17.222,35.413,,
10223,4,35.092,39.234,,
10223,5,38.234,41.829,,
10223,6,40.908,43.994,,
10223,7,43.592,62.571,,
10223,8,62.918,73.616,,
10223,9,72.616,76.37,,
102389,0,0.0,5.322,,
102389,1,5.619,8.105,,
102389,2,42.724,46.278,,
102389,3,47.643,50.908,,
102389,4,50.357,57.583,,
102389,5,57.102,59.169,,
102389,6,58.748,62.771,,
102389,7,8.382,11.517,,
102389,8,11.246,15.858,,
102389,9,14.858,19.25,,
102389,10,18.948,22.093,,
102389,11,21.093,25.306,,
102389,12,24.945,30.554,,
102389,13,30.193,34.425,,
102389,14,33.785,43.674,,
102408,0,1.229,5.97,,
102408,1,5.259,9.273,,
102408,2,9.47,11.777,,
102408,3,10.777,22.582,,
102408,4,25.214,29.756,,
102408,5,29.375,35.902,,
102408,6,36.189,44.692,,
102408,7,43.692,48.054,,
102408,8,47.693,51.716,,
102408,9,50.826,57.583,,
102858,0,0.75963718821,2.56780045351,,
102858,1,1.67755102041,6.08979591837,,
102858,2,69.822675737,75.5319727891,,
102858,3,75.2503401361,83.7433106576,,
102858,4,82.7632653061,85.2598639456,,
102858,5,84.7587301587,88.3727891156,,
102858,6,88.0013605442,93.0022675737,,
102858,7,93.1197278912,96.0353741497,,
102858,8,95.0353741497,97.8512471655,,
102858,9,96.8512471655,99.956462585,,
102858,10,100.492970522,103.258956916,,
102858,11,102.727891156,107.818594104,,
102858,12,5.47891156463,18.3419501134,,
102858,13,107.427210884,113.365986395,,
102858,14,112.695238095,117.097505669,,
102858,15,117.224943311,120.000907029,,
102858,16,119.090702948,121.028571429,,
102858,17,120.707029478,123.203628118,,
102858,18,17.3419501134,22.2829931973,,
102858,19,21.8117913832,43.2952380952,,
102858,20,43.0136054422,50.2793650794,,
102858,21,49.2793650794,56.5650793651,,
102858,22,55.5650793651,60.356462585,,
102858,23,60.2145124717,68.7873015873,,
102858,24,67.9469387755,69.4757369615,,
104741,0,1.668,6.469,,
104741,1,6.028,12.924,,
104741,2,13.052,15.967,,
104741,3,15.097,21.006,,
104741,4,20.944,41.699,,
104741,5,41.148,48.593,,
104741,6,48.99,54.131,,
104741,7,53.749,58.401,,
104741,8,57.74,62.402,,
104741,9,62.08,67.341,,
106077,0,0.301,7.527,,
106077,1,7.834,12.266,,
106077,2,54.049,60.287,,
106077,3,59.287,64.288,,
106077,4,63.766,72.619,,
106077,5,72.257,78.376,,
106077,6,77.984,80.79,,
106077,7,11.884,18.721,,
106077,8,18.35,22.932,,
106077,9,22.4,32.101,,
106077,10,31.959,34.545,,
106077,11,34.413,41.819,,
106077,12,41.447,45.43,,
106077,13,44.57,50.499,,
106077,14,49.499,54.6,,
106514,0,0.0,4.523,,
106514,1,4.86,7.078,,
106514,2,53.26,61.803,,
106514,3,60.883,64.218,,
106514,4,63.417,71.601,,
106514,5,71.07,85.998,,
106514,6,84.998,89.361,,
106514,7,88.69,93.292,,
106514,8,93.18,95.936,,
106514,9,95.624,107.439,,
106514,10,6.078,11.777,,
106514,11,10.867,14.89,,
106514,12,15.616,30.844,,
106514,13,30.861,35.423,,
106514,14,34.523,38.875,,
106514,15,38.663,42.836,,
106514,16,45.698,51.736,,
106514,17,50.736,54.26,,
106941,0,0.47,4.743,,
106941,1,5.928,8.933,,
106941,2,55.096,65.904,,
106941,3,64.904,67.69,,
106941,4,67.328,77.907,,
106941,5,8.722,12.156,,
106941,6,12.643,24.817,,
106941,7,25.074,31.023,,
106941,8,31.34,37.838,,
106941,9,36.917,43.126,,
106941,10,42.126,45.51,,
106941,11,44.51,51.487,,
106941,12,50.487,56.096,,
107551,0,0.38,5.052,,
107551,1,12.104,21.036,,
107551,2,87.732,107.07,,
107551,3,107.467,116.968,,
107551,4,116.876,120.62,,
107551,5,120.059,129.739,,
107551,6,129.188,131.565,,
107551,7,22.341,28.948,,
107551,8,29.115,31.961,,
107551,9,32.108,43.934,,
107551,10,43.772,58.61,,
107551,11,58.229,60.756,,
107551,12,61.202,77.248,,
107551,13,77.954,86.567,,
107551,14,85.567,88.313,,
107585,0,0.371,7.816,,
107585,1,7.903,22.243,,
107585,2,74.612,78.475,,
107585,3,77.475,80.501,,
107585,4,79.75,96.205,,
107585,5,95.205,105.055,,
107585,6,104.783,110.932,,
107585,7,109.932,119.263,,
107585,8,118.682,125.768,,
107585,9,124.898,129.709,,
107585,10,129.417,137.192,,
107585,11,136.192,142.919,,
107585,12,22.051,25.226,,
107585,13,24.226,26.254,,
107585,14,26.731,30.664,,
107585,15,29.664,36.511,,
107585,16,36.129,44.652,,
107585,17,43.722,48.124,,
107585,18,47.404,69.965,,
107585,19,69.553,75.612,,
108146,0,0.55,5.142,,
108146,1,4.86,9.422,,
108146,2,48.671,53.552,,
108146,3,52.841,55.897,,
108146,4,8.781,19.479,,
108146,5,18.649,22.802,,
108146,6,21.872,23.959,,
108146,7,23.388,26.932,,
108146,8,26.681,30.814,,
108146,9,30.362,34.096,,
108146,10,33.096,45.171,,
108146,11,44.171,48.833,,
108793,0,1.308,3.845,,
108793,1,2.845,6.489,,
108793,2,45.987,51.676,,
108793,3,51.005,60.177,,
108793,4,59.277,63.449,,
108793,5,62.449,68.807,,
108793,6,68.067,78.795,,
108793,7,78.174,94.06,,
108793,8,93.06,95.956,,
108793,9,94.956,99.877,,
108793,10,99.286,101.164,,
108793,11,6.177,11.587,,
108793,12,11.056,14.68,,
108793,13,13.96,19.689,,
108793,14,18.809,21.834,,
108793,15,21.333,28.229,,
108793,16,27.229,40.073,,
108793,17,39.222,41.839,,
108793,18,40.888,46.817,,
110203,0,0.071,6.668,,
110203,1,5.668,10.929,,
110203,2,11.056,29.676,,
110203,3,30.332,40.931,,
110203,4,41.188,49.092,,
110203,5,48.631,54.729,,
110203,6,53.729,62.422,,
110203,7,62.37,68.388,,
110203,8,67.737,71.99,,
110203,9,71.579,74.434,,
110565,0,0.929,8.215,,
110565,1,7.215,12.126,,
110565,2,13.87,29.048,,
110565,3,29.913,39.354,,
110565,4,38.673,41.2,,
110565,5,40.2,46.498,,
110565,6,45.837,51.297,,
110565,7,52.263,62.083,,
110565,8,61.472,73.816,,
110754,0,0.38,7.177,,
110754,1,6.666,11.897,,
110754,2,49.249,54.5,,
110754,3,54.927,60.277,,
110754,4,10.897,16.257,,
110754,5,16.155,24.927,,
110754,6,23.927,29.995,,
110754,7,29.614,33.488,,
110754,8,32.647,34.445,,
110754,9,34.623,41.968,,
110754,10,41.876,47.196,,
110754,11,47.274,50.17,,
110766,0,0.46,8.714,,
110766,1,8.362,15.059,,
110766,2,14.977,22.323,,
110766,3,22.251,47.067,,
110766,4,46.346,51.576,,
110766,5,50.576,56.256,,
110766,6,55.256,58.231,,
110766,7,58.419,61.165,,
110766,8,60.284,63.619,,
110766,9,62.619,66.752,,
110788,0,0.59,6.249,,
110788,1,5.589,25.855,,
110788,2,24.855,33.208,,
110788,3,32.687,42.717,,
110788,4,42.704,49.002,,
110788,5,49.299,52.474,,
110788,6,51.993,55.707,,
111881,0,0.72,4.952,,
111881,1,3.992,10.031,,
111881,2,45.129,55.807,,
111881,3,55.775,57.303,,
111881,4,58.169,60.396,,
111881,5,61.951,64.697,,
111881,6,65.772,68.688,,
111881,7,67.688,73.107,,
111881,8,72.227,79.782,,
111881,9,79.64,84.322,,
111881,10,9.659,12.156,,
111881,11,11.156,14.86,,
111881,12,13.86,20.687,,
111881,13,19.687,23.56,,
111881,14,22.999,28.14,,
111881,15,27.2,33.637,,
111881,16,33.076,36.91,,
111881,17,36.927,45.78,,
112148,0,0.82,3.925,,
112148,1,3.693,13.473,,
112148,2,55.206,60.436,,
112148,3,59.586,64.118,,
112148,4,63.587,67.66,,
112148,5,67.039,70.104,,
112148,6,12.663,16.376,,
112148,7,17.023,30.345,,
112148,8,30.283,32.999,,
112148,9,32.318,34.914,,
112148,10,34.174,37.858,,
112148,11,36.858,41.37,,
112148,12,40.938,53.602,,
112148,13,52.602,55.827,,
112169,0,1.278,2.707,,
112169,1,2.925,6.569,,
112169,2,81.157,87.794,,
112169,3,87.582,111.051,,
112169,4,110.051,112.099,,
112169,5,111.628,114.952,,
112169,6,5.609,20.038,,
112169,7,19.806,39.873,,
112169,8,40.25,47.605,,
112169,9,47.593,50.22,,
112169,10,51.035,58.471,,
112169,11,59.925,63.39,,
112169,12,62.998,73.267,,
112169,13,72.766,81.149,,
112223,0,0.331,4.274,,
112223,1,4.771,12.146,,
112223,2,46.067,49.78,,
112223,3,49.838,60.815,,
112223,4,12.094,14.96,,
112223,5,15.037,20.627,,
112223,6,21.024,24.358,,
112223,7,23.648,29.447,,
112223,8,29.255,34.725,,
112223,9,34.373,40.282,,
112223,10,39.342,42.317,,
112223,11,42.096,46.348,,
112425,0,0.959,2.917,,
112425,1,1.917,6.329,,
112425,2,75.2,110.742,,
112425,3,109.742,113.326,,
112425,4,112.915,114.184,,
112425,5,6.217,11.577,,
112425,6,10.577,17.334,,
112425,7,17.292,35.204,,
112425,8,35.002,49.062,,
112425,9,50.137,58.231,,
112425,10,58.259,63.28,,
112425,11,63.677,72.998,,
112425,12,71.998,75.312,,
112433,0,1.368,6.589,,
112433,1,6.926,21.056,,
112433,2,89.219,90.458,,
112433,3,21.632,26.304,,
112433,4,25.304,36.92,,
112433,5,36.399,51.297,,
112433,6,51.764,64.148,,
112433,7,65.303,71.152,,
112433,8,70.581,73.756,,
112433,9,73.953,83.484,,
112433,10,82.484,89.51,,
112509,0,0.0,4.543,,
112509,1,5.728,15.059,,
112509,2,17.711,27.93,,
112509,3,29.854,39.843,,
112509,4,40.32,42.537,,
112509,5,43.213,55.627,,
112604,0,0.0,10.27,,
112604,1,9.849,39.085,,
112604,2,39.761,44.483,,
112604,3,44.889,53.652,,
112604,4,54.068,56.435,,
112631,0,0.51,9.891,,
112631,1,9.49,24.518,,
112631,2,24.416,33.278,,
112631,3,32.597,36.58,,
112631,4,35.58,40.232,,
112631,5,39.292,49.501,,
112631,6,48.501,53.801,,
112631,7,53.31,56.625,,
112631,8,55.625,62.402,,
112631,9,61.871,65.794,,
112903,0,0.0,11.966,,
112903,1,11.056,17.354,,
112903,2,16.574,22.483,,
112903,3,21.483,33.368,,
112903,4,32.747,59.239,,
112903,5,58.588,61.574,,
112903,6,61.541,75.901,,
113265,0,0.65,8.045,,
113265,1,7.275,12.226,,
113265,2,11.226,17.294,,
113265,3,17.701,21.295,,
113265,4,20.884,32.839,,
113265,5,32.438,35.004,,
113265,6,34.812,45.53,,
113265,7,47.184,54.729,,
113265,8,55.505,59.389,,
113265,9,58.568,84.811,,
114624,0,0.0,5.79,,
114624,1,6.247,8.015,,
114624,2,40.04,46.049,,
114624,3,46.775,48.434,,
114624,4,47.434,52.654,,
114624,5,52.482,56.376,,
114624,6,7.015,9.801,,
114624,7,9.679,13.882,,
114624,8,13.341,19.3,,
114624,9,18.699,28.828,,
114624,10,29.125,34.465,,
114624,11,33.465,37.459,,
114624,12,37.157,39.264,,
114624,13,38.264,40.512,,
116213,0,0.271,2.019,,
116213,1,1.139,22.253,,
116213,2,56.373,58.082,,
116213,3,57.6,66.602,,
116213,4,65.941,70.623,,
116213,5,21.762,28.309,,
116213,6,27.748,30.155,,
116213,7,29.385,39.045,,
116213,8,38.454,44.463,,
116213,9,43.912,47.625,,
116213,10,46.895,52.554,,
116213,11,52.083,55.547,,
116213,12,54.787,57.024,,
11650,0,0.0,1.58,,
11650,1,0.58,5.621,,
11650,2,56.882,72.808,,
11650,3,71.808,78.785,,
11650,4,78.014,80.95,,
11650,5,80.129,82.696,,
11650,6,81.696,84.601,,
11650,7,83.601,86.068,,
11650,8,85.756,89.7,,
11650,9,88.7,92.693,,
11650,10,91.693,97.133,,
11650,11,96.133,98.949,,
11650,12,4.621,7.477,,
11650,13,98.128,101.683,,
11650,14,100.932,103.758,,
11650,15,102.788,108.228,,
11650,16,107.228,110.413,,
11650,17,109.932,115.341,,
11650,18,6.976,13.064,,
11650,19,12.363,21.305,,
11650,20,20.345,27.461,,
11650,21,27.269,40.152,,
11650,22,39.871,53.013,,
11650,23,52.253,56.266,,
11650,24,55.266,57.643,,
117tQqLjza4,0,19.317,22.762,,
117tQqLjza4,1,23.588,32.629,,
119348,0,0.360544217687,27.9800453515,,
119348,1,85.5469387755,99.4775510204,,
119348,2,98.9464852608,107.040362812,,
119348,3,107.147845805,111.609977324,,
119348,4,111.986848073,115.052154195,,
119348,5,28.3469387755,31.9310657596,,
119348,6,31.8689342404,39.0448979592,,
119348,7,41.4371882086,42.7265306122,,
119348,8,41.7963718821,43.9437641723,,
119348,9,43.233106576,50.7782312925,,
119348,10,50.2671201814,52.1850340136,,
119348,11,51.8634920635,62.9306122449,,
119348,12,64.09569161,83.9229024943,,
11UtTaDYgII,0,0.0,7.826,,
11UtTaDYgII,1,99.974,116.15,,
11UtTaDYgII,2,16.115,22.483,,
11UtTaDYgII,3,22.55,34.096,,
11UtTaDYgII,4,33.854,37.947,,
11UtTaDYgII,5,64.176,70.404,,
11UtTaDYgII,6,70.222,84.541,,
11j7EfglCAs,0,16.165,23.53,,
11j7EfglCAs,1,36.818,47.955,,
11j7EfglCAs,2,50.756,66.263,,
120vnZnmhq4,0,6.656,16.277,,
121128,0,0.101,3.346,,
121128,1,2.585,10.49,,
121128,2,61.611,66.562,,
121128,3,10.607,19.429,,
121128,4,19.347,26.912,,
121128,5,26.062,37.868,,
121128,6,38.863,41.34,,
121128,7,41.108,44.313,,
121128,8,43.443,48.523,,
121128,9,49.05,55.258,,
121128,10,55.066,61.105,,
121358,0,0.0,1.62,,
121358,1,0.62,4.294,,
121358,2,34.573,40.821,,
121358,3,40.32,48.184,,
121358,4,47.184,53.642,,
121358,5,52.642,54.55,,
121358,6,53.649,59.419,,
121358,7,58.858,64.816,,
121358,8,63.816,86.248,,
121358,9,85.727,95.167,,
121358,10,94.167,97.781,,
121358,11,96.781,105.683,,
121358,12,3.902,6.22,,
121358,13,104.743,107.579,,
121358,14,107.387,115.461,,
121358,15,114.491,120.56,,
121358,16,5.22,9.043,,
121358,17,8.043,10.45,,
121358,18,10.019,12.864,,
121358,19,12.224,23.889,,
121358,20,22.889,25.775,,
121358,21,25.194,33.697,,
121358,22,34.004,35.573,,
121400,0,0.0,6.449,,
121400,1,6.257,11.208,,
121400,2,63.567,67.51,,
121400,3,67.089,71.96,,
121400,4,10.208,14.052,,
121400,5,13.052,16.207,,
121400,6,16.135,19.489,,
121400,7,18.489,23.7,,
121400,8,23.259,40.392,,
121400,9,39.931,48.573,,
121400,10,48.142,59.229,,
121400,11,58.339,64.088,,
122439,0,0.181,3.935,,
122439,1,3.553,9.013,,
122439,2,9.699,20.826,,
122439,3,20.295,25.845,,
122439,4,25.663,36.91,,
122439,5,36.917,41.799,,
122439,6,41.407,46.867,,
122439,7,47.214,49.88,,
122439,8,49.269,67.42,,
122439,9,68.206,73.906,,
122602,0,1.348,6.788,,
122602,1,6.776,9.432,,
122602,2,44.271,50.319,,
122602,3,50.626,59.488,,
122602,4,58.488,69.735,,
122602,5,69.284,75.592,,
122602,6,75.629,77.996,,
122602,7,77.585,82.925,,
122602,8,83.282,87.215,,
122602,9,86.215,95.686,,
122602,10,95.185,104.965,,
122602,11,10.348,14.042,,
122602,12,14.429,17.384,,
122602,13,16.384,19.629,,
122602,14,18.689,23.071,,
122602,15,24.705,27.671,,
122602,16,27.07,29.327,,
122602,17,29.045,32.649,,
122602,18,32.158,44.153,,
122842,0,0.0,6.668,,
122842,1,6.058,9.362,,
122842,2,56.792,58.421,,
122842,3,57.68,63.06,,
122842,4,62.06,64.258,,
122842,5,8.941,17.594,,
122842,6,16.803,24.897,,
122842,7,24.346,35.164,,
122842,8,34.164,38.217,,
122842,9,37.546,43.156,,
122842,10,43.303,45.78,,
122842,11,44.78,51.317,,
122842,12,50.726,57.792,,
125676,0,0.62,4.733,,
125676,1,4.421,10.919,,
125676,2,81.925,88.682,,
125676,3,10.917,16.586,,
125676,4,15.935,33.458,,
125676,5,33.146,43.056,,
125676,6,42.056,51.417,,
125676,7,51.005,54.719,,
125676,8,55.156,63.739,,
125676,9,63.936,68.867,,
125676,10,68.166,82.526,,
125708,0,0.74,20.886,,
125730,0,0.341,6.928,,
125730,1,6.347,12.705,,
125730,2,56.722,76.679,,
125730,3,76.228,82.576,,
125730,4,81.576,87.575,,
125730,5,86.944,94.389,,
125730,6,93.868,100.016,,
125730,7,99.016,103.309,,
125730,8,12.084,14.551,,
125730,9,14.049,18.482,,
125730,10,17.861,21.425,,
125730,11,20.774,25.256,,
125730,12,24.945,43.335,,
125730,13,42.934,52.624,,
125730,14,51.624,56.515,,
125730,15,55.515,57.254,,
125845,0,0.7,11.029,,
125845,1,11.266,21.644,,
125845,2,70.262,73.596,,
125845,3,21.812,25.286,,
125845,4,24.925,38.077,,
125845,5,37.077,46.298,,
125845,6,47.513,56.824,,
125845,7,55.944,61.045,,
125845,8,61.312,63.529,,
125845,9,63.168,67.021,,
125845,10,66.72,71.102,,
125895,0,0.291,7.427,,
125895,1,7.125,23.62,,
125895,2,23.897,33.268,,
125895,3,33.026,43.136,,
125895,4,43.143,46.059,,
125895,5,45.109,49.471,,
125895,6,49.449,51.826,,
125895,7,50.876,53.901,,
125895,8,53.679,61.933,,
125895,9,61.372,63.679,,
126542,0,0.0,6.629,,
126542,1,6.197,12.805,,
126542,2,52.372,56.086,,
126542,3,55.405,62.901,,
126542,4,62.04,64.058,,
126542,5,63.497,67.111,,
126542,6,67.019,71.032,,
126542,7,70.94,73.397,,
126542,8,72.397,79.054,,
126542,9,78.244,80.59,,
126542,10,12.653,19.03,,
126542,11,19.437,22.293,,
126542,12,21.742,28.619,,
126542,13,28.756,35.234,,
126542,14,35.191,46.039,,
126542,15,45.039,48.074,,
126542,16,47.074,49.541,,
126542,17,49.489,52.325,,
126831,0,0.011,2.288,,
126831,1,2.306,6.738,,
126831,2,48.571,54.839,,
126831,3,54.488,56.475,,
126831,4,55.475,57.164,,
126831,5,57.361,61.783,,
126831,6,62.509,64.607,,
126831,7,64.185,66.293,,
126831,8,66.79,76.719,,
126831,9,76.378,79.114,,
126831,10,6.816,10.151,,
126831,11,11.625,17.693,,
126831,12,17.911,21.674,,
126831,13,20.674,26.274,,
126831,14,27.728,35.423,,
126831,15,35.61,38.097,,
126831,16,38.863,41.11,,
126831,17,40.849,48.454,,
126872,0,0.8,4.144,,
126872,1,4.441,8.624,,
126872,2,59.616,61.015,,
126872,3,61.202,62.871,,
126872,4,62.36,66.403,,
126872,5,66.101,67.75,,
126872,6,67.109,71.401,,
126872,7,8.253,11.278,,
126872,8,12.094,18.302,,
126872,9,17.961,19.599,,
126872,10,18.599,24.268,,
126872,11,23.268,26.005,,
126872,12,25.813,38.416,,
126872,13,38.185,49.461,,
126872,14,48.611,59.997,,
127470,0,0.919,4.893,,
127470,1,5.15,9.582,,
127470,2,46.496,53.492,,
127470,3,52.492,55.897,,
127470,4,54.897,57.114,,
127470,5,9.5,13.982,,
127470,6,13.63,26.773,,
127470,7,26.78,29.088,,
127470,8,28.327,31.203,,
127470,9,31.071,34.515,,
127470,10,35.63,38.107,,
127470,11,37.885,42.537,,
127470,12,42.974,45.73,,
127539,0,1.139,6.539,,
127539,1,7.594,19.779,,
127539,2,20.046,32.121,,
127539,3,31.709,33.927,,
127539,4,33.994,39.065,,
127539,5,39.332,44.742,,
127539,6,45.438,51.866,,
127539,7,51.494,58.411,,
127539,8,58.578,68.598,,
127539,9,68.366,71.89,,
128059,0,0.77,4.932,,
128059,1,4.97,8.195,,
128059,2,67.847,71.272,,
128059,3,70.272,76.829,,
128059,4,76.837,80.161,,
128059,5,79.161,82.616,,
128059,6,82.524,89.66,,
128059,7,88.66,90.698,,
128059,8,89.698,92.444,,
128059,9,91.473,96.205,,
128059,10,7.195,10.28,,
128059,11,9.28,16.077,,
128059,12,15.077,26.324,,
128059,13,25.952,31.322,,
128059,14,30.971,39.743,,
128059,15,39.611,55.039,,
128059,16,54.108,65.195,,
128059,17,65.163,68.847,,
12812,0,0.5,5.361,,
12812,1,4.98,10.041,,
12812,2,10.557,16.756,,
12812,3,16.205,29.886,,
12812,4,29.205,35.064,,
12812,5,34.064,36.511,,
12812,6,35.94,49.611,,
128258,0,0.73,6.18,,
128258,1,5.738,16.746,,
128258,2,41.417,47.855,,
128258,3,47.344,50.489,,
128258,4,49.489,53.243,,
128258,5,53.62,61.683,,
128258,6,60.883,69.117,,
128258,7,16.364,19.25,,
128258,8,18.31,19.988,,
128258,9,19.866,21.944,,
128258,10,20.944,23.989,,
128258,11,23.398,28.459,,
128258,12,28.098,32.959,,
128258,13,32.597,37.638,,
128258,14,37.067,42.417,,
128752,0,0.281,3.985,,
128752,1,5.05,7.227,,
128752,2,43.592,46.947,,
128752,3,46.875,51.477,,
128752,4,51.115,55.717,,
128752,5,55.106,58.59,,
128752,6,57.59,61.663,,
128752,7,61.312,66.253,,
128752,8,65.253,67.43,,
128752,9,6.616,10.011,,
128752,10,9.809,15.219,,
128752,11,15.127,26.194,,
128752,12,25.952,28.758,,
128752,13,28.187,30.484,,
128752,14,30.213,34.685,,
128752,15,33.994,39.893,,
128752,16,38.893,44.592,,
128763,0,0.321,4.583,,
128763,1,3.583,7.038,,
128763,2,45.169,50.11,,
128763,3,50.347,58.441,,
128763,4,57.84,61.304,,
128763,5,7.335,9.672,,
128763,6,9.57,14.84,,
128763,7,14.139,17.713,,
128763,8,16.773,20.078,,
128763,9,19.707,37.459,,
128763,10,36.459,40.861,,
128763,11,39.861,42.567,,
128763,12,43.024,45.101,,
128949,0,0.0,13.722,,
128949,1,12.952,25.795,,
128949,2,26.751,34.366,,
128949,3,33.974,38.945,,
128949,4,38.544,57.782,,
128949,5,56.782,62.611,,
128949,6,61.711,63.988,,
128949,7,64.136,68.019,,
128949,8,68.476,76.47,,
129733,0,0.131,6.539,,
129733,1,6.946,14.161,,
129733,2,65.812,70.124,,
129733,3,71.549,80.531,,
129733,4,14.039,18.083,,
129733,5,17.99,22.333,,
129733,6,21.333,23.73,,
129733,7,24.166,31.412,,
129733,8,33.056,39.474,,
129733,9,38.913,49.371,,
129733,10,51.494,54.61,,
129733,11,53.61,66.812,,
130149,0,0.0,6.788,,
130149,1,6.976,19.679,,
130149,2,19.238,25.745,,
130149,3,26.012,28.539,,
130149,4,29.305,31.572,,
130149,5,30.572,87.525,,
130149,6,86.525,91.186,,
130366,0,0.0,12.425,,
130366,1,11.425,18.172,,
130366,2,57.311,60.476,,
130366,3,59.476,73.058,,
130366,4,17.741,20.687,,
130366,5,19.687,34.914,,
130366,6,35.022,40.392,,
130366,7,40.18,48.005,,
130366,8,47.463,50.599,,
130366,9,49.599,53.033,,
130366,10,52.921,56.076,,
130366,11,55.076,57.952,,
130426,0,0.64,9.702,,
130426,1,9.23,13.473,,
130426,2,13.271,16.566,,
130426,3,16.943,20.766,,
130426,4,20.744,29.427,,
130426,5,28.846,34.136,,
130426,6,33.605,41.38,,
130426,7,40.859,46.338,,
130426,8,45.887,60.416,,
130448,0,0.59,4.633,,
130448,1,4.9,8.175,,
130448,2,7.335,22.892,,
130448,3,21.892,25.246,,
130448,4,26.252,33.049,,
130448,5,32.049,35.563,,
130448,6,35.141,41.709,,
130448,7,42.924,50.04,,
130448,8,50.676,54.669,,
130448,9,53.739,65.914,,
130456,0,0.0,1.101,,
130456,1,0.101,2.478,,
130456,2,40.799,43.285,,
130456,3,42.285,53.562,,
130456,4,2.416,6.19,,
130456,5,6.147,9.412,,
130456,6,8.791,14.291,,
130456,7,14.189,19.28,,
130456,8,19.307,29.417,,
130456,9,29.355,31.871,,
130456,10,31.41,34.136,,
130456,11,33.705,40.931,,
130633,0,0.371,4.982,,
130633,1,7.554,15.748,,
130633,2,70.731,74.395,,
130633,3,15.696,25.895,,
130633,4,26.062,33.428,,
130633,5,32.428,38.526,,
130633,6,37.756,52.484,,
130633,7,52.293,56.106,,
130633,8,55.944,61.005,,
130633,9,60.783,70.024,,
130633,10,69.463,71.491,,
131650,0,0.0,5.741,,
131650,1,5.409,16.526,,
131650,2,56.842,59.379,,
131650,3,15.526,19.839,,
131650,4,19.327,26.034,,
131650,5,25.673,42.307,,
131650,6,41.687,44.912,,
131650,7,44.67,51.556,,
131650,8,51.165,53.612,,
131650,9,52.672,56.545,,
131650,10,55.735,57.533,,
131871,0,0.0,5.541,,
131871,1,5.08,14.122,,
131871,2,14.169,29.786,,
131871,3,29.824,38.307,,
131871,4,37.815,50.0,,
131871,5,50.078,57.104,,
131871,6,56.842,69.705,,
131871,7,69.104,74.514,,
131871,8,74.692,82.327,,
131936,0,0.0,11.228,,
131936,1,11.385,22.842,,
131936,2,24.745,27.391,,
131936,3,26.391,39.334,,
131936,4,38.883,50.13,,
131936,5,49.788,64.487,,
131936,6,65.732,80.191,,
131936,7,79.191,96.065,,
132028,0,0.63,1.979,,
132028,1,1.209,10.57,,
132028,2,10.368,20.667,,
132028,3,20.385,34.026,,
132028,4,35.73,39.644,,
132028,5,38.644,53.652,,
132028,6,53.959,67.271,,
132028,7,66.53,84.911,,
134252,0,1.508,2.757,,
134252,1,1.997,6.449,,
134252,2,5.728,11.178,,
134252,3,10.318,13.533,,
134252,4,12.663,16.825,,
134252,5,16.364,22.403,,
134252,6,22.111,27.81,,
134252,7,27.289,51.656,,
134252,8,51.405,56.296,,
134252,9,56.523,64.856,,
135623,0,0.0,8.534,,
135623,1,10.178,15.628,,
135623,2,14.628,32.061,,
135623,3,31.061,35.643,,
135623,4,35.531,57.164,,
135623,5,56.254,63.1,,
135623,6,62.479,72.898,,
135623,7,71.898,79.293,,
135623,8,78.293,82.307,,
135623,9,82.314,88.393,,
136196,0,0.829,4.773,,
136196,1,4.98,12.725,,
136196,2,61.951,65.585,,
136196,3,64.585,67.41,,
136196,4,66.949,70.653,,
136196,5,69.653,74.714,,
136196,6,75.021,82.297,,
136196,7,11.765,17.135,,
136196,8,18.15,27.561,,
136196,9,27.798,33.777,,
136196,10,33.495,44.542,,
136196,11,44.261,48.823,,
136196,12,48.312,52.594,,
136196,13,52.063,56.735,,
136196,14,56.523,62.951,,
136205,0,0.051,5.591,,
136205,1,5.0,9.352,,
136205,2,47.833,64.058,,
136205,3,64.176,71.162,,
136205,4,70.731,74.195,,
136205,5,74.083,87.445,,
136205,6,87.423,98.53,,
136205,7,97.709,102.211,,
136205,8,8.981,16.007,,
136205,9,15.267,20.028,,
136205,10,20.495,27.671,,
136205,11,27.1,32.19,,
136205,12,31.35,34.066,,
136205,13,33.665,38.646,,
136205,14,37.646,39.933,,
136205,15,40.709,47.945,,
136211,0,1.777,9.213,,
136211,1,8.871,22.443,,
136211,2,21.473,31.412,,
136211,3,30.751,37.488,,
136211,4,37.356,55.597,,
136211,5,56.174,62.571,,
136211,6,61.611,66.293,,
136211,7,65.932,72.649,,
136215,0,1.059,3.815,,
136215,1,2.865,9.722,,
136215,2,59.636,61.703,,
136215,3,60.703,66.892,,
136215,4,66.58,76.719,,
136215,5,76.128,86.906,,
136215,6,85.976,95.397,,
136215,7,9.889,15.419,,
136215,8,15.536,32.051,,
136215,9,32.308,41.499,,
136215,10,41.238,45.071,,
136215,11,44.58,49.012,,
136215,12,49.499,53.921,,
136215,13,52.921,55.727,,
136215,14,54.727,60.526,,
137827,0,1.388,5.561,,
137827,1,4.99,8.255,,
137827,2,7.564,18.761,,
137827,3,19.208,30.365,,
137827,4,31.939,39.683,,
137827,5,40.31,57.982,,
137827,6,58.468,68.428,,
139006,0,0.331,16.546,,
139006,1,16.215,22.493,,
139006,2,131.612,145.303,,
139006,3,144.403,153.046,,
139006,4,152.046,182.239,,
139006,5,21.532,29.337,,
139006,6,28.985,35.603,,
139006,7,34.603,38.875,,
139006,8,38.234,84.322,,
139006,9,84.31,100.595,,
139006,10,100.762,110.542,,
139006,11,110.57,116.659,,
139006,12,116.197,132.612,,
139032,0,0.301,19.948,,
139032,1,20.076,24.688,,
139032,2,97.37,103.189,,
139032,3,102.189,111.201,,
139032,4,110.56,142.42,,
139032,5,141.42,151.509,,
139032,6,150.509,153.804,,
139032,7,152.974,160.918,,
139032,8,159.918,162.863,,
139032,9,161.933,168.361,,
139032,10,24.516,26.992,,
139032,11,25.992,35.473,,
139032,12,34.892,59.558,,
139032,13,58.558,75.632,,
139032,14,74.921,79.972,,
139032,15,78.972,94.439,,
139032,16,93.439,96.025,,
139032,17,95.055,98.37,,
13JpsLvddoY,0,23.259,29.227,,
13JpsLvddoY,1,29.095,34.815,,
13JpsLvddoY,2,35.072,43.016,,
13JpsLvddoY,3,42.754,47.027,,
140293,0,0.0,6.858,,
140293,1,6.357,9.981,,
140293,2,9.54,24.678,,
140293,3,24.067,32.45,,
140293,4,31.799,43.565,,
140293,5,42.994,50.349,,
140293,6,50.078,59.748,,
140293,7,59.027,66.483,,
140317,0,0.0,3.995,,
140317,1,3.513,6.818,,
140317,2,53.799,57.702,,
140317,3,56.702,62.641,,
140317,4,61.641,67.57,,
140317,5,6.267,8.564,,
140317,6,7.564,11.807,,
140317,7,11.346,15.159,,
140317,8,14.688,18.891,,
140317,9,18.34,27.032,,
140317,10,26.032,37.688,,
140317,11,36.788,44.981,,
140317,12,43.981,54.24,,
154449,0,0.0,0.632,,
154449,1,0.8,2.458,,
154449,2,52.592,59.139,,
154449,3,58.937,62.132,,
154449,4,61.132,67.969,,
154449,5,67.937,71.97,,
154449,6,1.458,8.824,,
154449,7,9.131,10.679,,
154449,8,9.999,11.927,,
154449,9,10.927,14.94,,
154449,10,16.095,24.029,,
154449,11,25.883,37.319,,
154449,12,36.937,42.717,,
154449,13,43.313,53.233,,
15837,0,0.44,4.883,,
15837,1,4.172,9.193,,
15837,2,51.075,54.19,,
15837,3,53.699,55.507,,
15837,4,54.527,56.266,,
15837,5,55.485,57.952,,
15837,6,8.722,11.298,,
15837,7,10.577,14.86,,
15837,8,15.317,23.211,,
15837,9,22.74,24.707,,
15837,10,23.707,32.37,,
15837,11,32.009,40.791,,
15837,12,39.98,43.215,,
15837,13,42.475,51.626,,
15Wu4U2VPLw,0,1.278,8.594,,
15Wu4U2VPLw,1,8.362,14.181,,
15Wu4U2VPLw,2,21.822,30.963,,
15Wu4U2VPLw,3,30.662,39.294,,
15Wu4U2VPLw,4,38.763,43.934,,
15Wu4U2VPLw,5,42.934,46.328,,
15Wu4U2VPLw,6,45.847,50.988,,
15Wu4U2VPLw,7,50.407,54.101,,
15ktF-6wutk,0,-0.487528344671,2.14875283447,,
15ktF-6wutk,1,20.9836734694,27.1419501134,,
15ktF-6wutk,2,26.580952381,29.8557823129,,
15ktF-6wutk,3,30.641723356,33.8267573696,,
15ktF-6wutk,4,1.14875283447,6.78820861678,,
15ktF-6wutk,5,6.02766439909,10.2303854875,,
15ktF-6wutk,6,9.6394557823,16.3365079365,,
167521,0,0.0,6.13,,
167521,1,5.589,13.014,,
167521,2,42.974,47.745,,
167521,3,46.915,49.381,,
167521,4,48.381,51.337,,
167521,5,50.726,56.316,,
167521,6,55.775,59.848,,
167521,7,58.848,62.172,,
167521,8,61.541,64.776,,
167521,9,63.926,66.512,,
167521,10,12.413,19.29,,
167521,11,18.639,25.675,,
167521,12,25.224,29.427,,
167521,13,28.666,33.627,,
167521,14,33.016,36.59,,
167521,15,35.59,37.628,,
167521,16,36.628,41.569,,
167521,17,40.859,43.714,,
173CpFb3clw,0,0.0,5.84,,
173CpFb3clw,1,11.565,33.917,,
173CpFb3clw,2,33.964,44.263,,
180923,0,0.0,7.287,,
180923,1,7.155,10.49,,
180923,2,65.393,71.471,,
180923,3,70.96,76.759,,
180923,4,75.759,79.014,,
180923,5,78.014,82.017,,
180923,6,81.566,86.427,,
180923,7,10.677,14.8,,
180923,8,13.8,17.534,,
180923,9,17.182,25.326,,
180923,10,24.585,26.394,,
180923,11,25.394,39.604,,
180923,12,39.581,51.078,,
180923,13,50.337,60.147,,
180923,14,59.147,65.076,,
180971,0,0.0,0.572,,
180971,1,0.0,6.16,,
180971,2,5.229,10.101,,
180971,3,9.101,16.476,,
180971,4,16.244,44.233,,
180971,5,44.949,56.625,,
180971,6,56.164,66.193,,
184784,0,0.0,4.005,,
184784,1,4.102,8.664,,
184784,2,8.452,27.78,,
184784,3,27.03,32.57,,
184784,4,32.478,35.822,,
184784,5,36.449,43.395,,
184784,6,42.724,53.043,,
186631,0,0.64,3.127,,
186631,1,2.226,6.878,,
186631,2,64.605,74.494,,
186631,3,73.983,90.588,,
186631,4,90.057,104.586,,
186631,5,6.327,11.637,,
186631,6,11.745,16.087,,
186631,7,15.606,29.626,,
186631,8,29.335,32.979,,
186631,9,33.036,46.139,,
186631,10,45.598,50.339,,
186631,11,49.888,58.082,,
186631,12,57.8,65.126,,
188122,0,0.0,4.503,,
188122,1,5.798,13.034,,
188122,2,57.132,60.566,,
188122,3,60.554,64.826,,
188122,4,64.894,72.05,,
188122,5,71.529,74.474,,
188122,6,74.133,83.215,,
188122,7,83.402,86.776,,
188122,8,87.991,100.415,,
188122,9,12.872,15.618,,
188122,10,15.736,18.771,,
188122,11,18.599,20.766,,
188122,12,20.545,24.478,,
188122,13,24.156,25.955,,
188122,14,25.543,37.618,,
188122,15,38.823,47.206,,
188122,16,47.384,53.552,,
188343,0,0.0,4.952,,
188343,1,3.952,8.794,,
188343,2,63.727,77.966,,
188343,3,77.815,80.132,,
188343,4,79.66,84.731,,
188343,5,84.459,93.112,,
188343,6,92.351,96.504,,
188343,7,96.771,100.685,,
188343,8,8.113,21.365,,
188343,9,20.365,23.211,,
188343,10,22.969,30.225,,
188343,11,29.973,34.705,,
188343,12,34.044,48.184,,
188343,13,48.322,51.397,,
188343,14,51.255,57.303,,
188343,15,57.201,63.978,,
189966,0,0.291,2.488,,
189966,1,1.638,6.229,,
189966,2,52.003,55.108,,
189966,3,54.108,59.329,,
189966,4,58.738,61.175,,
189966,5,60.175,66.792,,
189966,6,66.121,73.287,,
189966,7,72.666,77.547,,
189966,8,76.807,85.11,,
189966,9,84.539,86.916,,
189966,10,85.916,96.085,,
189966,11,95.085,97.432,,
189966,12,5.728,10.949,,
189966,13,97.041,101.174,,
189966,14,100.174,102.541,,
189966,15,102.059,104.616,,
189966,16,103.646,105.534,,
189966,17,104.723,109.654,,
189966,18,108.654,110.852,,
189966,19,10.677,19.23,,
189966,20,18.599,22.163,,
189966,21,21.792,31.981,,
189966,22,31.051,35.683,,
189966,23,35.69,39.823,,
189966,24,39.412,49.92,,
189966,25,48.92,53.003,,
18JTkk8JbeU,0,4.721,23.48,,
18JTkk8JbeU,1,23.149,34.815,,
18JTkk8JbeU,2,35.88,41.609,,
18JTkk8JbeU,3,40.888,49.87,,
18JTkk8JbeU,4,49.698,58.93,,
18QjfdhJEM4,0,0.0124716553288,3.27505668934,,
18QjfdhJEM4,1,3.27505668934,19.0891156463,,
18QjfdhJEM4,2,93.4700680272,99.2369614512,,
18QjfdhJEM4,3,99.8156462585,108.226530612,,
18QjfdhJEM4,4,109.353968254,127.233333333,,
18QjfdhJEM4,5,128.570294785,134.496825397,,
18QjfdhJEM4,6,135.634240363,146.319954649,,
18QjfdhJEM4,7,147.597052154,151.827437642,,
18QjfdhJEM4,8,152.59569161,158.532199546,,
18QjfdhJEM4,9,159.220634921,163.071882086,,
18QjfdhJEM4,10,185.381179138,197.024716553,,
18QjfdhJEM4,11,200.646485261,204.387981859,,
18QjfdhJEM4,12,204.8569161,208.289115646,,
18QjfdhJEM4,13,26.4424036281,36.070521542,,
18QjfdhJEM4,14,37.1480725624,47.0755102041,,
18QjfdhJEM4,15,48.4024943311,58.9684807256,,
18QjfdhJEM4,16,60.0260770975,75.8900226757,,
18QjfdhJEM4,17,77.1471655329,84.4804988662,,
18QjfdhJEM4,18,87.6832199546,92.2229024943,,
190740,0,1.338,8.444,,
190740,1,7.933,12.226,,
190740,2,57.221,67.859,,
190740,3,67.059,75.113,,
190740,4,74.113,84.302,,
190740,5,83.881,87.774,,
190740,6,87.063,88.951,,
190740,7,11.226,20.866,,
190740,8,20.365,23.001,,
190740,9,22.241,27.641,,
190740,10,27.16,31.622,,
190740,11,31.001,37.937,,
190740,12,37.616,46.558,,
190740,13,46.236,53.901,,
190740,14,53.24,58.221,,
190743,0,1.209,4.743,,
190743,1,3.743,7.008,,
190743,2,63.816,78.385,,
190743,3,77.745,87.585,,
190743,4,86.884,89.71,,
190743,5,88.899,98.021,,
190743,6,97.56,102.151,,
190743,7,101.151,103.608,,
190743,8,102.678,104.825,,
190743,9,104.095,111.949,,
190743,10,111.288,115.8,,
190743,11,6.447,10.959,,
190743,12,10.288,17.943,,
190743,13,17.492,20.597,,
190743,14,20.535,22.762,,
190743,15,22.4,26.434,,
190743,16,25.763,43.824,,
190743,17,43.323,61.075,,
190743,18,60.444,64.517,,
192799,0,0.0,2.957,,
192799,1,2.915,8.444,,
192799,2,51.544,60.137,,
192799,3,59.406,61.853,,
192799,4,61.162,67.141,,
192799,5,66.56,68.648,,
192799,6,69.194,74.774,,
192799,7,74.163,76.34,,
192799,8,76.388,79.403,,
192799,9,78.403,86.178,,
192799,10,7.774,14.88,,
192799,11,14.439,19.789,,
192799,12,19.976,24.887,,
192799,13,24.625,32.031,,
192799,14,31.809,37.498,,
192799,15,37.127,40.172,,
192799,16,39.272,46.857,,
192799,17,46.585,52.055,,
193291,0,0.65,38.337,,
193291,1,39.242,63.4,,
193291,2,63.208,66.862,,
193291,3,66.61,73.876,,
194299,0,0.0,0.592,,
194299,1,1.488,7.137,,
194299,2,43.133,46.328,,
194299,3,45.388,47.506,,
194299,4,46.935,52.893,,
194299,5,51.893,61.155,,
194299,6,60.693,63.34,,
194299,7,62.39,65.525,,
194299,8,64.984,66.872,,
194299,9,6.636,9.482,,
194299,10,9.131,12.126,,
194299,11,12.283,19.3,,
194299,12,19.996,24.039,,
194299,13,24.097,29.397,,
194299,14,28.397,31.741,,
194299,15,30.921,36.032,,
194299,16,35.032,44.073,,
194625,0,1.139,3.975,,
194625,1,4.751,7.257,,
194625,2,54.887,57.842,,
194625,3,57.112,59.369,,
194625,4,58.927,63.499,,
194625,5,62.499,68.498,,
194625,6,70.212,76.5,,
194625,7,76.268,87.445,,
194625,8,86.834,92.384,,
194625,9,92.391,94.629,,
194625,10,94.327,109.215,,
194625,11,6.507,10.759,,
194625,12,11.116,15.678,,
194625,13,16.234,20.527,,
194625,14,21.532,24.847,,
194625,15,25.114,28.09,,
194625,16,27.509,36.68,,
194625,17,36.399,52.814,,
194625,18,51.814,54.849,,
197778,0,0.0,2.897,,
197778,1,2.366,8.075,,
197778,2,66.39,81.089,,
197778,3,80.089,86.617,,
197778,4,86.644,89.899,,
197778,5,89.199,98.45,,
197778,6,98.488,102.82,,
197778,7,102.778,112.318,,
197778,8,111.767,114.074,,
197778,9,7.574,13.323,,
197778,10,12.922,17.943,,
197778,11,17.801,25.346,,
197778,12,25.154,31.981,,
197778,13,31.749,42.926,,
197778,14,42.335,47.785,,
197778,15,46.965,62.362,,
197778,16,62.0,67.071,,
198112,0,1.019,5.94,,
198112,1,6.137,13.463,,
198112,2,75.949,78.405,,
198112,3,77.405,81.239,,
198112,4,81.217,83.963,,
198112,5,12.463,14.75,,
198112,6,13.75,17.284,,
198112,7,16.284,18.502,,
198112,8,18.469,24.219,,
198112,9,24.246,37.488,,
198112,10,36.488,64.836,,
198112,11,63.926,68.049,,
198112,12,67.199,75.801,,
19k6sEC7814,0,0.0,14.022,,
19k6sEC7814,1,13.381,21.555,,
19k6sEC7814,2,62.789,67.42,,
19k6sEC7814,3,20.684,30.694,,
19k6sEC7814,4,33.635,38.985,,
19k6sEC7814,5,45.927,55.228,,
1A-aRhYx-GQ,0,62.24,66.971,,
1A-aRhYx-GQ,1,65.971,70.064,,
1A-aRhYx-GQ,2,69.424,73.497,,
1A-aRhYx-GQ,3,73.355,78.924,,
1A-aRhYx-GQ,4,78.194,88.672,,
1A-aRhYx-GQ,5,95.045,100.645,,
1A-aRhYx-GQ,6,109.991,117.107,,
1A-aRhYx-GQ,7,116.107,121.458,,
1A-aRhYx-GQ,8,139.983,146.391,,
1A-aRhYx-GQ,9,151.268,155.5,,
1A-aRhYx-GQ,10,174.834,181.741,,
1A-aRhYx-GQ,11,181.2,188.934,,
1A-aRhYx-GQ,12,188.064,200.368,,
1A-aRhYx-GQ,13,12.563,20.657,,
1A-aRhYx-GQ,14,19.657,30.624,,
1A-aRhYx-GQ,15,35.551,42.288,,
1A-aRhYx-GQ,16,47.104,62.023,,
1A7dqFxx8wU,0,-0.487528344671,2.83718820862,,
1A7dqFxx8wU,1,2.09659863946,10.5696145125,,
1A7dqFxx8wU,2,24.8548752834,28.4290249433,,
1A7dqFxx8wU,3,27.4290249433,32.1605442177,,
1A7dqFxx8wU,4,31.1605442177,36.7900226757,,
1A7dqFxx8wU,5,35.7900226757,38.0471655329,,
1A7dqFxx8wU,6,47.3537414966,52.3945578231,,
1CjUHNYzW1E,0,-0.487528344671,5.58095238095,,
1CjUHNYzW1E,1,4.94013605442,7.92562358277,,
1CjUHNYzW1E,2,55.5052154195,58.9197278912,,
1CjUHNYzW1E,3,9.41995464853,19.4095238095,,
1CjUHNYzW1E,4,18.8285714286,27.0920634921,,
1CjUHNYzW1E,5,52.2027210884,55.9464852608,,
1ESU5ONMMxs,0,-0.437641723356,4.82267573696,,
1ESU5ONMMxs,1,3.87256235828,8.4843537415,,
1ESU5ONMMxs,2,36.2888888889,38.5959183673,,
1ESU5ONMMxs,3,37.5959183673,41.6290249433,,
1ESU5ONMMxs,4,41.5569160998,47.874829932,,
1ESU5ONMMxs,5,46.874829932,54.3102040816,,
1ESU5ONMMxs,6,7.4843537415,11.8666666667,,
1ESU5ONMMxs,7,10.8666666667,16.7156462585,,
1ESU5ONMMxs,8,15.7156462585,22.2131519274,,
1ESU5ONMMxs,9,21.2131519274,24.8671201814,,
1ESU5ONMMxs,10,23.8671201814,28.2693877551,,
1ESU5ONMMxs,11,28.9256235828,36.9297052154,,
1F0qH0EEBfo,0,-0.307936507937,4.76281179138,,
1F0qH0EEBfo,1,3.76281179138,7.55646258503,,
1F0qH0EEBfo,2,29.1052154195,46.4081632653,,
1F0qH0EEBfo,3,45.4081632653,49.3015873016,,
1F0qH0EEBfo,4,48.3015873016,57.3832199546,,
1F0qH0EEBfo,5,56.3832199546,59.2489795918,,
1F0qH0EEBfo,6,58.4784580499,63.4594104308,,
1F0qH0EEBfo,7,63.3274376417,66.1133786848,,
1F0qH0EEBfo,8,66.9192743764,70.1142857143,,
1F0qH0EEBfo,9,69.2340136054,75.1727891156,,
1F0qH0EEBfo,10,6.57641723356,9.55192743764,,
1F0qH0EEBfo,11,74.1727891156,78.8344671202,,
1F0qH0EEBfo,12,77.8344671202,86.8861678005,,
1F0qH0EEBfo,13,85.8861678005,89.6199546485,,
1F0qH0EEBfo,14,88.6199546485,94.9278911565,,
1F0qH0EEBfo,15,93.9278911565,98.6494331066,,
1F0qH0EEBfo,16,98.00861678,101.892063492,,
1F0qH0EEBfo,17,100.892063492,105.633560091,,
1F0qH0EEBfo,18,104.833106576,108.786394558,,
1F0qH0EEBfo,19,8.68163265306,12.0163265306,,
1F0qH0EEBfo,20,11.0163265306,13.0739229025,,
1F0qH0EEBfo,21,12.0739229025,15.4585034014,,
1F0qH0EEBfo,22,15.6058956916,22.1632653061,,
1F0qH0EEBfo,23,21.1632653061,23.1310657596,,
1F0qH0EEBfo,24,22.1310657596,28.2394557823,,
1Gp4l-ZTCVk,0,0.0,4.962,,
1Gp4l-ZTCVk,1,4.142,14.351,,
1HK7Nea0PFo,0,0.0,14.78,,
1HK7Nea0PFo,1,14.209,20.916,,
1HK7Nea0PFo,2,20.615,30.604,,
1HK7Nea0PFo,3,60.693,73.417,,
1HS2HcN2LDo,0,9.43990929705,18.3718820862,,
1HS2HcN2LDo,1,49.60861678,55.198185941,,
1HS2HcN2LDo,2,18.3795918367,23.3006802721,,
1HS2HcN2LDo,3,22.6,28.758276644,,
1HS2HcN2LDo,4,27.758276644,34.3854875283,,
1HS2HcN2LDo,5,33.3854875283,36.8498866213,,
1HS2HcN2LDo,6,35.8498866213,39.2743764172,,
1HS2HcN2LDo,7,38.4140589569,47.7451247166,,
1HS2HcN2LDo,8,47.1841269841,50.60861678,,
1J9Fa995Ojs,0,49.688,55.657,,
1JQ9UCBEmCU,0,0.0,1.72,,
1JQ9UCBEmCU,1,1.249,5.332,,
1JQ9UCBEmCU,2,4.751,11.717,,
1JQ9UCBEmCU,3,11.306,14.122,,
1JQ9UCBEmCU,4,25.952,35.453,,
1JQ9UCBEmCU,5,34.942,40.282,,
1LkYxsqRPZM,0,0.0,12.984,,
1LkYxsqRPZM,1,12.463,20.218,,
1LkYxsqRPZM,2,19.367,30.405,,
1RBT_QoSkIU,0,50.956,56.605,,
1RxliidxXyQ,0,0.0,4.124,,
1RxliidxXyQ,1,7.115,17.953,,
1S4p-Lfhbp4,0,-0.487528344671,2.4380952381,,
1S4p-Lfhbp4,1,1.4380952381,6.6485260771,,
1S4p-Lfhbp4,2,6.14739229025,13.6925170068,,
1S4p-Lfhbp4,3,13.2213151927,23.4702947846,,
1S4p-Lfhbp4,4,23.9569160998,30.2049886621,,
1S4p-Lfhbp4,5,29.5242630385,38.0571428571,,
1S6ji_d4OLI,0,24.117,36.68,,
1S6ji_d4OLI,1,46.985,55.138,,
1W38PnuWIkM,0,1.747,8.594,,
1W38PnuWIkM,1,8.622,11.807,,
1W38PnuWIkM,2,10.897,16.905,,
1W38PnuWIkM,3,16.943,25.376,,
1W38PnuWIkM,4,25.503,36.63,,
1W38PnuWIkM,5,36.289,39.254,,
1W38PnuWIkM,6,40.699,47.506,,
1W38PnuWIkM,7,47.414,55.268,,
1YEgMQ1xxzQ,0,13.092,42.776,,
1YEgMQ1xxzQ,1,43.822,67.131,,
1YEgMQ1xxzQ,2,67.229,81.339,,
1ZjIX9AK860,0,0.0,14.401,,
1ZjIX9AK860,1,24.675,30.854,,
1ZjIX9AK860,2,34.134,39.813,,
1bzS0YF5hfs,0,14.0,22.343,,
1cyUKHOvdYY,0,0.0,4.783,,
1cyUKHOvdYY,1,4.97,13.812,,
1cyUKHOvdYY,2,12.812,21.395,,
1cyUKHOvdYY,3,23.917,31.851,,
1dWsw38VDjY,0,4.78,15.818,,
1dWsw38VDjY,1,24.635,30.415,,
1dWsw38VDjY,2,61.821,69.256,,
1dWsw38VDjY,3,69.463,77.717,,
1dWsw38VDjY,4,80.888,88.343,,
1fqNb8cfLFE,0,0.0,6.16,,
1fqNb8cfLFE,1,12.493,26.803,,
1jogeKX0wGw,0,12.633,20.238,,
1jogeKX0wGw,1,26.581,31.203,,
1jogeKX0wGw,2,30.203,36.052,,
1k7br8xXMSU,0,0.0,5.541,,
1k7br8xXMSU,1,5.18,9.063,,
1k7br8xXMSU,2,87.223,93.262,,
1k7br8xXMSU,3,92.83,104.416,,
1k7br8xXMSU,4,103.975,121.039,,
1k7br8xXMSU,5,120.438,135.835,,
1k7br8xXMSU,6,139.983,150.252,,
1k7br8xXMSU,7,12.333,27.95,,
1k7br8xXMSU,8,27.509,46.678,,
1k7br8xXMSU,9,46.067,55.248,,
1k7br8xXMSU,10,67.538,74.784,,
1knHBRVPoYQ,0,-0.487528344671,1.71972789116,,
1knHBRVPoYQ,1,35.1015873016,44.6222222222,,
1knHBRVPoYQ,2,43.99138322,50.568707483,,
1knHBRVPoYQ,3,49.9678004535,53.980952381,,
1knHBRVPoYQ,4,1.96689342404,8.80362811791,,
1knHBRVPoYQ,5,22.5301587302,25.5854875283,,
1knHBRVPoYQ,6,24.7351473923,30.2848072562,,
1knHBRVPoYQ,7,31.7990929705,34.7845804989,,
1mHjMNZZvFo,0,0.83945578231,8.59410430839,,
1mHjMNZZvFo,1,7.67392290249,20.4371882086,,
1mHjMNZZvFo,2,20.0458049887,27.2117913832,,
1mHjMNZZvFo,3,26.4712018141,37.2789115646,,
1mHjMNZZvFo,4,37.356462585,42.6666666667,,
1mHjMNZZvFo,5,42.1854875283,47.914739229,,
1mHjMNZZvFo,6,47.6031746032,53.3723356009,,
1o8Gy4J6WSs,0,6.397,9.522,,
1o8Gy4J6WSs,1,31.54,37.319,,
1o8Gy4J6WSs,2,37.257,47.605,,
1olbQVO_C-8,0,0.0,8.095,,
1olbQVO_C-8,1,8.003,14.002,,
1olbQVO_C-8,2,13.79,30.065,,
1pl2FVdQWj0,0,0.0,13.423,,
1pl2FVdQWj0,1,26.082,41.35,,
1pl2FVdQWj0,2,44.101,51.616,,
1pvK0_9SQns,0,52.901,62.741,,
1pvK0_9SQns,1,20.116,24.049,,
1pvK0_9SQns,2,23.827,34.944,,
1pvK0_9SQns,3,36.648,46.398,,
1rVly2oeBJg,0,0.0,11.128,,
1sJjdaXXuJg,0,0.0,7.117,,
1sJjdaXXuJg,1,6.197,10.011,,
1sJjdaXXuJg,2,29.005,36.151,,
1tQOvm5eQOA,0,-0.437641723356,3.91473922902,,
1tQOvm5eQOA,1,3.0843537415,9.33242630385,,
1tQOvm5eQOA,2,51.4145124717,56.3854875283,,
1tQOvm5eQOA,3,8.38231292517,12.0761904762,,
1tQOvm5eQOA,4,11.4253968254,16.0970521542,,
1tQOvm5eQOA,5,16.4240362812,19.2,,
1tQOvm5eQOA,6,33.5750566893,38.5759637188,,
1tQOvm5eQOA,7,37.7455782313,40.59138322,,
1tQOvm5eQOA,8,40.1900226757,45.2308390023,,
1tQOvm5eQOA,9,44.5600907029,49.810430839,,
1tuMFJnlXJc,0,4.731,10.45,,
1tuMFJnlXJc,1,81.626,89.4,,
1tuMFJnlXJc,2,89.159,96.075,,
1tuMFJnlXJc,3,96.582,111.121,,
1tuMFJnlXJc,4,111.199,129.609,,
1tuMFJnlXJc,5,157.853,165.777,,
1tuMFJnlXJc,6,18.469,37.518,,
1tuMFJnlXJc,7,38.115,42.866,,
1tuMFJnlXJc,8,43.792,51.417,,
1tuMFJnlXJc,9,66.061,74.165,,
1tuMFJnlXJc,10,73.794,81.498,,
1x7kf9vArjU,0,0.0,6.499,,
1x7kf9vArjU,1,6.008,13.693,,
1x7kf9vArjU,2,21.213,26.054,,
1zXAYdPdzy8,0,2.885,17.843,,
2-4autDbHVQ,0,-0.487528344671,2.48798185941,,
2-4autDbHVQ,1,1.48798185941,8.58412698413,,
2-4autDbHVQ,2,46.8947845805,50.7383219955,,
2-4autDbHVQ,3,49.987755102,53.8811791383,,
2-4autDbHVQ,4,53.3700680272,57.0639455782,,
2-4autDbHVQ,5,56.2036281179,59.2589569161,,
2-4autDbHVQ,6,58.598185941,63.389569161,,
2-4autDbHVQ,7,62.7088435374,66.4526077098,,
2-4autDbHVQ,8,65.6621315193,71.810430839,,
2-4autDbHVQ,9,71.3492063492,74.9532879819,,
2-4autDbHVQ,10,74.3823129252,79.1437641723,,
2-4autDbHVQ,11,78.7224489796,82.7256235828,,
2-4autDbHVQ,12,7.64399092971,12.9142857143,,
2-4autDbHVQ,13,81.9650793651,90.0390022676,,
2-4autDbHVQ,14,11.9342403628,19.389569161,,
2-4autDbHVQ,15,18.9283446712,23.6997732426,,
2-4autDbHVQ,16,22.7596371882,30.8535147392,,
2-4autDbHVQ,17,31.2702947846,40.631292517,,
2-4autDbHVQ,18,40.010430839,45.1609977324,,
2-4autDbHVQ,19,44.5301587302,47.49569161,,
2-5hH_k2VFk,0,166.513,171.683,,
2-5hH_k2VFk,1,55.565,64.038,,
2-5hH_k2VFk,2,75.729,92.024,,
2-5hH_k2VFk,3,122.064,136.733,,
2-5hH_k2VFk,4,137.16,145.433,,
2-5hH_k2VFk,5,145.291,166.725,,
2-EJz4RG4g4,0,19.557,29.457,,
200941,0,0.161,4.394,,
200941,1,3.394,9.203,,
200941,2,52.821,59.309,,
200941,3,58.927,63.01,,
200941,4,62.01,69.945,,
200941,5,69.673,72.968,,
200941,6,71.968,77.378,,
200941,7,77.036,89.959,,
200941,8,8.203,10.889,,
200941,9,9.889,18.202,,
200941,10,18.24,28.389,,
200941,11,28.237,36.092,,
200941,12,35.82,40.043,,
200941,13,40.06,46.069,,
200941,14,45.817,50.14,,
200941,15,49.888,52.534,,
201005,0,1.119,3.226,,
201005,1,2.436,4.972,,
201005,2,62.41,64.557,,
201005,3,4.521,6.758,,
201005,4,6.397,9.502,,
201005,5,8.562,11.288,,
201005,6,11.236,14.181,,
201005,7,14.459,16.815,,
201005,8,15.815,19.898,,
201005,9,21.951,45.61,,
201005,10,46.117,63.41,,
201582,0,0.0,6.479,,
201582,1,7.844,21.205,,
201582,2,85.238,87.525,,
201582,3,86.634,90.318,,
201582,4,89.977,100.914,,
201582,5,22.45,38.955,,
201582,6,39.741,45.141,,
201582,7,45.658,48.473,,
201582,8,48.741,57.194,,
201582,9,56.852,62.322,,
201582,10,61.442,66.642,,
201582,11,66.47,80.86,,
201582,12,80.169,85.489,,
202431,0,0.0,0.802,,
202431,1,1.568,8.474,,
202431,2,9.5,26.533,,
202431,3,26.102,35.702,,
202431,4,35.94,39.604,,
202431,5,39.392,52.854,,
202431,6,53.899,77.208,,
202810,0,0.0,5.122,,
202810,1,4.531,7.517,,
202810,2,69.054,71.162,,
202810,3,71.17,77.597,,
202810,4,77.805,82.077,,
202810,5,81.955,84.462,,
202810,6,7.135,12.545,,
202810,7,12.024,16.626,,
202810,8,15.915,28.519,,
202810,9,28.347,37.748,,
202810,10,36.848,54.051,,
202810,11,53.51,56.805,,
202810,12,55.964,60.466,,
202810,13,60.444,69.127,,
202826,0,2.107,4.344,,
202826,1,3.523,9.592,,
202826,2,103.526,109.235,,
202826,3,108.684,111.55,,
202826,4,111.259,121.049,,
202826,5,120.627,125.748,,
202826,6,125.606,127.534,,
202826,7,10.867,19.32,,
202826,8,20.854,24.907,,
202826,9,24.466,35.533,,
202826,10,35.59,39.604,,
202826,11,38.883,49.242,,
202826,12,49.21,70.962,,
202826,13,71.11,98.709,,
202826,14,99.186,104.207,,
202990,0,0.331,7.876,,
202990,1,8.183,23.331,,
202990,2,73.015,82.985,,
202990,3,82.614,86.846,,
202990,4,85.846,88.762,,
202990,5,88.191,92.015,,
202990,6,91.583,93.87,,
202990,7,93.309,108.916,,
202990,8,108.704,112.698,,
202990,9,23.428,30.095,,
202990,10,29.923,35.124,,
202990,11,34.653,37.878,,
202990,12,36.878,47.585,,
202990,13,47.922,59.638,,
202990,14,58.638,62.132,,
202990,15,62.439,64.407,,
202990,16,64.475,70.523,,
206049,0,0.0,5.95,,
206049,1,4.95,14.311,,
206049,2,13.85,45.311,,
206049,3,44.311,53.931,,
206049,4,52.931,61.564,,
206051,0,0.0,1.111,,
206051,1,0.211,6.21,,
206051,2,39.921,42.427,,
206051,3,41.427,45.47,,
206051,4,44.47,51.187,,
206051,5,50.257,53.542,,
206051,6,52.542,58.231,,
206051,7,57.231,60.935,,
206051,8,5.329,7.596,,
206051,9,7.065,13.772,,
206051,10,13.201,15.977,,
206051,11,14.977,21.185,,
206051,12,20.185,23.46,,
206051,13,22.929,30.644,,
206051,14,29.644,37.738,,
206051,15,36.738,40.921,,
206376,0,0.46,6.359,,
206376,1,6.058,11.587,,
206376,2,12.204,16.067,,
206376,3,15.795,20.836,,
206376,4,20.774,29.177,,
206376,5,28.566,33.677,,
206376,6,32.677,35.633,,
206376,7,35.471,39.783,,
206376,8,38.873,47.546,,
206376,9,48.272,68.578,,
206507,0,0.62,7.127,,
206507,1,8.482,13.024,,
206507,2,69.902,73.586,,
206507,3,72.586,80.191,,
206507,4,79.191,82.875,,
206507,5,81.875,88.413,,
206507,6,13.241,16.785,,
206507,7,16.703,23.321,,
206507,8,22.41,27.022,,
206507,9,27.19,43.774,,
206507,10,43.692,52.285,,
206507,11,51.714,56.116,,
206507,12,55.515,60.366,,
206507,13,61.162,70.364,,
206585,0,0.161,11.298,,
206585,1,11.715,25.456,,
206585,2,25.254,32.081,,
206585,3,31.939,46.967,,
206585,4,46.665,77.498,,
206585,5,76.498,83.574,,
206606,0,1.268,8.085,,
206606,1,8.342,20.148,,
206606,2,71.609,75.921,,
206606,3,20.146,25.526,,
206606,4,25.454,29.028,,
206606,5,28.786,42.836,,
206606,6,41.986,46.478,,
206606,7,46.326,53.153,,
206606,8,52.562,61.554,,
206606,9,61.881,65.874,,
206606,10,65.363,72.539,,
207812,0,0.231,10.28,,
207812,1,9.879,18.132,,
207812,2,17.312,33.767,,
207812,3,34.702,41.14,,
207812,4,40.479,42.886,,
207812,5,43.293,49.202,,
207812,6,48.202,62.053,,
207812,7,61.621,77.577,,
207812,8,77.864,81.588,,
207812,9,80.967,83.244,,
208148,0,0.0,4.912,,
208148,1,4.501,11.897,,
208148,2,81.536,89.42,,
208148,3,89.767,94.569,,
208148,4,11.944,17.763,,
208148,5,18.1,29.237,,
208148,6,29.634,39.524,,
208148,7,38.524,42.547,,
208148,8,41.587,54.121,,
208148,9,54.507,60.087,,
208148,10,59.736,68.707,,
208148,11,67.707,80.72,,
208299,0,0.0,12.076,,
208299,1,11.874,19.469,,
208299,2,74.921,81.558,,
208299,3,18.579,22.014,,
208299,4,21.552,29.237,,
208299,5,29.005,41.539,,
208299,6,40.569,53.492,,
208299,7,53.54,63.589,,
208299,8,62.998,68.817,,
208299,9,68.226,72.1,,
208299,10,71.1,75.163,,
208322,0,1.268,5.292,,
208322,1,4.292,13.114,,
208322,2,88.021,91.635,,
208322,3,90.805,92.873,,
208322,4,92.401,99.378,,
208322,5,98.567,101.952,,
208322,6,13.201,20.337,,
208322,7,20.255,26.912,,
208322,8,25.942,33.617,,
208322,9,33.785,57.044,,
208322,10,56.563,66.453,,
208322,11,66.7,77.517,,
208322,12,77.256,83.205,,
208322,13,82.205,88.692,,
208416,0,0.0,2.119,,
208416,1,1.249,4.783,,
208416,2,70.771,74.195,,
208416,3,73.195,81.498,,
208416,4,81.067,86.966,,
208416,5,86.325,88.772,,
208416,6,87.772,90.099,,
208416,7,89.508,91.865,,
208416,8,91.274,94.399,,
208416,9,4.332,9.722,,
208416,10,8.722,16.416,,
208416,11,15.845,25.705,,
208416,12,25.463,32.081,,
208416,13,31.659,47.915,,
208416,14,47.643,58.062,,
208416,15,57.65,69.635,,
208416,16,68.655,71.771,,
208592,0,0.63,9.113,,
208592,1,8.183,18.093,,
208592,2,84.449,88.034,,
208592,3,18.4,20.557,,
208592,4,20.515,25.406,,
208592,5,24.835,28.479,,
208592,6,28.098,39.404,,
208592,7,38.823,64.746,,
208592,8,64.804,70.493,,
208592,9,69.493,78.944,,
208592,10,79.511,84.861,,
209354,0,0.77,5.322,,
209354,1,4.661,13.363,,
209354,2,67.628,70.673,,
209354,3,69.863,72.329,,
209354,4,12.882,24.598,,
209354,5,23.967,43.395,,
209354,6,42.425,48.563,,
209354,7,47.563,52.135,,
209354,8,51.135,56.555,,
209354,9,55.555,58.59,,
209354,10,57.62,62.541,,
209354,11,61.99,68.548,,
209758,0,0.261,10.101,,
209758,1,10.517,26.134,,
209758,2,60.244,62.771,,
209758,3,61.771,64.886,,
209758,4,64.804,70.503,,
209758,5,69.503,75.043,,
209758,6,74.183,81.059,,
209758,7,80.249,83.195,,
209758,8,25.134,30.794,,
209758,9,29.794,32.49,,
209758,10,31.869,39.344,,
209758,11,38.873,45.39,,
209758,12,46.007,49.172,,
209758,13,48.96,54.45,,
209758,14,54.118,57.842,,
209758,15,58.279,61.244,,
209775,0,2.316,6.06,,
209775,1,5.579,11.687,,
209775,2,64.385,71.461,,
209775,3,10.687,24.268,,
209775,4,23.668,30.145,,
209775,5,29.145,36.221,,
209775,6,35.481,43.315,,
209775,7,42.315,49.86,,
209775,8,49.569,55.917,,
209775,9,54.917,60.037,,
209775,10,59.496,64.956,,
20LfN8ENbhM,0,0.0,6.18,,
20LfN8ENbhM,1,6.088,11.368,,
20LfN8ENbhM,2,11.096,16.057,,
20LfN8ENbhM,3,24.985,32.749,,
20LfN8ENbhM,4,32.557,40.342,,
20LfN8ENbhM,5,39.731,43.924,,
210238,0,-0.058503401361,5.89024943311,,
210238,1,5.29931972789,6.66848072562,,
210238,2,53.4897959184,57.4929705215,,
210238,3,56.4929705215,59.2589569161,,
210238,4,59.0970521542,61.9129251701,,
210238,5,61.5015873016,64.2675736961,,
210238,6,64.1156462585,77.4675736961,,
210238,7,77.0362811791,85.1201814059,,
210238,8,84.1201814059,92.9224489796,,
210238,9,93.1297052154,98.0308390023,,
210238,10,97.3600907029,100.066213152,,
210238,11,9.1306122449,13.4131519274,,
210238,12,12.7823129252,21.5746031746,,
210238,13,21.2231292517,22.801814059,,
210238,14,22.0911564626,28.0199546485,,
210238,15,27.6185941043,39.2743764172,,
210238,16,39.5015873016,51.7360544218,,
210238,17,51.314739229,54.4897959184,,
210259,0,0.58,9.003,,
210259,1,8.622,12.555,,
210259,2,104.753,109.934,,
210259,3,108.974,114.044,,
210259,4,113.463,116.728,,
210259,5,115.738,120.799,,
210259,6,119.799,124.062,,
210259,7,123.062,126.297,,
210259,8,125.815,131.156,,
210259,9,130.395,137.491,,
210259,10,11.555,25.895,,
210259,11,24.895,41.15,,
210259,12,40.529,48.124,,
210259,13,47.633,64.288,,
210259,14,63.697,88.363,,
210259,15,87.892,91.705,,
210259,16,91.134,95.606,,
210259,17,94.936,105.205,,
210433,0,0.8,13.293,,
210433,1,12.712,23.929,,
210433,2,23.398,31.053,,
210433,3,30.741,36.521,,
210433,4,36.459,48.005,,
210433,5,47.553,54.789,,
210433,6,54.049,63.898,,
210433,7,63.258,66.453,,
210433,8,65.612,68.288,,
210618,0,0.0,8.005,,
210618,1,8.063,14.341,,
210618,2,58.718,62.332,,
210618,3,61.591,64.956,,
210618,4,64.814,68.239,,
210618,5,67.478,72.13,,
210618,6,72.008,82.616,,
210618,7,81.636,85.878,,
210618,8,97.31,101.533,,
210618,9,101.112,103.658,,
210618,10,13.341,20.776,,
210618,11,20.395,27.641,,
210618,12,27.559,33.019,,
210618,13,32.019,37.01,,
210618,14,36.508,43.525,,
210618,15,43.572,50.2,,
210618,16,50.058,55.039,,
210618,17,54.458,58.8,,
21137,0,0.4,6.05,,
21137,1,5.389,7.377,,
21137,2,65.483,69.087,,
21137,3,8.053,13.812,,
21137,4,12.982,16.067,,
21137,5,15.067,19.479,,
21137,6,19.936,36.431,,
21137,7,36.01,48.922,,
21137,8,48.671,54.33,,
21137,9,53.999,62.182,,
21137,10,61.691,65.994,,
211875,0,0.301,2.917,,
211875,1,2.226,7.038,,
211875,2,56.094,62.931,,
211875,3,65.353,70.753,,
211875,4,6.267,8.714,,
211875,5,9.091,12.555,,
211875,6,13.012,17.414,,
211875,7,18.14,23.061,,
211875,8,23.099,26.982,,
211875,9,28.527,35.024,,
211875,10,36.329,44.762,,
211875,11,44.72,55.029,,
212532,0,0.0,2.249,,
212532,1,1.249,4.015,,
212532,2,52.562,57.283,,
212532,3,3.144,7.646,,
212532,4,8.193,12.196,,
212532,5,12.174,27.052,,
212532,6,26.351,29.566,,
212532,7,28.566,38.197,,
212532,8,38.015,43.545,,
212532,9,42.545,48.523,,
212532,10,48.272,53.562,,
213327,0,0.0,5.611,,
213327,1,5.619,9.891,,
213327,2,64.395,69.506,,
213327,3,9.47,12.775,,
213327,4,11.874,20.886,,
213327,5,20.295,28.898,,
213327,6,28.347,38.127,,
213327,7,37.805,47.176,,
213327,8,46.605,49.441,,
213327,9,48.79,63.439,,
213327,10,62.439,64.727,,
213619,0,0.969,3.625,,
213619,1,2.625,7.995,,
213619,2,64.984,73.237,,
213619,3,72.666,77.428,,
213619,4,6.995,9.243,,
213619,5,9.24,11.118,,
213619,6,12.064,20.587,,
213619,7,21.333,26.863,,
213619,8,26.521,32.36,,
213619,9,33.665,43.784,,
213619,10,43.582,47.346,,
213619,11,47.394,65.515,,
214095,0,1.498,3.945,,
214095,1,3.603,9.592,,
214095,2,56.234,64.018,,
214095,3,65.622,67.5,,
214095,4,67.169,69.186,,
214095,5,70.361,76.989,,
214095,6,76.687,79.463,,
214095,7,9.31,11.657,,
214095,8,12.663,27.9,,
214095,9,28.686,30.674,,
214095,10,31.37,36.461,,
214095,11,36.099,40.262,,
214095,12,40.649,48.224,,
214095,13,47.224,50.579,,
214095,14,50.008,57.234,,
215259,0,1.558,7.397,,
215259,1,8.153,12.086,,
215259,2,50.776,56.495,,
215259,3,56.573,61.484,,
215259,4,11.765,16.845,,
215259,5,16.833,22.433,,
215259,6,21.941,24.298,,
215259,7,24.127,33.398,,
215259,8,33.485,38.486,,
215259,9,37.945,41.948,,
215259,10,41.307,44.752,,
215259,11,45.209,51.068,,
215318,0,0.0,2.318,,
215318,1,1.318,2.947,,
215318,2,33.415,36.81,,
215318,3,36.069,42.357,,
215318,4,42.255,46.887,,
215318,5,48.272,55.597,,
215318,6,54.657,57.712,,
215318,7,57.141,60.257,,
215318,8,1.947,4.982,,
215318,9,3.982,9.442,,
215318,10,8.442,10.41,,
215318,11,9.729,12.765,,
215318,12,12.712,16.027,,
215318,13,15.027,22.483,,
215318,14,22.6,25.426,,
215318,15,24.625,34.385,,
216007,0,0.101,1.46,,
216007,1,0.48,9.592,,
216007,2,58.728,61.943,,
216007,3,61.502,66.981,,
216007,4,65.981,81.468,,
216007,5,81.756,83.913,,
216007,6,82.913,89.76,,
216007,7,88.909,106.172,,
216007,8,106.559,114.523,,
216007,9,114.81,123.094,,
216007,10,122.463,131.405,,
216007,11,130.704,133.52,,
216007,12,10.897,16.536,,
216007,13,132.52,134.658,,
216007,14,135.873,140.504,,
216007,15,139.504,142.889,,
216007,16,142.238,147.528,,
216007,17,147.835,150.941,,
216007,18,149.941,153.634,,
216007,19,153.792,156.977,,
216007,20,155.977,161.317,,
216007,21,160.317,162.205,,
216007,22,161.534,163.991,,
216007,23,17.342,26.254,,
216007,24,163.18,165.547,,
216007,25,165.036,175.545,,
216007,26,25.314,32.141,,
216007,27,34.104,37.498,,
216007,28,36.498,46.558,,
216007,29,45.837,48.384,,
216007,30,48.411,51.866,,
216007,31,54.657,59.728,,
216097,0,0.0,5.032,,
216097,1,6.048,13.034,,
216097,2,13.561,20.766,,
216097,3,20.605,31.382,,
216097,4,31.36,46.259,,
216097,5,46.526,58.012,,
216097,6,57.012,59.997,,
216097,7,59.706,86.936,,
216097,8,86.724,90.388,,
21638,0,0.0,4.454,,
21638,1,3.902,10.32,,
21638,2,10.767,16.007,,
21638,3,15.416,24.079,,
21638,4,23.658,32.989,,
21638,5,34.982,53.462,,
21638,6,53.859,59.698,,
216857,0,0.0,0.782,,
216857,1,0.0,3.486,,
216857,2,47.304,52.634,,
216857,3,51.634,55.767,,
216857,4,54.767,57.762,,
216857,5,56.762,61.185,,
216857,6,60.185,65.235,,
216857,7,64.754,71.97,,
216857,8,71.229,77.937,,
216857,9,76.937,84.532,,
216857,10,84.07,91.496,,
216857,11,91.553,95.626,,
216857,12,4.042,16.576,,
216857,13,94.626,97.382,,
216857,14,96.702,103.359,,
216857,15,18.33,21.724,,
216857,16,21.113,28.05,,
216857,17,27.249,30.594,,
216857,18,29.923,32.111,,
216857,19,31.111,33.667,,
216857,20,32.827,39.155,,
216857,21,38.284,47.117,,
218708,0,-0.128344671202,1.1410430839,,
218708,1,0.1410430839,6.12970521542,,
218708,2,38.9727891156,49.4213151927,,
218708,3,48.6009070295,60.7755102041,,
218708,4,60.5238095238,68.1587301587,,
218708,5,67.3183673469,84.1623582766,,
218708,6,83.1623582766,90.4979591837,,
218708,7,90.5156462585,95.9854875283,,
218708,8,95.5741496599,98.5396825397,,
218708,9,97.5396825397,100.15600907,,
218708,10,99.1959183673,101.183673469,,
218708,11,100.423129252,107.160090703,,
218708,12,5.16961451247,6.96780045351,,
218708,13,106.160090703,108.477097506,,
218708,14,6.86575963719,9.53197278912,,
218708,15,8.53197278912,19.9782312925,,
218708,16,19.8462585034,28.1496598639,,
218708,17,27.1496598639,30.0154195011,,
218708,18,29.0154195011,31.9111111111,,
218708,19,31.8390022676,38.9151927438,,
219310,0,0.45,3.825,,
219310,1,2.975,20.527,,
219310,2,72.277,78.036,,
219310,3,19.836,25.156,,
219310,4,24.516,32.55,,
219310,5,33.146,38.476,,
219310,6,38.414,41.24,,
219310,7,40.509,47.735,,
219310,8,47.922,55.837,,
219310,9,56.214,70.533,,
219310,10,70.042,73.008,,
219775,0,0.0,5.192,,
219775,1,5.429,18.771,,
219775,2,18.928,23.82,,
219775,3,23.348,25.047,,
219775,4,24.526,29.706,,
219775,5,28.706,34.186,,
219775,6,33.755,46.069,,
219775,7,47.044,57.483,,
219775,8,58.419,69.546,,
21Kxt5L9OBE,0,17.172,29.716,,
21Kxt5L9OBE,1,28.716,37.229,,
220134,0,1.04897959184,2.41814058957,,
220134,1,1.41814058957,4.11428571429,,
220134,2,50.7260770975,52.7936507937,,
220134,3,53.2802721088,66.9514739229,,
220134,4,66.410430839,74.085260771,,
220134,5,73.085260771,76.2902494331,,
220134,6,75.5097505669,81.8575963719,,
220134,7,81.6757369615,88.4426303855,,
220134,8,87.4426303855,89.7297052154,,
220134,9,89.4181405896,102.19138322,,
220134,10,3.24399092971,7.00770975057,,
220134,11,102.737868481,104.795464853,,
220134,12,104.09478458,111.350566893,,
220134,13,110.949206349,118.7138322,,
220134,14,117.733786848,133.091156463,,
220134,15,132.80952381,134.34829932,,
220134,16,134.725170068,145.433106576,,
220134,17,145.311111111,149.5138322,,
220134,18,148.972789116,164.799092971,,
220134,19,164.437641723,167.053968254,,
220134,20,7.05532879819,13.6825396825,,
220134,21,13.3210884354,22.0235827664,,
220134,22,21.2031746032,27.7605442177,,
220134,23,27.5188208617,30.7238095238,,
220134,24,29.7238095238,33.5473922902,,
220134,25,33.9342403628,44.3727891156,,
220134,26,44.0412698413,51.0975056689,,
220200,0,0.45,6.03,,
220200,1,5.419,11.288,,
220200,2,56.433,61.374,,
220200,3,60.374,67.959,,
220200,4,67.538,76.3,,
220200,5,75.3,77.158,,
220200,6,12.154,19.4,,
220200,7,18.559,21.844,,
220200,8,21.443,31.901,,
220200,9,32.019,36.171,,
220200,10,35.431,37.508,,
220200,11,36.508,40.172,,
220200,12,40.13,42.996,,
220200,13,41.996,56.136,,
220548,0,0.77,2.229,,
220548,1,1.229,13.583,,
220548,2,59.067,61.614,,
220548,3,60.683,76.35,,
220548,4,75.56,84.342,,
220548,5,83.342,89.56,,
220548,6,90.067,96.005,,
220548,7,95.335,97.931,,
220548,8,97.809,100.695,,
220548,9,99.695,107.449,,
220548,10,107.128,109.465,,
220548,11,110.63,131.644,,
220548,12,13.521,19.33,,
220548,13,131.742,138.07,,
220548,14,137.07,150.502,,
220548,15,150.17,155.061,,
220548,16,154.061,159.361,,
220548,17,20.415,29.477,,
220548,18,29.065,34.834,,
220548,19,33.834,41.569,,
220548,20,41.347,43.016,,
220548,21,42.784,47.945,,
220548,22,46.945,52.424,,
220548,23,51.784,60.067,,
221137,0,0.0,1.091,,
221137,1,0.091,10.24,,
221137,2,10.218,27.332,,
221137,3,27.19,32.809,,
221137,4,32.697,57.922,,
221137,5,57.032,68.688,,
221137,6,67.688,70.254,,
221137,7,69.254,71.641,,
221137,8,70.86,75.921,,
221153,0,-0.228117913832,2.74739229025,,
221153,1,1.86712018141,7.21723356009,,
221153,2,59.0172335601,61.9927437642,,
221153,3,70.620861678,82.166893424,,
221153,4,81.2866213152,84.5315192744,,
221153,5,84.2,86.6566893424,,
221153,6,85.8961451247,88.3428571429,,
221153,7,88.979138322,91.3260770975,,
221153,8,91.0045351474,97.0630385488,,
221153,9,96.1229024943,99.5473922902,,
221153,10,9.01088435374,16.0870748299,,
221153,11,98.7569160998,103.767800454,,
221153,12,15.9351473923,29.8657596372,,
221153,13,29.4743764172,36.0816326531,,
221153,14,35.1215419501,37.9473922902,,
221153,15,37.4861678005,41.5990929705,,
221153,16,41.0979591837,45.9591836735,,
221153,17,45.8571428571,53.5219954649,,
221153,18,52.980952381,60.0172335601,,
221274,0,0.0,4.873,,
221274,1,4.661,15.309,,
221274,2,15.366,30.484,,
221274,3,30.362,40.891,,
221274,4,41.248,60.815,,
221274,5,60.284,73.786,,
221274,6,73.664,81.598,,
221274,7,81.327,85.549,,
221274,8,85.307,89.51,,
221274,9,89.009,109.814,,
221740,0,0.0,0.732,,
221740,1,1.308,7.816,,
221740,2,7.195,18.033,,
221740,3,17.033,21.345,,
221740,4,22.45,33.527,,
221740,5,32.527,43.505,,
221740,6,43.243,59.239,,
221740,7,59.007,65.335,,
221740,8,64.335,69.925,,
222116,0,0.0,7.716,,
222116,1,7.993,17.464,,
222116,2,16.803,20.906,,
222116,3,20.704,23.74,,
222116,4,22.999,27.771,,
222116,5,27.03,30.734,,
222116,6,30.572,42.537,,
222116,7,42.295,54.36,,
222116,8,54.418,66.193,,
222247,0,0.0,1.051,,
222247,1,0.38,7.995,,
222247,2,87.483,106.352,,
222247,3,105.581,112.538,,
222247,4,112.566,131.066,,
222247,5,130.615,134.777,,
222247,6,135.024,142.929,,
222247,7,7.195,28.11,,
222247,8,28.537,49.87,,
222247,9,49.529,59.039,,
222247,10,60.234,67.899,,
222247,11,66.899,72.259,,
222247,12,72.068,79.074,,
222247,13,78.553,83.454,,
222247,14,83.492,88.133,,
223431,0,1.658,4.034,,
223431,1,3.034,8.095,,
223431,2,56.882,60.536,,
223431,3,60.474,67.61,,
223431,4,68.326,71.99,,
223431,5,71.339,76.57,,
223431,6,75.57,79.573,,
223431,7,8.642,17.574,,
223431,8,18.19,21.575,,
223431,9,22.031,28.828,,
223431,10,28.327,36.241,,
223431,11,35.96,42.816,,
223431,12,43.203,49.89,,
223431,13,48.89,53.273,,
223431,14,52.273,56.216,,
22373,0,1.478,6.359,,
22373,1,5.359,9.103,,
22373,2,80.419,87.924,,
22373,3,9.131,29.327,,
22373,4,28.327,32.5,,
22373,5,31.5,42.687,,
22373,6,42.106,51.267,,
22373,7,50.816,56.565,,
22373,8,55.565,64.417,,
22373,9,64.724,70.613,,
22373,10,70.212,79.413,,
223926,0,0.59,12.665,,
223926,1,12.114,22.632,,
223926,2,24.296,27.691,,
223926,3,26.96,41.03,,
223926,4,43.323,56.874,,
223926,5,58.109,67.76,,
223926,6,67.169,75.552,,
223926,7,75.839,91.186,,
223926,8,90.615,92.414,,
224263,0,2.087,5.84,,
224263,1,5.2,7.527,,
224263,2,48.242,57.722,,
224263,3,57.351,63.549,,
224263,4,62.549,74.883,,
224263,5,74.392,76.56,,
224263,6,75.689,86.517,,
224263,7,86.375,88.991,,
224263,8,88.929,94.659,,
224263,9,94.048,99.108,,
224263,10,8.722,20.477,,
224263,11,20.864,24.688,,
224263,12,25.463,28.21,,
224263,13,27.21,33.677,,
224263,14,33.136,35.224,,
224263,15,34.643,37.419,,
224263,16,37.795,42.836,,
224263,17,45.049,47.685,,
224370,0,1.508,7.696,,
224370,1,7.255,10.27,,
224370,2,40.928,46.049,,
224370,3,45.049,48.563,,
224370,4,48.122,52.973,,
224370,5,52.542,58.471,,
224370,6,57.91,62.102,,
224370,7,62.868,76.051,,
224370,8,75.051,77.039,,
224370,9,76.039,78.395,,
224370,10,78.772,82.406,,
224370,11,81.606,84.801,,
224370,12,10.917,16.785,,
224370,13,83.801,88.143,,
224370,14,87.862,89.979,,
224370,15,89.278,91.855,,
224370,16,15.785,18.412,,
224370,17,18.08,20.128,,
224370,18,19.577,24.528,,
224370,19,24.017,27.471,,
224370,20,27.429,30.325,,
224370,21,29.385,32.011,,
224370,22,32.039,41.928,,
224599,0,0.341,3.366,,
224599,1,2.546,7.546,,
224599,2,52.123,68.079,,
224599,3,68.336,85.02,,
224599,4,84.31,89.8,,
224599,5,6.976,12.206,,
224599,6,13.571,19.489,,
224599,7,19.667,26.234,,
224599,8,25.513,32.919,,
224599,9,32.088,35.812,,
224599,10,34.812,36.491,,
224599,11,37.297,40.023,,
224599,12,39.023,52.115,,
224631,0,0.68,9.722,,
224631,1,8.941,15.558,,
224631,2,86.415,99.907,,
224631,3,98.996,103.608,,
224631,4,15.835,22.083,,
224631,5,21.722,33.398,,
224631,6,33.385,36.401,,
224631,7,35.84,49.691,,
224631,8,50.307,57.982,,
224631,9,57.81,71.631,,
224631,10,71.319,75.911,,
224631,11,75.001,85.859,,
224772,0,0.58,5.481,,
224772,1,4.581,7.746,,
224772,2,83.172,93.96,,
224772,3,93.06,95.756,,
224772,4,95.524,97.382,,
224772,5,96.382,99.268,,
224772,6,98.667,103.139,,
224772,7,7.175,9.821,,
224772,8,9.839,12.675,,
224772,9,12.373,23.68,,
224772,10,23.179,35.403,,
224772,11,35.491,57.054,,
224772,12,57.022,63.07,,
224772,13,62.659,81.029,,
224772,14,80.478,84.172,,
224817,0,0.0,8.744,,
224869,0,0.021,1.38,,
224869,1,0.869,11.547,,
224869,2,68.945,73.088,,
224869,3,72.527,75.771,,
224869,4,75.39,82.237,,
224869,5,81.935,90.259,,
224869,6,89.259,91.156,,
224869,7,91.154,94.579,,
224869,8,11.395,22.443,,
224869,9,21.912,41.08,,
224869,10,40.898,45.879,,
224869,11,44.919,48.384,,
224869,12,48.192,54.679,,
224869,13,54.647,58.84,,
224869,14,58.259,67.42,,
224869,15,67.508,69.496,,
225343,0,0.0,7.846,,
225343,1,7.893,16.217,,
225343,2,64.215,68.019,,
225343,3,68.196,71.681,,
225343,4,70.721,73.756,,
225343,5,72.936,80.66,,
225343,6,80.309,89.111,,
225343,7,88.46,90.608,,
225343,8,90.436,94.319,,
225343,9,15.217,19.729,,
225343,10,19.327,37.718,,
225343,11,37.586,48.154,,
225343,12,47.284,50.459,,
225343,13,49.509,53.552,,
225343,14,53.869,56.984,,
225343,15,55.984,62.182,,
225343,16,61.751,64.347,,
225416,0,0.0,1.76,,
225416,1,1.268,7.616,,
225416,2,72.048,73.527,,
225416,3,72.527,75.991,,
225416,4,75.639,78.545,,
225416,5,78.244,80.91,,
225416,6,80.868,86.996,,
225416,7,87.413,100.914,,
225416,8,101.022,103.299,,
225416,9,7.664,10.111,,
225416,10,9.58,12.745,,
225416,11,11.745,17.963,,
225416,12,17.741,33.148,,
225416,13,32.986,54.58,,
225416,14,53.849,62.192,,
225416,15,63.208,68.019,,
225416,16,67.288,72.349,,
225768,0,0.041,1.361,,
225768,1,0.7,10.6,,
225768,2,69.633,74.385,,
225768,3,73.714,85.839,,
225768,4,84.839,89.42,,
225768,5,88.909,101.204,,
225768,6,100.204,106.422,,
225768,7,105.601,110.333,,
225768,8,109.333,112.568,,
225768,9,10.478,16.636,,
225768,10,16.234,20.507,,
225768,11,20.565,30.065,,
225768,12,29.065,34.126,,
225768,13,33.695,40.761,,
225768,14,41.776,49.272,,
225768,15,48.272,53.612,,
225768,16,53.739,68.508,,
225770,0,0.0,6.04,,
225770,1,6.137,10.39,,
225770,2,81.167,88.133,,
225770,3,87.792,97.213,,
225770,4,97.4,102.161,,
225770,5,101.161,104.127,,
225770,6,104.943,111.051,,
225770,7,11.196,18.99,,
225770,8,19.138,37.149,,
225770,9,36.548,45.63,,
225770,10,44.869,49.332,,
225770,11,48.332,60.177,,
225770,12,59.915,67.969,,
225770,13,67.907,78.894,,
225770,14,77.894,82.167,,
226601,0,0.0,6.788,,
226601,1,6.686,9.652,,
226601,2,52.083,54.27,,
226601,3,54.657,56.385,,
226601,4,55.625,57.563,,
226601,5,56.563,61.394,,
226601,6,61.282,72.469,,
226601,7,71.469,75.422,,
226601,8,74.452,77.717,,
226601,9,77.256,85.03,,
226601,10,84.19,90.448,,
226601,11,9.949,13.693,,
226601,12,13.421,24.997,,
226601,13,23.997,32.58,,
226601,14,31.58,36.301,,
226601,15,35.301,42.427,,
226601,16,42.325,45.66,,
226601,17,44.66,49.252,,
226601,18,48.671,52.444,,
226640,0,0.0,4.683,,
226640,1,3.992,13.194,,
226640,2,13.351,25.206,,
226640,3,24.935,30.305,,
226640,4,29.754,35.583,,
226640,5,35.022,44.323,,
226640,6,43.692,47.236,,
226640,7,46.446,62.232,,
226640,8,61.741,72.718,,
226640,9,72.736,76.35,,
22689,0,0.0,15.239,,
22689,1,14.688,21.185,,
22689,2,66.69,71.102,,
22689,3,70.102,79.283,,
22689,4,22.091,30.105,,
22689,5,29.105,33.338,,
22689,6,34.932,46.318,,
22689,7,45.318,53.382,,
22689,8,52.462,62.122,,
22689,9,61.372,63.878,,
22689,10,62.878,65.704,,
22689,11,65.313,67.69,,
227173,0,0.0,7.836,,
227173,1,7.714,18.721,,
227173,2,66.71,69.436,,
227173,3,69.194,74.055,,
227173,4,73.055,78.515,,
227173,5,78.932,84.591,,
227173,6,84.37,96.355,,
227173,7,95.355,100.605,,
227173,8,100.104,104.027,,
227173,9,19.128,21.395,,
227173,10,21.233,32.58,,
227173,11,31.58,36.221,,
227173,12,35.561,42.268,,
227173,13,41.796,47.456,,
227173,14,47.663,58.99,,
227173,15,58.518,65.305,,
227173,16,65.293,67.71,,
227416,0,0.0,8.993,,
227416,1,8.492,14.102,,
227416,2,78.004,87.704,,
227416,3,87.842,91.685,,
227416,4,90.685,98.071,,
227416,5,14.449,23.48,,
227416,6,22.909,38.845,,
227416,7,38.733,53.293,,
227416,8,52.741,60.586,,
227416,9,60.374,63.39,,
227416,10,63.188,66.243,,
227416,11,65.991,74.105,,
227416,12,74.312,78.326,,
227426,0,0.071,6.928,,
227426,1,6.936,16.237,,
227426,2,56.503,61.703,,
227426,3,61.073,63.15,,
227426,4,62.15,65.794,,
227426,5,66.081,70.972,,
227426,6,70.601,74.454,,
227426,7,74.632,77.607,,
227426,8,77.156,80.381,,
227426,9,80.129,86.776,,
227426,10,86.595,90.458,,
227426,11,89.458,92.952,,
227426,12,15.805,19.3,,
227426,13,19.128,22.183,,
227426,14,21.183,25.576,,
227426,15,24.576,29.646,,
227426,16,29.305,32.49,,
227426,17,31.49,35.922,,
227426,18,35.401,43.445,,
227426,19,43.473,56.385,,
22821,0,0.341,3.266,,
22821,1,2.705,16.117,,
22821,2,46.496,47.685,,
22821,3,46.685,49.272,,
22821,4,48.272,52.454,,
22821,5,53.091,56.535,,
22821,6,55.535,58.64,,
22821,7,57.9,60.785,,
22821,8,60.215,63.439,,
22821,9,62.439,64.507,,
22821,10,64.465,75.133,,
22821,11,16.364,18.332,,
22821,12,17.761,19.789,,
22821,13,19.078,26.314,,
22821,14,25.783,28.279,,
22821,15,28.217,33.607,,
22821,16,32.667,34.834,,
22821,17,34.543,38.646,,
22821,18,38.324,45.879,,
22880,0,0.091,5.272,,
22880,1,4.651,10.669,,
22880,2,54.059,56.645,,
22880,3,10.178,13.024,,
22880,4,12.792,23.71,,
22880,5,23.977,26.364,,
22880,6,26.79,37.119,,
22880,7,36.488,39.953,,
22880,8,39.342,43.245,,
22880,9,42.944,49.441,,
22880,10,48.9,54.21,,
229090,0,0.0,5.411,,
229090,1,4.621,7.826,,
229090,2,71.399,79.453,,
229090,3,79.112,84.781,,
229090,4,85.487,89.4,,
229090,5,91.603,99.737,,
229090,6,98.927,105.384,,
229090,7,105.851,118.684,,
229090,8,117.684,122.974,,
229090,9,122.902,128.881,,
229090,10,130.046,137.371,,
229090,11,137.449,141.582,,
229090,12,8.412,14.91,,
229090,13,140.712,143.517,,
229090,14,144.313,152.068,,
229090,15,151.258,155.8,,
229090,16,13.91,16.516,,
229090,17,15.636,19.469,,
229090,18,20.944,28.279,,
229090,19,28.217,40.192,,
229090,20,39.921,41.819,,
229090,21,43.822,52.554,,
229090,22,51.863,72.399,,
229903,0,0.0,4.763,,
229903,1,6.347,13.144,,
229903,2,12.573,16.237,,
229903,3,15.915,30.824,,
229903,4,29.854,39.584,,
229903,5,39.771,53.622,,
229903,6,53.51,63.739,,
229967,0,0.0,1.341,,
229967,1,1.288,5.252,,
229967,2,77.385,80.511,,
229967,3,5.309,10.19,,
229967,4,9.24,22.363,,
229967,5,22.42,37.219,,
229967,6,36.249,40.302,,
229967,7,40.35,55.537,,
229967,8,55.226,59.538,,
229967,9,58.538,71.771,,
229967,10,70.95,78.366,,
230252,0,0.0,4.304,,
230252,1,3.543,8.913,,
230252,2,59.536,64.886,,
230252,3,64.225,69.216,,
230252,4,68.705,71.391,,
230252,5,70.391,73.666,,
230252,6,73.504,77.098,,
230252,7,9.759,15.868,,
230252,8,15.736,18.581,,
230252,9,18.11,23.061,,
230252,10,22.68,28.908,,
230252,11,29.834,38.885,,
230252,12,39.282,53.702,,
230252,13,53.37,56.535,,
230252,14,56.303,60.017,,
231025,0,0.001360544218,3.15646258503,,
231025,1,2.41587301587,4.47346938776,,
231025,2,34.7523809524,36.4907029478,,
231025,3,36.3587301587,41.1401360544,,
231025,4,41.6965986395,57.1138321995,,
231025,5,56.4430839002,75.6217687075,,
231025,6,75.1605442177,77.9764172336,,
231025,7,77.1859410431,85.8784580499,,
231025,8,85.4770975057,91.9346938776,,
231025,9,91.1741496599,97.412244898,,
231025,10,97.2802721088,104.196825397,,
231025,11,5.77823129252,15.9873015873,,
231025,12,15.3065759637,20.1278911565,,
231025,13,19.4471655329,28.4888888889,,
231025,14,27.7083900227,29.8857142857,,
231025,15,29.1551020408,30.7836734694,,
231025,16,31.5396825397,34.2358276644,,
231025,17,33.9342403628,35.3832199546,,
233171,0,0.54,9.322,,
233171,1,9.32,21.066,,
233171,2,20.814,38.915,,
233171,3,38.644,44.014,,
233171,4,43.014,47.645,,
233171,5,47.444,63.459,,
233171,6,63.687,78.675,,
233171,7,79.241,81.808,,
233356,0,0.8,2.408,,
233356,1,1.857,5.481,,
233356,2,65.024,78.146,,
233356,3,77.356,79.353,,
233356,4,5.649,23.54,,
233356,5,22.839,26.733,,
233356,6,27.539,34.475,,
233356,7,33.954,39.135,,
233356,8,39.122,43.595,,
233356,9,45.199,48.404,,
233356,10,47.713,58.481,,
233356,11,57.481,65.804,,
233366,0,0.311,1.65,,
233366,1,0.65,6.808,,
233366,2,6.487,18.951,,
233366,3,19.896,29.078,,
233366,4,28.078,39.125,,
233366,5,39.921,57.812,,
233366,6,57.012,69.426,,
233366,7,68.426,73.676,,
233389,0,0.0,0.802,,
233389,1,0.69,5.381,,
233389,2,5.668,11.927,,
233389,3,13.002,35.702,,
233389,4,37.267,63.829,,
233389,5,65.303,81.788,,
233389,6,82.025,104.596,,
233939,0,0.0,4.015,,
233939,1,3.015,5.94,,
233939,2,57.102,62.162,,
233939,3,62.619,65.555,,
233939,4,65.034,71.78,,
233939,5,71.11,76.111,,
233939,6,75.111,79.333,,
233939,7,78.333,80.62,,
233939,8,81.546,85.23,,
233939,9,5.579,11.138,,
233939,10,10.468,12.695,,
233939,11,11.695,14.201,,
233939,12,14.419,25.316,,
233939,13,24.585,33.039,,
233939,14,32.039,34.904,,
233939,15,33.904,42.866,,
233939,16,44.001,58.102,,
234046,0,0.051,8.814,,
234046,1,9.031,24.698,,
234046,2,93.359,97.961,,
234046,3,96.961,99.577,,
234046,4,100.104,102.461,,
234046,5,101.71,108.008,,
234046,6,108.255,113.785,,
234046,7,114.381,123.124,,
234046,8,122.303,124.98,,
234046,9,124.299,136.703,,
234046,10,137.319,140.873,,
234046,11,140.811,145.712,,
234046,12,24.765,42.288,,
234046,13,41.288,47.296,,
234046,14,47.414,51.766,,
234046,15,51.225,54.081,,
234046,16,53.46,60.566,,
234046,17,60.294,65.874,,
234046,18,66.54,69.745,,
234046,19,68.745,93.691,,
234053,0,0.231,1.68,,
234053,1,0.68,5.441,,
234053,2,37.676,43.016,,
234053,3,42.016,48.114,,
234053,4,47.114,52.903,,
234053,5,52.033,53.891,,
234053,6,52.891,55.607,,
234053,7,54.607,58.141,,
234053,8,57.77,66.313,,
234053,9,65.313,68.149,,
234053,10,67.149,72.978,,
234053,11,71.978,74.554,,
234053,12,4.751,8.195,,
234053,13,73.554,76.021,,
234053,14,75.32,77.777,,
234053,15,77.066,79.583,,
234053,16,78.583,81.359,,
234053,17,80.359,82.885,,
234053,18,81.885,85.908,,
234053,19,85.307,88.263,,
234053,20,7.903,10.041,,
234053,21,9.041,18.242,,
234053,22,17.472,22.423,,
234053,23,23.049,29.995,,
234053,24,29.305,32.4,,
234053,25,31.999,36.85,,
234053,26,35.85,38.676,,
234587,0,0.0,3.566,,
234587,1,2.905,10.779,,
234587,2,38.474,41.25,,
234587,3,40.25,48.982,,
234587,4,48.282,53.502,,
234587,5,52.891,65.465,,
234587,6,64.465,69.705,,
234587,7,68.965,71.731,,
234587,8,71.249,75.083,,
234587,9,74.552,76.869,,
234587,10,76.228,79.722,,
234587,11,78.722,82.197,,
234587,12,10.298,15.229,,
234587,13,81.217,85.739,,
234587,14,85.467,90.807,,
234587,15,14.578,17.634,,
234587,16,16.763,22.034,,
234587,17,21.034,26.663,,
234587,18,25.663,29.576,,
234587,19,28.576,32.151,,
234587,20,31.779,37.608,,
234587,21,36.967,39.105,,
236021,0,0.77,5.641,,
236021,1,6.217,13.842,,
236021,2,70.361,76.36,,
236021,3,75.4,78.016,,
236021,4,77.306,80.221,,
236021,5,13.541,29.437,,
236021,6,28.437,32.709,,
236021,7,31.709,54.819,,
236021,8,53.819,57.094,,
236021,9,56.453,59.419,,
236021,10,58.498,62.322,,
236021,11,62.908,67.131,,
236021,12,66.171,71.042,,
236399,0,0.0,2.917,,
236399,1,2.027,7.926,,
236399,2,43.143,54.35,,
236399,3,53.929,61.364,,
236399,4,61.941,67.47,,
236399,5,8.801,13.014,,
236399,6,12.403,15.289,,
236399,7,15.466,18.611,,
236399,8,17.661,21.515,,
236399,9,21.083,27.92,,
236399,10,28.267,33.647,,
236399,11,33.675,37.927,,
236399,12,37.466,42.228,,
236442,0,0.0,1.74,,
236442,1,0.74,6.379,,
236442,2,58.349,67.65,,
236442,3,66.999,68.807,,
236442,4,6.497,14.391,,
236442,5,13.391,16.845,,
236442,6,16.813,21.854,,
236442,7,21.024,26.823,,
236442,8,27.639,42.377,,
236442,9,41.507,44.912,,
236442,10,45.239,52.873,,
236442,11,51.873,58.78,,
23656,0,0.0,4.394,,
23656,1,3.473,7.896,,
23656,2,42.974,47.436,,
23656,3,47.444,49.721,,
23656,4,49.678,56.775,,
23656,5,56.613,59.478,,
23656,6,58.818,62.152,,
23656,7,62.12,68.368,,
23656,8,68.615,77.368,,
23656,9,77.914,80.141,,
23656,10,82.654,86.038,,
23656,11,85.577,87.086,,
23656,12,8.572,13.273,,
23656,13,86.265,88.752,,
23656,14,88.281,91.416,,
23656,15,12.792,16.736,,
23656,16,16.175,19.689,,
23656,17,19.218,21.195,,
23656,18,21.253,25.156,,
23656,19,24.156,37.658,,
23656,20,36.987,39.115,,
23656,21,38.324,42.377,,
236696,0,0.0,1.59,,
236696,1,0.71,2.757,,
236696,2,35.002,44.732,,
236696,3,45.877,48.633,,
236696,4,49.309,51.487,,
236696,5,50.576,54.27,,
236696,6,54.148,62.761,,
236696,7,62.649,64.776,,
236696,8,1.847,5.83,,
236696,9,6.227,8.315,,
236696,10,7.494,10.54,,
236696,11,10.368,25.775,,
236696,12,25.294,29.517,,
236696,13,29.125,31.003,,
236696,14,30.293,32.23,,
236696,15,31.23,33.877,,
237009,0,0.0,2.797,,
237009,1,1.947,7.816,,
237009,2,51.235,53.602,,
237009,3,54.019,56.645,,
237009,4,57.231,67.959,,
237009,5,8.462,11.847,,
237009,6,12.403,15.389,,
237009,7,15.356,20.607,,
237009,8,20.824,31.911,,
237009,9,31.3,36.122,,
237009,10,37.087,39.993,,
237009,11,38.993,46.418,,
237009,12,46.805,52.045,,
237363,0,0.301,5.481,,
237363,1,8.183,11.787,,
237363,2,63.527,67.6,,
237363,3,67.089,76.25,,
237363,4,76.148,80.551,,
237363,5,79.551,84.122,,
237363,6,10.837,24.797,,
237363,7,24.346,38.746,,
237363,8,39.152,41.539,,
237363,9,40.868,45.241,,
237363,10,44.241,52.724,,
237363,11,52.293,62.661,,
237363,12,61.661,63.759,,
237363,13,62.759,64.527,,
238023,0,0.71,2.089,,
238023,1,1.707,6.1,,
238023,2,23.698,27.282,,
238023,3,27.2,29.267,,
238023,4,30.432,34.425,,
238023,5,33.775,47.805,,
238023,6,47.354,65.744,,
238023,7,65.253,67.221,,
238023,8,66.221,76.48,,
238023,9,75.929,80.231,,
238023,10,81.436,85.859,,
238023,11,84.859,88.752,,
238023,12,5.559,11.857,,
238023,13,90.386,94.459,,
238023,14,93.459,95.337,,
238023,15,94.417,102.042,,
238023,16,102.409,104.047,,
238023,17,103.337,105.953,,
238023,18,105.372,108.008,,
238023,19,107.577,109.116,,
238023,20,108.116,110.732,,
238023,21,110.011,111.75,,
238023,22,111.927,115.671,,
238023,23,12.114,14.102,,
238023,24,116.517,126.297,,
238023,25,126.085,137.79,,
238023,26,137.299,143.348,,
238023,27,144.473,148.546,,
238023,28,147.965,149.663,,
238023,29,148.663,151.679,,
238023,30,150.679,153.485,,
238023,31,154.291,163.422,,
238023,32,162.981,166.316,,
238023,33,15.097,16.356,,
238023,34,15.356,17.145,,
238023,35,16.145,18.332,,
238023,36,17.332,21.694,,
238023,37,20.694,23.121,,
238023,38,22.301,24.598,,
238039,0,0.53,3.665,,
238039,1,3.064,7.616,,
238039,2,64.944,71.88,,
238039,3,71.379,79.104,,
238039,4,78.732,85.25,,
238039,5,8.013,20.776,,
238039,6,20.086,24.249,,
238039,7,24.216,33.547,,
238039,8,33.964,37.189,,
238039,9,36.568,41.37,,
238039,10,40.878,44.463,,
238039,11,43.712,64.208,,
238039,12,63.557,65.595,,
238060,0,0.46,3.146,,
238060,1,2.146,8.814,,
238060,2,81.217,83.853,,
238060,3,82.853,86.248,,
238060,4,86.475,90.119,,
238060,5,89.468,104.097,,
238060,6,103.157,105.504,,
238060,7,104.504,114.483,,
238060,8,113.912,117.656,,
238060,9,118.652,122.944,,
238060,10,122.323,131.335,,
238060,11,7.893,18.751,,
238060,12,18.649,22.912,,
238060,13,22.351,32.939,,
238060,14,32.278,39.733,,
238060,15,40.12,47.396,,
238060,16,46.835,68.438,,
238060,17,67.967,77.408,,
238060,18,76.817,81.219,,
238063,0,0.58,1.849,,
238063,1,0.849,4.164,,
238063,2,56.563,65.375,,
238063,3,64.375,71.312,,
238063,4,70.621,80.271,,
238063,5,79.531,87.235,,
238063,6,86.834,91.556,,
238063,7,91.194,95.976,,
238063,8,95.235,110.413,,
238063,9,109.413,113.067,,
238063,10,3.793,8.604,,
238063,11,8.542,18.053,,
238063,12,18.829,31.532,,
238063,13,31.729,36.83,,
238063,14,37.466,40.013,,
238063,15,39.362,42.737,,
238063,16,42.136,47.276,,
238063,17,47.683,57.154,,
238100,0,0.0,11.697,,
238100,1,11.515,16.736,,
238100,2,66.81,74.923,,
238100,3,16.574,24.358,,
238100,4,24.386,28.239,,
238100,5,27.239,40.272,,
238100,6,40.08,43.644,,
238100,7,43.413,46.598,,
238100,8,46.645,60.905,,
238100,9,60.294,66.443,,
238100,10,65.443,67.361,,
238645,0,0.59002267574,2.46802721088,,
238645,1,1.46802721088,3.0566893424,,
238645,2,31.8290249433,34.6848072562,,
238645,3,33.714739229,35.4231292517,,
238645,4,35.2612244898,41.5691609977,,
238645,5,40.9183673469,42.4671201814,,
238645,6,41.6766439909,47.5256235828,,
238645,7,46.5256235828,49.9501133787,,
238645,8,49.0698412698,52.2648526077,,
238645,9,52.2426303855,54.6394557823,,
238645,10,53.7891156463,72.987755102,,
238645,11,2.28616780045,9.12290249433,,
238645,12,72.4566893424,77.1283446712,,
238645,13,76.8367346939,81.0394557823,,
238645,14,80.7678004535,86.7464852608,,
238645,15,85.7863945578,89.3605442177,,
238645,16,88.5201814059,91.2562358277,,
238645,17,8.7514739229,10.6494331066,,
238645,18,10.4675736961,17.1945578231,,
238645,19,16.1945578231,19.0802721088,,
238645,20,18.2997732426,20.4770975057,,
238645,21,21.1233560091,24.0888888889,,
238645,22,23.3283446712,25.9845804989,,
238645,23,25.2040816327,32.7891156463,,
238683,0,0.0,4.853,,
238683,1,4.222,9.931,,
238683,2,9.61,19.839,,
238683,3,19.737,53.263,,
238683,4,52.442,76.44,,
238889,0,0.82,15.299,,
238889,1,14.688,19.42,,
238889,2,66.899,81.578,,
238889,3,80.987,87.894,,
238889,4,18.759,23.54,,
238889,5,22.54,28.279,,
238889,6,27.738,32.47,,
238889,7,32.308,36.461,,
238889,8,35.74,40.891,,
238889,9,39.891,49.731,,
238889,10,49.459,55.158,,
238889,11,54.607,67.62,,
239235,0,0.0,3.695,,
239235,1,3.912,8.973,,
239235,2,51.973,56.914,,
239235,3,56.513,63.839,,
239235,4,63.487,66.283,,
239235,5,65.283,73.387,,
239235,6,73.893,80.71,,
239235,7,79.71,87.575,,
239235,8,8.931,15.558,,
239235,9,15.746,18.252,,
239235,10,17.571,22.343,,
239235,11,21.343,25.007,,
239235,12,25.284,29.207,,
239235,13,29.594,42.238,,
239235,14,41.677,45.839,,
239235,15,45.747,51.756,,
239572,0,0.61,6.868,,
239572,1,6.836,13.134,,
239572,2,12.762,30.714,,
239572,3,30.412,41.33,,
239572,4,40.629,42.856,,
239572,5,42.355,46.618,,
239572,6,46.127,58.042,,
239572,7,57.042,60.586,,
239572,8,60.913,71.062,,
239572,9,70.481,74.125,,
23YlZoucbyM,0,0.0,3.216,,
23YlZoucbyM,1,16.663,24.757,,
23YlZoucbyM,2,24.825,35.054,,
23YlZoucbyM,3,34.054,43.744,,
23YlZoucbyM,4,42.814,45.191,,
23YlZoucbyM,5,44.321,47.496,,
23YlZoucbyM,6,46.795,51.656,,
240915,0,0.371,5.581,,
240915,1,5.778,12.685,,
240915,2,13.042,19.3,,
240915,3,18.689,24.688,,
240915,4,23.807,27.91,,
240915,5,28.008,29.906,,
240915,6,29.584,32.33,,
240915,7,33.685,65.026,,
240915,8,64.974,69.017,,
241164,0,0.74,6.459,,
241164,1,5.868,11.717,,
241164,2,70.541,80.451,,
241164,3,79.71,86.178,,
241164,4,85.298,88.882,,
241164,5,11.196,14.391,,
241164,6,14.119,32.101,,
241164,7,31.101,34.735,,
241164,8,33.874,48.454,,
241164,9,48.062,54.62,,
241164,10,53.62,60.875,,
241164,11,61.013,67.001,,
241164,12,66.371,71.052,,
241172,0,1.268,8.804,,
241172,1,8.692,16.905,,
241172,2,15.905,21.176,,
241172,3,20.375,30.085,,
241172,4,30.013,32.909,,
241172,5,32.976,41.569,,
241172,6,40.569,65.006,,
241172,7,64.704,70.184,,
241629,0,0.59,5.441,,
241629,1,4.81,14.64,,
241629,2,80.409,86.088,,
241629,3,14.219,19.948,,
241629,4,18.948,27.82,,
241629,5,27.489,36.77,,
241629,6,36.498,44.004,,
241629,7,44.869,52.514,,
241629,8,52.482,56.924,,
241629,9,56.683,69.146,,
241629,10,69.005,80.83,,
241638,0,0.121,5.731,,
241638,1,5.429,22.024,,
241638,2,22.211,25.695,,
241638,3,25.912,34.016,,
241638,4,33.974,42.896,,
241638,5,41.996,62.172,,
241638,6,61.801,79.383,,
24196,0,0.0,4.853,,
24196,1,4.302,7.636,,
24196,2,52.342,54.919,,
24196,3,54.448,58.89,,
24196,4,57.89,64.198,,
24196,5,66.42,70.154,,
24196,6,69.873,74.474,,
24196,7,74.033,81.987,,
24196,8,81.576,85.549,,
24196,9,85.188,94.998,,
24196,10,7.794,15.728,,
24196,11,15.835,18.043,,
24196,12,17.043,25.955,,
24196,13,25.863,30.295,,
24196,14,29.983,41.11,,
24196,15,40.11,48.414,,
24196,16,47.414,49.351,,
24196,17,49.289,52.514,,
24202,0,0.0,5.601,,
24202,1,5.1,14.99,,
24202,2,52.592,57.593,,
24202,3,57.341,64.836,,
24202,4,14.848,21.884,,
24202,5,21.812,25.396,,
24202,6,26.242,28.619,,
24202,7,27.619,33.817,,
24202,8,34.772,41.04,,
24202,9,41.028,45.909,,
24202,10,45.588,48.833,,
24202,11,48.371,53.592,,
243338,0,0.52,4.793,,
243338,1,4.571,10.809,,
243338,2,30.761,34.455,,
243338,3,33.455,35.732,,
243338,4,34.732,39.474,,
243338,5,38.474,43.615,,
243338,6,42.615,45.221,,
243338,7,44.65,67.61,,
243338,8,67.219,71.541,,
243338,9,70.541,96.285,,
243338,10,95.285,97.891,,
243338,11,97.051,99.328,,
243338,12,11.725,14.551,,
243338,13,98.328,101.234,,
243338,14,100.234,102.371,,
243338,15,102.039,115.751,,
243338,16,114.751,117.896,,
243338,17,117.454,121.138,,
243338,18,120.138,123.273,,
243338,19,122.273,123.852,,
243338,20,13.551,16.157,,
243338,21,15.496,18.681,,
243338,22,17.681,22.961,,
243338,23,21.961,24.199,,
243338,24,23.608,25.655,,
243338,25,24.655,27.292,,
243338,26,26.292,31.392,,
243341,0,0.79,5.471,,
243341,1,4.471,8.854,,
243341,2,31.23,34.385,,
243341,3,33.585,38.935,,
243341,4,38.175,46.907,,
243341,5,46.127,50.11,,
243341,6,49.469,55.078,,
243341,7,54.657,57.762,,
243341,8,56.982,58.74,,
243341,9,58.039,62.781,,
243341,10,62.23,64.288,,
243341,11,63.956,68.019,,
243341,12,7.854,15.399,,
243341,13,67.059,70.444,,
243341,14,70.341,77.697,,
243341,15,76.996,81.399,,
243341,16,80.738,83.584,,
243341,17,83.192,90.478,,
243341,18,90.566,95.517,,
243341,19,94.886,97.991,,
243341,20,97.26,103.309,,
243341,21,102.309,106.152,,
243341,22,105.372,107.629,,
243341,23,15.057,17.234,,
243341,24,107.288,110.922,,
243341,25,109.991,111.77,,
243341,26,111.119,113.875,,
243341,27,113.174,125.728,,
243341,28,124.987,128.761,,
243341,29,128.13,130.986,,
243341,30,130.565,133.161,,
243341,31,16.534,18.332,,
243341,32,18.06,19.918,,
243341,33,19.337,26.204,,
243341,34,25.653,28.239,,
243341,35,27.429,30.235,,
243341,36,29.584,31.851,,
24351,0,0.0,11.537,,
24351,1,10.917,14.271,,
24351,2,66.859,71.431,,
24351,3,70.681,75.402,,
24351,4,74.612,77.458,,
24351,5,13.271,15.927,,
24351,6,15.875,21.784,,
24351,7,21.572,30.265,,
24351,8,30.412,56.725,,
24351,9,56.024,60.456,,
24351,10,59.456,61.544,,
24351,11,61.452,65.385,,
24351,12,64.385,67.111,,
243646,0,0.56009070295,1.88934240363,,
243646,1,1.06893424036,8.32471655329,,
243646,2,58.4984126984,115.042176871,,
243646,3,114.042176871,118.494331066,,
243646,4,117.823582766,139.815873016,,
243646,5,10.0784580499,11.537414966,,
243646,6,10.577324263,13.433106576,,
243646,7,29.0952380952,30.9732426304,,
243646,8,30.5219954649,52.2848072562,,
243646,9,52.5219954649,55.0884353741,,
243646,10,56.4530612245,57.9020408163,,
243981,0,0.909,10.809,,
243981,1,10.617,20.317,,
243981,2,60.783,73.207,,
243981,3,73.365,92.683,,
243981,4,92.381,98.939,,
243981,5,98.567,103.059,,
243981,6,102.059,104.576,,
243981,7,103.576,124.66,,
243981,8,123.66,127.943,,
243981,9,127.541,136.374,,
243981,10,135.374,137.332,,
243981,11,136.371,142.44,,
243981,12,20.265,27.741,,
243981,13,27.379,32.869,,
243981,14,32.208,39.185,,
243981,15,38.534,42.148,,
243981,16,43.034,48.194,,
243981,17,47.773,56.186,,
243981,18,55.186,58.511,,
243981,19,57.87,61.783,,
244180,0,0.0,4.144,,
244180,1,3.523,6.259,,
244180,2,26.371,30.285,,
244180,3,30.173,32.979,,
244180,4,31.979,34.226,,
244180,5,33.226,37.259,,
244180,6,36.259,40.112,,
244180,7,39.631,42.786,,
244180,8,43.782,46.378,,
244180,9,45.378,49.99,,
244180,10,48.99,51.028,,
244180,11,50.467,54.719,,
244180,12,6.327,8.055,,
244180,13,54.498,63.19,,
244180,14,63.327,65.505,,
244180,15,7.325,14.441,,
244180,16,13.76,17.534,,
244180,17,17.651,20.876,,
244180,18,19.876,21.904,,
244180,19,20.904,23.71,,
244180,20,22.76,25.176,,
244180,21,24.176,26.663,,
244261,0,0.49,1.78,,
244261,1,0.979,10.081,,
244261,2,57.461,62.771,,
244261,3,62.07,68.358,,
244261,4,67.358,84.99,,
244261,5,84.05,87.475,,
244261,6,86.475,90.747,,
244261,7,90.296,97.821,,
244261,8,97.25,102.72,,
244261,9,102.199,108.617,,
244261,10,116.846,130.537,,
244261,11,131.333,137.731,,
244261,12,10.408,15.868,,
244261,13,141.061,147.768,,
244261,14,147.227,153.764,,
244261,15,153.293,154.792,,
244261,16,153.792,155.141,,
244261,17,154.64,157.246,,
244261,18,157.015,158.394,,
244261,19,15.167,17.085,,
244261,20,17.482,22.443,,
244261,21,22.57,27.102,,
244261,22,26.102,42.467,,
244261,23,42.026,46.628,,
244261,24,45.927,48.952,,
244261,25,48.062,57.633,,
244623,0,-0.108390022676,9.09297052154,,
244623,1,8.96099773243,14.8698412698,,
244623,2,38.9129251701,41.389569161,,
244623,3,41.1777777778,46.019047619,,
244623,4,45.6975056689,50.0099773243,,
244623,5,49.0099773243,51.366893424,,
244623,6,50.366893424,52.9133786848,,
244623,7,52.3124716553,58.7501133787,,
244623,8,57.7501133787,68.2585034014,,
244623,9,67.2585034014,76.7990929705,,
244623,10,75.7990929705,78.146031746,,
244623,11,77.6349206349,80.0217687075,,
244623,12,14.5083900227,16.9650793651,,
244623,13,90.3959183673,96.1052154195,,
244623,14,95.6839002268,97.8113378685,,
244623,15,98.766893424,101.732426304,,
244623,16,102.258956916,107.87845805,,
244623,17,17.2721088435,20.7065759637,,
244623,18,108.02585034,110.412698413,,
244623,19,111.308390023,122.854421769,,
244623,20,122.453061224,124.710204082,,
244623,21,125.546031746,129.419501134,,
244623,22,128.609070295,130.477097506,,
244623,23,21.2929705215,24.2684807256,,
244623,24,23.777324263,28.7183673469,,
244623,25,29.2648526077,33.8068027211,,
244623,26,32.8068027211,34.864399093,,
244623,27,34.473015873,37.1891156463,,
244623,28,36.2888888889,38.3365079365,,
244817,0,0.0,7.786,,
244817,1,8.342,11.797,,
244817,2,10.797,18.152,,
244817,3,18.25,21.415,,
244817,4,21.862,28.02,,
244817,5,28.507,33.986,,
244817,6,33.595,48.523,,
244817,7,48.501,65.924,,
244817,8,65.453,77.927,,
244817,9,78.064,85.0,,
244829,0,0.41,2.947,,
244829,1,2.087,14.93,,
244829,2,63.727,66.163,,
244829,3,14.249,23.65,,
244829,4,22.74,27.79,,
244829,5,27.958,36.431,,
244829,6,35.511,39.943,,
244829,7,38.943,45.81,,
244829,8,46.296,50.519,,
244829,9,49.519,51.487,,
244829,10,50.796,64.068,,
244836,0,0.101,6.22,,
244836,1,5.808,7.976,,
244836,2,67.747,82.207,,
244836,3,7.265,17.384,,
244836,4,17.821,28.698,,
244836,5,28.297,32.879,,
244836,6,32.298,37.119,,
244836,7,36.528,45.999,,
244836,8,44.999,53.193,,
244836,9,53.51,60.416,,
244836,10,59.995,68.747,,
24504,0,0.0,5.79,,
24504,1,5.708,18.512,,
24504,2,59.227,66.742,,
24504,3,65.742,69.985,,
24504,4,18.709,23.351,,
24504,5,22.46,24.268,,
24504,6,23.268,33.857,,
24504,7,32.857,41.18,,
24504,8,40.29,45.121,,
24504,9,45.229,54.131,,
24504,10,53.909,56.495,,
24504,11,56.752,60.227,,
245243,0,0.77,10.699,,
245243,1,10.049,46.508,,
245243,2,47.044,69.127,,
245243,3,68.685,98.19,,
245243,4,97.49,107.32,,
245276,0,0.0,6.379,,
245276,1,5.489,7.826,,
245276,2,49.439,59.878,,
245276,3,59.037,61.045,,
245276,4,60.843,62.741,,
245276,5,62.17,63.439,,
245276,6,62.609,66.353,,
245276,7,66.4,72.01,,
245276,8,71.898,74.085,,
245276,9,6.826,11.009,,
245276,10,10.388,12.565,,
245276,11,12.772,14.69,,
245276,12,14.439,18.472,,
245276,13,19.617,31.342,,
245276,14,31.26,35.892,,
245276,15,35.471,43.904,,
245276,16,44.231,50.369,,
245322,0,0.111,2.328,,
245322,1,1.328,9.163,,
245322,2,8.302,39.434,,
245322,3,38.434,51.137,,
245322,4,50.137,53.302,,
245322,5,53.011,60.017,,
245322,6,59.197,62.053,,
245497,0,0.44,10.58,,
245497,1,10.148,34.395,,
245497,2,34.882,44.522,,
245497,3,43.722,46.917,,
245497,4,46.496,53.293,,
245497,5,53.041,66.662,,
245582,0,2.027,8.973,,
245582,1,11.326,16.207,,
245582,2,81.566,88.922,,
245582,3,88.5,112.438,,
245582,4,112.107,124.201,,
245582,5,124.129,125.618,,
245582,6,125.197,136.843,,
245582,7,136.421,140.684,,
245582,8,140.263,145.712,,
245582,9,146.129,147.409,,
245582,10,15.845,19.938,,
245582,11,20.315,22.323,,
245582,12,22.59,29.776,,
245582,13,29.474,31.612,,
245582,14,31.43,36.032,,
245582,15,35.88,53.911,,
245582,16,54.428,59.947,,
245582,17,59.446,82.177,,
247318,0,0.0,3.845,,
247318,1,2.845,8.534,,
247318,2,59.017,61.634,,
247318,3,61.591,66.902,,
247318,4,67.618,70.054,,
247318,5,69.054,73.227,,
247318,6,72.227,74.135,,
247318,7,9.24,14.71,,
247318,8,13.71,16.766,,
247318,9,17.681,31.642,,
247318,10,32.318,37.508,,
247318,11,36.508,38.516,,
247318,12,37.805,40.023,,
247318,13,39.452,42.008,,
247318,14,42.445,60.017,,
247382,0,0.131,1.311,,
247382,1,0.64,6.569,,
247382,2,62.29,68.189,,
247382,3,67.488,72.928,,
247382,4,71.928,74.754,,
247382,5,75.001,80.8,,
247382,6,79.8,86.607,,
247382,7,86.395,88.483,,
247382,8,88.7,91.296,,
247382,9,90.296,100.356,,
247382,10,99.755,103.449,,
247382,11,103.157,112.348,,
247382,12,7.015,17.723,,
247382,13,112.007,115.651,,
247382,14,115.16,118.015,,
247382,15,17.312,30.145,,
247382,16,29.694,34.565,,
247382,17,33.565,39.783,,
247382,18,40.579,48.773,,
247382,19,48.471,55.986,,
247382,20,56.094,61.005,,
247382,21,60.005,63.29,,
248837,0,0.271,5.92,,
248837,1,5.459,9.273,,
248837,2,49.818,55.368,,
248837,3,56.583,62.013,,
248837,4,61.102,66.193,,
248837,5,65.812,68.717,,
248837,6,8.732,11.168,,
248837,7,10.547,15.429,,
248837,8,15.117,19.819,,
248837,9,20.295,27.162,,
248837,10,26.162,28.13,,
248837,11,27.649,38.656,,
248837,12,38.035,46.029,,
248837,13,45.538,50.449,,
24xayGF5yYA,0,-0.487528344671,10.7591836735,,
24xayGF5yYA,1,9.7591836735,17.7832199546,,
24xayGF5yYA,2,68.2761904762,79.5229024943,,
24xayGF5yYA,3,78.6027210884,85.0702947846,,
24xayGF5yYA,4,84.0702947846,93.9301587302,,
24xayGF5yYA,5,93.1596371882,98.968707483,,
24xayGF5yYA,6,97.968707483,104.246712018,,
24xayGF5yYA,7,103.266666667,108.087981859,,
24xayGF5yYA,8,107.317460317,114.752834467,,
24xayGF5yYA,9,114.211791383,117.326984127,,
24xayGF5yYA,10,116.915646259,132.033560091,,
24xayGF5yYA,11,16.7832199546,23.0013605442,,
24xayGF5yYA,12,131.033560091,135.326077098,,
24xayGF5yYA,13,134.326077098,142.669387755,,
24xayGF5yYA,14,141.669387755,146.360997732,,
24xayGF5yYA,15,146.668027211,160.339229025,,
24xayGF5yYA,16,159.399092971,162.254875283,,
24xayGF5yYA,17,161.254875283,169.278911565,,
24xayGF5yYA,18,168.288888889,172.282086168,,
24xayGF5yYA,19,171.282086168,175.365079365,,
24xayGF5yYA,20,174.644444444,177.999092971,,
24xayGF5yYA,21,22.0013605442,25.685260771,,
24xayGF5yYA,22,177.039002268,195.349659864,,
24xayGF5yYA,23,194.349659864,203.880272109,,
24xayGF5yYA,24,202.880272109,209.367800454,,
24xayGF5yYA,25,208.447619048,211.273469388,,
24xayGF5yYA,26,211.05170068,213.977324263,,
24xayGF5yYA,27,213.067120181,214.865306122,,
24xayGF5yYA,28,213.865306122,216.341950113,,
24xayGF5yYA,29,24.685260771,34.6548752834,,
24xayGF5yYA,30,33.9342403628,38.4961451247,,
24xayGF5yYA,31,37.5759637188,52.2448979592,,
24xayGF5yYA,32,51.6240362812,59.1591836735,,
24xayGF5yYA,33,58.3886621315,63.4494331066,,
24xayGF5yYA,34,62.7587301587,69.2761904762,,
250430,0,1.219,10.4,,
250430,1,10.468,15.658,,
250430,2,52.502,55.827,,
250430,3,56.303,60.506,,
250430,4,60.883,63.0,,
250430,5,15.396,19.759,,
250430,6,19.148,24.109,,
250430,7,23.997,30.963,,
250430,8,29.963,35.882,,
250430,9,36.229,42.647,,
250430,10,41.647,46.777,,
250430,11,46.546,50.01,,
250430,12,50.018,52.824,,
251417,0,0.351,8.145,,
251417,1,8.103,11.807,,
251417,2,11.944,17.594,,
251417,3,17.112,24.857,,
251417,4,24.396,48.164,,
251417,5,48.112,60.566,,
251417,6,59.995,64.876,,
251417,7,63.876,68.179,,
251646,0,0.52,1.869,,
251646,1,0.869,6.05,,
251646,2,66.929,73.716,,
251646,3,72.716,83.125,,
251646,4,82.554,86.018,,
251646,5,85.048,91.396,,
251646,6,5.439,11.088,,
251646,7,12.553,15.429,,
251646,8,14.429,18.132,,
251646,9,19.637,34.256,,
251646,10,33.256,35.992,,
251646,11,34.992,47.226,,
251646,12,46.915,54.729,,
251646,13,54.368,66.862,,
251826,0,0.361,9.552,,
251826,1,8.951,14.62,,
251826,2,14.309,24.298,,
251826,3,24.176,34.565,,
251826,4,34.593,56.086,,
251826,5,55.475,71.82,,
251826,6,71.04,74.744,,
251826,7,74.432,78.964,,
251826,8,78.872,89.371,,
251826,9,88.72,91.995,,
251839,0,0.68,2.209,,
251839,1,1.209,5.312,,
251839,2,49.13,50.589,,
251839,3,49.589,51.826,,
251839,4,50.826,53.492,,
251839,5,53.25,59.528,,
251839,6,59.177,65.345,,
251839,7,65.343,80.231,,
251839,8,79.561,84.122,,
251839,9,83.122,85.968,,
251839,10,5.11,9.741,,
251839,11,9.819,14.73,,
251839,12,14.977,21.644,,
251839,13,21.203,35.194,,
251839,14,34.712,41.22,,
251839,15,40.569,44.552,,
251839,16,43.552,48.114,,
251839,17,47.154,49.591,,
252097,0,0.0,2.977,,
252097,1,2.137,9.143,,
252097,2,66.41,68.578,,
252097,3,67.867,71.192,,
252097,4,70.88,75.342,,
252097,5,8.781,16.885,,
252097,6,16.075,25.655,,
252097,7,24.655,32.849,,
252097,8,32.088,36.052,,
252097,9,35.122,37.748,,
252097,10,37.955,45.999,,
252097,11,44.999,56.216,,
252097,12,55.216,67.241,,
252177,0,0.0,2.897,,
252177,1,2.007,14.531,,
252177,2,67.448,70.513,,
252177,3,14.808,17.584,,
252177,4,17.821,20.168,,
252177,5,19.168,35.523,,
252177,6,35.052,52.534,,
252177,7,52.452,61.943,,
252177,8,61.771,65.116,,
252177,9,64.395,66.542,,
252177,10,65.892,68.039,,
25271,0,0.0,9.991,,
25271,1,9.53,15.788,,
25271,2,71.668,74.893,,
25271,3,74.632,77.248,,
25271,4,76.597,87.195,,
25271,5,15.297,24.977,,
25271,6,25.873,34.974,,
25271,7,34.722,41.31,,
25271,8,41.018,47.506,,
25271,9,47.034,57.653,,
25271,10,56.653,59.678,,
25271,11,58.678,66.712,,
25271,12,65.712,72.668,,
252912,0,0.62,2.548,,
252912,1,1.907,9.213,,
252912,2,53.629,55.767,,
252912,3,55.376,61.494,,
252912,4,60.923,65.714,,
252912,5,65.383,84.751,,
252912,6,9.3,14.241,,
252912,7,13.74,27.631,,
252912,8,27.249,32.33,,
252912,9,31.839,36.99,,
252912,10,36.838,41.05,,
252912,11,42.036,44.293,,
252912,12,43.433,51.606,,
252912,13,50.626,54.38,,
252998,0,0.0,4.064,,
252998,1,3.663,11.208,,
252998,2,11.435,20.387,,
252998,3,20.684,27.022,,
252998,4,28.227,49.511,,
252998,5,49.269,63.429,,
252998,6,62.429,65.395,,
252998,7,64.984,75.013,,
252998,8,75.29,78.246,,
254298,0,1.48798185941,3.59546485261,,
254298,1,76.6371882086,80.2013605442,,
254298,2,80.3986394558,84.5015873016,,
254298,3,83.820861678,93.7306122449,,
254298,4,93.5487528345,96.2349206349,,
254298,5,96.5120181406,99.4476190476,,
254298,6,100.173696145,105.863038549,,
254298,7,104.902947846,108.217687075,,
254298,8,3.73287981859,11.5573696145,,
254298,9,12.2335600907,19.6888888889,,
254298,10,21.5823129252,25.0566893424,,
254298,11,24.2861678005,49.5909297052,,
254298,12,48.5909297052,58.4009070295,,
254298,13,58.1990929705,63.768707483,,
254298,14,62.9383219955,71.8204081633,,
254298,15,71.0199546485,77.6371882086,,
25522,0,2.346,7.906,,
25522,1,10.039,26.334,,
25522,2,25.942,31.382,,
25522,3,30.382,45.42,,
25522,4,45.278,50.519,,
25522,5,49.988,64.118,,
255224,0,0.0,7.576,,
255224,1,7.365,18.98,,
255224,2,89.997,98.749,,
255224,3,18.529,26.444,,
255224,4,26.232,36.89,,
255224,5,35.89,54.25,,
255224,6,54.607,60.346,,
255224,7,60.145,65.565,,
255224,8,65.433,74.325,,
255224,9,74.741,79.303,,
255224,10,78.992,90.338,,
255226,0,0.869,2.019,,
255226,1,1.019,14.122,,
255226,2,79.62,89.77,,
255226,3,89.298,94.459,,
255226,4,93.459,95.716,,
255226,5,95.195,115.082,,
255226,6,114.082,118.764,,
255226,7,118.662,127.474,,
255226,8,13.122,15.588,,
255226,9,14.947,17.913,,
255226,10,17.222,28.449,,
255226,11,27.519,43.545,,
255226,12,43.133,49.94,,
255226,13,49.878,61.035,,
255226,14,60.933,70.334,,
255226,15,70.511,80.241,,
255338,0,0.0,3.007,,
255338,1,2.206,5.751,,
255338,2,57.062,70.174,,
255338,3,69.813,75.332,,
255338,4,5.369,8.325,,
255338,5,8.542,11.258,,
255338,6,10.647,13.184,,
255338,7,12.184,37.449,,
255338,8,36.449,45.101,,
255338,9,44.56,50.888,,
255338,10,51.345,55.727,,
255338,11,54.727,57.553,,
255343,0,0.0,6.489,,
255343,1,5.718,8.704,,
255343,2,53.31,56.395,,
255343,3,55.525,58.96,,
255343,4,58.439,61.185,,
255343,5,8.153,11.897,,
255343,6,11.665,17.284,,
255343,7,17.701,31.023,,
255343,8,30.023,33.657,,
255343,9,32.657,39.344,,
255343,10,39.751,42.487,,
255343,11,43.383,46.199,,
255343,12,45.458,53.372,,
255408,0,0.849,3.416,,
255408,1,2.895,6.379,,
255408,2,6.397,12.485,,
255408,3,12.872,18.432,,
255408,4,17.741,25.466,,
255408,5,26.441,36.171,,
255408,6,35.7,51.207,,
255408,7,50.676,57.523,,
255408,8,57.022,62.811,,
255408,9,61.811,69.526,,
255852,0,2.486,3.805,,
255852,1,3.513,8.764,,
255852,2,67.937,75.402,,
255852,3,8.143,21.515,,
255852,4,20.515,30.824,,
255852,5,30.283,35.962,,
255852,6,34.962,47.366,,
255852,7,46.645,51.477,,
255852,8,50.886,59.219,,
255852,9,58.818,64.946,,
255852,10,64.505,68.119,,
256174,0,0.61,3.176,,
256174,1,3.034,9.871,,
256174,2,54.887,63.19,,
256174,3,63.507,68.209,,
256174,4,68.097,70.324,,
256174,5,70.142,79.862,,
256174,6,79.261,83.444,,
256174,7,83.601,87.784,,
256174,8,10.557,12.196,,
256174,9,12.114,15.059,,
256174,10,15.566,19.689,,
256174,11,21.353,26.114,,
256174,12,25.593,33.517,,
256174,13,33.505,44.872,,
256174,14,44.829,48.434,,
256174,15,48.611,54.809,,
25640,0,0.0,5.83,,
25640,1,5.309,8.943,,
25640,2,8.562,11.577,,
25640,3,11.346,22.383,,
25640,4,21.512,24.278,,
25640,5,25.034,26.813,,
25640,6,26.302,36.87,,
25640,7,36.498,48.583,,
25640,8,48.252,59.309,,
256935,0,-0.487528344671,6.51882086168,,
256935,1,46.914739229,53.5918367347,,
256935,2,52.5918367347,58.1115646259,,
256935,3,58.2888888889,61.4639455782,,
256935,4,60.8131519274,69.0068027211,,
256935,5,69.0444444444,71.7804988662,,
256935,6,71.5487528345,75.0530612245,,
256935,7,74.5319727891,85.1600907029,,
256935,8,85.0281179138,90.4181405896,,
256935,9,91.2439909297,101.383219955,,
256935,10,8.8612244898,19.1102040816,,
256935,11,100.812244898,105.024943311,,
256935,12,104.763265306,107.499319728,,
256935,13,106.609070295,117.376870748,,
256935,14,116.476643991,128.830839002,,
256935,15,129.965986395,136.403628118,,
256935,16,19.3573696145,26.8027210884,,
256935,17,26.1918367347,34.0462585034,,
256935,18,33.0462585034,36.6303854875,,
256935,19,36.5283446712,38.925170068,,
256935,20,38.7532879819,41.4494331066,,
256935,21,41.1079365079,47.7850340136,,
256976,0,0.0,4.533,,
256976,1,3.783,6.738,,
256976,2,49.01,54.54,,
256976,3,53.859,55.498,,
256976,4,54.577,66.692,,
256976,5,66.271,70.493,,
256976,6,70.152,74.275,,
256976,7,5.938,12.006,,
256976,8,12.054,20.756,,
256976,9,20.525,26.503,,
256976,10,25.992,30.664,,
256976,11,29.664,31.841,,
256976,12,30.841,38.067,,
256976,13,38.145,40.841,,
256976,14,40.35,48.334,,
257045,0,0.0,3.556,,
257045,1,2.725,9.811,,
257045,2,43.353,46.288,,
257045,3,45.727,49.032,,
257045,4,48.401,55.946,,
257045,5,55.575,64.467,,
257045,6,9.46,12.395,,
257045,7,11.725,17.334,,
257045,8,16.434,23.77,,
257045,9,23.318,27.601,,
257045,10,27.389,32.949,,
257045,11,32.448,37.947,,
257045,12,37.396,40.861,,
257045,13,40.978,44.353,,
257247,0,0.0,1.7,,
257247,1,0.77,7.676,,
257247,2,82.883,85.08,,
257247,3,85.268,87.794,,
257247,4,87.263,93.112,,
257247,5,7.005,11.817,,
257247,6,11.395,22.273,,
257247,7,21.941,43.734,,
257247,8,44.111,48.773,,
257247,9,48.541,65.465,,
257247,10,66.869,80.281,,
257247,11,79.78,82.945,,
257247,12,82.155,83.883,,
257277,0,0.0,2.767,,
257277,1,1.767,8.694,,
257277,2,83.671,94.718,,
257277,3,94.117,102.93,,
257277,4,102.269,106.641,,
257277,5,105.641,121.677,,
257277,6,121.755,126.247,,
257277,7,126.185,130.068,,
257277,8,129.068,140.075,,
257277,9,8.562,15.299,,
257277,10,15.666,31.492,,
257277,11,32.068,42.537,,
257277,12,42.126,45.231,,
257277,13,44.68,52.105,,
257277,14,51.494,59.638,,
257277,15,59.077,64.547,,
257277,16,63.796,84.671,,
257531,0,0.0,2.717,,
257531,1,2.635,6.04,,
257531,2,59.157,63.988,,
257531,3,64.076,67.77,,
257531,4,67.368,72.14,,
257531,5,71.14,78.515,,
257531,6,78.423,81.728,,
257531,7,82.205,88.842,,
257531,8,88.091,90.857,,
257531,9,89.857,93.551,,
257531,10,92.591,95.906,,
257531,11,6.117,10.35,,
257531,12,10.108,16.895,,
257531,13,17.083,25.306,,
257531,14,25.404,31.771,,
257531,15,32.059,38.905,,
257531,16,37.905,45.78,,
257531,17,45.947,52.325,,
257531,18,52.901,58.501,,
257534,0,0.0,1.67,,
257534,1,0.67,4.783,,
257534,2,54.567,57.044,,
257534,3,57.052,59.768,,
257534,4,58.768,61.314,,
257534,5,60.314,63.26,,
257534,6,62.998,73.038,,
257534,7,72.596,77.897,,
257534,8,77.775,79.982,,
257534,9,4.711,10.709,,
257534,10,11.445,14.68,,
257534,11,14.269,19.579,,
257534,12,19.806,29.586,,
257534,13,29.205,35.683,,
257534,14,36.119,40.532,,
257534,15,40.12,48.573,,
257534,16,48.621,54.151,,
257771,0,0.0,5.451,,
257771,1,4.721,11.208,,
257771,2,70.272,77.178,,
257771,3,77.276,79.742,,
257771,4,79.052,88.912,,
257771,5,89.947,99.228,,
257771,6,98.278,103.828,,
257771,7,105.272,109.964,,
257771,8,11.086,14.96,,
257771,9,15.726,22.822,,
257771,10,22.121,28.2,,
257771,11,27.369,32.759,,
257771,12,35.261,41.449,,
257771,13,40.839,50.359,,
257771,14,51.105,54.43,,
257771,15,53.829,70.134,,
258654,0,0.869,16.376,,
258654,1,15.376,31.881,,
258654,2,30.881,45.74,,
258654,3,44.74,59.778,,
258654,4,59.027,63.928,,
258654,5,63.188,75.033,,
259260,0,0.131,4.653,,
259260,1,3.653,6.339,,
259260,2,38.185,40.771,,
259260,3,40.549,45.091,,
259260,4,44.091,51.367,,
259260,5,51.135,54.44,,
259260,6,54.378,61.354,,
259260,7,60.354,65.664,,
259260,8,65.233,68.658,,
259260,9,69.424,71.421,,
259260,10,73.235,76.3,,
259260,11,75.39,82.327,,
259260,12,5.908,16.207,,
259260,13,81.746,86.268,,
259260,14,85.836,88.732,,
259260,15,87.852,89.899,,
259260,16,88.899,95.896,,
259260,17,95.734,98.36,,
259260,18,99.296,103.419,,
259260,19,102.419,108.068,,
259260,20,110.39,114.284,,
259260,21,114.94,118.923,,
259260,22,118.013,120.171,,
259260,23,16.394,18.601,,
259260,24,120.697,124.74,,
259260,25,124.459,126.676,,
259260,26,125.835,127.673,,
259260,27,127.841,130.647,,
259260,28,129.986,132.343,,
259260,29,131.572,137.202,,
259260,30,136.96,138.918,,
259260,31,138.636,142.131,,
259260,32,141.131,142.949,,
259260,33,142.747,144.715,,
259260,34,18.25,22.063,,
259260,35,21.642,23.57,,
259260,36,22.57,29.098,,
259260,37,28.427,30.464,,
259260,38,29.694,32.34,,
259260,39,31.48,37.708,,
259470,0,0.061224489796,8.1052154195,,
259470,1,43.2430839002,59.3188208617,,
259470,2,58.3188208617,61.3941043084,,
259470,3,60.7832199546,66.5224489796,,
259470,4,65.8616780045,70.2739229025,,
259470,5,69.6929705215,74.2149659864,,
259470,6,73.6739229025,79.6326530612,,
259470,7,79.0317460317,85.0902494331,,
259470,8,84.1501133787,86.8263038549,,
259470,9,85.8263038549,92.5233560091,,
259470,10,7.91337868481,11.3079365079,,
259470,11,91.5233560091,99.3578231293,,
259470,12,98.9664399093,103.727891156,,
259470,13,10.3079365079,14.1714285714,,
259470,14,13.2412698413,25.1265306122,,
259470,15,24.535600907,29.6761904762,,
259470,16,28.6761904762,33.6072562358,,
259470,17,32.6072562358,43.5247165533,,
25t8nrkUfRY,0,-0.367800453515,5.1619047619,,
25t8nrkUfRY,1,5.08979591837,13.3433106576,,
260011,0,0.0,2.209,,
260011,1,1.209,6.888,,
260011,2,29.095,32.769,,
260011,3,33.685,37.588,,
260011,4,38.234,43.924,,
260011,5,43.582,53.213,,
260011,6,52.751,57.194,,
260011,7,56.882,60.776,,
260011,8,61.871,64.118,,
260011,9,63.587,66.612,,
260011,10,66.021,68.528,,
260011,11,68.406,71.172,,
260011,12,7.824,10.021,,
260011,13,71.319,74.744,,
260011,14,9.57,12.795,,
260011,15,12.084,16.287,,
260011,16,15.287,19.719,,
260011,17,20.634,23.39,,
260011,18,22.76,27.401,,
260011,19,26.431,28.239,,
260011,20,27.239,29.596,,
261267,0,0.63,4.873,,
261267,1,4.361,14.271,,
261267,2,45.298,48.054,,
261267,3,47.613,52.454,,
261267,4,51.454,61.125,,
261267,5,60.264,64.367,,
261267,6,64.265,70.523,,
261267,7,69.523,76.51,,
261267,8,75.809,78.844,,
261267,9,77.844,81.429,,
261267,10,80.688,88.852,,
261267,11,87.852,92.204,,
261267,12,13.68,15.868,,
261267,13,14.967,22.373,,
261267,14,21.373,24.099,,
261267,15,23.548,33.398,,
261267,16,32.737,36.231,,
261267,17,35.231,37.199,,
261267,18,36.608,39.743,,
261267,19,38.743,45.161,,
261326,0,1.947,3.675,,
261326,1,3.653,8.634,,
261326,2,8.652,21.694,,
261326,3,21.752,39.574,,
261900,0,0.0,0.672,,
261900,1,1.478,3.915,,
261900,2,40.07,47.306,,
261900,3,46.306,53.532,,
261900,4,52.532,55.687,,
261900,5,55.934,58.092,,
261900,6,57.221,59.538,,
261900,7,58.608,63.459,,
261900,8,62.888,67.68,,
261900,9,67.209,69.416,,
261900,10,68.635,71.072,,
261900,11,70.601,87.804,,
261900,12,2.915,6.788,,
261900,13,87.483,91.595,,
261900,14,91.414,101.643,,
261900,15,101.112,108.138,,
261900,16,107.138,111.301,,
261900,17,110.63,116.788,,
261900,18,116.686,120.899,,
261900,19,119.899,128.063,,
261900,20,127.611,132.981,,
261900,21,132.271,137.072,,
261900,22,136.641,139.107,,
261900,23,6.367,11.029,,
261900,24,139.734,142.021,,
261900,25,141.101,147.568,,
261900,26,147.386,149.803,,
261900,27,149.073,157.456,,
261900,28,156.456,158.583,,
261900,29,157.583,159.641,,
261900,30,158.641,163.402,,
261900,31,163.28,167.164,,
261900,32,166.164,171.364,,
261900,33,170.524,174.168,,
261900,34,10.707,17.863,,
261900,35,173.168,179.296,,
261900,36,178.296,181.96,,
261900,37,181.22,186.42,,
261900,38,186.148,194.442,,
261900,39,193.761,197.854,,
261900,40,17.232,24.917,,
261900,41,24.296,28.828,,
261900,42,28.387,31.662,,
261900,43,30.662,37.189,,
261900,44,37.446,40.282,,
261902,0,0.79,2.538,,
261902,1,1.707,3.655,,
261902,2,52.432,56.356,,
261902,3,55.775,68.189,,
261902,4,67.737,77.118,,
261902,5,77.046,82.366,,
261902,6,81.616,83.663,,
261902,7,83.282,94.11,,
261902,8,93.419,98.629,,
261902,9,97.889,103.568,,
261902,10,102.568,106.342,,
261902,11,105.921,113.576,,
261902,12,2.655,8.594,,
261902,13,112.576,116.998,,
261902,14,116.088,132.772,,
261902,15,132.061,135.426,,
261902,16,134.985,137.551,,
261902,17,136.551,140.025,,
261902,18,139.025,144.146,,
261902,19,144.024,146.181,,
261902,20,145.541,148.197,,
261902,21,147.835,156.498,,
261902,22,156.835,161.127,,
261902,23,8.312,13.423,,
261902,24,160.297,164.28,,
261902,25,163.28,166.016,,
261902,26,12.872,23.231,,
261902,27,22.59,31.612,,
261902,28,30.831,45.201,,
261902,29,45.578,48.603,,
261902,30,47.603,51.886,,
261902,31,51.145,53.432,,
262165,0,0.0,1.6,,
262165,1,1.169,4.164,,
262165,2,70.86,81.468,,
262165,3,80.568,83.673,,
262165,4,84.41,88.672,,
262165,5,89.678,94.229,,
262165,6,94.467,101.902,,
262165,7,101.301,107.878,,
262165,8,107.168,111.76,,
262165,9,110.76,116.489,,
262165,10,115.988,121.088,,
262165,11,120.088,132.073,,
262165,12,3.593,5.461,,
262165,13,132.021,139.886,,
262165,14,138.886,141.732,,
262165,15,141.44,143.707,,
262165,16,144.124,154.263,,
262165,17,153.692,156.727,,
262165,18,155.727,163.233,,
262165,19,162.502,168.082,,
262165,20,5.379,7.686,,
262165,21,8.362,21.375,,
262165,22,20.754,25.585,,
262165,23,25.064,31.253,,
262165,24,30.881,51.736,,
262165,25,51.265,63.779,,
262165,26,64.475,71.322,,
262226,0,0.0,4.803,,
262226,1,3.803,9.263,,
262226,2,27.968,30.395,,
262226,3,29.395,38.237,,
262226,4,37.237,41.1,,
262226,5,40.27,43.066,,
262226,6,42.405,52.325,,
262226,7,51.325,54.49,,
262226,8,53.939,59.0,,
262226,9,58.349,63.3,,
262226,10,62.3,65.195,,
262226,11,64.565,67.77,,
262226,12,8.312,10.879,,
262226,13,66.77,69.067,,
262226,14,10.208,11.937,,
262226,15,10.937,12.904,,
262226,16,11.904,13.513,,
262226,17,12.513,15.109,,
262226,18,14.109,21.505,,
262226,19,21.063,26.084,,
262226,20,25.104,28.299,,
264418,0,0.0,1.51,,
264418,1,0.979,3.975,,
264418,2,105.641,108.437,,
264418,3,107.437,117.467,,
264418,4,116.467,120.21,,
264418,5,119.21,121.687,,
264418,6,120.687,126.197,,
264418,7,125.586,128.512,,
264418,8,2.975,6.758,,
264418,9,6.586,22.732,,
264418,10,22.161,28.788,,
264418,11,27.788,34.864,,
264418,12,35.132,51.846,,
264418,13,52.702,87.854,,
264418,14,87.303,90.668,,
264418,15,90.286,106.641,,
264446,0,0.0,9.811,,
264446,1,9.42,14.79,,
264446,2,38.963,41.28,,
264446,3,40.809,45.63,,
264446,4,45.029,52.125,,
264446,5,51.125,57.673,,
264446,6,57.82,68.877,,
264446,7,68.186,80.571,,
264446,8,81.396,95.467,,
264446,9,94.846,105.703,,
264446,10,105.681,121.976,,
264446,11,121.385,128.532,,
264446,12,14.109,19.589,,
264446,13,128.958,135.206,,
264446,14,134.356,138.269,,
264446,15,137.848,146.71,,
264446,16,147.027,153.325,,
264446,17,152.355,162.135,,
264446,18,161.415,164.171,,
264446,19,163.709,170.716,,
264446,20,169.716,172.472,,
264446,21,172.06,180.084,,
264446,22,179.114,183.187,,
264446,23,19.407,21.575,,
264446,24,183.534,192.486,,
264446,25,191.486,194.452,,
264446,26,193.452,199.999,,
264446,27,199.219,204.419,,
264446,28,204.008,211.254,,
264446,29,210.693,215.733,,
264446,30,215.252,220.203,,
264446,31,219.542,224.533,,
264446,32,224.122,228.893,,
264446,33,227.893,234.072,,
264446,34,20.894,29.327,,
264446,35,233.92,242.842,,
264446,36,241.842,244.049,,
264446,37,243.418,250.205,,
264446,38,249.205,252.25,,
264446,39,251.49,253.827,,
264446,40,252.827,254.545,,
264446,41,253.545,256.331,,
264446,42,255.76,258.506,,
264446,43,258.215,264.413,,
264446,44,264.191,272.644,,
264446,45,28.686,33.138,,
264446,46,32.138,35.653,,
264446,47,34.653,36.86,,
264446,48,35.86,38.217,,
264446,49,37.217,39.574,,
265959,0,0.311,6.878,,
265959,1,6.676,10.55,,
265959,2,89.079,99.557,,
265959,3,99.276,108.108,,
265959,4,108.076,113.176,,
265959,5,112.486,120.021,,
265959,6,119.28,125.379,,
265959,7,125.007,127.753,,
265959,8,126.753,128.831,,
265959,9,10.029,16.187,,
265959,10,15.666,22.253,,
265959,11,22.151,48.294,,
265959,12,48.581,55.976,,
265959,13,55.126,60.277,,
265959,14,59.815,72.619,,
265959,15,71.619,79.034,,
265959,16,78.034,88.682,,
266366,0,0.0,0.902,,
266366,1,0.42,6.309,,
266366,2,114.531,119.392,,
266366,3,118.951,129.26,,
266366,4,128.739,133.71,,
266366,5,132.71,135.566,,
266366,6,134.566,140.175,,
266366,7,139.345,148.666,,
266366,8,147.666,149.953,,
266366,9,149.661,158.523,,
266366,10,157.523,164.021,,
266366,11,6.028,22.323,,
266366,12,21.862,38.287,,
266366,13,37.287,49.082,,
266366,14,48.122,63.35,,
266366,15,62.35,67.45,,
266366,16,67.179,90.628,,
266366,17,90.576,110.742,,
266366,18,109.742,114.334,,
266396,0,0.311,3.775,,
266396,1,2.775,6.419,,
266396,2,25.753,28.07,,
266396,3,27.07,29.517,,
266396,4,29.085,33.946,,
266396,5,34.064,40.561,,
266396,6,39.841,43.664,,
266396,7,42.664,57.872,,
266396,8,56.992,58.69,,
266396,9,57.78,59.598,,
266396,10,59.077,62.033,,
266396,11,61.033,64.098,,
266396,12,5.419,7.586,,
266396,13,63.477,66.802,,
266396,14,67.149,73.257,,
266396,15,73.774,76.26,,
266396,16,75.26,77.418,,
266396,17,76.418,80.84,,
266396,18,79.84,82.486,,
266396,19,81.486,84.971,,
266396,20,83.971,86.816,,
266396,21,86.195,90.089,,
266396,22,89.089,90.418,,
266396,23,7.055,9.183,,
266396,24,89.418,91.945,,
266396,25,92.541,95.417,,
266396,26,94.417,100.705,,
266396,27,99.974,101.892,,
266396,28,100.892,103.179,,
266396,29,102.179,104.147,,
266396,30,103.566,107.37,,
266396,31,106.549,109.804,,
266396,32,108.804,110.353,,
266396,33,110.011,112.678,,
266396,34,8.183,11.587,,
266396,35,111.807,113.196,,
266396,36,112.196,114.144,,
266396,37,113.144,118.395,,
266396,38,117.395,124.491,,
266396,39,125.227,129.809,,
266396,40,128.809,130.637,,
266396,41,129.637,131.136,,
266396,42,130.225,134.408,,
266396,43,133.608,136.194,,
266396,44,135.194,141.322,,
266396,45,10.587,11.847,,
266396,46,140.572,142.21,,
266396,47,141.21,143.408,,
266396,48,142.408,144.136,,
266396,49,143.445,150.292,,
266396,50,149.741,155.38,,
266396,51,154.38,156.707,,
266396,52,156.316,160.0,,
266396,53,159.828,163.253,,
266396,54,162.253,164.48,,
266396,55,163.48,167.214,,
266396,56,10.847,13.653,,
266396,57,166.533,169.638,,
266396,58,168.858,175.415,,
266396,59,174.415,176.113,,
266396,60,175.113,177.311,,
266396,61,176.59,181.032,,
266396,62,180.172,182.22,,
266396,63,181.22,185.293,,
266396,64,184.462,186.34,,
266396,65,185.34,188.435,,
266396,66,187.844,189.912,,
266396,67,12.653,16.017,,
266396,68,189.84,196.617,,
266396,69,195.617,200.518,,
266396,70,199.518,201.436,,
266396,71,200.675,206.195,,
266396,72,205.524,208.5,,
266396,73,207.5,210.595,,
266396,74,209.595,212.62,,
266396,75,211.81,214.905,,
266396,76,214.644,218.108,,
266396,77,217.417,220.193,,
266396,78,15.337,18.911,,
266396,79,219.193,220.852,,
266396,80,219.852,222.817,,
266396,81,221.817,223.585,,
266396,82,222.585,225.192,,
266396,83,224.601,227.846,,
266396,84,226.846,229.392,,
266396,85,228.712,233.064,,
266396,86,232.064,234.062,,
266396,87,233.401,235.967,,
266396,88,235.556,237.105,,
266396,89,17.911,26.753,,
266396,90,236.105,238.083,,
266396,91,237.083,239.22,,
266396,92,238.22,240.627,,
266396,93,239.906,241.874,,
266396,94,241.173,243.74,,
266396,95,243.079,244.388,,
266396,96,243.468,245.286,,
266396,97,244.326,246.404,,
266791,0,0.0,1.141,,
266791,1,0.141,2.887,,
266791,2,54.757,59.927,,
266791,3,60.494,64.497,,
266791,4,63.497,73.127,,
266791,5,72.257,74.584,,
266791,6,74.562,79.842,,
266791,7,81.157,86.936,,
266791,8,86.445,90.947,,
266791,9,91.414,105.923,,
266791,10,104.923,107.579,,
266791,11,108.924,117.995,,
266791,12,2.945,7.427,,
266791,13,117.694,128.332,,
266791,14,128.739,145.144,,
266791,15,144.842,152.597,,
266791,16,152.365,159.541,,
266791,17,159.0,163.652,,
266791,18,165.635,169.818,,
266791,19,168.818,172.162,,
266791,20,173.677,186.979,,
266791,21,186.887,204.14,,
266791,22,203.748,205.876,,
266791,23,6.666,12.116,,
266791,24,204.876,206.155,,
266791,25,205.295,207.911,,
266791,26,206.911,210.026,,
266791,27,209.725,211.882,,
266791,28,210.882,214.247,,
266791,29,213.247,216.871,,
266791,30,216.499,222.877,,
266791,31,11.894,15.778,,
266791,32,15.756,24.308,,
266791,33,24.266,35.323,,
266791,34,34.323,42.557,,
266791,35,43.632,47.995,,
266791,36,47.693,54.53,,
266852,0,1.827,3.496,,
266852,1,2.885,7.716,,
266852,2,52.083,59.848,,
266852,3,59.376,70.314,,
266852,4,70.332,77.138,,
266852,5,76.777,89.919,,
266852,6,89.578,92.823,,
266852,7,93.559,110.473,,
266852,8,110.889,115.062,,
266852,9,115.08,135.965,,
266852,10,134.965,144.146,,
266852,11,143.645,146.361,,
266852,12,7.834,13.762,,
266852,13,147.386,164.769,,
266852,14,164.408,176.882,,
266852,15,177.418,181.042,,
266852,16,180.691,191.568,,
266852,17,191.676,211.244,,
266852,18,210.792,216.951,,
266852,19,215.951,221.43,,
266852,20,221.318,226.629,,
266852,21,12.762,16.386,,
266852,22,15.386,17.274,,
266852,23,16.903,20.707,,
266852,24,19.707,27.511,,
266852,25,26.741,31.642,,
266852,26,31.161,44.113,,
266852,27,43.203,52.514,,
266938,0,0.0,3.765,,
266938,1,3.683,8.395,,
266938,2,42.345,50.539,,
266938,3,49.539,55.807,,
266938,4,54.807,60.776,,
266938,5,60.454,62.851,,
266938,6,62.41,64.667,,
266938,7,64.405,69.376,,
266938,8,68.516,71.9,,
266938,9,70.9,74.804,,
266938,10,74.153,76.4,,
266938,11,76.318,81.628,,
266938,12,7.395,12.216,,
266938,13,80.818,83.424,,
266938,14,83.661,85.0,,
266938,15,84.859,87.615,,
266938,16,86.814,101.972,,
266938,17,101.291,103.349,,
266938,18,102.349,110.333,,
266938,19,109.443,112.219,,
266938,20,111.219,119.382,,
266938,21,118.382,122.356,,
266938,22,121.765,128.192,,
266938,23,11.585,15.798,,
266938,24,127.192,140.614,,
266938,25,139.963,146.002,,
266938,26,145.93,150.112,,
266938,27,149.112,151.529,,
266938,28,150.729,152.268,,
266938,29,151.268,152.327,,
266938,30,151.766,157.725,,
266938,31,156.805,160.569,,
266938,32,159.918,166.216,,
266938,33,165.435,168.301,,
266938,34,14.888,17.823,,
266938,35,167.301,176.552,,
266938,36,177.259,180.613,,
266938,37,179.713,182.19,,
266938,38,181.21,184.474,,
266938,39,184.283,188.176,,
266938,40,187.176,189.902,,
266938,41,189.122,193.823,,
266938,42,193.392,201.156,,
266938,43,200.416,203.94,,
266938,44,202.94,209.887,,
266938,45,18.629,26.194,,
266938,46,208.887,210.086,,
266938,47,209.535,218.098,,
266938,48,218.016,222.608,,
266938,49,221.747,223.416,,
266938,50,222.915,226.539,,
266938,51,25.533,27.122,,
266938,52,26.122,33.637,,
266938,53,33.585,40.571,,
266938,54,40.32,43.345,,
267252,0,0.141,2.578,,
267252,1,2.246,7.327,,
267252,2,67.448,71.581,,
267252,3,70.97,75.013,,
267252,4,74.263,77.388,,
267252,5,78.952,85.699,,
267252,6,85.018,87.864,,
267252,7,86.864,94.399,,
267252,8,94.068,104.985,,
267252,9,103.985,105.803,,
267252,10,105.142,110.892,,
267252,11,7.135,11.288,,
267252,12,10.288,15.868,,
267252,13,15.606,20.158,,
267252,14,21.103,25.027,,
267252,15,24.296,34.725,,
267252,16,34.184,48.623,,
267252,17,47.623,57.812,,
267252,18,58.688,68.169,,
267255,0,0.62,3.366,,
267255,1,2.725,10.39,,
267255,2,75.54,82.027,,
267255,3,81.277,86.846,,
267255,4,85.846,92.204,,
267255,5,91.204,95.337,,
267255,6,94.337,98.53,,
267255,7,97.839,111.42,,
267255,8,111.807,116.12,,
267255,9,115.16,119.741,,
267255,10,119.28,122.326,,
267255,11,122.473,133.82,,
267255,12,9.49,12.056,,
267255,13,11.116,15.658,,
267255,14,15.975,18.921,,
267255,15,17.98,26.643,,
267255,16,27.239,33.378,,
267255,17,33.256,63.629,,
267255,18,63.128,72.589,,
267255,19,72.187,76.54,,
267278,0,0.43,6.848,,
267278,1,6.267,11.298,,
267278,2,59.277,66.722,,
267278,3,65.912,67.75,,
267278,4,66.909,71.621,,
267278,5,71.229,79.872,,
267278,6,79.311,83.015,,
267278,7,83.013,91.057,,
267278,8,91.254,104.875,,
267278,9,105.043,113.386,,
267278,10,112.685,116.269,,
267278,11,115.609,119.332,,
267278,12,11.116,16.766,,
267278,13,118.951,129.888,,
267278,14,128.888,132.882,,
267278,15,134.556,142.131,,
267278,16,141.629,149.693,,
267278,17,15.766,21.255,,
267278,18,21.742,23.889,,
267278,19,23.668,26.274,,
267278,20,26.032,30.474,,
267278,21,30.043,44.173,,
267278,22,43.173,49.94,,
267278,23,50.177,59.728,,
267466,0,0.0,0.652,,
267466,1,0.73,7.088,,
267466,2,31.799,39.224,,
267466,3,38.644,41.908,,
267466,4,41.268,52.524,,
267466,5,52.612,65.515,,
267466,6,64.794,72.349,,
267466,7,71.349,76.19,,
267466,8,75.19,77.208,,
267466,9,76.208,80.161,,
267466,10,79.98,95.856,,
267466,11,95.335,101.493,,
267466,12,6.995,9.572,,
267466,13,100.712,104.376,,
267466,14,103.376,111.261,,
267466,15,110.321,113.605,,
267466,16,113.344,127.733,,
267466,17,127.601,133.251,,
267466,18,132.251,138.15,,
267466,19,137.619,142.071,,
267466,20,141.071,147.179,,
267466,21,146.389,150.362,,
267466,22,149.362,151.559,,
267466,23,9.111,12.615,,
267466,24,151.198,158.334,,
267466,25,157.334,167.443,,
267466,26,167.471,173.839,,
267466,27,173.158,179.137,,
267466,28,178.137,183.177,,
267466,29,182.317,188.395,,
267466,30,188.423,191.339,,
267466,31,191.337,197.265,,
267466,32,197.153,203.79,,
267466,33,203.439,207.462,,
267466,34,11.615,15.818,,
267466,35,207.829,211.922,,
267466,36,210.922,215.454,,
267466,37,214.833,222.308,,
267466,38,221.448,223.865,,
267466,39,223.174,225.84,,
267466,40,225.1,227.477,,
267466,41,226.477,228.395,,
267466,42,16.075,22.872,,
267466,43,21.872,24.578,,
267466,44,23.867,29.028,,
267466,45,28.407,30.365,,
267466,46,29.365,31.981,,
267694,0,0.0,2.747,,
267694,1,1.747,5.671,,
267694,2,67.129,73.976,,
267694,3,74.572,77.597,,
267694,4,76.927,79.313,,
267694,5,79.141,93.282,,
267694,6,93.539,98.101,,
267694,7,97.101,99.368,,
267694,8,98.368,101.712,,
267694,9,100.792,105.654,,
267694,10,104.654,112.648,,
267694,11,112.097,114.633,,
267694,12,5.279,7.746,,
267694,13,7.215,18.043,,
267694,14,18.36,24.159,,
267694,15,23.877,26.743,,
267694,16,26.092,34.854,,
267694,17,33.854,36.151,,
267694,18,36.379,55.597,,
267694,19,55.206,66.971,,
267799,0,0.0,4.005,,
267799,1,3.054,5.571,,
267799,2,57.79,76.729,,
267799,3,76.298,82.756,,
267799,4,82.224,86.836,,
267799,5,86.275,90.418,,
267799,6,91.304,94.519,,
267799,7,95.285,99.178,,
267799,8,98.178,100.815,,
267799,9,100.194,104.566,,
267799,10,104.135,108.926,,
267799,11,108.984,129.549,,
267799,12,5.16,8.345,,
267799,13,7.544,13.712,,
267799,14,13.481,31.722,,
267799,15,31.121,37.289,,
267799,16,36.798,44.004,,
267799,17,43.004,46.388,,
267799,18,45.937,50.13,,
267799,19,49.579,58.112,,
268836,0,0.0,9.113,,
268836,1,9.62,14.171,,
268836,2,38.634,40.262,,
268836,3,39.262,41.31,,
268836,4,40.31,43.136,,
268836,5,42.834,44.662,,
268836,6,44.221,55.278,,
268836,7,55.056,58.97,,
268836,8,58.379,66.981,,
268836,9,66.241,72.649,,
268836,10,72.267,75.312,,
268836,11,74.312,91.725,,
268836,12,13.99,19.469,,
268836,13,91.024,98.45,,
268836,14,97.909,107.888,,
268836,15,107.477,110.243,,
268836,16,109.702,113.416,,
268836,17,112.665,114.493,,
268836,18,114.292,120.699,,
268836,19,120.986,123.772,,
268836,20,122.772,124.361,,
268836,21,123.361,126.366,,
268836,22,125.795,128.112,,
268836,23,19.427,25.366,,
268836,24,127.112,129.839,,
268836,25,129.587,132.313,,
268836,26,131.353,135.845,,
268836,27,134.845,138.0,,
268836,28,137.549,140.454,,
268836,29,140.133,152.996,,
268836,30,152.315,154.922,,
268836,31,153.922,158.733,,
268836,32,157.733,161.307,,
268836,33,160.786,163.652,,
268836,34,26.142,32.001,,
268836,35,31.161,34.236,,
268836,36,33.475,34.545,,
268836,37,33.545,37.01,,
268836,38,36.01,37.588,,
268836,39,37.187,39.284,,
26WrTHLJJIU,0,0.0,10.61,,
26WrTHLJJIU,1,18.958,24.129,,
270254,0,0.0,4.883,,
270254,1,3.883,8.943,,
270254,2,45.209,58.65,,
270254,3,58.568,61.095,,
270254,4,61.701,65.275,,
270254,5,64.944,66.313,,
270254,6,66.221,70.873,,
270254,7,70.132,79.413,,
270254,8,79.211,82.686,,
270254,9,82.464,90.209,,
270254,10,90.366,92.154,,
270254,11,92.351,96.474,,
270254,12,9.799,11.208,,
270254,13,97.49,99.188,,
270254,14,99.196,101.144,,
270254,15,101.102,116.409,,
270254,16,115.449,119.981,,
270254,17,121.505,124.461,,
270254,18,123.461,128.332,,
270254,19,10.837,12.924,,
270254,20,11.924,20.158,,
270254,21,19.587,23.959,,
270254,22,23.847,30.913,,
270254,23,30.163,32.879,,
270254,24,32.408,39.145,,
270254,25,38.763,45.75,,
270416,0,0.69,3.256,,
270416,1,2.625,8.454,,
270416,2,48.93,55.448,,
270416,3,55.685,64.068,,
270416,4,63.527,66.961,,
270416,5,65.961,72.798,,
270416,6,8.342,11.468,,
270416,7,11.216,15.818,,
270416,8,15.087,19.23,,
270416,9,19.407,23.56,,
270416,10,22.899,24.478,,
270416,11,23.658,41.06,,
270416,12,40.06,42.717,,
270416,13,41.906,49.711,,
270444,0,0.55,8.335,,
270444,1,8.562,24.408,,
270444,2,23.408,26.962,,
270444,3,27.379,32.59,,
270444,4,32.198,41.41,,
270444,5,43.054,47.715,,
270444,6,47.314,51.896,,
270444,7,51.834,67.77,,
270444,8,67.169,73.537,,
270449,0,0.74,4.374,,
270449,1,4.322,6.389,,
270449,2,57.481,60.736,,
270449,3,61.861,64.407,,
270449,4,6.227,9.622,,
270449,5,8.622,12.495,,
270449,6,12.094,17.065,,
270449,7,16.893,22.063,,
270449,8,22.72,30.345,,
270449,9,30.063,42.657,,
270449,10,42.545,53.402,,
270449,11,53.34,58.381,,
270628,0,0.0,0.672,,
270628,1,1.538,9.532,,
270628,2,66.849,82.307,,
270628,3,82.683,88.363,,
270628,4,88.361,94.419,,
270628,5,93.798,101.832,,
270628,6,101.211,104.277,,
270628,7,103.277,116.778,,
270628,8,115.778,119.362,,
270628,9,119.011,121.458,,
270628,10,120.757,126.476,,
270628,11,126.075,135.705,,
270628,12,9.28,15.588,,
270628,13,134.975,137.651,,
270628,14,137.289,146.092,,
270628,15,146.139,149.753,,
270628,16,149.053,151.679,,
270628,17,150.928,159.491,,
270628,18,158.85,166.485,,
270628,19,165.485,172.452,,
270628,20,171.452,177.321,,
270628,21,177.219,189.643,,
270628,22,188.902,198.343,,
270628,23,15.097,22.024,,
270628,24,197.343,209.557,,
270628,25,208.887,211.234,,
270628,26,210.234,219.205,,
270628,27,218.545,221.371,,
270628,28,220.65,224.084,,
270628,29,223.813,225.79,,
270628,30,22.829,35.144,,
270628,31,34.144,36.58,,
270628,32,36.069,45.181,,
270628,33,44.181,54.18,,
270628,34,53.769,63.18,,
270628,35,63.008,67.849,,
270665,0,0.56,8.514,,
270665,1,8.153,26.813,,
270665,2,67.837,77.637,,
270665,3,77.535,104.576,,
270665,4,104.554,107.15,,
270665,5,106.15,108.667,,
270665,6,107.976,120.48,,
270665,7,119.989,124.082,,
270665,8,123.082,125.638,,
270665,9,124.987,127.464,,
270665,10,126.803,139.397,,
270665,11,138.976,142.729,,
270665,12,26.561,33.937,,
270665,13,142.428,146.002,,
270665,14,145.271,147.798,,
270665,15,146.798,149.534,,
270665,16,148.863,154.802,,
270665,17,154.231,158.883,,
270665,18,158.741,165.857,,
270665,19,165.286,167.064,,
270665,20,166.064,168.381,,
270665,21,168.119,170.985,,
270665,22,169.985,180.763,,
270665,23,33.326,37.069,,
270665,24,180.132,189.623,,
270665,25,189.052,195.33,,
270665,26,194.749,200.119,,
270665,27,199.458,201.915,,
270665,28,36.329,44.024,,
270665,29,43.602,47.605,,
270665,30,47.404,56.106,,
270665,31,55.635,62.422,,
270665,32,61.751,66.642,,
270665,33,65.991,68.777,,
270956,0,0.63,2.049,,
270956,1,1.049,3.975,,
270956,2,57.072,60.756,,
270956,3,60.284,68.179,,
270956,4,67.767,77.388,,
270956,5,77.605,92.304,,
270956,6,91.304,95.606,,
270956,7,95.115,98.3,,
270956,8,97.929,99.677,,
270956,9,98.897,100.465,,
270956,10,2.975,6.22,,
270956,11,5.419,11.996,,
270956,12,11.126,21.664,,
270956,13,20.664,25.665,,
270956,14,25.533,45.071,,
270956,15,44.121,48.424,,
270956,16,47.483,51.507,,
270956,17,51.315,56.316,,
271366,0,0.311,3.695,,
271366,1,2.695,5.371,,
271366,2,26.411,32.959,,
271366,3,32.498,35.623,,
271366,4,34.623,43.844,,
271366,5,43.034,44.922,,
271366,6,44.341,53.133,,
271366,7,53.171,59.598,,
271366,8,59.766,67.211,,
271366,9,66.211,69.615,,
271366,10,68.955,71.491,,
271366,11,71.449,76.46,,
271366,12,4.371,6.539,,
271366,13,75.46,85.13,,
271366,14,84.549,100.405,,
271366,15,99.405,103.858,,
271366,16,102.888,106.342,,
271366,17,105.671,112.568,,
271366,18,111.568,114.553,,
271366,19,113.553,123.553,,
271366,20,122.553,128.621,,
271366,21,127.621,130.258,,
271366,22,130.395,133.121,,
271366,23,6.327,10.19,,
271366,24,132.121,134.518,,
271366,25,134.027,135.985,,
271366,26,135.344,144.366,,
271366,27,143.366,147.159,,
271366,28,146.738,151.689,,
271366,29,152.166,165.158,,
271366,30,164.158,172.482,,
271366,31,171.482,177.59,,
271366,32,176.59,179.765,,
271366,33,178.765,182.0,,
271366,34,9.59,12.366,,
271366,35,181.409,183.367,,
271366,36,182.367,184.814,,
271366,37,184.602,189.363,,
271366,38,188.693,191.478,,
271366,39,190.478,197.854,,
271366,40,196.914,200.268,,
271366,41,199.558,201.226,,
271366,42,12.074,15.099,,
271366,43,14.868,19.06,,
271366,44,19.477,24.867,,
271366,45,24.007,25.675,,
271366,46,24.675,27.411,,
271594,0,0.849,7.716,,
271594,1,7.285,10.42,,
271594,2,35.83,39.673,,
271594,3,39.442,44.433,,
271594,4,44.45,51.227,,
271594,5,50.916,57.643,,
271594,6,57.261,59.429,,
271594,7,59.666,71.421,,
271594,8,71.529,76.5,,
271594,9,77.415,81.668,,
271594,10,82.025,92.104,,
271594,11,91.743,94.269,,
271594,12,12.273,16.476,,
271594,13,93.269,100.765,,
271594,14,100.054,103.658,,
271594,15,102.658,110.832,,
271594,16,109.832,113.276,,
271594,17,112.745,114.773,,
271594,18,114.062,116.978,,
271594,19,115.978,119.602,,
271594,20,119.61,122.675,,
271594,21,122.124,125.129,,
271594,22,124.129,128.282,,
271594,23,15.815,19.1,,
271594,24,128.439,132.642,,
271594,25,132.171,134.498,,
271594,26,133.797,135.925,,
271594,27,134.925,137.052,,
271594,28,136.681,141.532,,
271594,29,141.939,143.737,,
271594,30,142.867,144.715,,
271594,31,143.934,145.932,,
271594,32,144.932,151.549,,
271594,33,151.008,157.566,,
271594,34,18.769,22.902,,
271594,35,156.755,158.753,,
271594,36,157.753,162.205,,
271594,37,23.219,25.316,,
271594,38,24.316,28.329,,
271594,39,28.257,31.412,,
271594,40,30.412,33.088,,
271594,41,33.076,36.83,,
271598,0,0.889,2.328,,
271598,1,1.518,5.78,,
271598,2,45.568,47.027,,
271598,3,46.356,51.666,,
271598,4,51.165,61.005,,
271598,5,60.244,62.831,,
271598,6,61.831,65.545,,
271598,7,64.545,66.832,,
271598,8,66.929,77.178,,
271598,9,76.847,83.254,,
271598,10,82.634,88.762,,
271598,11,87.762,91.645,,
271598,12,5.229,8.375,,
271598,13,91.823,94.888,,
271598,14,93.888,100.815,,
271598,15,100.912,104.985,,
271598,16,104.773,109.156,,
271598,17,109.173,117.816,,
271598,18,117.634,128.492,,
271598,19,127.492,134.039,,
271598,20,133.368,137.96,,
271598,21,137.17,141.372,,
271598,22,140.881,145.533,,
271598,23,10.088,11.887,,
271598,24,145.032,150.122,,
271598,25,149.352,153.804,,
271598,26,153.423,160.339,,
271598,27,159.738,164.37,,
271598,28,163.799,165.418,,
271598,29,12.134,22.353,,
271598,30,22.55,26.883,,
271598,31,26.95,31.492,,
271598,32,31.25,37.618,,
271598,33,38.703,40.472,,
271598,34,40.04,45.42,,
272375,0,0.839,4.743,,
272375,1,4.142,9.033,,
272375,2,39.073,43.944,,
272375,3,44.54,52.873,,
272375,4,52.482,57.543,,
272375,5,57.301,59.898,,
272375,6,58.898,61.015,,
272375,7,61.392,66.832,,
272375,8,66.78,68.807,,
272375,9,67.957,70.324,,
272375,10,69.863,75.093,,
272375,11,74.093,78.156,,
272375,12,9.071,11.039,,
272375,13,11.705,17.753,,
272375,14,16.753,19.679,,
272375,15,19.737,27.032,,
272375,16,26.032,28.519,,
272375,17,29.125,34.385,,
272375,18,33.385,36.84,,
272375,19,36.548,40.073,,
272624,0,0.0,1.979,,
272624,1,1.079,7.846,,
272624,2,79.93,90.867,,
272624,3,91.523,96.774,,
272624,4,96.412,103.359,,
272624,5,102.359,110.602,,
272624,6,109.932,119.572,,
272624,7,119.111,129.859,,
272624,8,130.156,144.256,,
272624,9,143.625,147.907,,
272624,10,147.566,154.163,,
272624,11,7.464,19.449,,
272624,12,18.829,23.79,,
272624,13,22.79,38.047,,
272624,14,37.047,41.04,,
272624,15,41.307,49.551,,
272624,16,49.2,56.695,,
272624,17,57.281,69.915,,
272624,18,69.733,80.181,,
272838,0,1.458,3.446,,
272838,1,3.034,7.836,,
272838,2,71.06,73.666,,
272838,3,72.666,75.183,,
272838,4,75.989,79.194,,
272838,5,78.463,80.77,,
272838,6,80.658,82.476,,
272838,7,82.444,84.512,,
272838,8,84.42,86.866,,
272838,9,85.866,91.206,,
272838,10,9.749,13.194,,
272838,11,12.702,14.87,,
272838,12,14.508,16.945,,
272838,13,16.803,24.149,,
272838,14,24.675,33.228,,
272838,15,32.438,40.302,,
272838,16,39.751,67.56,,
272838,17,66.75,69.426,,
273171,0,0.78,2.109,,
273171,1,1.109,4.883,,
273171,2,35.89,41.14,,
273171,3,40.619,48.912,,
273171,4,48.152,50.569,,
273171,5,50.098,56.725,,
273171,6,55.785,60.376,,
273171,7,59.416,67.231,,
273171,8,66.231,76.41,,
273171,9,5.02,10.19,,
273171,10,9.35,16.007,,
273171,11,15.406,23.48,,
273171,12,22.72,25.546,,
273171,13,24.546,27.96,,
273171,14,26.96,31.183,,
273171,15,30.901,35.603,,
273171,16,34.603,36.531,,
273207,0,0.57,3.715,,
273207,1,2.805,10.919,,
273207,2,55.485,65.455,,
273207,3,10.029,15.429,,
273207,4,16.933,20.896,,
273207,5,20.714,26.154,,
273207,6,25.583,42.238,,
273207,7,41.238,44.113,,
273207,8,43.722,47.306,,
273207,9,46.306,51.157,,
273207,10,50.157,56.036,,
273237,0,0.64,2.189,,
273237,1,1.737,5.671,,
273237,2,55.385,58.83,,
273237,3,57.83,59.957,,
273237,4,59.815,69.645,,
273237,5,68.645,74.854,,
273237,6,74.722,82.277,,
273237,7,81.626,104.855,,
273237,8,104.175,107.23,,
273237,9,106.23,110.961,,
273237,10,109.961,115.92,,
273237,11,115.21,119.153,,
273237,12,4.671,9.153,,
273237,13,118.352,123.004,,
273237,14,122.094,124.102,,
273237,15,123.541,130.866,,
273237,16,129.936,145.812,,
273237,17,144.812,147.568,,
273237,18,146.568,150.771,,
273237,19,150.799,153.255,,
273237,20,8.502,22.951,,
273237,21,22.361,27.601,,
273237,22,27.269,33.398,,
273237,23,32.577,43.195,,
273237,24,42.195,50.728,,
273237,25,50.177,53.991,,
273237,26,52.991,56.036,,
273250,0,0.291,6.18,,
273250,1,6.088,9.013,,
273250,2,54.298,60.406,,
273250,3,60.534,65.565,,
273250,4,64.565,67.969,,
273250,5,67.817,69.486,,
273250,6,69.374,72.11,,
273250,7,71.708,76.27,,
273250,8,76.208,81.089,,
273250,9,80.947,87.375,,
273250,10,87.692,93.771,,
273250,11,93.04,95.167,,
273250,12,9.899,11.507,,
273250,13,94.926,101.663,,
273250,14,100.842,104.277,,
273250,15,104.135,108.068,,
273250,16,107.387,109.405,,
273250,17,108.734,111.989,,
273250,18,111.358,115.022,,
273250,19,114.451,122.156,,
273250,20,121.635,124.401,,
273250,21,11.435,16.925,,
273250,22,16.274,20.926,,
273250,23,20.116,23.291,,
273250,24,22.76,32.649,,
273250,25,31.989,38.855,,
273250,26,38.185,52.594,,
273250,27,53.26,55.059,,
273314,0,0.301,3.037,,
273314,1,2.107,23.131,,
273314,2,23.797,26.972,,
273314,3,27.08,30.494,,
273314,4,29.494,33.917,,
273314,5,33.016,57.084,,
273314,6,56.134,65.006,,
273314,7,64.375,77.757,,
273314,8,77.755,83.584,,
273531,0,0.0,2.209,,
273531,1,1.408,8.185,,
273531,2,57.321,73.058,,
273531,3,72.606,76.729,,
273531,4,77.465,82.297,,
273531,5,81.706,87.674,,
273531,6,86.674,91.885,,
273531,7,90.885,92.962,,
273531,8,92.751,97.562,,
273531,9,96.562,98.929,,
273531,10,98.817,110.582,,
273531,11,110.839,116.2,,
273531,12,8.023,14.521,,
273531,13,115.2,118.734,,
273531,14,118.542,122.665,,
273531,15,14.668,27.82,,
273531,16,27.579,30.045,,
273531,17,29.834,39.933,,
273531,18,39.781,44.343,,
273531,19,44.52,50.888,,
273531,20,51.145,53.422,,
273531,21,52.422,56.954,,
273539,0,0.0,2.089,,
273539,1,1.288,5.78,,
273539,2,4.92,7.576,,
273539,3,8.702,19.05,,
273539,4,18.14,32.849,,
273539,5,32.577,47.356,,
273539,6,46.995,71.312,,
273539,7,70.312,72.14,,
273539,8,71.898,78.475,,
273539,9,77.475,91.156,,
274219,0,0.0,5.731,,
274219,1,5.06,11.697,,
274219,2,80.558,83.454,,
274219,3,82.863,90.747,,
274219,4,11.615,24.827,,
274219,5,24.067,27.411,,
274219,6,26.83,30.943,,
274219,7,31.19,43.585,,
274219,8,42.914,51.227,,
274219,9,50.227,58.79,,
274219,10,57.79,69.875,,
274219,11,69.773,81.558,,
275267,0,0.55,2.039,,
275267,1,1.039,15.468,,
275267,2,64.974,69.945,,
275267,3,70.322,73.527,,
275267,4,72.527,74.674,,
275267,5,74.732,77.278,,
275267,6,76.278,79.174,,
275267,7,78.932,82.616,,
275267,8,14.947,31.522,,
275267,9,31.061,39.843,,
275267,10,38.843,47.316,,
275267,11,46.316,48.853,,
275267,12,48.252,55.767,,
275267,13,55.056,58.511,,
275267,14,57.511,63.499,,
275267,15,62.499,65.974,,
275620,0,0.0,1.919,,
275620,1,1.688,11.009,,
275620,2,74.173,80.022,,
275620,3,79.022,84.801,,
275620,4,84.499,88.313,,
275620,5,87.922,92.483,,
275620,6,92.341,94.389,,
275620,7,93.389,97.342,,
275620,8,96.991,103.508,,
275620,9,102.508,111.351,,
275620,10,111.418,115.591,,
275620,11,114.591,118.624,,
275620,12,11.515,15.478,,
275620,13,119.689,121.667,,
275620,14,120.667,130.258,,
275620,15,129.258,131.974,,
275620,16,131.024,133.48,,
275620,17,132.839,136.843,,
275620,18,14.987,21.315,,
275620,19,20.495,22.672,,
275620,20,22.181,25.965,,
275620,21,25.044,40.711,,
275620,22,40.26,54.61,,
275620,23,53.61,63.968,,
275620,24,63.507,74.375,,
276217,0,0.181,3.306,,
276217,1,2.765,8.075,,
276217,2,34.603,47.635,,
276217,3,47.374,50.948,,
276217,4,49.948,56.156,,
276217,5,55.156,61.025,,
276217,6,60.813,62.941,,
276217,7,62.679,68.927,,
276217,8,68.156,70.753,,
276217,9,70.242,73.886,,
276217,10,73.355,75.931,,
276217,11,75.151,77.677,,
276217,12,7.564,11.019,,
276217,13,76.677,78.605,,
276217,14,78.094,88.552,,
276217,15,88.46,91.595,,
276217,16,90.595,94.369,,
276217,17,93.988,97.652,,
276217,18,97.32,102.69,,
276217,19,102.758,107.4,,
276217,20,106.569,108.746,,
276217,21,109.532,116.489,,
276217,22,115.489,118.664,,
276217,23,11.495,19.12,,
276217,24,118.203,124.76,,
276217,25,124.967,129.3,,
276217,26,128.908,132.213,,
276217,27,131.213,135.057,,
276217,28,135.164,139.646,,
276217,29,139.474,144.366,,
276217,30,144.593,148.097,,
276217,31,147.865,149.983,,
276217,32,150.539,155.65,,
276217,33,155.338,158.194,,
276217,34,18.12,20.467,,
276217,35,159.329,161.676,,
276217,36,163.141,170.496,,
276217,37,20.036,23.839,,
276217,38,22.879,25.436,,
276217,39,24.955,30.784,,
276217,40,29.983,32.949,,
276217,41,31.949,35.074,,
27798,0,0.89931972789,3.08662131519,,
27798,1,2.08662131519,33.8367346939,,
27798,2,99.614965986,105.882993197,,
27798,3,105.012698413,110.352834467,,
27798,4,109.602267574,122.914285714,,
27798,5,122.792290249,128.072562358,,
27798,6,127.45170068,137.760544218,,
27798,7,137.109750567,142.599546485,,
27798,8,33.4154195011,42.1278911565,,
27798,9,41.2875283447,60.9950113379,,
27798,10,60.6634920635,71.9800453515,,
27798,11,71.7383219955,83.3242630385,,
27798,12,82.3242630385,87.2752834467,,
27798,13,86.2752834467,99.2680272109,,
27798,14,98.2680272109,99.7469387755,,
277991,0,0.201,1.53,,
277991,1,0.53,5.242,,
277991,2,4.721,11.507,,
277991,3,11.206,19.599,,
277991,4,19.078,25.595,,
277991,5,24.595,32.49,,
277991,6,31.49,38.297,,
277991,7,37.795,49.521,,
278474,0,0.0,6.868,,
278474,1,5.868,21.156,,
278474,2,20.794,32.061,,
278474,3,31.43,35.543,,
278474,4,34.643,38.516,,
278474,5,37.716,41.25,,
278474,6,40.789,51.766,,
278474,7,51.265,55.498,,
278474,8,54.946,62.272,,
278474,9,61.961,68.448,,
27ubp7CLLKQ,0,3.853,7.956,,
27ubp7CLLKQ,1,65.732,77.138,,
27ubp7CLLKQ,2,78.433,82.466,,
27ubp7CLLKQ,3,98.059,105.234,,
27ubp7CLLKQ,4,12.772,17.414,,
27ubp7CLLKQ,5,43.922,50.868,,
27v7Blr0vjw,0,0.0,12.366,,
27v7Blr0vjw,1,15.077,25.855,,
27v7Blr0vjw,2,24.855,26.034,,
27v7Blr0vjw,3,25.034,26.254,,
27v7Blr0vjw,4,25.254,27.79,,
28006,0,0.0,6.948,,
28006,1,6.696,9.482,,
28006,2,63.956,83.085,,
28006,3,82.175,87.854,,
28006,4,86.894,91.426,,
28006,5,91.384,96.255,,
28006,6,95.664,99.737,,
28006,7,99.276,101.702,,
28006,8,101.122,117.576,,
28006,9,116.766,121.009,,
28006,10,120.009,129.609,,
28006,11,128.609,132.852,,
28006,12,9.28,12.226,,
28006,13,132.879,135.635,,
28006,14,135.753,143.168,,
28006,15,142.517,146.471,,
28006,16,12.463,31.253,,
28006,17,30.851,34.106,,
28006,18,34.054,40.711,,
28006,19,40.449,46.219,,
28006,20,45.628,49.102,,
28006,21,48.79,60.835,,
28006,22,59.835,64.118,,
282560,0,0.0,0.832,,
282560,1,0.261,3.615,,
282560,2,39.921,45.44,,
282560,3,44.44,52.225,,
282560,4,51.943,56.705,,
282560,5,55.705,59.768,,
282560,6,59.047,62.332,,
282560,7,61.332,63.509,,
282560,8,62.509,68.239,,
282560,9,67.578,73.387,,
282560,10,72.387,77.697,,
282560,11,76.697,84.811,,
282560,12,2.615,5.701,,
282560,13,4.701,10.44,,
282560,14,9.689,18.063,,
282560,15,17.152,21.395,,
282560,16,20.395,22.463,,
282560,17,22.021,28.778,,
282560,18,28.247,36.002,,
282560,19,35.331,40.921,,
282586,0,0.0,2.229,,
282586,1,1.229,4.533,,
282586,2,27.758,37.698,,
282586,3,36.698,40.412,,
282586,4,39.412,44.612,,
282586,5,43.612,46.967,,
282586,6,45.967,48.653,,
282586,7,48.471,53.153,,
282586,8,52.432,59.758,,
282586,9,59.346,63.38,,
282586,10,62.868,66.981,,
282586,11,65.981,76.58,,
282586,12,3.533,5.341,,
282586,13,75.999,79.573,,
282586,14,79.082,81.199,,
282586,15,80.588,82.736,,
282586,16,82.185,88.991,,
282586,17,87.991,94.828,,
282586,18,94.197,95.956,,
282586,19,95.434,98.31,,
282586,20,97.46,99.338,,
282586,21,98.338,101.962,,
282586,22,4.89,8.005,,
282586,23,7.005,9.023,,
282586,24,8.542,13.463,,
282586,25,12.693,16.885,,
282586,26,16.464,21.345,,
282586,27,20.654,27.511,,
282586,28,26.601,28.758,,
283495,0,0.55,4.294,,
283495,1,4.122,7.028,,
283495,2,6.457,13.433,,
283495,3,13.042,20.996,,
283495,4,21.263,33.877,,
283495,5,34.244,40.172,,
283495,6,39.561,56.824,,
283495,7,57.082,63.529,,
283935,0,0.0,1.899,,
283935,1,0.899,12.226,,
283935,2,11.725,34.964,,
283935,3,35.59,62.053,,
283935,4,61.541,64.148,,
283935,5,63.796,71.282,,
284673,0,0.0,3.316,,
284673,1,2.585,14.261,,
284673,2,78.782,85.449,,
284673,3,86.525,98.061,,
284673,4,98.039,101.373,,
284673,5,100.373,106.601,,
284673,6,106.0,107.739,,
284673,7,107.806,110.602,,
284673,8,109.702,112.308,,
284673,9,111.987,116.09,,
284673,10,116.167,120.52,,
284673,11,13.461,16.606,,
284673,12,17.621,27.361,,
284673,13,27.958,40.941,,
284673,14,41.188,48.164,,
284673,15,49.818,55.717,,
284673,16,55.675,61.564,,
284673,17,61.442,74.913,,
284673,18,74.352,78.605,,
286943,0,0.0,1.131,,
286943,1,0.131,8.973,,
286943,2,88.56,90.837,,
286943,3,90.336,91.985,,
286943,4,8.572,29.447,,
286943,5,28.447,37.029,,
286943,6,37.785,46.388,,
286943,7,45.907,53.741,,
286943,8,52.741,59.778,,
286943,9,59.327,69.087,,
286943,10,68.137,76.39,,
286943,11,75.909,89.241,,
288714,0,0.61,7.407,,
288714,1,9.171,14.6,,
288714,2,38.853,42.397,,
288714,3,41.617,47.027,,
288714,4,46.027,49.152,,
288714,5,50.058,52.305,,
288714,6,51.305,53.901,,
288714,7,52.901,56.545,,
288714,8,56.832,61.534,,
288714,9,61.182,67.68,,
288714,10,66.68,70.693,,
288714,11,70.042,72.579,,
288714,12,13.6,17.514,,
288714,13,17.122,21.195,,
288714,14,20.664,24.518,,
288714,15,23.757,27.8,,
288714,16,27.888,32.5,,
288714,17,32.238,36.75,,
288714,18,35.75,38.157,,
288714,19,37.157,39.394,,
288766,0,0.171,5.571,,
288766,1,5.589,22.443,,
288766,2,79.122,89.859,,
288766,3,89.997,99.996,,
288766,4,100.503,102.99,,
288766,5,103.187,107.19,,
288766,6,106.19,113.206,,
288766,7,112.805,117.187,,
288766,8,117.744,121.887,,
288766,9,123.102,130.098,,
288766,10,130.195,144.585,,
288766,11,144.164,147.389,,
288766,12,22.849,33.348,,
288766,13,146.389,150.472,,
288766,14,150.17,153.904,,
288766,15,153.004,160.898,,
288766,16,160.806,169.698,,
288766,17,33.775,41.32,,
288766,18,42.365,48.374,,
288766,19,47.533,52.005,,
288766,20,52.193,54.789,,
288766,21,53.789,61.374,,
288766,22,62.25,67.6,,
288766,23,68.027,80.122,,
290088,0,0.0,3.675,,
290088,1,3.054,8.375,,
290088,2,63.547,72.329,,
290088,3,71.788,77.448,,
290088,4,76.498,87.944,,
290088,5,8.103,14.411,,
290088,6,13.82,35.493,,
290088,7,35.092,40.621,,
290088,8,39.661,43.275,,
290088,9,42.535,48.015,,
290088,10,48.591,55.777,,
290088,11,55.136,61.304,,
290088,12,61.112,64.547,,
29044,0,0.0,6.848,,
29044,1,5.908,14.271,,
29044,2,52.921,69.256,,
29044,3,68.256,72.01,,
29044,4,71.469,75.981,,
29044,5,75.37,82.346,,
29044,6,81.346,85.4,,
29044,7,84.769,87.565,,
29044,8,14.409,18.911,,
29044,9,17.911,24.119,,
29044,10,23.458,26.773,,
29044,11,26.072,40.083,,
29044,12,39.152,43.764,,
29044,13,43.083,45.47,,
29044,14,44.8,49.292,,
29044,15,48.621,53.233,,
290546,0,0.0,11.019,,
290546,1,10.847,20.208,,
290546,2,19.208,23.161,,
290546,3,22.78,28.808,,
290546,4,28.227,38.706,,
290546,5,39.003,50.649,,
290546,6,49.968,52.584,,
290546,7,51.584,62.162,,
290546,8,62.16,68.737,,
290546,9,67.977,73.347,,
291121,0,0.0,10.19,,
291121,1,9.22,14.221,,
291121,2,66.201,84.122,,
291121,3,83.462,96.734,,
291121,4,95.734,107.29,,
291121,5,13.9,22.233,,
291121,6,23.119,29.636,,
291121,7,29.764,37.059,,
291121,8,36.898,43.814,,
291121,9,44.181,49.461,,
291121,10,49.309,60.556,,
291121,11,60.125,64.746,,
291121,12,64.734,67.201,,
292277,0,0.0,6.339,,
292277,1,6.227,11.468,,
292277,2,57.032,62.781,,
292277,3,10.488,15.858,,
292277,4,14.937,23.231,,
292277,5,23.618,41.1,,
292277,6,41.766,44.283,,
292277,7,43.502,48.054,,
292277,8,47.054,50.439,,
292277,9,49.439,52.454,,
292277,10,51.933,57.982,,
294178,0,0.0,3.546,,
294178,1,2.985,8.664,,
294178,2,54.996,58.221,,
294178,3,57.64,60.995,,
294178,4,60.584,71.002,,
294178,5,70.002,74.285,,
294178,6,74.432,76.4,,
294178,7,75.4,79.084,,
294178,8,78.443,80.351,,
294178,9,79.351,83.264,,
294178,10,82.264,84.272,,
294178,11,83.711,90.887,,
294178,12,8.223,17.733,,
294178,13,17.232,22.842,,
294178,14,22.291,28.908,,
294178,15,28.337,33.418,,
294178,16,32.637,40.831,,
294178,17,41.487,47.057,,
294178,18,46.466,51.656,,
294178,19,51.025,55.996,,
295793,0,0.0,2.897,,
295793,1,2.246,7.008,,
295793,2,43.303,52.804,,
295793,3,52.722,59.409,,
295793,4,58.678,73.886,,
295793,5,73.584,75.692,,
295793,6,75.121,79.263,,
295793,7,78.972,89.47,,
295793,8,89.418,91.955,,
295793,9,90.955,93.032,,
295793,10,7.454,11.248,,
295793,11,10.937,16.386,,
295793,12,15.446,27.062,,
295793,13,26.411,29.467,,
295793,14,28.467,31.183,,
295793,15,30.791,33.328,,
295793,16,32.328,36.67,,
295793,17,35.82,43.535,,
29751,0,1.019,6.289,,
29751,1,7.115,14.381,,
29751,2,62.898,69.585,,
29751,3,69.104,73.177,,
29751,4,14.778,24.668,,
29751,5,24.306,27.042,,
29751,6,26.481,30.734,,
29751,7,30.153,38.925,,
29751,8,39.142,45.78,,
29751,9,45.937,49.751,,
29751,10,48.751,57.433,,
29751,11,57.321,63.32,,
298736,0,0.0,2.548,,
298736,1,1.927,7.576,,
298736,2,48.451,54.35,,
298736,3,54.118,61.085,,
298736,4,60.614,68.189,,
298736,5,67.518,73.297,,
298736,6,72.876,83.963,,
298736,7,83.272,89.4,,
298736,8,88.4,90.668,,
298736,9,89.907,94.249,,
298736,10,93.529,103.059,,
298736,11,102.059,109.215,,
298736,12,6.696,12.136,,
298736,13,108.455,111.76,,
298736,14,110.999,113.985,,
298736,15,112.985,115.082,,
298736,16,114.082,116.469,,
298736,17,116.227,123.443,,
298736,18,122.443,126.466,,
298736,19,126.105,129.579,,
298736,20,128.579,132.303,,
298736,21,131.642,135.765,,
298736,22,134.765,140.085,,
298736,23,11.246,13.503,,
298736,24,139.764,143.258,,
298736,25,142.587,144.755,,
298736,26,144.623,152.966,,
298736,27,152.235,155.839,,
298736,28,13.082,25.625,,
298736,29,25.204,33.517,,
298736,30,32.907,40.412,,
298736,31,39.671,44.263,,
298736,32,44.161,46.398,,
298736,33,45.977,48.952,,
298774,0,0.0,6.12,,
298774,1,5.599,10.51,,
298774,2,55.056,69.705,,
298774,3,69.214,83.264,,
298774,4,82.683,88.463,,
298774,5,87.772,98.52,,
298774,6,99.076,114.314,,
298774,7,114.092,118.624,,
298774,8,119.3,133.73,,
298774,9,132.73,135.905,,
298774,10,134.965,148.396,,
298774,11,9.799,13.343,,
298774,12,12.343,19.35,,
298774,13,20.455,25.416,,
298774,14,24.855,27.8,,
298774,15,28.038,37.029,,
298774,16,36.518,39.973,,
298774,17,41.507,48.154,,
298774,18,47.414,55.418,,
2BuFtglEcaY,0,0.0,19.38,,
2BuFtglEcaY,1,18.819,26.952,,
2BuFtglEcaY,2,104.953,118.594,,
2BuFtglEcaY,3,118.472,129.02,,
2BuFtglEcaY,4,128.878,132.443,,
2BuFtglEcaY,5,131.702,147.169,,
2BuFtglEcaY,6,146.209,149.554,,
2BuFtglEcaY,7,26.401,53.332,,
2BuFtglEcaY,8,53.051,60.776,,
2BuFtglEcaY,9,60.175,70.194,,
2BuFtglEcaY,10,69.683,81.488,,
2BuFtglEcaY,11,80.488,83.893,,
2BuFtglEcaY,12,83.222,89.061,,
2BuFtglEcaY,13,89.727,97.602,,
2BuFtglEcaY,14,97.55,105.614,,
2Crezdbre6I,0,48.521,56.805,,
2Crezdbre6I,1,17.661,29.596,,
2HP4KedfmSc,0,0.0,6.738,,
2HP4KedfmSc,1,6.606,16.386,,
2HP4KedfmSc,2,95.055,100.765,,
2HP4KedfmSc,3,16.364,34.076,,
2HP4KedfmSc,4,33.954,44.612,,
2HP4KedfmSc,5,44.161,49.012,,
2HP4KedfmSc,6,49.13,60.706,,
2HP4KedfmSc,7,72.457,79.972,,
2HP4KedfmSc,8,79.76,87.365,,
2HP4KedfmSc,9,87.393,95.716,,
2HmBM3GGTlg,0,-0.457596371882,4.96235827664,,
2HmBM3GGTlg,1,36.9873015873,43.2752834467,,
2HmBM3GGTlg,2,43.8117913832,48.9224489796,,
2HmBM3GGTlg,3,5.6485260771,7.94557823129,,
2HmBM3GGTlg,4,6.94557823129,9.98095238095,,
2HmBM3GGTlg,5,9.30022675737,14.5405895692,,
2HmBM3GGTlg,6,14.029478458,17.6634920635,,
2HmBM3GGTlg,7,16.6634920635,23.4603174603,,
2HmBM3GGTlg,8,22.5301587302,27.8902494331,,
2HmBM3GGTlg,9,27.0199546485,29.556462585,,
2HmBM3GGTlg,10,29.1551020408,36.9995464853,,
2ItiGjefTRA,0,34.273,43.674,,
2ItiGjefTRA,1,43.443,54.131,,
2J4zrDn7K4s,0,21.253,44.293,,
2JY5HXBWO84,0,60.215,71.541,,
2JY5HXBWO84,1,85.637,97.233,,
2JY5HXBWO84,2,118.033,123.842,,
2JY5HXBWO84,3,132.321,139.706,,
2JY5HXBWO84,4,138.706,152.597,,
2JY5HXBWO84,5,169.067,181.142,,
2JY5HXBWO84,6,181.788,191.798,,
2JY5HXBWO84,7,45.907,54.929,,
2Ky9DBSl49w,0,6.546,29.546,,
2LpVvLemgvw,0,0.0,7.407,,
2LpVvLemgvw,1,53.809,56.146,,
2LpVvLemgvw,2,9.919,13.842,,
2LpVvLemgvw,3,13.331,18.601,,
2LpVvLemgvw,4,18.1,23.41,,
2LpVvLemgvw,5,22.969,25.476,,
2LpVvLemgvw,6,25.015,33.328,,
2LpVvLemgvw,7,32.757,43.734,,
2LpVvLemgvw,8,43.483,52.035,,
2LpVvLemgvw,9,51.604,54.5,,
2OLVF-KEaZU,0,41.008,44.752,,
2OLVF-KEaZU,1,13.65,18.801,,
2OLVF-KEaZU,2,23.807,29.377,,
2PgJok07td4,0,14.748,26.005,,
2QOf2wSu0j0,0,11.106,21.245,,
2QOf2wSu0j0,1,20.545,25.426,,
2QXHdu2zlQY,0,0.0,17.584,,
2QXHdu2zlQY,1,20.545,24.598,,
2QXHdu2zlQY,2,34.932,41.739,,
2QXHdu2zlQY,3,40.739,45.949,,
2QXHdu2zlQY,4,44.949,53.462,,
2QXHdu2zlQY,5,52.542,56.994,,
2QXHdu2zlQY,6,56.513,67.65,,
2RC_DXV_dPQ,0,67.757,77.238,,
2RC_DXV_dPQ,1,56.653,63.16,,
2RC_DXV_dPQ,2,62.759,67.899,,
2RDubrUjI-k,0,13.7,19.06,,
2RDubrUjI-k,1,21.892,27.78,,
2RDubrUjI-k,2,27.389,33.348,,
2RDubrUjI-k,3,32.897,39.574,,
2S00zYaVrtc,0,0.0,13.224,,
2S00zYaVrtc,1,13.6,23.291,,
2S00zYaVrtc,2,88.311,95.317,,
2S00zYaVrtc,3,100.104,107.17,,
2S00zYaVrtc,4,107.108,113.715,,
2S00zYaVrtc,5,114.082,125.808,,
2S00zYaVrtc,6,136.511,145.623,,
2S00zYaVrtc,7,146.039,154.343,,
2S00zYaVrtc,8,154.281,165.897,,
2S00zYaVrtc,9,173.717,179.675,,
2S00zYaVrtc,10,34.363,42.098,,
2S00zYaVrtc,11,42.485,52.185,,
2S00zYaVrtc,12,63.517,73.317,,
2Vtv2gPzM7w,0,76.677,86.228,,
2Vtv2gPzM7w,1,100.134,106.541,,
2W-U94hXuK0,0,3.623,17.574,,
2W-U94hXuK0,1,17.392,30.983,,
2W-U94hXuK0,2,30.103,44.991,,
2W-U94hXuK0,3,44.54,53.472,,
2Wo-0trLBjU,0,7.654,14.73,,
2Wo-0trLBjU,1,143.256,150.162,,
2Wo-0trLBjU,2,149.571,154.323,,
2Wo-0trLBjU,3,153.802,168.351,,
2Wo-0trLBjU,4,176.48,185.392,,
2Wo-0trLBjU,5,25.553,31.841,,
2Xt31_d0XEE,0,0.81,12.834,,
2Xt31_d0XEE,1,12.074,21.245,,
2Xt31_d0XEE,2,20.684,29.457,,
2Xt31_d0XEE,3,28.936,38.247,,
2YwgSmmLibs,0,178.456,185.642,,
2YwgSmmLibs,1,14.688,29.107,,
2YwgSmmLibs,2,29.355,46.408,,
2YwgSmmLibs,3,96.442,114.264,,
2YwgSmmLibs,4,156.985,179.456,,
2Zx4huY-KN8,0,19.288,31.312,,
2Zx4huY-KN8,1,30.522,41.07,,
2ahFSMFvs_c,0,0.0,5.8,,
2ahFSMFvs_c,1,73.415,77.647,,
2ahFSMFvs_c,2,77.475,87.964,,
2ahFSMFvs_c,3,104.574,112.508,,
2ahFSMFvs_c,4,117.225,131.245,,
2ahFSMFvs_c,5,143.894,152.357,,
2ahFSMFvs_c,6,19.178,24.338,,
2ahFSMFvs_c,7,36.349,42.667,,
2ahFSMFvs_c,8,58.838,67.61,,
2c2fhh_Dsoo,0,0.0,5.98,,
2c2fhh_Dsoo,1,9.56,18.442,,
2c2fhh_Dsoo,2,24.057,33.128,,
2c2fhh_Dsoo,3,38.983,43.914,,
2c6Gb73nx4E,0,80.758,86.866,,
2c6Gb73nx4E,1,12.413,25.286,,
2c6Gb73nx4E,2,46.546,52.694,,
2cwNG0YuwtQ,0,3.304,12.126,,
2cwNG0YuwtQ,1,91.094,97.412,,
2cwNG0YuwtQ,2,97.28,103.538,,
2cwNG0YuwtQ,3,107.128,116.449,,
2cwNG0YuwtQ,4,115.499,127.304,,
2cwNG0YuwtQ,5,136.82,146.102,,
2cwNG0YuwtQ,6,145.69,152.906,,
2cwNG0YuwtQ,7,152.066,158.743,,
2cwNG0YuwtQ,8,162.981,169.059,,
2cwNG0YuwtQ,9,168.628,176.353,,
2cwNG0YuwtQ,10,66.72,73.556,,
2f6ZHqJ76EU,0,0.0,12.016,,
2f6ZHqJ76EU,1,93.06,100.346,,
2f6ZHqJ76EU,2,16.025,30.534,,
2f6ZHqJ76EU,3,30.023,44.014,,
2f6ZHqJ76EU,4,43.183,54.151,,
2f6ZHqJ76EU,5,53.639,63.19,,
2f6ZHqJ76EU,6,66.839,77.617,,
2f6ZHqJ76EU,7,76.867,86.746,,
2fbBrB1nJEQ,0,0.0,30.854,,
2h9VVQUZjK0,0,0.41,8.714,,
2h9VVQUZjK0,1,8.352,12.994,,
2h9VVQUZjK0,2,61.322,69.546,,
2h9VVQUZjK0,3,69.324,75.582,,
2h9VVQUZjK0,4,75.121,78.565,,
2h9VVQUZjK0,5,12.693,17.893,,
2h9VVQUZjK0,6,18.579,23.53,,
2h9VVQUZjK0,7,23.209,29.028,,
2h9VVQUZjK0,8,28.646,40.671,,
2h9VVQUZjK0,9,40.509,46.578,,
2h9VVQUZjK0,10,46.236,52.694,,
2h9VVQUZjK0,11,52.293,56.455,,
2h9VVQUZjK0,12,55.984,61.484,,
2iukwQJjGHE,0,14.618,28.2,,
2lj0BaPsJpM,0,0.0,6.319,,
2lj0BaPsJpM,1,32.607,40.571,,
2lj0BaPsJpM,2,48.761,56.635,,
2lj0BaPsJpM,3,56.613,62.821,,
2m58ShI1QSI,0,0.0,13.563,,
2m58ShI1QSI,1,39.581,44.483,,
2mWPHvbKzL8,0,0.0,7.596,,
2mWPHvbKzL8,1,64.824,72.419,,
2mWPHvbKzL8,2,72.417,79.383,,
2mWPHvbKzL8,3,79.77,87.455,,
2mWPHvbKzL8,4,87.133,91.466,,
2mWPHvbKzL8,5,91.064,95.098,,
2mWPHvbKzL8,6,95.195,100.994,,
2mWPHvbKzL8,7,105.651,110.034,,
2mWPHvbKzL8,8,114.581,126.556,,
2mWPHvbKzL8,9,10.238,17.903,,
2mWPHvbKzL8,10,126.394,135.037,,
2mWPHvbKzL8,11,17.831,27.252,,
2mWPHvbKzL8,12,27.14,36.052,,
2mWPHvbKzL8,13,39.272,44.363,,
2mWPHvbKzL8,14,48.302,58.65,,
2o2ljA0QD7g,0,72.906,90.378,,
2o2ljA0QD7g,1,89.658,97.841,,
2o2ljA0QD7g,2,13.191,20.068,,
2qKajMu7Vhc,0,0.0,14.551,,
2qKajMu7Vhc,1,13.93,29.257,,
2qKajMu7Vhc,2,29.025,35.752,,
2qKajMu7Vhc,3,35.461,43.794,,
2qKajMu7Vhc,4,43.822,49.351,,
2vX-ZRQQDwo,0,0.0,7.477,,
2vX-ZRQQDwo,1,6.646,13.583,,
2vX-ZRQQDwo,2,13.161,16.845,,
2vX-ZRQQDwo,3,16.115,21.904,,
2vX-ZRQQDwo,4,20.904,26.713,,
2vX-ZRQQDwo,5,25.713,28.15,,
2vX-ZRQQDwo,6,51.355,57.174,,
2vsgDSlJ9pU,0,0.0,4.214,,
2vsgDSlJ9pU,1,70.391,77.398,,
2vsgDSlJ9pU,2,77.036,89.091,,
2vsgDSlJ9pU,3,34.054,45.82,,
2w7rpDe-HoA,0,3.324,9.971,,
2w7rpDe-HoA,1,8.971,19.439,,
2w7rpDe-HoA,2,19.078,43.076,,
2w7rpDe-HoA,3,55.236,79.942,,
2w7rpDe-HoA,4,95.105,100.964,,
2ze94yo2aPo,0,0.0,19.32,,
2ze94yo2aPo,1,18.948,29.018,,
2ze94yo2aPo,2,42.585,51.357,,
2ze94yo2aPo,3,50.916,58.451,,
30162,0,0.0,0.872,,
30162,1,0.0,3.556,,
30162,2,106.19,111.171,,
30162,3,110.271,111.51,,
30162,4,2.805,11.737,,
30162,5,11.286,27.332,,
30162,6,26.332,33.717,,
30162,7,33.096,35.633,,
30162,8,35.371,46.538,,
30162,9,46.047,55.966,,
30162,10,55.186,64.756,,
30162,11,64.495,106.911,,
30763,0,0.0,0.832,,
30763,1,1.229,6.928,,
30763,2,52.123,62.422,,
30763,3,61.701,64.417,,
30763,4,63.417,73.926,,
30763,5,72.926,78.146,,
30763,6,77.525,81.279,,
30763,7,81.127,87.834,,
30763,8,87.193,89.58,,
30763,9,6.666,13.293,,
30763,10,12.962,16.117,,
30763,11,15.117,18.701,,
30763,12,18.2,21.714,,
30763,13,21.143,25.695,,
30763,14,25.314,28.349,,
30763,15,27.848,37.379,,
30763,16,36.967,52.564,,
31197,0,0.0,5.721,,
31197,1,7.135,26.264,,
31197,2,26.361,38.885,,
31197,3,40.01,50.459,,
31197,4,50.107,62.581,,
31474,0,0.849,9.781,,
31474,1,8.951,13.932,,
31474,2,46.625,49.731,,
31474,3,49.18,52.405,,
31474,4,52.043,56.625,,
31474,5,56.323,68.308,,
31474,6,67.308,72.17,,
31474,7,72.117,76.809,,
31474,8,76.068,86.347,,
31474,9,13.98,19.599,,
31474,10,20.485,28.269,,
31474,11,28.137,31.502,,
31474,12,31.131,33.927,,
31474,13,33.186,38.376,,
31474,14,37.925,41.809,,
31474,15,41.766,44.812,,
31474,16,44.291,47.366,,
31tcuDMQ_H8,0,2.935,18.063,,
31tcuDMQ_H8,1,89.089,93.98,,
31tcuDMQ_H8,2,107.148,120.121,,
31tcuDMQ_H8,3,129.497,143.537,,
31tcuDMQ_H8,4,144.194,153.684,,
31tcuDMQ_H8,5,30.602,38.476,,
31tcuDMQ_H8,6,37.476,42.677,,
31tcuDMQ_H8,7,49.279,59.239,,
31tcuDMQ_H8,8,66.52,80.012,,
32681,0,0.351,23.44,,
32681,1,24.176,28.319,,
32681,2,27.319,30.834,,
32681,3,30.472,40.98,,
32681,4,42.066,46.109,,
32681,5,47.024,55.348,,
32681,6,55.256,62.561,,
327283,0,1.109,7.357,,
327283,1,6.776,11.507,,
327283,2,61.671,66.223,,
327283,3,65.323,69.556,,
327283,4,69.214,74.185,,
327283,5,74.402,83.484,,
327283,6,83.152,88.203,,
327283,7,87.792,93.172,,
327283,8,92.421,95.696,,
327283,9,95.315,99.907,,
327283,10,11.076,15.189,,
327283,11,14.289,16.845,,
327283,12,15.995,18.671,,
327283,13,18.519,24.688,,
327283,14,24.156,26.663,,
327283,15,25.663,32.749,,
327283,16,33.336,48.912,,
327283,17,49.509,60.566,,
32j1yMF37hA,0,19.417,23.77,,
32j1yMF37hA,1,23.029,27.89,,
32j1yMF37hA,2,26.89,30.385,,
33170,0,0.0,5.032,,
33170,1,4.721,22.403,,
33170,2,22.7,27.9,,
33170,3,27.279,38.446,,
33170,4,38.993,46.727,,
33170,5,46.885,55.258,,
33170,6,54.697,64.457,,
33312,0,0.0,1.889,,
33312,1,1.069,4.673,,
33312,2,69.833,75.293,,
33312,3,74.432,83.055,,
33312,4,82.654,93.641,,
33312,5,93.599,101.852,,
33312,6,101.67,104.167,,
33312,7,5.409,11.677,,
33312,8,11.266,14.62,,
33312,9,14.389,16.925,,
33312,10,15.925,18.621,,
33312,11,18.02,31.372,,
33312,12,30.861,40.162,,
33312,13,40.669,50.249,,
33312,14,49.369,69.615,,
33439,0,0.151,3.226,,
33439,1,3.593,13.024,,
33439,2,61.043,64.188,,
33439,3,63.188,66.183,,
33439,4,14.029,19.839,,
33439,5,19.487,27.681,,
33439,6,28.487,31.761,,
33439,7,30.761,46.448,,
33439,8,47.513,50.16,,
33439,9,49.16,53.392,,
33439,10,54.388,58.431,,
33439,11,57.431,59.838,,
33ueXDUn3mA,0,2.037,13.184,,
33ueXDUn3mA,1,73.684,77.308,,
33ueXDUn3mA,2,79.211,85.33,,
33ueXDUn3mA,3,12.483,19.22,,
33ueXDUn3mA,4,28.317,39.085,,
33ueXDUn3mA,5,47.054,52.794,,
33ueXDUn3mA,6,54.527,71.521,,
34-ogj6rh6w,0,0.101,9.402,,
34-ogj6rh6w,1,9.151,18.591,,
34-ogj6rh6w,2,18.719,21.385,,
34-ogj6rh6w,3,21.014,23.221,,
34-ogj6rh6w,4,22.989,29.177,,
34-ogj6rh6w,5,29.405,33.757,,
34-ogj6rh6w,6,33.815,39.953,,
34-ogj6rh6w,7,39.482,48.005,,
34-ogj6rh6w,8,49.988,55.288,,
34346,0,0.75,5.771,,
34346,1,5.11,10.43,,
34346,2,54.238,57.174,,
34346,3,56.174,60.366,,
34346,4,60.803,64.786,,
34346,5,64.215,74.295,,
34346,6,73.434,79.074,,
34346,7,78.663,89.73,,
34346,8,89.388,94.579,,
34346,9,93.579,95.886,,
34346,10,94.886,99.049,,
34346,11,98.577,104.955,,
34346,12,10.059,14.421,,
34346,13,104.304,111.161,,
34346,14,14.159,20.627,,
34346,15,20.185,27.561,,
34346,16,27.239,32.22,,
34346,17,31.22,34.485,,
34346,18,33.485,37.319,,
34346,19,37.107,41.539,,
34346,20,40.749,53.722,,
34cU3HO_hEA,0,45.249,56.665,,
35694,0,0.0,6.698,,
35694,1,5.948,14.441,,
35694,2,32.717,34.705,,
35694,3,34.962,36.231,,
35694,4,35.551,44.522,,
35694,5,43.951,50.03,,
35694,6,49.768,53.233,,
35694,7,52.233,68.278,,
35694,8,67.817,77.498,,
35694,9,76.498,102.431,,
35694,10,14.279,17.205,,
35694,11,17.282,20.228,,
35694,12,19.228,23.331,,
35694,13,22.54,25.366,,
35694,14,25.922,27.771,,
35694,15,28.247,30.564,,
35694,16,29.564,32.42,,
35694,17,31.42,33.717,,
36098,0,0.0,9.093,,
36098,1,8.522,12.425,,
36098,2,59.905,66.483,,
36098,3,11.645,14.511,,
36098,4,14.907,19.459,,
36098,5,18.489,31.472,,
36098,6,30.622,34.854,,
36098,7,35.77,39.683,,
36098,8,38.683,44.363,,
36098,9,43.363,53.492,,
36098,10,53.021,60.376,,
367506,0,0.49,14.95,,
367506,1,14.498,15.868,,
367506,2,49.2,52.923,,
367506,3,52.382,61.045,,
367506,4,61.522,65.754,,
367506,5,65.153,69.316,,
367506,6,68.915,79.752,,
367506,7,78.752,80.7,,
367506,8,80.249,82.666,,
367506,9,15.995,17.294,,
367506,10,16.883,21.046,,
367506,11,21.882,23.75,,
367506,12,24.326,34.605,,
367506,13,33.605,39.963,,
367506,14,39.611,44.443,,
367506,15,43.712,46.618,,
367506,16,46.396,50.2,,
367576,0,2.855,8.195,,
367576,1,7.195,10.43,,
367576,2,58.319,66.183,,
367576,3,65.672,70.224,,
367576,4,70.262,84.033,,
367576,5,83.681,88.293,,
367576,6,87.522,97.402,,
367576,7,96.402,111.48,,
367576,8,111.039,118.105,,
367576,9,10.907,19.25,,
367576,10,18.669,21.425,,
367576,11,21.522,30.285,,
367576,12,29.784,39.065,,
367576,13,38.434,45.031,,
367576,14,45.029,49.441,,
367576,15,49.12,52.395,,
367576,16,51.804,59.319,,
36o2cux9kfQ,0,0.0,5.282,,
36o2cux9kfQ,1,120.946,126.376,,
37117,0,0.0,1.999,,
37117,1,0.999,19.599,,
37117,2,79.99,88.902,,
37117,3,88.71,92.962,,
37117,4,92.671,101.403,,
37117,5,19.876,26.613,,
37117,6,25.613,30.903,,
37117,7,30.033,32.919,,
37117,8,32.877,36.491,,
37117,9,35.491,39.614,,
37117,10,38.863,54.34,,
37117,11,54.138,67.62,,
37117,12,67.408,80.531,,
37459,0,0.57,8.305,,
37459,1,8.402,16.716,,
37459,2,16.324,27.511,,
37459,3,27.858,36.042,,
37459,4,35.63,43.495,,
37459,5,43.622,49.611,,
37459,6,48.93,57.513,,
37459,7,57.351,60.416,,
37NMbnd7r20,0,0.0,28.898,,
38019,0,0.0,6.489,,
38019,1,6.726,17.215,,
38019,2,70.86,73.626,,
38019,3,73.345,78.685,,
38019,4,16.554,19.958,,
38019,5,20.006,26.873,,
38019,6,26.381,31.342,,
38019,7,30.931,38.546,,
38019,8,38.294,61.205,,
38019,9,60.753,66.502,,
38019,10,66.261,68.568,,
38019,11,68.785,71.86,,
38374,0,1.638,8.494,,
38374,1,8.412,15.269,,
38374,2,15.047,24.977,,
38374,3,24.975,29.636,,
38374,4,29.245,35.144,,
38374,5,34.144,41.39,,
38374,6,40.39,46.987,,
38374,7,46.546,60.726,,
38374,8,59.726,67.919,,
38374,9,66.919,88.353,,
39lcRCFvV-s,0,-0.487528344671,1.94920634921,,
39lcRCFvV-s,1,0.94920634921,3.74512471655,,
39lcRCFvV-s,2,33.7446712018,40.1224489796,,
39lcRCFvV-s,3,39.1523809524,48.7428571429,,
39lcRCFvV-s,4,47.7428571429,54.2702947846,,
39lcRCFvV-s,5,53.2702947846,62.3419501134,,
39lcRCFvV-s,6,61.3419501134,70.2639455782,,
39lcRCFvV-s,7,69.2839002268,73.3170068027,,
39lcRCFvV-s,8,72.3170068027,76.7691609977,,
39lcRCFvV-s,9,75.7691609977,81.787755102,,
39lcRCFvV-s,10,80.787755102,82.9551020408,,
39lcRCFvV-s,11,81.9551020408,88.1133786848,,
39lcRCFvV-s,12,2.74512471655,5.68072562358,,
39lcRCFvV-s,13,87.1133786848,93.9102040816,,
39lcRCFvV-s,14,92.9102040816,99.7868480726,,
39lcRCFvV-s,15,98.7868480726,103.199092971,,
39lcRCFvV-s,16,102.199092971,108.526984127,,
39lcRCFvV-s,17,107.526984127,110.432653061,,
39lcRCFvV-s,18,109.432653061,111.80952381,,
39lcRCFvV-s,19,110.80952381,117.446712018,,
39lcRCFvV-s,20,116.446712018,120.380045351,,
39lcRCFvV-s,21,119.380045351,124.071655329,,
39lcRCFvV-s,22,123.071655329,127.264399093,,
39lcRCFvV-s,23,126.264399093,129.160090703,,
39lcRCFvV-s,24,128.160090703,131.414965986,,
39lcRCFvV-s,25,130.414965986,140.135147392,,
39lcRCFvV-s,26,140.222675737,143.816780045,,
39lcRCFvV-s,27,142.966439909,145.522902494,,
39lcRCFvV-s,28,146.119274376,153.454875283,,
39lcRCFvV-s,29,152.454875283,156.41814059,,
39lcRCFvV-s,30,155.41814059,160.089795918,,
39lcRCFvV-s,31,5.17959183673,7.19727891156,,
39lcRCFvV-s,32,159.13968254,166.235827664,,
39lcRCFvV-s,33,165.415419501,173.369614512,,
39lcRCFvV-s,34,172.369614512,176.771882086,,
39lcRCFvV-s,35,175.771882086,183.167346939,,
39lcRCFvV-s,36,182.237188209,184.634013605,,
39lcRCFvV-s,37,183.634013605,186.110657596,,
39lcRCFvV-s,38,185.110657596,188.784580499,,
39lcRCFvV-s,39,187.784580499,191.418594104,,
39lcRCFvV-s,40,6.19727891156,17.2843537415,,
39lcRCFvV-s,41,16.2843537415,25.2063492063,,
39lcRCFvV-s,42,24.2063492063,28.8680272109,,
39lcRCFvV-s,43,27.8879818594,30.1351473923,,
39lcRCFvV-s,44,29.1351473923,34.7446712018,,
3At-BKm9eYk,0,0.0,2.209,,
3At-BKm9eYk,1,1.288,9.692,,
3At-BKm9eYk,2,8.692,13.683,,
3At-BKm9eYk,3,13.541,21.285,,
3At-BKm9eYk,4,21.532,28.399,,
3At-BKm9eYk,5,27.808,38.027,,
3At-BKm9eYk,6,37.885,45.39,,
3At-BKm9eYk,7,44.39,50.05,,
3B1zIUj-k3o,0,0.0,10.649,,
3B1zIUj-k3o,1,11.994,20.996,,
3B1zIUj-k3o,2,82.823,95.297,,
3B1zIUj-k3o,3,21.393,26.613,,
3B1zIUj-k3o,4,27.19,40.013,,
3B1zIUj-k3o,5,39.881,49.671,,
3B1zIUj-k3o,6,62.27,69.236,,
3DOrdP4H8SA,0,1.26848072562,5.75056689342,,
3DOrdP4H8SA,1,41.4072562358,48.4535147392,,
3DOrdP4H8SA,2,48.0222222222,51.1873015873,,
3DOrdP4H8SA,3,50.4666666667,55.4176870748,,
3DOrdP4H8SA,4,54.4176870748,56.714739229,,
3DOrdP4H8SA,5,4.80045351474,7.50657596372,,
3DOrdP4H8SA,6,6.89569160998,10.9287981859,,
3DOrdP4H8SA,7,10.1283446712,19.1401360544,,
3DOrdP4H8SA,8,18.6390022676,25.0666666667,,
3DOrdP4H8SA,9,24.8648526077,30.4344671202,,
3DOrdP4H8SA,10,29.4344671202,36.9396825397,,
3DOrdP4H8SA,11,37.69569161,40.7011337868,,
3DgOMTs3A1E,0,0.0,11.258,,
3DgOMTs3A1E,1,12.104,18.332,,
3DgOMTs3A1E,2,72.676,77.158,,
3DgOMTs3A1E,3,77.405,85.719,,
3DgOMTs3A1E,4,86.445,89.55,,
3DgOMTs3A1E,5,89.209,99.877,,
3DgOMTs3A1E,6,100.054,112.468,,
3DgOMTs3A1E,7,113.613,117.636,,
3DgOMTs3A1E,8,117.923,126.636,,
3DgOMTs3A1E,9,126.773,134.937,,
3DgOMTs3A1E,10,135.703,139.686,,
3DgOMTs3A1E,11,139.674,145.473,,
3DgOMTs3A1E,12,18.819,26.463,,
3DgOMTs3A1E,13,145.191,151.14,,
3DgOMTs3A1E,14,151.776,155.41,,
3DgOMTs3A1E,15,155.628,160.259,,
3DgOMTs3A1E,16,160.457,174.367,,
3DgOMTs3A1E,17,173.367,176.882,,
3DgOMTs3A1E,18,177.907,182.14,,
3DgOMTs3A1E,19,182.546,188.615,,
3DgOMTs3A1E,20,188.972,198.063,,
3DgOMTs3A1E,21,197.263,202.613,,
3DgOMTs3A1E,22,26.731,34.884,,
3DgOMTs3A1E,23,35.421,40.192,,
3DgOMTs3A1E,24,40.709,46.737,,
3DgOMTs3A1E,25,47.643,52.335,,
3DgOMTs3A1E,26,52.791,57.932,,
3DgOMTs3A1E,27,57.76,62.302,,
3DgOMTs3A1E,28,62.489,71.84,,
3FpmKxZgihw,0,0.0,6.21,,
3FpmKxZgihw,1,6.137,17.224,,
3FpmKxZgihw,2,62.878,68.628,,
3FpmKxZgihw,3,68.117,76.37,,
3FpmKxZgihw,4,75.679,83.594,,
3FpmKxZgihw,5,82.594,87.485,,
3FpmKxZgihw,6,16.893,21.944,,
3FpmKxZgihw,7,29.375,35.094,,
3FpmKxZgihw,8,34.673,42.357,,
3GyEnzE1NTQ,0,0.0,6.01,,
3GyEnzE1NTQ,1,64.804,68.548,,
3GyEnzE1NTQ,2,82.185,87.954,,
3GyEnzE1NTQ,3,87.413,92.104,,
3GyEnzE1NTQ,4,91.174,96.135,,
3GyEnzE1NTQ,5,95.664,99.468,,
3GyEnzE1NTQ,6,98.847,103.0,,
3GyEnzE1NTQ,7,102.508,106.961,,
3GyEnzE1NTQ,8,8.193,14.73,,
3GyEnzE1NTQ,9,14.249,19.549,,
3HRnhUin-5g,0,0.281,5.551,,
3HRnhUin-5g,1,96.542,106.043,,
3HRnhUin-5g,2,137.259,143.438,,
3HRnhUin-5g,3,145.471,150.152,,
3HRnhUin-5g,4,5.698,17.983,,
3HRnhUin-5g,5,29.804,36.191,,
3HRnhUin-5g,6,41.148,50.11,,
3HyAaqre_Fk,0,10.128,21.924,,
3HyAaqre_Fk,1,20.924,40.362,,
3HyAaqre_Fk,2,48.192,60.496,,
3IUVpwx23cY,0,35.82,40.532,,
3IUVpwx23cY,1,81.776,90.608,,
3IUVpwx23cY,2,110.71,116.668,,
3IUVpwx23cY,3,129.417,134.049,,
3IUVpwx23cY,4,32.328,36.571,,
3J3Thmd_vks,0,49.229,58.052,,
3MFNIag0wNE,0,1.907,8.973,,
3MFNIag0wNE,1,79.561,85.429,,
3MFNIag0wNE,2,86.156,102.9,,
3MFNIag0wNE,3,112.146,121.468,,
3MFNIag0wNE,4,126.404,136.483,,
3MFNIag0wNE,5,135.483,142.56,,
3MFNIag0wNE,6,141.56,147.449,,
3MFNIag0wNE,7,17.931,27.521,,
3MFNIag0wNE,8,34.074,42.746,,
3MFNIag0wNE,9,45.259,50.938,,
3MFNIag0wNE,10,52.582,60.187,,
3MFNIag0wNE,11,62.36,73.946,,
3OMgvtWNHp4,0,0.0,7.686,,
3OMgvtWNHp4,1,8.422,11.567,,
3OMgvtWNHp4,2,47.673,50.718,,
3OMgvtWNHp4,3,11.565,13.762,,
3OMgvtWNHp4,4,13.541,20.936,,
3OMgvtWNHp4,5,31.58,33.557,,
3OMgvtWNHp4,6,43.512,47.236,,
3OMgvtWNHp4,7,46.236,48.673,,
3OYY5Tsz_2k,0,2.615,9.562,,
3OYY5Tsz_2k,1,48.152,57.543,,
3OYY5Tsz_2k,2,69.184,78.106,,
3OYY5Tsz_2k,3,9.2,19.31,,
3OYY5Tsz_2k,4,24.665,31.532,,
3OYY5Tsz_2k,5,39.412,45.38,,
3OuNMjZo5wg,0,6.556,22.173,,
3OuNMjZo5wg,1,68.196,81.279,,
3OuNMjZo5wg,2,22.81,30.165,,
3QcqpwQiiLs,0,3.533,7.756,,
3QcqpwQiiLs,1,7.385,14.052,,
3QcqpwQiiLs,2,13.72,23.271,,
3REPHw7oLWo,0,9.48,19.529,,
3REPHw7oLWo,1,103.536,116.908,,
3REPHw7oLWo,2,34.832,38.915,,
3REPHw7oLWo,3,45.298,52.255,,
3UOqbf_B_Yc,0,3.214,9.761,,
3UOqbf_B_Yc,1,9.071,14.361,,
3UOqbf_B_Yc,2,28.976,46.688,,
3UOqbf_B_Yc,3,45.688,52.774,,
3V2qm0rw920,0,0.0,4.593,,
3V2qm0rw920,1,81.795,89.261,,
3V2qm0rw920,2,91.493,102.6,,
3V2qm0rw920,3,14.548,21.185,,
3V2qm0rw920,4,21.004,27.671,,
3V2qm0rw920,5,27.569,32.729,,
3V2qm0rw920,6,49.688,56.735,,
3V2qm0rw920,7,61.252,71.641,,
3VsrcbjPwZY,0,0.0,11.138,,
3VsrcbjPwZY,1,26.591,37.01,,
3VsrcbjPwZY,2,36.289,41.998,,
3VsrcbjPwZY,3,57.331,72.828,,
3WZ6R9B0PcU,0,67.029,73.796,,
3Wi0if_L6Ug,0,81.117,90.688,,
3Wi0if_L6Ug,1,89.688,95.038,,
3Wi0if_L6Ug,2,111.508,118.424,,
3Wi0if_L6Ug,3,127.522,138.848,,
3Wi0if_L6Ug,4,138.187,146.84,,
3Wi0if_L6Ug,5,148.185,157.605,,
3Wi0if_L6Ug,6,156.605,167.533,,
3Wi0if_L6Ug,7,11.854,30.494,,
3Wi0if_L6Ug,8,29.494,36.65,,
3Wi0if_L6Ug,9,36.169,42.627,,
3Wi0if_L6Ug,10,49.14,59.698,,
3Wi0if_L6Ug,11,59.097,67.59,,
3XShFTBsp_Q,0,17.851,31.372,,
3ZmLhK_YHl8,0,0.0,3.665,,
3ZmLhK_YHl8,1,3.384,9.183,,
3ZmLhK_YHl8,2,8.702,20.727,,
3ZmLhK_YHl8,3,19.727,25.745,,
3aD0xAgxxyw,0,0.0,4.414,,
3aD0xAgxxyw,1,78.084,85.669,,
3aD0xAgxxyw,2,85.018,92.414,,
3aD0xAgxxyw,3,101.261,107.05,,
3aD0xAgxxyw,4,107.148,111.62,,
3aD0xAgxxyw,5,14.937,28.619,,
3aD0xAgxxyw,6,70.81,76.61,,
3aIQUQgawaI,0,0.0124716553288,5.21065759637,,
3aIQUQgawaI,1,133.399319728,133.808390023,,
3aIQUQgawaI,2,133.808390023,136.242857143,,
3aIQUQgawaI,3,136.242857143,137.070975057,,
3aIQUQgawaI,4,22.4514739229,39.6823129252,,
3aIQUQgawaI,5,41.0092970522,61.3530612245,,
3aIQUQgawaI,6,70.3326530612,87.7131519274,,
3aIQUQgawaI,7,101.531746032,118.463265306,,
3f6xCzKx9CA,0,0.0,4.573,,
3f6xCzKx9CA,1,5.0,10.819,,
3f6xCzKx9CA,2,10.517,22.642,,
3f6xCzKx9CA,3,22.919,26.414,,
3fhCxePBuZY,0,0.0,4.454,,
3fhCxePBuZY,1,3.454,9.103,,
3fhCxePBuZY,2,54.358,64.856,,
3fhCxePBuZY,3,64.275,70.234,,
3fhCxePBuZY,4,70.142,80.531,,
3fhCxePBuZY,5,79.67,82.756,,
3fhCxePBuZY,6,81.895,85.888,,
3fhCxePBuZY,7,9.34,24.688,,
3fhCxePBuZY,8,24.396,28.499,,
3fhCxePBuZY,9,28.008,33.458,,
3fhCxePBuZY,10,32.687,36.98,,
3fhCxePBuZY,11,36.498,42.148,,
3fhCxePBuZY,12,41.148,44.024,,
3fhCxePBuZY,13,43.722,48.912,,
3fhCxePBuZY,14,48.441,54.659,,
3gA34VxBijI,0,0.0,4.663,,
3gA34VxBijI,1,4.232,13.543,,
3hOlJf_JQDs,0,5.06,20.317,,
3hOlJf_JQDs,1,30.103,37.588,,
3j94B0pzSVs,0,0.0,7.367,,
3j94B0pzSVs,1,7.015,16.027,,
3j94B0pzSVs,2,64.575,68.568,,
3j94B0pzSVs,3,85.108,91.985,,
3j94B0pzSVs,4,91.533,100.146,,
3j94B0pzSVs,5,100.004,107.21,,
3j94B0pzSVs,6,106.719,113.466,,
3j94B0pzSVs,7,113.005,119.392,,
3j94B0pzSVs,8,17.911,29.127,,
3j94B0pzSVs,9,33.395,38.716,,
3j94B0pzSVs,10,38.304,48.154,,
3j94B0pzSVs,11,49.589,55.348,,
3kNPvhdF1NA,0,0.0,13.513,,
3kNPvhdF1NA,1,47.723,53.033,,
3lkn8MS3n8Q,0,69.902,82.436,,
3lkn8MS3n8Q,1,111.139,116.04,,
3lkn8MS3n8Q,2,121.565,135.176,,
3lkn8MS3n8Q,3,134.176,139.497,,
3lkn8MS3n8Q,4,143.775,161.886,,
3lkn8MS3n8Q,5,160.976,166.186,,
3lkn8MS3n8Q,6,168.389,172.162,,
3lkn8MS3n8Q,7,172.35,178.039,,
3lkn8MS3n8Q,8,177.039,183.457,,
3lkn8MS3n8Q,9,189.451,194.591,,
3lkn8MS3n8Q,10,193.711,198.233,,
3lkn8MS3n8Q,11,5.369,19.539,,
3lkn8MS3n8Q,12,18.539,30.045,,
3lkn8MS3n8Q,13,29.095,34.695,,
3lkn8MS3n8Q,14,33.695,41.888,,
3lkn8MS3n8Q,15,62.829,70.902,,
3n44IP3tCVE,0,0.0,5.93,,
3n44IP3tCVE,1,5.359,13.224,,
3n44IP3tCVE,2,89.588,105.045,,
3n44IP3tCVE,3,104.045,113.326,,
3n44IP3tCVE,4,112.805,120.45,,
3n44IP3tCVE,5,122.094,129.759,,
3n44IP3tCVE,6,12.224,18.901,,
3n44IP3tCVE,7,17.901,24.438,,
3n44IP3tCVE,8,23.817,39.394,,
3n44IP3tCVE,9,39.192,53.961,,
3n44IP3tCVE,10,53.011,61.983,,
3n44IP3tCVE,11,65.602,75.771,,
3oHPsYc8bmw,0,17.571,24.209,,
3oHPsYc8bmw,1,36.598,43.624,,
3oHPsYc8bmw,2,42.894,52.963,,
3ocpWAmSNUE,0,41.008,51.636,,
3ocpWAmSNUE,1,51.594,60.197,,
3ocpWAmSNUE,2,59.895,64.966,,
3ocpWAmSNUE,3,71.718,84.941,,
3odZe3AGilc,0,0.0,6.229,,
3odZe3AGilc,1,16.205,24.488,,
3odZe3AGilc,2,24.057,31.382,,
3paDwuRQP1w,0,0.0,6.609,,
3paDwuRQP1w,1,6.187,14.491,,
3paDwuRQP1w,2,13.98,23.281,,
3paDwuRQP1w,3,37.037,46.448,,
3sDL7mwosP0,0,0.191,8.325,,
3sDL7mwosP0,1,7.724,12.425,,
3sUS8vXbRwg,0,0.0,13.244,,
3sUS8vXbRwg,1,74.771,82.496,,
3sUS8vXbRwg,2,82.484,94.928,,
3sUS8vXbRwg,3,94.985,101.114,,
3sUS8vXbRwg,4,18.2,23.59,,
3u_Joh0WJdw,0,39.282,46.438,,
3w9I5SBhHNc,0,148.614,157.336,,
3w9I5SBhHNc,1,42.874,52.295,,
3w9I5SBhHNc,2,70.062,76.41,,
3w9I5SBhHNc,3,112.985,119.542,,
3wHE78v9zr4,0,8.15283446712,12.8943310658,,
3wHE78v9zr4,1,12.3133786848,15.4185941043,,
3wHE78v9zr4,2,81.1868480726,90.7573696145,,
3wHE78v9zr4,3,90.3959183673,103.139229025,,
3wHE78v9zr4,4,103.117006803,108.616780045,,
3wHE78v9zr4,5,108.295238095,120.789115646,,
3wHE78v9zr4,6,120.128344671,128.711111111,,
3wHE78v9zr4,7,128.040362812,138.878004535,,
3wHE78v9zr4,8,138.785941043,148.915192744,,
3wHE78v9zr4,9,148.394104308,156.268480726,,
3wHE78v9zr4,10,156.715192744,171.5138322,,
3wHE78v9zr4,11,171.112471655,178.34829932,,
3wHE78v9zr4,12,14.6580498866,21.6145124717,,
3wHE78v9zr4,13,177.837188209,184.204988662,,
3wHE78v9zr4,14,183.544217687,191.678004535,,
3wHE78v9zr4,15,190.847619048,204.758276644,,
3wHE78v9zr4,16,203.758276644,211.822222222,,
3wHE78v9zr4,17,211.041723356,224.673015873,,
3wHE78v9zr4,18,224.521088435,228.334693878,,
3wHE78v9zr4,19,227.614058957,231.367800454,,
3wHE78v9zr4,20,230.367800454,235.807709751,,
3wHE78v9zr4,21,20.9637188209,31.9909297052,,
3wHE78v9zr4,22,31.5696145125,46.1786848073,,
3wHE78v9zr4,23,45.8770975057,49.2517006803,,
3wHE78v9zr4,24,50.1274376417,58.6204081633,,
3wHE78v9zr4,25,58.8376417234,66.8916099773,,
3wHE78v9zr4,26,66.2807256236,81.6380952381,,
3y2YInNUmHY,0,0.0,4.144,,
3y2YInNUmHY,1,3.144,9.302,,
3y2YInNUmHY,2,8.302,22.662,,
3y2YInNUmHY,3,29.524,43.136,,
40181,0,0.151,8.784,,
40181,1,8.771,14.74,,
40181,2,46.127,49.012,,
40181,3,48.551,58.341,,
40181,4,57.341,62.472,,
40181,5,62.629,75.173,,
40181,6,75.819,79.014,,
40181,7,80.329,89.48,,
40181,8,89.129,93.631,,
40181,9,92.631,105.574,,
40181,10,105.482,117.297,,
40181,11,116.297,118.544,,
40181,12,13.74,16.157,,
40181,13,120.797,125.947,,
40181,14,126.135,131.904,,
40181,15,131.592,148.187,,
40181,16,15.945,23.131,,
40181,17,22.38,27.93,,
40181,18,27.0,31.462,,
40181,19,30.841,36.66,,
40181,20,36.139,39.833,,
40181,21,39.083,43.844,,
40181,22,43.323,47.127,,
40260,0,1.159,5.651,,
40260,1,5.349,11.767,,
40260,2,76.378,84.861,,
40260,3,84.4,92.224,,
40260,4,92.022,101.124,,
40260,5,101.381,109.275,,
40260,6,109.143,115.98,,
40260,7,115.409,131.116,,
40260,8,130.944,140.464,,
40260,9,140.392,168.77,,
40260,10,168.189,180.244,,
40260,11,179.773,190.86,,
40260,12,11.146,24.977,,
40260,13,190.459,207.073,,
40260,14,206.462,209.996,,
40260,15,209.485,215.594,,
40260,16,215.122,227.277,,
40260,17,228.432,237.853,,
40260,18,237.442,244.528,,
40260,19,243.528,248.629,,
40260,20,248.127,255.174,,
40260,21,24.516,27.391,,
40260,22,26.761,36.82,,
40260,23,36.319,50.21,,
40260,24,51.604,56.685,,
40260,25,56.543,61.244,,
40260,26,60.763,67.59,,
40260,27,66.899,76.939,,
41381,0,0.71,5.531,,
41381,1,5.469,10.859,,
41381,2,73.574,76.46,,
41381,3,10.328,16.047,,
41381,4,15.047,24.638,,
41381,5,23.638,27.581,,
41381,6,27.728,38.506,,
41381,7,38.384,43.136,,
41381,8,42.176,63.449,,
41381,9,62.549,68.448,,
41381,10,67.717,73.676,,
41692,0,4.94,8.604,,
41692,1,8.302,14.61,,
41692,2,14.738,24.698,,
41692,3,25.344,41.479,,
41692,4,40.479,46.139,,
41692,5,45.438,53.881,,
41692,6,54.418,60.576,,
41692,7,59.576,66.063,,
41692,8,66.031,68.588,,
424SXFTCFsA,0,3.922,7.796,,
424SXFTCFsA,1,7.235,10.779,,
424SXFTCFsA,2,10.288,17.953,,
424SXFTCFsA,3,17.442,21.964,,
424vOT3Nnyk,0,40.4006802721,55.5761904762,,
424vOT3Nnyk,1,56.2646258503,78.7136054422,,
424vOT3Nnyk,2,78.7136054422,89.3793650794,,
424vOT3Nnyk,3,89.3793650794,104.754421769,,
424vOT3Nnyk,4,105.532653061,122.33446712,,
43371,0,0.0,3.885,,
43371,1,4.81,9.881,,
43371,2,55.625,61.663,,
43371,3,9.171,13.084,,
43371,4,14.329,19.35,,
43371,5,19.607,29.317,,
43371,6,28.317,35.812,,
43371,7,36.369,42.427,,
43371,8,42.275,46.747,,
43371,9,47.184,50.05,,
43371,10,50.147,56.006,,
43456,0,0.72,3.745,,
43456,1,2.745,8.734,,
43456,2,54.557,58.71,,
43456,3,8.482,18.122,,
43456,4,18.709,21.255,,
43456,5,20.774,34.066,,
43456,6,33.605,37.628,,
43456,7,38.075,42.417,,
43456,8,41.417,48.354,,
43456,9,47.633,51.985,,
43456,10,51.484,54.839,,
44780,0,0.0,1.839,,
44780,1,0.839,6.559,,
44780,2,6.846,9.612,,
44780,3,8.692,24.338,,
44780,4,23.338,26.893,,
44780,5,26.661,30.454,,
44780,6,30.183,33.388,,
44780,7,33.226,43.634,,
44780,8,43.303,61.763,,
44780,9,60.763,63.509,,
44MVdpDEQJs,0,0.0,2.987,,
44MVdpDEQJs,1,2.246,9.322,,
44MVdpDEQJs,2,8.562,23.341,,
44MVdpDEQJs,3,36.997,45.849,,
45175,0,2.027,8.863,,
45175,1,9.37,13.493,,
45175,2,13.092,15.648,,
45175,3,16.314,20.816,,
45175,4,21.562,27.531,,
45175,5,27.22,33.557,,
45175,6,34.134,57.643,,
45175,7,57.122,63.1,,
45175,8,62.829,73.786,,
45175,9,73.474,78.765,,
45184,0,1.877,10.769,,
45184,1,11.126,14.85,,
45184,2,14.668,21.944,,
45184,3,21.792,32.679,,
45184,4,32.587,42.168,,
45184,5,42.056,67.331,,
45186,0,1.857,7.796,,
45186,1,7.674,17.953,,
45186,2,49.249,51.457,,
45186,3,51.734,55.956,,
45186,4,57.471,64.846,,
45186,5,63.846,68.618,,
45186,6,68.556,74.015,,
45186,7,18.02,21.834,,
45186,8,22.001,35.732,,
45186,9,34.732,37.558,,
45186,10,36.558,38.815,,
45186,11,38.414,40.761,,
45186,12,39.761,42.637,,
45186,13,42.884,47.027,,
45186,14,46.805,49.651,,
45676,0,1.688,6.708,,
45676,1,6.467,11.537,,
45676,2,11.336,14.291,,
45676,3,14.369,23.39,,
45676,4,22.969,30.484,,
45676,5,32.148,34.795,,
45676,6,34.074,47.785,,
45676,7,47.673,53.891,,
45676,8,53.849,75.622,,
45c3QQzGakM,0,25.244,32.041,,
45c3QQzGakM,1,31.42,45.56,,
46495,0,0.0,0.662,,
46495,1,0.42,5.441,,
46495,2,4.84,9.113,,
46495,3,8.233,11.318,,
46495,4,12.104,21.984,,
46495,5,21.363,28.07,,
46495,6,29.025,31.901,,
46495,7,32.458,39.773,,
46495,8,38.773,46.009,,
46495,9,45.009,49.501,,
46497,0,1.338,7.576,,
46497,1,6.656,10.939,,
46497,2,10.707,26.005,,
46497,3,25.364,44.912,,
46497,4,44.81,57.293,,
46604,0,0.5,9.203,,
46604,1,11.296,22.702,,
46604,2,22.111,25.975,,
46604,3,25.863,28.21,,
46604,4,27.599,31.502,,
46604,5,31.819,36.371,,
46604,6,37.157,48.952,,
46604,7,51.235,53.961,,
46604,8,53.56,60.726,,
46615,0,0.0,4.114,,
46615,1,3.563,21.136,,
46615,2,21.024,25.665,,
46615,3,25.074,28.08,,
46615,4,27.469,38.436,,
46615,5,38.604,42.776,,
46615,6,42.644,46.688,,
46615,7,46.695,49.741,,
46615,8,49.319,54.659,,
46615,9,54.547,57.433,,
46618,0,0.0,4.553,,
46618,1,5.05,13.952,,
46618,2,13.391,22.323,,
46618,3,22.45,32.18,,
46618,4,32.537,35.104,,
46618,5,35.082,39.923,,
46618,6,39.152,47.815,,
46618,7,46.815,52.624,,
46618,8,52.093,54.919,,
47472,0,0.0,0.662,,
47472,1,1.019,6.13,,
47472,2,74.732,84.831,,
47472,3,85.138,90.737,,
47472,4,90.605,95.197,,
47472,5,98.178,99.717,,
47472,6,98.717,101.164,,
47472,7,100.164,104.237,,
47472,8,5.13,8.744,,
47472,9,9.58,12.296,,
47472,10,12.423,14.78,,
47472,11,14.359,23.091,,
47472,12,23.648,42.826,,
47472,13,43.582,50.828,,
47472,14,49.828,63.23,,
47472,15,63.088,74.614,,
48BD8qjClfE,0,19.347,28.259,,
48nifdN2vSI,0,52.722,63.609,,
48u68AzcWvE,0,79.082,85.12,,
49358,0,0.39,3.935,,
49358,1,3.194,5.641,,
49358,2,58.628,65.106,,
49358,3,64.106,68.029,,
49358,4,69.184,79.124,,
49358,5,78.782,83.903,,
49358,6,4.87,8.464,,
49358,7,7.933,33.088,,
49358,8,32.088,35.134,,
49358,9,34.134,40.262,,
49358,10,39.262,43.415,,
49358,11,43.123,46.997,,
49358,12,47.164,52.604,,
49358,13,51.604,59.419,,
4AQC7_uCuEE,0,-0.487528344671,16.8752834467,,
4AQC7_uCuEE,1,15.8752834467,24.8870748299,,
4AQC7_uCuEE,2,55.2258503401,67.829478458,,
4AQC7_uCuEE,3,67.4580498866,72.6285714286,,
4AQC7_uCuEE,4,71.9678004535,85.7387755102,,
4AQC7_uCuEE,5,85.4571428571,88.043537415,,
4AQC7_uCuEE,6,87.8616780045,92.673015873,,
4AQC7_uCuEE,7,92.0920634921,99.8766439909,,
4AQC7_uCuEE,8,99.984126984,110.751927438,,
4AQC7_uCuEE,9,24.7551020408,38.2367346939,,
4AQC7_uCuEE,10,111.258503401,118.753741497,,
4AQC7_uCuEE,11,117.913378685,127.324263039,,
4AQC7_uCuEE,12,127.401814059,133.250793651,,
4AQC7_uCuEE,13,132.999092971,138.029931973,,
4AQC7_uCuEE,14,137.628571429,143.07845805,,
4AQC7_uCuEE,15,142.717006803,150.022675737,,
4AQC7_uCuEE,16,149.022675737,153.30521542,,
4AQC7_uCuEE,17,152.754195011,162.374603175,,
4AQC7_uCuEE,18,37.2367346939,42.0780045351,,
4AQC7_uCuEE,19,41.8362811791,44.841723356,,
4AQC7_uCuEE,20,48.2616780045,50.3392290249,,
4AQC7_uCuEE,21,49.60861678,54.5995464853,,
4BoE-woHtwA,0,0.361,4.853,,
4BoE-woHtwA,1,36.608,41.659,,
4BoE-woHtwA,2,40.789,47.576,,
4BoE-woHtwA,3,46.625,54.44,,
4BoE-woHtwA,4,3.952,8.385,,
4BoE-woHtwA,5,8.662,12.086,,
4BoE-woHtwA,6,11.086,17.045,,
4BoE-woHtwA,7,16.663,21.904,,
4BoE-woHtwA,8,21.173,23.919,,
4BoE-woHtwA,9,22.919,31.063,,
4BoE-woHtwA,10,30.452,37.608,,
4CKhrjuuofk,0,0.0,6.19,,
4CKhrjuuofk,1,6.367,13.523,,
4CKhrjuuofk,2,12.722,15.449,,
4CKhrjuuofk,3,14.449,16.217,,
4CKhrjuuofk,4,15.217,18.691,,
4CKhrjuuofk,5,18.1,27.391,,
4CKhrjuuofk,6,26.731,29.317,,
4CKhrjuuofk,7,28.317,33.009,,
4CKhrjuuofk,8,46.995,52.933,,
4EDblUpJieU,0,3.853,15.109,,
4EDblUpJieU,1,21.383,32.739,,
4EDblUpJieU,2,49.269,58.151,,
4EEru3cZwXo,0,30.273,35.164,,
4EEru3cZwXo,1,34.772,42.617,,
4EEru3cZwXo,2,41.846,45.051,,
4EEru3cZwXo,3,44.929,49.611,,
4Fw9TbWIVJI,0,50.447,61.364,,
4GYfmpEEtl4,0,1.937,8.385,,
4GYfmpEEtl4,1,55.655,62.641,,
4GYfmpEEtl4,2,67.488,73.197,,
4GYfmpEEtl4,3,13.96,32.45,,
4GYfmpEEtl4,4,31.999,38.776,,
4GYfmpEEtl4,5,38.454,47.825,,
4H9RfQuqsvg,0,1.438,4.863,,
4H9RfQuqsvg,1,44.54,48.444,,
4H9RfQuqsvg,2,47.663,51.956,,
4H9RfQuqsvg,3,15.576,23.261,,
4H9RfQuqsvg,4,22.261,29.537,,
4HAC00EAdno,0,65.433,85.908,,
4HAC00EAdno,1,84.908,97.123,,
4HAC00EAdno,2,97.42,101.982,,
4HAC00EAdno,3,101.551,106.861,,
4HAC00EAdno,4,106.569,112.229,,
4HAC00EAdno,5,18.1,23.889,,
4HAC00EAdno,6,24.087,35.972,,
4HAC00EAdno,7,34.972,48.553,,
4HAC00EAdno,8,48.282,55.887,,
4HAC00EAdno,9,60.614,65.734,,
4HazSkYihtw,0,10.907,27.312,,
4Kh5N9W-Jr4,0,0.0,3.456,,
4Kh5N9W-Jr4,1,2.496,10.45,,
4Kh5N9W-Jr4,2,64.774,80.7,,
4Kh5N9W-Jr4,3,9.699,19.03,,
4Kh5N9W-Jr4,4,18.429,25.935,,
4Kh5N9W-Jr4,5,25.334,28.489,,
4Kh5N9W-Jr4,6,27.489,35.393,,
4Kh5N9W-Jr4,7,34.673,50.289,,
4Kh5N9W-Jr4,8,50.437,58.331,,
4Kh5N9W-Jr4,9,57.71,63.759,,
4Kh5N9W-Jr4,10,62.829,65.455,,
4Q7OkrJLzAc,0,-0.41768707483,5.82040816327,,
4Q7OkrJLzAc,1,5.19954648526,11.8566893424,,
4Q7OkrJLzAc,2,11.4952380952,17.9328798186,,
4Q7OkrJLzAc,3,17.2820861678,26.2839002268,,
4Q7OkrJLzAc,4,48.9501133787,55.0784580499,,
4Q95Lg3Icho,0,0.170975056689,12.2358276644,,
4Q95Lg3Icho,1,11.2358276644,13.8421768707,,
4Q95Lg3Icho,2,61.0526077098,85.0603174603,,
4Q95Lg3Icho,3,84.6489795918,86.7764172336,,
4Q95Lg3Icho,4,86.0358276644,109.454875283,,
4Q95Lg3Icho,5,108.49478458,112.078911565,,
4Q95Lg3Icho,6,111.078911565,122.345578231,,
4Q95Lg3Icho,7,121.415419501,131.624489796,,
4Q95Lg3Icho,8,130.664399093,135.884807256,,
4Q95Lg3Icho,9,135.214058957,152.267573696,,
4Q95Lg3Icho,10,151.267573696,157.555555556,,
4Q95Lg3Icho,11,156.585487528,179.326077098,,
4Q95Lg3Icho,12,12.8421768707,27.0421768707,,
4Q95Lg3Icho,13,178.35600907,182.439002268,,
4Q95Lg3Icho,14,182.157369615,187.886621315,,
4Q95Lg3Icho,15,186.886621315,188.624943311,,
4Q95Lg3Icho,16,187.854421769,193.823129252,,
4Q95Lg3Icho,17,192.823129252,203.331519274,,
4Q95Lg3Icho,18,202.491156463,207.521995465,,
4Q95Lg3Icho,19,206.591836735,213.388662132,,
4Q95Lg3Icho,20,26.0421768707,36.8399092971,,
4Q95Lg3Icho,21,35.8399092971,38.5360544218,,
4Q95Lg3Icho,22,37.5360544218,46.8371882086,,
4Q95Lg3Icho,23,45.8571428571,49.9700680272,,
4Q95Lg3Icho,24,49.3891156463,61.7632653061,,
4Ry6M_ZfJQc,0,0.0,10.151,,
4Ry6M_ZfJQc,1,50.437,61.773,,
4VA4kqMnEqA,0,-0.28798185941,4.69297052154,,
4VA4kqMnEqA,1,5.189569161,8.14512471655,,
4VA4kqMnEqA,2,42.3750566893,47.8448979592,,
4VA4kqMnEqA,3,47.483446712,53.4222222222,,
4VA4kqMnEqA,4,9.9786848073,20.1678004535,,
4VA4kqMnEqA,5,19.6866213152,23.4004535147,,
4VA4kqMnEqA,6,27.9977324263,32.1405895692,,
4VA4kqMnEqA,7,31.1405895692,36.3111111111,,
4VA4kqMnEqA,8,35.6802721088,38.0172335601,,
4Vl6AeEkAg4,0,1.688,37.01,,
4Vl6AeEkAg4,1,52.083,75.253,,
4WTVL5bNybU,0,0.0,7.088,,
4WTVL5bNybU,1,6.656,11.507,,
4WTVL5bNybU,2,11.326,19.499,,
4Y8ROYezksQ,0,0.0,4.264,,
4YfyP0uIqw0,0,42.056,48.104,,
4Yxe1_ohz7Y,0,3.384,24.328,,
4Z47qIrVil4,0,0.0,3.795,,
4Z47qIrVil4,1,35.191,56.485,,
4ZhIx2ozUIE,0,3.254,17.614,,
4ZhIx2ozUIE,1,54.318,61.274,,
4ZhIx2ozUIE,2,21.203,29.646,,
4ZhIx2ozUIE,3,35.91,41.789,,
4cFeG2ydm9A,0,56.234,65.166,,
4dAYMzRyndc,0,0.0124716553288,12.8532879819,,
4dAYMzRyndc,1,61.5126984127,70.2428571429,,
4dAYMzRyndc,2,77.1371882086,84.8396825397,,
4dAYMzRyndc,3,109.653287982,109.962585034,,
4dAYMzRyndc,4,29.774829932,36.2401360544,,
4dAYMzRyndc,5,36.4396825397,41.268707483,,
4dAYMzRyndc,6,56.8931972789,61.0138321995,,
4dV3slGSc60,0,0.0,6.269,,
4dV3slGSc60,1,78.623,87.156,,
4dV3slGSc60,2,86.505,101.483,,
4dV3slGSc60,3,100.762,107.16,,
4dV3slGSc60,4,186.807,209.448,,
4dV3slGSc60,5,31.151,37.947,,
4dV3slGSc60,6,41.028,52.355,,
4dV3slGSc60,7,63.068,70.713,,
4dV3slGSc60,8,70.332,79.174,,
4hEWns7JBg0,0,-0.3179138322,6.24943310658,,
4hEWns7JBg0,1,5.70839002268,14.0317460317,,
4hEWns7JBg0,2,56.5129251701,62.9106575964,,
4hEWns7JBg0,3,61.9106575964,70.9723356009,,
4hEWns7JBg0,4,70.2517006803,73.6961451247,,
4hEWns7JBg0,5,72.6961451247,76.1804988662,,
4hEWns7JBg0,6,75.5297052154,82.9850340136,,
4hEWns7JBg0,7,82.7732426304,86.6167800454,,
4hEWns7JBg0,8,85.9759637188,91.1764172336,,
4hEWns7JBg0,9,90.1764172336,94.2494331066,,
4hEWns7JBg0,10,93.2494331066,96.8036281179,,
4hEWns7JBg0,11,13.380952381,22.043537415,,
4hEWns7JBg0,12,96.033106576,100.305668934,,
4hEWns7JBg0,13,99.575056689,108.437188209,,
4hEWns7JBg0,14,107.437188209,109.56462585,,
4hEWns7JBg0,15,108.953741497,114.224036281,,
4hEWns7JBg0,16,113.224036281,118.923356009,,
4hEWns7JBg0,17,117.923356009,130.34739229,,
4hEWns7JBg0,18,129.48707483,142.968707483,,
4hEWns7JBg0,19,142.228117914,144.824489796,,
4hEWns7JBg0,20,21.043537415,30.4943310658,,
4hEWns7JBg0,21,29.7138321995,35.0439909297,,
4hEWns7JBg0,22,34.093877551,37.9174603175,,
4hEWns7JBg0,23,36.9174603175,48.9424036281,,
4hEWns7JBg0,24,48.0820861678,54.7192743764,,
4hEWns7JBg0,25,53.8988662132,57.4231292517,,
4iG0ffmnCOw,0,0.0,10.52,,
4iG0ffmnCOw,1,9.749,13.283,,
4iG0ffmnCOw,2,67.618,79.453,,
4iG0ffmnCOw,3,78.862,96.844,,
4iG0ffmnCOw,4,12.593,19.529,,
4iG0ffmnCOw,5,19.278,27.212,,
4iG0ffmnCOw,6,26.282,37.089,,
4iG0ffmnCOw,7,36.568,44.902,,
4iG0ffmnCOw,8,43.902,48.962,,
4iG0ffmnCOw,9,48.381,54.161,,
4iG0ffmnCOw,10,56.653,67.929,,
4iw1jTY-X3A,0,-0.407709750567,3.37596371882,,
4iw1jTY-X3A,1,2.93469387755,7.49659863946,,
4iw1jTY-X3A,2,49.987755102,52.2648526077,,
4iw1jTY-X3A,3,52.1727891156,55.9863945578,,
4iw1jTY-X3A,4,9.37006802721,12.2358276644,,
4iw1jTY-X3A,5,11.6947845805,15.9473922902,,
4iw1jTY-X3A,6,16.6136054422,20.2675736961,,
4iw1jTY-X3A,7,19.7963718821,32.170521542,,
4iw1jTY-X3A,8,31.6594104308,40.9505668934,,
4iw1jTY-X3A,9,40.5891156463,46.1786848073,,
4jTUcNlxlYA,0,0.0124716553288,6.34807256236,,
4jTUcNlxlYA,1,21.5036281179,28.3879818594,,
4jTUcNlxlYA,2,28.8070294785,35.501814059,,
4jTUcNlxlYA,3,35.501814059,40.470521542,,
4jTUcNlxlYA,4,40.8596371882,46.0278911565,,
4jTUcNlxlYA,5,46.0278911565,62.1013605442,,
4jTUcNlxlYA,6,62.6501133787,65.4836734694,,
4jTUcNlxlYA,7,65.4836734694,74.1639455782,,
4jTUcNlxlYA,8,74.1639455782,77.646031746,,
4kF0U8kIMp4,0,0.0,6.639,,
4kF0U8kIMp4,1,5.639,15.109,,
4kF0U8kIMp4,2,23.767,30.674,,
4kF0U8kIMp4,3,29.794,38.277,,
4kF0U8kIMp4,4,37.356,43.804,,
4kF0U8kIMp4,5,42.854,50.15,,
4kF0U8kIMp4,6,49.309,54.48,,
4lKz4xyCmkk,0,0.0,6.718,,
4lKz4xyCmkk,1,8.492,13.583,,
4lKz4xyCmkk,2,62.02,70.154,,
4lKz4xyCmkk,3,72.666,78.385,,
4lKz4xyCmkk,4,78.543,89.301,,
4lKz4xyCmkk,5,89.628,99.049,,
4lKz4xyCmkk,6,99.725,108.447,,
4lKz4xyCmkk,7,27.359,33.727,,
4lKz4xyCmkk,8,35.092,40.761,,
4lKz4xyCmkk,9,39.761,47.785,,
4lKz4xyCmkk,10,48.222,56.595,,
4lKz4xyCmkk,11,57.122,62.611,,
4lro65JwQdc,0,50.566,57.064,,
4lro65JwQdc,1,109.782,129.37,,
4o4ilPK9rl8,0,12.563,22.153,,
4oeKDFIaL7o,0,0.0,17.604,,
4oeKDFIaL7o,1,17.462,39.334,,
4oeKDFIaL7o,2,39.152,47.635,,
4oeKDFIaL7o,3,58.02,93.391,,
4poXF3xo6Z8,0,0.0,5.521,,
4poXF3xo6Z8,1,4.86,15.339,,
4poXF3xo6Z8,2,96.143,104.845,,
4poXF3xo6Z8,3,104.863,115.771,,
4poXF3xo6Z8,4,115.409,124.521,,
4poXF3xo6Z8,5,123.96,129.998,,
4poXF3xo6Z8,6,14.818,22.742,,
4poXF3xo6Z8,7,21.742,33.328,,
4poXF3xo6Z8,8,32.777,48.813,,
4poXF3xo6Z8,9,48.681,55.587,,
4poXF3xo6Z8,10,55.016,68.747,,
4poXF3xo6Z8,11,68.296,79.144,,
4poXF3xo6Z8,12,90.865,96.734,,
4qVvLLFEYnk,0,-0.487528344671,20.3972789116,,
4qjz4BQCZyM,0,0.0,5.461,,
4qjz4BQCZyM,1,37.995,43.255,,
4qoB5a6dR3w,0,0.0,3.845,,
4qoB5a6dR3w,1,3.653,10.47,,
4qoB5a6dR3w,2,9.719,16.486,,
4qoB5a6dR3w,3,15.736,26.643,,
4t5k_yILGJM,0,13.89,24.877,,
4wLP4elp1uM,0,36.029,42.258,,
4wLP4elp1uM,1,41.457,45.66,,
4wdeBJ39Cuw,0,-0.487528344671,10.0907029478,,
4wdeBJ39Cuw,1,9.09070294785,11.6770975057,,
4wdeBJ39Cuw,2,33.3854875283,40.5015873016,,
4wdeBJ39Cuw,3,39.5015873016,45.2807256236,,
4wdeBJ39Cuw,4,44.8693877551,51.8258503401,,
4wuug3-5cWo,0,-0.487528344671,7.28707482993,,
4wuug3-5cWo,1,6.79591836735,9.34240362812,,
4wuug3-5cWo,2,33.1360544218,37.368707483,,
4wuug3-5cWo,3,36.368707483,40.5414965986,,
4wuug3-5cWo,4,39.5414965986,48.7328798186,,
4wuug3-5cWo,5,47.9523809524,53.641723356,,
4wuug3-5cWo,6,8.34240362812,11.1682539683,,
4wuug3-5cWo,7,10.8666666667,12.9242630385,,
4wuug3-5cWo,8,11.9242630385,19.579138322,,
4wuug3-5cWo,9,19.6866213152,23.1510204082,,
4wuug3-5cWo,10,22.1510204082,29.4566893424,,
4wuug3-5cWo,11,28.4566893424,31.6916099773,,
4wuug3-5cWo,12,30.6916099773,34.1360544218,,
50103,0,0.75,5.381,,
50103,1,6.746,23.81,,
50103,2,23.558,38.356,,
50103,3,37.955,49.282,,
50103,4,48.282,52.265,,
50103,5,51.983,58.122,,
50103,6,57.122,65.984,,
50103,7,65.832,87.106,,
50103,8,86.156,91.436,,
50453,0,0.47,5.062,,
50453,1,5.639,11.328,,
50453,2,48.122,57.722,,
50453,3,57.241,59.967,,
50453,4,58.967,64.567,,
50453,5,10.966,19.489,,
50453,6,19.068,22.502,,
50453,7,21.652,26.274,,
50453,8,25.274,29.846,,
50453,9,29.684,35.493,,
50453,10,35.491,42.816,,
50453,11,41.816,44.343,,
50453,12,44.321,48.503,,
51224,0,0.79,18.931,,
51224,1,19.677,46.857,,
51224,2,47.513,53.482,,
51224,3,52.482,57.154,,
51224,4,56.154,59.927,,
51224,5,60.055,62.961,,
51224,6,62.569,91.236,,
51224,7,91.144,102.87,,
51224,8,101.87,104.346,,
51224,9,104.693,111.47,,
52068,0,0.0,2.777,,
52068,1,1.777,7.626,,
52068,2,61.043,64.956,,
52068,3,63.956,71.631,,
52068,4,70.98,76.041,,
52068,5,75.659,78.166,,
52068,6,77.894,84.322,,
52068,7,83.651,87.425,,
52068,8,86.425,91.805,,
52068,9,91.114,98.47,,
52068,10,97.56,100.625,,
52068,11,99.904,106.831,,
52068,12,7.065,9.801,,
52068,13,106.12,117.756,,
52068,14,117.115,118.415,,
52068,15,8.971,13.972,,
52068,16,13.311,16.097,,
52068,17,15.426,31.522,,
52068,18,30.831,42.786,,
52068,19,42.066,52.973,,
52068,20,51.973,55.966,,
52068,21,55.765,62.043,,
52839,0,0.331,2.707,,
52839,1,2.945,5.262,,
52839,2,63.766,69.356,,
52839,3,68.665,71.441,,
52839,4,70.701,75.821,,
52839,5,75.699,78.715,,
52839,6,5.249,11.577,,
52839,7,11.665,20.836,,
52839,8,21.203,31.163,,
52839,9,30.502,36.211,,
52839,10,35.531,43.405,,
52839,11,42.744,52.155,,
52839,12,52.682,61.234,,
52839,13,60.494,64.497,,
53609,0,1.538,3.995,,
53609,1,3.404,12.425,,
53609,2,59.337,61.504,,
53609,3,60.654,63.15,,
53609,4,62.459,66.662,,
53609,5,66.939,71.511,,
53609,6,71.958,78.445,,
53609,7,78.034,88.193,,
53609,8,12.683,15.478,,
53609,9,14.788,25.286,,
53609,10,24.546,28.389,,
53609,11,27.659,35.403,,
53609,12,34.643,44.562,,
53609,13,45.029,53.831,,
53609,14,52.831,57.822,,
53609,15,58.029,60.337,,
53742,0,0.51,4.942,,
53742,1,5.17,10.071,,
53742,2,109.912,118.804,,
53742,3,118.362,121.647,,
53742,4,9.899,14.561,,
53742,5,14.468,47.356,,
53742,6,48.082,52.434,,
53742,7,52.113,76.849,,
53742,8,77.026,85.609,,
53742,9,86.036,94.369,,
53742,10,93.619,108.288,,
53742,11,107.387,110.592,,
53766,0,1.268,2.807,,
53766,1,1.807,20.238,,
53766,2,19.238,23.041,,
53766,3,22.041,46.388,,
53766,4,46.097,60.446,,
53766,5,60.584,68.997,,
53766,6,68.326,94.1,,
53766,7,93.1,114.663,,
53766,8,114.192,132.991,,
53766,9,132.45,144.495,,
54CM1_GA-uw,0,0.0124716553288,6.69727891156,,
54CM1_GA-uw,1,24.4968253968,31.7702947846,,
55156,0,0.031,2.418,,
55156,1,2.855,6.499,,
55156,2,34.074,42.946,,
55156,3,42.644,51.826,,
55156,4,51.774,58.84,,
55156,5,5.609,9.352,,
55156,6,8.352,11.418,,
55156,7,11.016,18.532,,
55156,8,18.479,22.662,,
55156,9,21.662,23.061,,
55156,10,22.061,25.256,,
55156,11,25.643,31.851,,
55156,12,31.23,33.827,,
55T4QNcdpOk,0,2.506,9.073,,
55T4QNcdpOk,1,14.578,19.03,,
55T4QNcdpOk,2,18.07,28.878,,
56006,0,0.281,2.827,,
56006,1,2.007,5.381,,
56006,2,44.241,58.521,,
56006,3,58.798,62.112,,
56006,4,61.112,62.971,,
56006,5,4.381,15.778,,
56006,6,15.456,26.164,,
56006,7,25.164,29.487,,
56006,8,28.487,30.245,,
56006,9,30.492,37.878,,
56006,10,37.566,40.651,,
56006,11,39.651,42.966,,
56006,12,43.373,45.241,,
56276,0,0.0,3.057,,
56276,1,2.057,9.053,,
56276,2,52.432,56.356,,
56276,3,56.044,66.892,,
56276,4,66.211,73.008,,
56276,5,72.008,75.642,,
56276,6,74.891,79.254,,
56276,7,78.563,85.02,,
56276,8,8.791,16.027,,
56276,9,15.556,25.905,,
56276,10,24.905,26.743,,
56276,11,26.212,29.776,,
56276,12,29.265,31.871,,
56276,13,30.871,35.932,,
56276,14,34.932,39.993,,
56276,15,39.402,53.432,,
56989,0,0.351,6.02,,
56989,1,6.357,11.218,,
56989,2,51.185,55.128,,
56989,3,55.146,59.828,,
56989,4,59.865,66.253,,
56989,5,65.253,70.324,,
56989,6,11.186,15.219,,
56989,7,14.538,18.931,,
56989,8,18.33,34.465,,
56989,9,34.603,37.718,,
56989,10,37.526,41.03,,
56989,11,40.679,43.774,,
56989,12,43.313,50.04,,
56989,13,49.04,51.457,,
57618,0,0.0,4.234,,
57618,1,4.561,8.035,,
57618,2,42.515,49.97,,
57618,3,50.117,56.585,,
57618,4,59.267,62.482,,
57618,5,63.497,81.119,,
57618,6,82.324,85.37,,
57618,7,84.749,88.483,,
57618,8,90.516,98.54,,
57618,9,7.674,10.55,,
57618,10,10.248,17.324,,
57618,11,16.723,19.499,,
57618,12,19.188,22.662,,
57618,13,22.251,27.521,,
57618,14,26.521,35.543,,
57618,15,34.543,41.12,,
57618,16,40.709,43.475,,
59333,0,0.0,6.389,,
59333,1,7.584,13.224,,
59333,2,41.936,44.782,,
59333,3,44.101,51.467,,
59333,4,51.205,56.465,,
59333,5,55.465,57.224,,
59333,6,56.224,58.561,,
59333,7,57.9,65.335,,
59333,8,66.251,70.733,,
59333,9,70.601,77.507,,
59333,10,76.687,79.603,,
59333,11,79.052,81.249,,
59333,12,12.992,15.638,,
59333,13,14.638,24.099,,
59333,14,23.618,28.13,,
59333,15,27.619,32.021,,
59333,16,32.029,37.069,,
59333,17,36.668,39.773,,
59333,18,38.773,40.821,,
59333,19,40.17,42.527,,
59673,0,0.0,5.032,,
59673,1,4.95,9.622,,
59673,2,57.84,66.682,,
59673,3,65.682,68.398,,
59673,4,67.398,93.411,,
59673,5,92.411,94.559,,
59673,6,10.168,15.818,,
59673,7,16.304,27.122,,
59673,8,26.661,32.999,,
59673,9,32.647,40.083,,
59673,10,39.083,47.346,,
59673,11,46.725,50.768,,
59673,12,50.407,56.226,,
59673,13,55.864,58.241,,
5B0PQx3Ep3k,0,21.932,31.422,,
5B0PQx3Ep3k,1,33.326,38.835,,
5B0PQx3Ep3k,2,38.544,47.146,,
5B0PQx3Ep3k,3,80.139,92.344,,
5F-KEGK9eXo,0,0.0,8.544,,
5F-KEGK9eXo,1,28.786,46.508,,
5FbzKjx3Lho,0,0.0,5.152,,
5FbzKjx3Lho,1,4.551,12.106,,
5FbzKjx3Lho,2,23.608,31.871,,
5Fs_7A_V2kA,0,15.736,34.884,,
5Fs_7A_V2kA,1,57.211,72.469,,
5Fs_7A_V2kA,2,71.629,90.977,,
5Fs_7A_V2kA,3,113.513,120.071,,
5Fs_7A_V2kA,4,139.694,149.853,,
5HjbZAbB-Lg,0,0.0,10.38,,
5HjbZAbB-Lg,1,9.779,25.735,,
5HjbZAbB-Lg,2,29.684,39.733,,
5IhAgV0Bf_4,0,35.88,42.996,,
5IhAgV0Bf_4,1,47.184,57.962,,
5IhAgV0Bf_4,2,64.375,76.26,,
5JMpMKAO-Mk,0,19.118,25.346,,
5JMpMKAO-Mk,1,30.632,35.573,,
5JMpMKAO-Mk,2,34.792,40.502,,
5O1W39o56gg,0,0.420408163265,5.72063492063,,
5O1W39o56gg,1,50.0077097506,56.5052154195,,
5O1W39o56gg,2,5.10975056689,9.09297052154,,
5O1W39o56gg,3,8.37233560091,16.1070294785,,
5O1W39o56gg,4,15.1070294785,19.5591836735,,
5O1W39o56gg,5,18.8784580499,24.547845805,,
5O1W39o56gg,6,38.833106576,42.7265306122,,
5O1W39o56gg,7,42.4648526077,46.3482993197,,
5O1W39o56gg,8,45.3482993197,50.6285714286,,
5OLO6zEbrVw,0,0.0,7.187,,
5OLO6zEbrVw,1,6.716,17.933,,
5OLO6zEbrVw,2,31.021,43.515,,
5OLO6zEbrVw,3,42.994,47.995,,
5OUcvUDMMWE,0,0.0,2.398,,
5OUcvUDMMWE,1,1.678,9.302,,
5OUcvUDMMWE,2,46.526,48.813,,
5OUcvUDMMWE,3,48.89,54.709,,
5OUcvUDMMWE,4,8.592,14.85,,
5OUcvUDMMWE,5,14.049,21.704,,
5OUcvUDMMWE,6,20.974,26.823,,
5OUcvUDMMWE,7,27.06,32.38,,
5OUcvUDMMWE,8,31.62,37.768,,
5OUcvUDMMWE,9,36.927,42.098,,
5OUcvUDMMWE,10,41.238,47.526,,
5OXuBO5buF8,0,5.349,10.929,,
5OXuBO5buF8,1,19.298,25.486,,
5OXuBO5buF8,2,29.345,36.341,,
5PqwxUYIe3c,0,42.764,48.044,,
5PqwxUYIe3c,1,58.818,65.714,,
5PqwxUYIe3c,2,79.6,85.15,,
5PqwxUYIe3c,3,26.9,31.273,,
5QXHyL3BMto,0,6.936,17.234,,
5QXHyL3BMto,1,27.778,43.475,,
5R5fDxZUL8M,0,82.793,92.314,,
5R5fDxZUL8M,1,91.543,100.126,,
5R5fDxZUL8M,2,99.904,110.802,,
5R5fDxZUL8M,3,110.251,129.739,,
5R5fDxZUL8M,4,5.698,11.378,,
5R5fDxZUL8M,5,17.701,24.219,,
5R5fDxZUL8M,6,23.917,32.939,,
5R5fDxZUL8M,7,36.059,53.851,,
5RVF_3YBUVI,0,0.0124716553288,4.93129251701,,
5Tqu1IXJjGY,0,-0.487528344671,1.50022675737,,
5Tqu1IXJjGY,1,13.5306122449,19.1501133787,,
5Tqu1IXJjGY,2,18.7387755102,23.180952381,,
5Tqu1IXJjGY,3,36.029478458,41.5591836735,,
5Tqu1IXJjGY,4,41.2476190476,45.9591836735,,
5VKMctXBN9M,0,0.200907029478,4.13424036281,,
5VKMctXBN9M,1,3.3537414966,10.8988662132,,
5VKMctXBN9M,2,9.8988662132,13.662585034,,
5VKMctXBN9M,3,48.5709750567,54.9287981859,,
5XX0csik6VQ,0,0.0,17.554,,
5XX0csik6VQ,1,16.953,26.912,,
5XX0csik6VQ,2,36.459,42.567,,
5XX0csik6VQ,3,41.567,50.05,,
5XX0csik6VQ,4,49.429,55.507,,
5YnYGjrhzF4,0,6.187,25.825,,
5YnYGjrhzF4,1,25.084,38.337,,
5YnYGjrhzF4,2,37.845,48.005,,
5YnYGjrhzF4,3,47.364,54.52,,
5YnYGjrhzF4,4,53.52,57.034,,
5YnYGjrhzF4,5,56.234,64.846,,
5YnYGjrhzF4,6,64.325,67.71,,
5YnYGjrhzF4,7,66.74,68.867,,
5YnYGjrhzF4,8,68.137,75.502,,
5YnYGjrhzF4,9,75.29,81.039,,
5eA5HpyFsIk,0,0.0,10.769,,
5eA5HpyFsIk,1,9.769,25.047,,
5eY4S1F62Z4,0,-0.487528344671,13.7024943311,,
5eY4S1F62Z4,1,80.937414966,90.1188208617,,
5eY4S1F62Z4,2,89.8371882086,93.9002267574,,
5eY4S1F62Z4,3,93.229478458,100.50521542,,
5eY4S1F62Z4,4,99.50521542,111.470294785,,
5eY4S1F62Z4,5,111.637641723,115.800453515,,
5eY4S1F62Z4,6,115.06984127,120.459863946,,
5eY4S1F62Z4,7,120.168253968,134.118820862,,
5eY4S1F62Z4,8,133.757369615,138.987755102,,
5eY4S1F62Z4,9,13.8698412698,21.1954648526,,
5eY4S1F62Z4,10,20.3052154195,35.1736961451,,
5eY4S1F62Z4,11,34.6825396825,40.820861678,,
5eY4S1F62Z4,12,40.5292517007,53.3224489796,,
5eY4S1F62Z4,13,52.7614512472,62.2321995465,,
5eY4S1F62Z4,14,61.9206349206,65.0657596372,,
5eY4S1F62Z4,15,64.5446712018,73.6462585034,,
5eY4S1F62Z4,16,73.1850340136,80.9995464853,,
5fKPJPFqPho,0,1.039,3.785,,
5fKPJPFqPho,1,39.342,46.039,,
5fKPJPFqPho,2,45.438,49.381,,
5fKPJPFqPho,3,3.284,8.943,,
5fKPJPFqPho,4,8.362,13.423,,
5fKPJPFqPho,5,13.351,18.312,,
5fKPJPFqPho,6,18.05,25.326,,
5fKPJPFqPho,7,24.905,29.726,,
5fKPJPFqPho,8,29.295,33.697,,
5fKPJPFqPho,9,33.186,37.01,,
5fKPJPFqPho,10,36.498,39.923,,
5hXC8JbiLd8,0,60.294,67.67,,
5hXC8JbiLd8,1,19.068,23.321,,
5i6AgQSjXO4,0,0.0,2.468,,
5i6AgQSjXO4,1,1.488,9.273,,
5i6AgQSjXO4,2,8.273,20.417,,
5i6AgQSjXO4,3,19.417,28.349,,
5i6AgQSjXO4,4,27.349,35.184,,
5i6AgQSjXO4,5,34.972,39.404,,
5i6AgQSjXO4,6,39.132,44.073,,
5i6AgQSjXO4,7,43.632,51.916,,
5kaCGzjYukM,0,0.0,11.238,,
5kaCGzjYukM,1,18.34,29.616,,
5kaCGzjYukM,2,29.075,42.457,,
5kaCGzjYukM,3,57.79,73.636,,
5kaCGzjYukM,4,81.915,91.905,,
5lrDS7LluCA,0,-0.487528344671,3.2462585034,,
5lrDS7LluCA,1,2.2462585034,7.76598639456,,
5lrDS7LluCA,2,21.8616780045,27.770521542,,
5lrDS7LluCA,3,27.4489795918,29.4068027211,,
5lrDS7LluCA,4,28.4068027211,34.7247165533,,
5lrDS7LluCA,5,34.243537415,43.8240362812,,
5lrDS7LluCA,6,42.8240362812,49.5111111111,,
5oEuiBPUTYc,0,57.89,68.099,,
5oEuiBPUTYc,1,67.438,75.462,,
5oEuiBPUTYc,2,3.723,16.197,,
5oEuiBPUTYc,3,20.615,30.804,,
5oEuiBPUTYc,4,30.322,42.647,,
5oEuiBPUTYc,5,47.513,58.391,,
5pxFqJ5hKMU,0,7.065,11.258,,
5pxFqJ5hKMU,1,62.03,71.202,,
5qQs9Cfydo4,0,14.0095238095,22.4326530612,,
5qQs9Cfydo4,1,21.4326530612,26.9424036281,,
5qQs9Cfydo4,2,26.3514739229,29.4467120181,,
5qQs9Cfydo4,3,28.4467120181,32.4399092971,,
5qQs9Cfydo4,4,31.8290249433,40.2721088435,,
5qQs9Cfydo4,5,39.2721088435,56.4154195011,,
5qxZFmIaynE,0,55.665,62.801,,
5qxZFmIaynE,1,70.122,75.422,,
5qxZFmIaynE,2,75.19,85.918,,
5qxZFmIaynE,3,85.397,93.81,,
5qxZFmIaynE,4,94.397,102.191,,
5qxZFmIaynE,5,10.857,16.795,,
5qxZFmIaynE,6,112.546,120.669,,
5qxZFmIaynE,7,125.576,133.091,,
5qxZFmIaynE,8,138.856,145.573,,
5qxZFmIaynE,9,151.836,156.857,,
5qxZFmIaynE,10,156.366,162.015,,
5qxZFmIaynE,11,162.013,165.897,,
5qxZFmIaynE,12,165.306,172.112,,
5qxZFmIaynE,13,178.745,185.462,,
5qxZFmIaynE,14,189.8,194.571,,
5qxZFmIaynE,15,193.971,202.314,,
5qxZFmIaynE,16,210.712,219.664,,
5qxZFmIaynE,17,22.72,28.569,,
5qxZFmIaynE,18,28.088,33.637,,
5qxZFmIaynE,19,36.977,42.118,,
5qxZFmIaynE,20,49.619,56.206,,
5sDBK-lP8Pg,0,8.013,15.099,,
5sDBK-lP8Pg,1,30.033,45.67,,
5tV5rZZJDCE,0,0.0,5.98,,
5tV5rZZJDCE,1,13.89,25.326,,
5tV5rZZJDCE,2,24.705,34.645,,
5tV5rZZJDCE,3,46.775,54.171,,
5tV5rZZJDCE,4,53.55,61.464,,
5vwXp27bCLw,0,94.447,102.76,,
5vwXp27bCLw,1,102.289,110.383,,
5vwXp27bCLw,2,109.383,117.586,,
5vwXp27bCLw,3,117.355,124.042,,
5vwXp27bCLw,4,123.8,138.04,,
5vwXp27bCLw,5,140.113,148.197,,
5vwXp27bCLw,6,147.636,151.859,,
5vwXp27bCLw,7,175.333,185.133,,
5vwXp27bCLw,8,201.753,210.066,,
5vwXp27bCLw,9,228.981,232.924,,
5vwXp27bCLw,10,22.979,29.387,,
5vwXp27bCLw,11,36.658,44.253,,
5vwXp27bCLw,12,71.918,90.887,,
5wpCKY2U1NE,0,0.0,10.151,,
5wpCKY2U1NE,1,9.45,15.828,,
5wpCKY2U1NE,2,60.015,68.717,,
5wpCKY2U1NE,3,21.413,27.102,,
5wpCKY2U1NE,4,26.531,31.931,,
5wpCKY2U1NE,5,38.604,46.278,,
5wpCKY2U1NE,6,46.276,53.801,,
5wpCKY2U1NE,7,53.28,61.015,,
5xa0Ac2krGs,0,7.415,15.449,,
5xa0Ac2krGs,1,33.286,37.488,,
6-0bcijTR8k,0,0.0,74.005,,
60037,0,0.0,1.151,,
60037,1,0.151,5.022,,
60037,2,61.861,66.632,,
60037,3,66.041,71.192,,
60037,4,70.571,89.45,,
60037,5,88.81,94.439,,
60037,6,93.698,98.809,,
60037,7,97.809,102.481,,
60037,8,101.481,109.784,,
60037,9,4.072,6.289,,
60037,10,5.289,10.19,,
60037,11,10.488,24.109,,
60037,12,23.149,32.749,,
60037,13,32.148,37.778,,
60037,14,37.985,56.495,,
60037,15,55.775,61.753,,
60037,16,61.053,62.731,,
60Qw70Rd9Yg,0,42.066,46.797,,
60Qw70Rd9Yg,1,46.246,50.13,,
60Qw70Rd9Yg,2,57.88,63.809,,
61531,0,0.0,1.241,,
61531,1,0.71,2.488,,
61531,2,34.144,38.626,,
61531,3,38.963,42.776,,
61531,4,43.383,47.436,,
61531,5,47.264,50.12,,
61531,6,49.928,61.314,,
61531,7,60.314,62.282,,
61531,8,63.128,66.463,,
61531,9,3.833,6.788,,
61531,10,5.788,8.634,,
61531,11,8.013,16.227,,
61531,12,16.015,20.228,,
61531,13,23.618,25.186,,
61531,14,24.186,28.918,,
61531,15,28.387,31.712,,
61531,16,33.076,34.715,,
63951,0,1.239,4.434,,
63951,1,5.0,14.77,,
63951,2,64.375,75.233,,
63951,3,74.233,83.763,,
63951,4,82.873,88.732,,
63951,5,87.961,90.268,,
63951,6,89.268,92.284,,
63951,7,92.511,94.269,,
63951,8,14.498,22.562,,
63951,9,22.241,30.055,,
63951,10,29.504,49.252,,
63951,11,48.282,52.434,,
63951,12,52.452,55.478,,
63951,13,54.478,57.732,,
63951,14,57.102,62.731,,
63951,15,62.22,64.567,,
65kkuNV921k,0,0.0,13.553,,
65kkuNV921k,1,13.042,19.529,,
65kkuNV921k,2,77.635,83.913,,
65kkuNV921k,3,86.046,92.723,,
65kkuNV921k,4,125.895,134.787,,
65kkuNV921k,5,134.396,142.879,,
65kkuNV921k,6,142.438,146.85,,
65kkuNV921k,7,154.39,159.132,,
65kkuNV921k,8,21.682,30.694,,
65kkuNV921k,9,163.23,167.693,,
65kkuNV921k,10,172.12,177.79,,
65kkuNV921k,11,176.79,186.021,,
65kkuNV921k,12,30.013,38.396,,
65kkuNV921k,13,38.065,45.839,,
65kkuNV921k,14,45.308,50.908,,
65kkuNV921k,15,50.417,60.087,,
663uRzFOfrg,0,42.375,51.776,,
663uRzFOfrg,1,64.385,71.99,,
67uKYi7mslE,0,0.051,9.043,,
67uKYi7mslE,1,8.043,15.389,,
67uKYi7mslE,2,88.341,103.628,,
67uKYi7mslE,3,103.436,116.668,,
67uKYi7mslE,4,116.317,122.356,,
67uKYi7mslE,5,121.974,130.637,,
67uKYi7mslE,6,129.637,139.357,,
67uKYi7mslE,7,139.185,150.083,,
67uKYi7mslE,8,151.258,157.366,,
67uKYi7mslE,9,156.366,165.288,,
67uKYi7mslE,10,164.697,168.401,,
67uKYi7mslE,11,14.598,23.151,,
67uKYi7mslE,12,22.171,29.197,,
67uKYi7mslE,13,28.197,35.184,,
67uKYi7mslE,14,34.972,43.844,,
67uKYi7mslE,15,44.61,55.517,,
67uKYi7mslE,16,54.907,62.761,,
67uKYi7mslE,17,62.35,73.177,,
67uKYi7mslE,18,72.397,88.692,,
69707,0,0.0,1.42,,
69707,1,0.57,4.224,,
69707,2,4.761,17.155,,
69707,3,16.284,88.612,,
69707,4,89.029,124.141,,
69707,5,123.551,133.64,,
69707,6,132.909,150.352,,
69707,7,150.27,153.106,,
69824,0,0.0,4.793,,
69824,1,4.541,15.349,,
69824,2,14.349,27.002,,
69824,3,27.12,38.047,,
69824,4,37.426,43.844,,
69824,5,43.941,49.262,,
69824,6,48.262,54.849,,
69824,7,55.445,63.439,,
69824,8,62.799,64.737,,
69NtV79qgOg,0,-0.487528344671,26.7528344671,,
69NtV79qgOg,1,25.7528344671,37.368707483,,
69NtV79qgOg,2,36.368707483,40.8108843537,,
69NtV79qgOg,3,44.5002267574,51.4566893424,,
69NtV79qgOg,4,50.4566893424,58.1614512472,,
6E-yr6nPxGA,0,70.99,78.226,,
6E-yr6nPxGA,1,91.553,100.934,,
6E-yr6nPxGA,2,106.729,123.144,,
6E-yr6nPxGA,3,34.693,43.385,,
6EDoVEm16fU,0,5.310430839,15.0682539683,,
6EDoVEm16fU,1,97.6106575964,102.389795918,,
6EDoVEm16fU,2,126.285487528,139.505442177,,
6EDoVEm16fU,3,139.914512472,147.257823129,,
6EDoVEm16fU,4,147.407482993,156.057823129,,
6EDoVEm16fU,5,15.3975056689,23.0501133787,,
6EDoVEm16fU,6,39.6723356009,52.2337868481,,
6EDoVEm16fU,7,55.2868480726,59.8265306122,,
6EDoVEm16fU,8,90.1775510204,97.3113378685,,
6EJHA6IDLNk,0,7.165,14.181,,
6EJHA6IDLNk,1,13.531,20.327,,
6EJHA6IDLNk,2,38.663,44.383,,
6G8JJ69aN6o,0,0.1410430839,13.6126984127,,
6G8JJ69aN6o,1,14.4185941043,24.6476190476,,
6G8JJ69aN6o,2,24.8249433107,29.0875283447,,
6G8JJ69aN6o,3,30.601814059,36.8299319728,,
6G8JJ69aN6o,4,36.2090702948,38.3065759637,,
6G8JJ69aN6o,5,40.3496598639,42.6167800454,,
6G8JJ69aN6o,6,43.7020408163,52.2349206349,,
6IUj6jyoTl0,0,0.0,7.048,,
6IUj6jyoTl0,1,19.327,29.207,,
6IUj6jyoTl0,2,43.273,52.085,,
6J_yzh1LNAE,0,0.0,8.195,,
6J_yzh1LNAE,1,13.211,19.639,,
6KvG5VbLalY,0,0.0,16.177,,
6KvG5VbLalY,1,84.06,88.562,,
6KvG5VbLalY,2,88.41,95.776,,
6KvG5VbLalY,3,73.075,85.06,,
6MYUY5tC2Us,0,0.0,3.306,,
6MYUY5tC2Us,1,4.95,12.216,,
6MYUY5tC2Us,2,13.411,17.763,,
6MYUY5tC2Us,3,29.105,34.685,,
6MYUY5tC2Us,4,34.663,37.269,,
6MYUY5tC2Us,5,36.628,45.919,,
6MYUY5tC2Us,6,46.386,54.29,,
6MloL1gIccs,0,1.408,6.668,,
6MloL1gIccs,1,52.293,57.902,,
6MloL1gIccs,2,61.312,67.979,,
6MloL1gIccs,3,67.428,74.135,,
6MloL1gIccs,4,75.2,81.359,,
6MloL1gIccs,5,80.758,85.589,,
6MloL1gIccs,6,8.891,13.543,,
6MloL1gIccs,7,12.782,22.902,,
6MloL1gIccs,8,31.58,38.666,,
6MloL1gIccs,9,39.761,45.52,,
6MloL1gIccs,10,45.019,53.293,,
6PLlauWxF5E,0,0.0,7.107,,
6PLlauWxF5E,1,14.289,21.884,,
6RFVsOWK1m4,0,0.0,8.305,,
6RFVsOWK1m4,1,8.253,13.373,,
6RFVsOWK1m4,2,12.373,25.077,,
6RFVsOWK1m4,3,27.429,34.555,,
6RFVsOWK1m4,4,34.373,45.211,,
6RFVsOWK1m4,5,51.854,60.785,,
6RFVsOWK1m4,6,60.404,73.058,,
6RFVsOWK1m4,7,72.527,81.498,,
6T1GHj7qwYs,0,0.0,9.223,,
6T1GHj7qwYs,1,60.185,67.81,,
6T1GHj7qwYs,2,70.491,84.432,,
6TDXQtGUNEs,0,81.366,87.844,,
6TDXQtGUNEs,1,87.024,91.685,,
6TDXQtGUNEs,2,133.428,146.002,,
6TDXQtGUNEs,3,145.132,158.743,,
6TDXQtGUNEs,4,162.063,166.834,,
6TDXQtGUNEs,5,8.003,34.016,,
6TDXQtGUNEs,6,168.399,171.963,,
6TDXQtGUNEs,7,171.422,186.59,,
6TDXQtGUNEs,8,34.353,42.138,,
6TDXQtGUNEs,9,43.004,55.927,,
6TDXQtGUNEs,10,55.216,66.892,,
6TDXQtGUNEs,11,66.71,74.854,,
6TKaGMkO69E,0,2.11655328798,11.4176870748,,
6TKaGMkO69E,1,24.8448979592,32.020861678,,
6TKaGMkO69E,2,42.5945578231,53.980952381,,
6UV6ktwbLoo,0,0.371,77.687,,
6UV6ktwbLoo,1,77.336,109.744,,
6UV6ktwbLoo,2,109.123,117.886,,
6UV6ktwbLoo,3,117.614,122.176,,
6Vg10LxmWUY,0,0.341,7.806,,
6Vg10LxmWUY,1,7.215,12.096,,
6Vg10LxmWUY,2,11.745,23.999,,
6Vg10LxmWUY,3,23.318,39.344,,
6Vg10LxmWUY,4,39.392,46.249,,
6WDchK7TuL8,0,0.0,15.419,,
6WDchK7TuL8,1,14.419,29.207,,
6WDchK7TuL8,2,43.652,53.183,,
6YNAmRjpxlA,0,0.0,23.331,,
6YNAmRjpxlA,1,22.909,26.134,,
6YNAmRjpxlA,2,52.991,56.575,,
6YNAmRjpxlA,3,55.795,58.032,,
6ZA8I83x-oY,0,0.0,9.183,,
6ZA8I83x-oY,1,12.832,26.883,,
6ZA8I83x-oY,2,25.883,42.687,,
6ZA8I83x-oY,3,41.826,60.366,,
6_ZT8beQXq8,0,0.0,4.284,,
6_ZT8beQXq8,1,49.04,54.969,,
6_ZT8beQXq8,2,54.398,58.501,,
6_ZT8beQXq8,3,57.501,65.185,,
6_ZT8beQXq8,4,68.326,72.05,,
6_ZT8beQXq8,5,71.249,76.999,,
6_ZT8beQXq8,6,75.999,80.361,,
6_ZT8beQXq8,7,12.054,16.785,,
6_ZT8beQXq8,8,31.969,44.193,,
6_ZT8beQXq8,9,44.061,47.815,,
6_k3cw9_k-Y,0,17.741,25.735,,
6aoTjlvo0js,0,0.0,12.445,,
6aoTjlvo0js,1,12.413,19.31,,
6aoTjlvo0js,2,18.659,27.022,,
6aoTjlvo0js,3,32.787,44.772,,
6brtMLkjjYk,0,0.0,4.922,,
6brtMLkjjYk,1,11.316,17.354,,
6brtMLkjjYk,2,16.873,28.509,,
6c7vAwDSVGc,0,7.893,26.813,,
6c7vAwDSVGc,1,25.813,34.904,,
6gtfeIqGasE,0,0.0,9.801,,
6gtfeIqGasE,1,8.801,11.078,,
6gtfeIqGasE,2,10.078,12.485,,
6gtfeIqGasE,3,18.948,22.193,,
6gtfeIqGasE,4,38.185,42.786,,
6hFiTU77Sm0,0,0.0,5.471,,
6hFiTU77Sm0,1,4.97,10.959,,
6hFiTU77Sm0,2,10.368,15.02,,
6hFiTU77Sm0,3,14.189,22.403,,
6hFiTU77Sm0,4,57.58,71.85,,
6hp1SGhVYfY,0,13.89,21.036,,
6hp1SGhVYfY,1,32.049,50.2,,
6ng8CZ0ULK4,0,-0.487528344671,4.1641723356,,
6ng8CZ0ULK4,1,3.1641723356,9.8612244898,,
6ng8CZ0ULK4,2,47.5732426304,53.6916099773,,
6ng8CZ0ULK4,3,52.9210884354,55.158276644,,
6ng8CZ0ULK4,4,54.158276644,56.8344671202,,
6ng8CZ0ULK4,5,8.92108843537,16.2766439909,,
6ng8CZ0ULK4,6,15.2766439909,17.493877551,,
6ng8CZ0ULK4,7,16.493877551,20.0979591837,,
6ng8CZ0ULK4,8,20.0657596372,26.7029478458,,
6ng8CZ0ULK4,9,25.7727891156,38.166893424,,
6ng8CZ0ULK4,10,37.3764172336,41.2798185941,,
6ng8CZ0ULK4,11,40.4095238095,48.4335600907,,
6q5uKCgairk,0,5.269,31.213,,
6q5uKCgairk,1,30.213,33.827,,
6q5uKCgairk,2,128.629,133.091,,
6q5uKCgairk,3,132.361,141.612,,
6q5uKCgairk,4,140.801,146.181,,
6q5uKCgairk,5,145.281,156.368,,
6q5uKCgairk,6,32.976,55.468,,
6q5uKCgairk,7,54.927,62.422,,
6q5uKCgairk,8,61.811,71.561,,
6q5uKCgairk,9,70.99,81.508,,
6q5uKCgairk,10,80.977,107.499,,
6q5uKCgairk,11,106.749,113.945,,
6q5uKCgairk,12,113.374,119.891,,
6q5uKCgairk,13,119.091,129.09,,
6qPjYvdZiLA,0,40.948,48.972,,
6qmReTSoz0E,0,3.992,11.777,,
6rkV4QRcVnk,0,0.0,3.067,,
6rkV4QRcVnk,1,13.141,19.35,,
6rkV4QRcVnk,2,18.539,23.52,,
6rkV4QRcVnk,3,22.58,32.151,,
6rkV4QRcVnk,4,31.151,36.291,,
6rkV4QRcVnk,5,35.431,40.023,,
6rkV4QRcVnk,6,47.084,52.554,,
6slq62RwH3Q,0,0.0,4.932,,
6slq62RwH3Q,1,5.659,18.043,,
6slq62RwH3Q,2,84.21,90.947,,
6slq62RwH3Q,3,90.206,96.544,,
6slq62RwH3Q,4,96.672,102.391,,
6slq62RwH3Q,5,17.641,27.312,,
6slq62RwH3Q,6,26.88,37.069,,
6slq62RwH3Q,7,36.548,49.621,,
6slq62RwH3Q,8,53.071,63.09,,
6slq62RwH3Q,9,62.09,68.628,,
6slq62RwH3Q,10,71.05,84.541,,
6uPGcKTpC4I,0,2.436,15.907,,
6uPGcKTpC4I,1,15.297,25.027,,
6uPGcKTpC4I,2,26.282,39.634,,
6uPGcKTpC4I,3,39.112,47.127,,
6uPGcKTpC4I,4,46.556,52.854,,
6uoM8-9d0zA,0,31.719,37.439,,
6vbd4o5rIjM,0,54.148,58.421,,
6vbd4o5rIjM,1,60.165,69.446,,
6vbd4o5rIjM,2,68.446,76.729,,
6vbd4o5rIjM,3,21.193,26.454,,
6vbd4o5rIjM,4,26.202,31.283,,
6vbd4o5rIjM,5,40.25,47.226,,
6vbd4o5rIjM,6,46.226,51.736,,
6xvVFYR5di0,0,0.0,4.723,,
6xvVFYR5di0,1,3.783,12.385,,
6xvVFYR5di0,2,21.991,26.982,,
6xvVFYR5di0,3,25.982,28.569,,
6xvVFYR5di0,4,27.569,31.592,,
6xvVFYR5di0,5,30.592,33.318,,
6xvVFYR5di0,6,43.233,48.663,,
6xvVFYR5di0,7,48.022,51.946,,
6ywl-j2-e-s,0,16.504,25.556,,
6ywl-j2-e-s,1,26.012,32.699,,
6zjv1TLqfF0,0,0.84943310658,7.28707482993,,
6zjv1TLqfF0,1,29.8235827664,32.7292517007,,
6zjv1TLqfF0,2,31.9387755102,34.0861678005,,
6zjv1TLqfF0,3,33.9741496599,38.0371882086,,
6zjv1TLqfF0,4,37.8952380952,44.99138322,,
6zjv1TLqfF0,5,7.06530612245,9.98095238095,,
6zjv1TLqfF0,6,9.28027210884,12.3156462585,,
6zjv1TLqfF0,7,11.3156462585,16.2267573696,,
6zjv1TLqfF0,8,15.4362811791,19.6290249433,,
6zjv1TLqfF0,9,18.6290249433,23.5800453515,,
6zjv1TLqfF0,10,22.8195011338,26.2240362812,,
6zjv1TLqfF0,11,26.9600907029,30.8235827664,,
70280,0,0.171,3.176,,
70280,1,2.306,15.01,,
70280,2,70.172,76.659,,
70280,3,75.849,81.359,,
70280,4,80.538,85.439,,
70280,5,14.369,22.123,,
70280,6,21.123,29.107,,
70280,7,28.337,33.867,,
70280,8,32.927,47.326,,
70280,9,46.935,52.634,,
70280,10,51.873,58.451,,
70280,11,57.451,63.15,,
70280,12,62.15,71.172,,
70420,0,0.111,4.843,,
70420,1,3.922,7.247,,
70420,2,39.551,41.669,,
70420,3,40.779,43.764,,
70420,4,42.764,45.111,,
70420,5,44.111,48.942,,
70420,6,47.942,51.776,,
70420,7,50.776,58.112,,
70420,8,58.329,60.905,,
70420,9,59.905,61.324,,
70420,10,60.644,65.784,,
70420,11,6.247,8.345,,
70420,12,7.345,10.629,,
70420,13,10.188,14.281,,
70420,14,13.62,20.417,,
70420,15,19.417,23.79,,
70420,16,23.378,32.629,,
70420,17,31.629,38.406,,
70420,18,37.476,40.551,,
70710,0,0.73,4.743,,
70710,1,5.16,7.397,,
70710,2,6.397,43.295,,
70710,3,42.834,58.96,,
708sewcSXVY,0,0.0,10.829,,
708sewcSXVY,1,19.647,34.385,,
708sewcSXVY,2,47.853,57.373,,
70HptJgAhZM,0,9.53,23.969,,
70HptJgAhZM,1,39.941,50.359,,
72017,0,0.061,1.989,,
72017,1,1.438,4.254,,
72017,2,35.092,39.414,,
72017,3,38.803,41.0,,
72017,4,40.449,50.21,,
72017,5,51.824,57.912,,
72017,6,3.653,12.056,,
72017,7,11.056,12.844,,
72017,8,12.543,15.01,,
72017,9,14.588,17.175,,
72017,10,16.175,23.321,,
72017,11,24.835,28.629,,
72017,12,27.629,31.332,,
72017,13,31.49,33.378,,
72385,0,-0.487528344671,5.0022675737,,
72385,1,4.86031746032,7.68616780045,,
72385,2,35.7201814059,40.9405895692,,
72385,3,40.7287981859,42.9759637188,,
72385,4,43.3129251701,48.1641723356,,
72385,5,47.1641723356,50.1596371882,,
72385,6,49.7782312925,52.2149659864,,
72385,7,52.262585034,58.0816326531,,
72385,8,58.0394557823,62.9006802721,,
72385,9,63.7365079365,68.1587301587,,
72385,10,68.5555555556,72.8780045351,,
72385,11,72.8458049887,77.6671201814,,
72385,12,7.4843537415,11.577324263,,
72385,13,76.6671201814,80.1414965986,,
72385,14,80.2789115646,89.1609977324,,
72385,15,88.5401360544,92.7628117914,,
72385,16,91.7628117914,95.3868480726,,
72385,17,95.0453514739,103.568253968,,
72385,18,10.577324263,12.0362811791,,
72385,19,11.4353741497,18.3918367347,,
72385,20,19.1578231293,26.0843537415,,
72385,21,25.9424036281,27.9201814059,,
72385,22,28.2371882086,33.3977324263,,
72385,23,32.3977324263,36.0117913832,,
72tXTrSXoMk,0,54.0485260771,55.956462585,,
72tXTrSXoMk,1,11.6648526077,16.1868480726,,
72tXTrSXoMk,2,15.4063492063,26.0943310658,,
72tXTrSXoMk,3,25.5532879819,31.6317460317,,
72tXTrSXoMk,4,31.0607709751,38.8353741497,,
72tXTrSXoMk,5,38.5537414966,41.5990929705,,
72tXTrSXoMk,6,40.9882086168,46.5777777778,,
72tXTrSXoMk,7,45.9968253968,53.3024943311,,
72tXTrSXoMk,8,52.3024943311,55.0485260771,,
73447,0,0.0,1.081,,
73447,1,0.081,3.945,,
73447,2,53.879,72.858,,
73447,3,72.696,79.174,,
73447,4,78.174,83.863,,
73447,5,82.863,85.39,,
73447,6,84.809,88.473,,
73447,7,87.732,93.082,,
73447,8,92.312,95.078,,
73447,9,94.078,97.432,,
73447,10,3.633,5.142,,
73447,11,4.282,6.549,,
73447,12,6.636,16.157,,
73447,13,15.945,27.771,,
73447,14,27.0,32.849,,
73447,15,32.068,42.477,,
73447,16,41.906,52.814,,
73447,17,52.293,54.5,,
73449,0,0.44,4.493,,
73449,1,3.493,12.954,,
73449,2,62.769,70.294,,
73449,3,69.773,81.598,,
73449,4,80.748,87.006,,
73449,5,86.006,91.635,,
73449,6,90.925,93.371,,
73449,7,12.293,16.865,,
73449,8,16.185,20.198,,
73449,9,20.036,23.76,,
73449,10,22.81,32.23,,
73449,11,31.729,36.87,,
73449,12,36.329,40.851,,
73449,13,40.449,53.143,,
73449,14,52.442,63.769,,
74101,0,2.306,3.635,,
74101,1,3.144,6.509,,
74101,2,5.728,16.476,,
74101,3,17.382,34.056,,
74101,4,34.353,38.905,,
74101,5,38.065,45.341,,
74101,6,44.929,59.748,,
74101,7,60.923,64.008,,
74101,8,63.008,69.765,,
74184,0,2.13650793651,7.68616780045,,
74184,1,7.18503401361,9.11292517007,,
74184,2,63.4571428571,66.6621315193,,
74184,3,66.220861678,69.5056689342,,
74184,4,68.9247165533,73.9555555556,,
74184,5,73.4743764172,79.5428571429,,
74184,6,78.662585034,80.9396825397,,
74184,7,8.11292517007,20.9160997732,,
74184,8,20.6045351474,32.0907029478,,
74184,9,31.9786848073,37.7278911565,,
74184,10,39.252154195,49.2616780045,,
74184,11,48.7006802721,54.779138322,,
74184,12,55.714739229,60.8952380952,,
74870,0,0.0,5.172,,
74870,1,5.429,9.841,,
74870,2,48.072,58.92,,
74870,3,58.548,61.863,,
74870,4,10.647,16.207,,
74870,5,16.823,23.221,,
74870,6,22.79,26.274,,
74870,7,25.424,29.746,,
74870,8,29.744,37.179,,
74870,9,36.429,38.137,,
74870,10,38.095,45.56,,
74870,11,45.618,48.144,,
75938,0,0.0,7.157,,
75938,1,6.157,13.673,,
75938,2,13.002,18.142,,
75938,3,17.551,25.865,,
75938,4,25.563,28.978,,
75938,5,27.978,34.106,,
75938,6,33.775,43.405,,
75938,7,42.974,49.711,,
75938,8,48.711,56.485,,
75938,9,55.964,64.976,,
75RGHaxmUK8,0,41.756,47.935,,
75RGHaxmUK8,1,7.315,14.351,,
75RGHaxmUK8,2,20.375,27.222,,
75RGHaxmUK8,3,31.51,40.392,,
76124,0,0.0,6.559,,
76124,1,6.417,9.941,,
76124,2,61.232,69.915,,
76124,3,8.941,16.356,,
76124,4,15.356,22.333,,
76124,5,21.932,25.965,,
76124,6,24.965,33.847,,
76124,7,33.326,43.405,,
76124,8,42.405,49.451,,
76124,9,49.609,56.755,,
76124,10,56.254,61.943,,
76PsKs4kPXE,0,29.175,35.403,,
76sN4tvbPGk,0,63.128,71.92,,
76sN4tvbPGk,1,72.686,81.049,,
76sN4tvbPGk,2,14.748,20.976,,
76sN4tvbPGk,3,36.02,39.803,,
76sN4tvbPGk,4,39.132,44.842,,
78577,0,0.49,9.362,,
78577,1,10.078,14.351,,
78577,2,59.436,61.254,,
78577,3,61.172,67.211,,
78577,4,67.668,70.314,,
78577,5,70.082,74.005,,
78577,6,13.86,22.413,,
78577,7,22.5,28.19,,
78577,8,29.814,36.541,,
78577,9,37.396,43.894,,
78577,10,43.343,47.546,,
78577,11,46.546,52.285,,
78577,12,53.879,57.962,,
78577,13,57.78,60.436,,
78Ncka6CY70,0,0.0124716553288,17.6124716553,,
79356,0,0.301,8.754,,
79356,1,8.223,20.148,,
79356,2,67.877,75.642,,
79356,3,75.649,84.681,,
79356,4,84.1,88.912,,
79356,5,19.647,33.827,,
79356,6,33.435,43.684,,
79356,7,43.812,48.204,,
79356,8,47.962,53.881,,
79356,9,53.031,57.293,,
79356,10,56.882,62.202,,
79356,11,61.522,64.218,,
79356,12,64.016,67.58,,
79644,0,0.0,5.771,,
79644,1,5.369,12.904,,
79644,2,12.852,19.479,,
79644,3,18.479,26.084,,
79644,4,25.663,46.278,,
79644,5,49.05,60.975,,
79934,0,-0.487528344671,11.6172335601,,
79934,1,11.0362811791,15.5782312925,,
79934,2,15.4761904762,23.9891156463,,
79934,3,22.9891156463,32.1605442177,,
79934,4,31.6993197279,37.1092970522,,
79934,5,36.6380952381,50.987755102,,
79934,6,50.7160997732,63.8684807256,,
79935,0,0.0,19.35,,
79935,1,18.35,25.815,,
79935,2,78.583,84.571,,
79935,3,84.22,93.252,,
79935,4,92.252,95.457,,
79935,5,95.574,98.101,,
79935,6,97.121,101.463,,
79935,7,100.752,102.91,,
79935,8,104.813,107.809,,
79935,9,107.517,110.672,,
79935,10,109.672,115.431,,
79935,11,115.519,118.594,,
79935,12,24.945,38.646,,
79935,13,41.038,47.595,,
79935,14,46.685,48.603,,
79935,15,48.292,51.367,,
79935,16,51.045,55.428,,
79935,17,55.116,60.656,,
79935,18,60.703,65.285,,
79935,19,65.223,79.583,,
7BFhRPlSOf0,0,0.0,7.966,,
7BFhRPlSOf0,1,8.083,14.191,,
7BFhRPlSOf0,2,13.381,24.558,,
7BFhRPlSOf0,3,23.867,27.232,,
7BFhRPlSOf0,4,27.639,36.391,,
7CLe7PZtna4,0,47.823,51.886,,
7CLe7PZtna4,1,55.844,60.815,,
7EWOMjaKlus,0,-0.487528344671,4.64308390023,,
7EWOMjaKlus,1,3.64308390023,8.52426303855,,
7EWOMjaKlus,2,29.9632653061,33.4675736961,,
7EWOMjaKlus,3,32.4675736961,37.1292517007,,
7EWOMjaKlus,4,36.1292517007,41.6589569161,,
7EWOMjaKlus,5,47.5133786848,54.1904761905,,
7EWOMjaKlus,6,7.57414965986,10.8888888889,,
7EWOMjaKlus,7,10.0185941043,13.1736961451,,
7EWOMjaKlus,8,12.1936507937,18.1922902494,,
7EWOMjaKlus,9,17.1922902494,19.8585034014,,
7EWOMjaKlus,10,19.2975056689,22.273015873,,
7EWOMjaKlus,11,21.273015873,25.2961451247,,
7EWOMjaKlus,12,24.346031746,28.9079365079,,
7EWOMjaKlus,13,27.9079365079,30.9632653061,,
7IxmlIwqigw,0,70.691,85.28,,
7IxmlIwqigw,1,84.669,94.12,,
7IxmlIwqigw,2,97.939,104.117,,
7IxmlIwqigw,3,121.216,127.185,,
7IxmlIwqigw,4,142.118,148.277,,
7IxmlIwqigw,5,185.41,191.419,,
7IxmlIwqigw,6,190.728,208.949,,
7IxmlIwqigw,7,22.291,26.623,,
7IxmlIwqigw,8,27.738,40.621,,
7IxmlIwqigw,9,42.455,49.391,,
7R70kKqtGh0,0,0.0,6.13,,
7R70kKqtGh0,1,5.589,14.261,,
7R70kKqtGh0,2,13.72,29.586,,
7SsmaZZ7mz0,0,0.0,4.653,,
7SsmaZZ7mz0,1,3.873,8.933,,
7SsmaZZ7mz0,2,8.342,13.742,,
7SsmaZZ7mz0,3,27.579,32.39,,
7U_z0JfleAw,0,70.351,76.989,,
7U_z0JfleAw,1,82.743,87.325,,
7U_z0JfleAw,2,7.375,13.912,,
7U_z0JfleAw,3,26.92,36.85,,
7U_z0JfleAw,4,43.902,48.384,,
7UlSX-syPeo,0,2.21632653061,13.8621315193,,
7UlSX-syPeo,1,57.7501133787,65.4149659864,,
7UlSX-syPeo,2,65.0335600907,72.0,,
7UlSX-syPeo,3,71.0,77.0385487528,,
7UlSX-syPeo,4,76.4276643991,88.5324263039,,
7UlSX-syPeo,5,88.0612244898,93.7605442177,,
7UlSX-syPeo,6,93.3691609977,102.111564626,,
7UlSX-syPeo,7,101.321088435,108.676643991,,
7UlSX-syPeo,8,107.936054422,119.771428571,,
7UlSX-syPeo,9,119.350113379,125.678004535,,
7UlSX-syPeo,10,12.8621315193,16.1569160998,,
7UlSX-syPeo,11,124.737868481,137.481179138,,
7UlSX-syPeo,12,136.880272109,142.130612245,,
7UlSX-syPeo,13,141.130612245,160.079818594,,
7UlSX-syPeo,14,159.319274376,162.005442177,,
7UlSX-syPeo,15,15.1569160998,24.4580498866,,
7UlSX-syPeo,16,23.8371882086,27.3414965986,,
7UlSX-syPeo,17,26.3414965986,32.2004535147,,
7UlSX-syPeo,18,31.2004535147,50.4290249433,,
7UlSX-syPeo,19,50.0376417234,56.5850340136,,
7UlSX-syPeo,20,56.053968254,58.7501133787,,
7Vp6Lvin1rA,0,93.419,104.337,,
7Vp6Lvin1rA,1,114.85,120.799,,
7Vp6Lvin1rA,2,120.168,145.373,,
7Vp6Lvin1rA,3,23.568,31.143,,
7Vp6Lvin1rA,4,36.838,49.691,,
7ZzbemE4QEE,0,-0.108390022676,4.06439909297,,
7ZzbemE4QEE,1,3.06439909297,9.32244897959,,
7ZzbemE4QEE,2,52.9310657596,56.29569161,,
7ZzbemE4QEE,3,56.2634920635,60.1968253968,,
7ZzbemE4QEE,4,59.5360544218,71.0721088435,,
7ZzbemE4QEE,5,71.3292517007,75.073015873,,
7ZzbemE4QEE,6,75.3201814059,80.7800453515,,
7ZzbemE4QEE,7,79.7800453515,83.7532879819,,
7ZzbemE4QEE,8,82.9727891156,87.9936507937,,
7ZzbemE4QEE,9,87.3528344671,90.0789115646,,
7ZzbemE4QEE,10,89.4281179138,92.1741496599,,
7ZzbemE4QEE,11,9.40997732426,19.3197278912,,
7ZzbemE4QEE,12,93.3292517007,97.9510204082,,
7ZzbemE4QEE,13,97.2802721088,102.301133787,,
7ZzbemE4QEE,14,101.750113379,109.70430839,,
7ZzbemE4QEE,15,108.804081633,112.188662132,,
7ZzbemE4QEE,16,111.188662132,114.882539683,,
7ZzbemE4QEE,17,113.882539683,123.971882086,,
7ZzbemE4QEE,18,124.039455782,130.267573696,,
7ZzbemE4QEE,19,129.636734694,134.06893424,,
7ZzbemE4QEE,20,133.438095238,138.289342404,,
7ZzbemE4QEE,21,137.289342404,140.733786848,,
7ZzbemE4QEE,22,18.3197278912,28.4988662132,,
7ZzbemE4QEE,23,140.202721088,142.898866213,,
7ZzbemE4QEE,24,142.248072562,154.861678005,,
7ZzbemE4QEE,25,153.861678005,160.399092971,,
7ZzbemE4QEE,26,159.399092971,161.326984127,,
7ZzbemE4QEE,27,160.666213152,162.673922902,,
7ZzbemE4QEE,28,162.531972789,170.4861678,,
7ZzbemE4QEE,29,169.4861678,172.59138322,,
7ZzbemE4QEE,30,171.790929705,184.115192744,,
7ZzbemE4QEE,31,183.514285714,189.672562358,,
7ZzbemE4QEE,32,189.001814059,197.09569161,,
7ZzbemE4QEE,33,27.4988662132,34.0961451247,,
7ZzbemE4QEE,34,33.7047619048,38.2766439909,,
7ZzbemE4QEE,35,37.5360544218,40.970521542,,
7ZzbemE4QEE,36,40.2897959184,44.7519274376,,
7ZzbemE4QEE,37,44.7596371882,49.5510204082,,
7ZzbemE4QEE,38,48.5510204082,52.6140589569,,
7_K3F-lAv1k,0,0.0,6.868,,
7_K3F-lAv1k,1,5.868,26.603,,
7_K3F-lAv1k,2,25.932,40.282,,
7_K3F-lAv1k,3,39.282,61.983,,
7_K3F-lAv1k,4,62.14,72.15,,
7deoh0NoMs4,0,0.0,12.116,,
7deoh0NoMs4,1,11.715,32.759,,
7eJqqvvziQo,0,0.0,9.801,,
7eJqqvvziQo,1,8.801,13.293,,
7eJqqvvziQo,2,12.663,21.176,,
7eJqqvvziQo,3,20.265,23.061,,
7eJqqvvziQo,4,22.53,32.21,,
7eJqqvvziQo,5,31.859,38.406,,
7eJqqvvziQo,6,37.736,46.059,,
7eJqqvvziQo,7,45.059,53.682,,
7eWclVCXOtk,0,0.0,6.339,,
7eWclVCXOtk,1,5.778,11.877,,
7eWclVCXOtk,2,11.316,18.781,,
7eWclVCXOtk,3,18.22,24.268,,
7eWclVCXOtk,4,23.767,28.878,,
7eWclVCXOtk,5,39.98,43.265,,
7eWclVCXOtk,6,42.265,45.49,,
7eWclVCXOtk,7,44.64,51.028,,
7f3ndBCx_JE,0,3.593,12.176,,
7f3ndBCx_JE,1,46.715,51.976,,
7f3ndBCx_JE,2,68.166,76.26,,
7fPYpqzw1iY,0,73.674,79.772,,
7fPYpqzw1iY,1,87.463,95.816,,
7hSWYI99-24,0,0.0,3.466,,
7hSWYI99-24,1,24.795,28.16,,
7hSWYI99-24,2,27.16,33.068,,
7hSWYI99-24,3,32.597,38.965,,
7hSWYI99-24,4,38.324,46.538,,
7idU7rR77Ss,0,0.0,4.144,,
7idU7rR77Ss,1,17.073,35.573,,
7idU7rR77Ss,2,35.71,41.938,,
7idU7rR77Ss,3,41.447,50.22,,
7idU7rR77Ss,4,49.22,53.003,,
7ifnoHhrMtA,0,2.546,7.776,,
7ifnoHhrMtA,1,54.348,68.588,,
7ifnoHhrMtA,2,75.879,80.71,,
7ifnoHhrMtA,3,79.71,88.483,,
7ifnoHhrMtA,4,89.787,101.034,,
7ifnoHhrMtA,5,17.791,22.313,,
7ifnoHhrMtA,6,32.647,40.851,,
7mb8Y2AhXIY,0,0.0,5.292,,
7mb8Y2AhXIY,1,51.844,61.693,,
7mb8Y2AhXIY,2,23.308,27.471,,
7mb8Y2AhXIY,3,28.846,36.171,,
7npCA0zoQ8Q,0,0.0,20.487,,
7npCA0zoQ8Q,1,19.577,34.066,,
7npCA0zoQ8Q,2,35.73,47.745,,
7oFimEZJQ_A,0,1.159,8.923,,
7oFimEZJQ_A,1,20.166,29.257,,
7oFimEZJQ_A,2,28.566,39.035,,
7oFimEZJQ_A,3,38.035,44.193,,
7pZPQbMKGkY,0,0.0,4.693,,
7pZPQbMKGkY,1,4.212,11.807,,
7pZPQbMKGkY,2,11.515,17.524,,
7pZPQbMKGkY,3,20.724,30.754,,
7pZPQbMKGkY,4,30.203,34.994,,
7pZPQbMKGkY,5,34.513,39.444,,
7pZPQbMKGkY,6,38.983,45.42,,
7r4vRxKLFCA,0,64.016,78.036,,
7r4vRxKLFCA,1,77.326,86.906,,
7rMLN0KKE5k,0,-0.487528344671,8.00544217687,,
7rMLN0KKE5k,1,7.60408163265,18.4217687075,,
7rMLN0KKE5k,2,47.7428571429,53.2126984127,,
7rMLN0KKE5k,3,52.4022675737,57.4630385488,,
7rMLN0KKE5k,4,56.4630385488,59.8176870748,,
7rMLN0KKE5k,5,58.937414966,69.6054421769,,
7rMLN0KKE5k,6,68.725170068,75.0630385488,,
7rMLN0KKE5k,7,74.4421768707,97.3024943311,,
7rMLN0KKE5k,8,98.3678004535,100.50521542,,
7rMLN0KKE5k,9,100.004081633,113.156462585,,
7rMLN0KKE5k,10,17.8108843537,21.5845804989,,
7rMLN0KKE5k,11,112.2861678,126.256689342,,
7rMLN0KKE5k,12,125.256689342,128.062585034,,
7rMLN0KKE5k,13,127.391836735,129.589115646,,
7rMLN0KKE5k,14,128.619047619,134.587755102,,
7rMLN0KKE5k,15,133.67755102,146.301133787,,
7rMLN0KKE5k,16,146.029478458,149.354195011,,
7rMLN0KKE5k,17,148.354195011,153.444897959,,
7rMLN0KKE5k,18,152.554648526,159.920181406,,
7rMLN0KKE5k,19,159.059863946,173.010430839,,
7rMLN0KKE5k,20,172.050340136,182.009977324,,
7rMLN0KKE5k,21,24.5954648526,33.158276644,,
7rMLN0KKE5k,22,181.009977324,187.537414966,,
7rMLN0KKE5k,23,186.537414966,195.958276644,,
7rMLN0KKE5k,24,194.958276644,207.72154195,,
7rMLN0KKE5k,25,206.881179138,210.425396825,,
7rMLN0KKE5k,26,34.0040816327,37.5782312925,,
7rMLN0KKE5k,27,36.937414966,40.2621315193,,
7rMLN0KKE5k,28,41.187755102,48.2639455782,,
7sgAWvbLtiM,0,1.44807256236,5.3514739229,,
7sgAWvbLtiM,1,4.63083900227,10.5197278912,,
7sgAWvbLtiM,2,9.9188208617,23.6498866213,,
7sgAWvbLtiM,3,23.1287981859,28.0798185941,,
7sgAWvbLtiM,4,28.2770975057,31.1428571429,,
7sgAWvbLtiM,5,30.5020408163,34.8344671202,,
7sgAWvbLtiM,6,34.1637188209,37.8675736961,,
7sgAWvbLtiM,7,37.4263038549,39.7433106576,,
7vJy1zbopJ8,0,37.426,42.996,,
7wiaDbpiAQ8,0,13.93,27.78,,
7xiu1tAJ2d8,0,13.231,18.781,,
7xiu1tAJ2d8,1,70.142,81.668,,
7xiu1tAJ2d8,2,89.368,97.482,,
7xiu1tAJ2d8,3,97.41,106.532,,
7xiu1tAJ2d8,4,106.35,113.176,,
7xiu1tAJ2d8,5,112.925,117.397,,
7xiu1tAJ2d8,6,128.11,134.827,,
7xiu1tAJ2d8,7,20.585,29.457,,
7xiu1tAJ2d8,8,29.255,36.96,,
7xiu1tAJ2d8,9,36.838,43.195,,
7xiu1tAJ2d8,10,52.492,58.241,,
7xiu1tAJ2d8,11,57.95,65.565,,
8-Hi9NmF4rM,0,22.65,28.828,,
8-Hi9NmF4rM,1,27.828,34.565,,
80566,0,0.64,5.022,,
80566,1,4.601,8.115,,
80566,2,7.434,13.134,,
80566,3,12.134,17.783,,
80566,4,16.783,21.156,,
80566,5,20.156,35.164,,
80566,6,34.363,38.556,,
80566,7,37.556,51.377,,
80566,8,51.415,62.212,,
80620,0,2.127,3.885,,
80620,1,2.985,13.004,,
80620,2,62.11,65.026,,
80620,3,13.072,15.159,,
80620,4,15.566,19.4,,
80620,5,20.156,38.985,,
80620,6,37.985,42.497,,
80620,7,41.776,44.502,,
80620,8,44.021,55.767,,
80620,9,55.695,59.678,,
80620,10,59.586,62.532,,
80627,0,1.338,3.236,,
80627,1,2.346,6.609,,
80627,2,57.002,61.195,,
80627,3,60.195,61.663,,
80627,4,60.663,63.998,,
80627,5,65.183,71.132,,
80627,6,5.768,12.056,,
80627,7,11.615,17.254,,
80627,8,16.334,20.876,,
80627,9,20.934,26.005,,
80627,10,26.162,29.586,,
80627,11,29.973,40.601,,
80627,12,40.32,46.797,,
80627,13,47.144,56.854,,
80855,0,0.331,1.71,,
80855,1,2.346,4.843,,
80855,2,29.415,32.819,,
80855,3,31.849,36.072,,
80855,4,35.072,39.264,,
80855,5,40.26,44.143,,
80855,6,43.622,45.301,,
80855,7,44.63,49.431,,
80855,8,49.309,53.173,,
80855,9,52.173,57.343,,
80855,10,56.463,61.314,,
80855,11,60.314,62.681,,
80855,12,4.042,6.968,,
80855,13,62.15,66.512,,
80855,14,6.507,8.554,,
80855,15,7.694,10.679,,
80855,16,10.168,12.874,,
80855,17,12.084,14.321,,
80855,18,13.64,15.898,,
80855,19,15.965,22.333,,
80855,20,22.031,30.415,,
80866,0,0.42,2.957,,
80866,1,2.675,8.494,,
80866,2,39.711,41.459,,
80866,3,40.459,43.036,,
80866,4,42.654,45.81,,
80866,5,46.216,48.054,,
80866,6,47.414,55.837,,
80866,7,55.126,58.431,,
80866,8,57.92,60.167,,
80866,9,8.732,13.104,,
80866,10,12.972,16.636,,
80866,11,15.636,20.876,,
80866,12,20.205,24.049,,
80866,13,23.817,27.471,,
80866,14,26.88,33.867,,
80866,15,34.164,36.93,,
80866,16,35.93,38.935,,
80914,0,0.271,5.142,,
80914,1,4.142,20.327,,
80914,2,19.327,34.715,,
80914,3,34.762,37.678,,
80914,4,37.317,40.422,,
80914,5,39.422,41.868,,
80914,6,40.868,45.75,,
80914,7,46.685,50.06,,
80914,8,49.928,63.679,,
81406,0,0.58,9.243,,
81406,1,8.821,14.86,,
81406,2,14.369,17.673,,
81406,3,17.222,32.36,,
81406,4,31.749,39.085,,
81406,5,38.205,46.668,,
81406,6,47.593,65.335,,
81406,7,65.672,72.878,,
81538,0,0.61,5.292,,
81538,1,4.751,8.105,,
81538,2,54.817,71.461,,
81538,3,70.461,75.712,,
81538,4,7.424,10.42,,
81538,5,10.218,13.762,,
81538,6,13.221,18.232,,
81538,7,17.781,26.663,,
81538,8,26.082,38.027,,
81538,9,38.005,49.172,,
81538,10,48.441,52.005,,
81538,11,51.375,54.709,,
81615,0,0.0,0.941,,
81615,1,0.879,7.856,,
81615,2,8.103,17.813,,
81615,3,18.499,25.166,,
81615,4,25.463,29.407,,
81615,5,30.722,48.703,,
81615,6,47.783,65.774,,
81615,7,64.774,67.49,,
81668,0,0.361,4.304,,
81668,1,3.304,6.09,,
81668,2,5.768,17.474,,
81668,3,17.651,22.383,,
81668,4,21.383,29.576,,
81668,5,29.055,37.129,,
81668,6,36.718,43.994,,
81668,7,42.994,65.914,,
81668,8,64.914,75.542,,
830KzUc6CbU,0,0.0,5.581,,
830KzUc6CbU,1,66.62,76.35,,
830KzUc6CbU,2,7.105,13.004,,
83310,0,0.61,7.068,,
83310,1,6.696,22.822,,
83310,2,22.46,93.282,,
83400,0,0.011,6.319,,
83400,1,5.619,8.724,,
83400,2,63.527,73.377,,
83400,3,8.073,15.468,,
83400,4,14.858,18.202,,
83400,5,17.532,26.803,,
83400,6,26.172,30.035,,
83400,7,30.542,47.087,,
83400,8,46.436,54.27,,
83400,9,53.56,60.945,,
83400,10,60.274,64.527,,
83859,0,-0.487528344671,5.11201814059,,
83859,1,4.38140589569,14.0816326531,,
83859,2,44.0712018141,47.6653061224,,
83859,3,46.6653061224,49.431292517,,
83859,4,48.6108843537,53.3424036281,,
83859,5,52.5918367347,55.4675736961,,
83859,6,54.4675736961,57.0739229025,,
83859,7,56.3133786848,57.8621315193,,
83859,8,56.8621315193,59.8875283447,,
83859,9,59.0272108844,62.5814058957,,
83859,10,62.1301587302,65.8140589569,,
83859,11,64.8140589569,68.7274376417,,
83859,12,13.0816326531,18.1024943311,,
83859,13,67.7274376417,71.2916099773,,
83859,14,70.5210884354,75.1328798186,,
83859,15,74.3424036281,76.4299319728,,
83859,16,75.6594104308,78.3455782313,,
83859,17,77.3455782313,81.787755102,,
83859,18,81.1469387755,84.8009070295,,
83859,19,84.0004535147,86.9959183673,,
83859,20,86.2353741497,94.2494331066,,
83859,21,93.4390022676,96.3346938776,,
83859,22,17.1024943311,23.1709750567,,
83859,23,95.3346938776,102.05170068,,
83859,24,101.33106576,103.508390023,,
83859,25,102.508390023,105.673469388,,
83859,26,104.8430839,107.898412698,,
83859,27,106.898412698,109.035827664,,
83859,28,108.265306122,110.372789116,,
83859,29,109.372789116,112.946938776,,
83859,30,111.946938776,115.501133787,,
83859,31,114.501133787,116.708390023,,
83859,32,22.1709750567,28.60861678,,
83859,33,27.8879818594,32.7192743764,,
83859,34,32.00861678,34.2657596372,,
83859,35,33.2657596372,37.8176870748,,
83859,36,37.0072562358,40.820861678,,
83859,37,39.820861678,44.9015873016,,
83_N43pvgHI,0,93.17,100.914,,
83_N43pvgHI,1,43.812,53.761,,
8404,0,3.354,8.963,,
8404,1,8.253,15.419,,
8404,2,43.123,45.47,,
8404,3,44.54,50.888,,
8404,4,50.257,55.597,,
8404,5,54.976,57.363,,
8404,6,14.419,20.786,,
8404,7,19.786,23.351,,
8404,8,22.351,27.212,,
8404,9,26.212,28.688,,
8404,10,28.147,33.398,,
8404,11,32.398,35.473,,
8404,12,34.722,39.145,,
8404,13,38.524,44.004,,
84133,0,0.0,5.96,,
84133,1,5.469,11.258,,
84133,2,43.223,47.117,,
84133,3,46.326,50.639,,
84133,4,49.938,53.981,,
84133,5,52.981,55.188,,
84133,6,55.046,61.254,,
84133,7,60.504,64.158,,
84133,8,64.225,67.281,,
84133,9,66.76,72.888,,
84133,10,72.886,86.078,,
84133,11,85.158,86.916,,
84133,12,10.917,16.117,,
84133,13,87.453,91.915,,
84133,14,91.244,93.92,,
84133,15,93.11,95.407,,
84133,16,94.736,101.633,,
84133,17,15.327,17.175,,
84133,18,16.873,21.036,,
84133,19,20.624,27.751,,
84133,20,27.569,32.41,,
84133,21,31.819,36.531,,
84133,22,35.76,43.315,,
84133,23,42.315,43.954,,
84140,0,0.0,8.355,,
84140,1,7.824,12.455,,
84140,2,12.054,27.96,,
84140,3,27.399,34.126,,
84140,4,33.685,37.129,,
84140,5,36.259,55.597,,
84176,0,0.0,8.365,,
84176,1,7.863,12.495,,
84176,2,64.385,71.531,,
84176,3,11.675,14.521,,
84176,4,14.548,24.408,,
84176,5,24.366,27.561,,
84176,6,27.748,30.594,,
84176,7,30.053,42.956,,
84176,8,41.956,48.962,,
84176,9,48.391,60.845,,
84176,10,60.135,64.956,,
856LGms_0s0,0,38.793,45.61,,
856LGms_0s0,1,51.145,65.704,,
856LGms_0s0,2,64.794,73.157,,
86c2OkQ3_U8,0,0.0,8.045,,
86c2OkQ3_U8,1,68.815,78.196,,
86c2OkQ3_U8,2,78.503,86.707,,
86c2OkQ3_U8,3,89.847,95.966,,
86c2OkQ3_U8,4,99.974,107.26,,
86c2OkQ3_U8,5,107.337,114.054,,
86c2OkQ3_U8,6,10.308,16.356,,
86c2OkQ3_U8,7,124.828,132.213,,
86c2OkQ3_U8,8,16.484,21.794,,
86c2OkQ3_U8,9,25.104,37.239,,
86c2OkQ3_U8,10,48.601,55.966,,
87161,0,0.331,5.92,,
87161,1,7.225,25.965,,
87161,2,75.081,79.353,,
87161,3,79.161,84.262,,
87161,4,83.651,85.609,,
87161,5,86.405,99.298,,
87161,6,98.897,109.854,,
87161,7,25.424,32.49,,
87161,8,31.949,41.36,,
87161,9,40.809,48.444,,
87161,10,48.521,50.998,,
87161,11,50.457,60.396,,
87161,12,60.135,67.49,,
87161,13,67.039,69.476,,
87161,14,69.823,76.081,,
87400,0,0.0,7.806,,
87400,1,7.405,26.473,,
87400,2,65.852,70.174,,
87400,3,69.753,71.94,,
87400,4,71.409,74.614,,
87400,5,73.704,75.462,,
87400,6,75.49,79.513,,
87400,7,78.802,83.374,,
87400,8,82.374,89.79,,
87400,9,90.546,94.259,,
87400,10,26.092,28.319,,
87400,11,27.319,33.158,,
87400,12,33.106,36.331,,
87400,13,35.64,39.434,,
87400,14,38.853,47.785,,
87400,15,46.785,58.281,,
87400,16,57.73,64.667,,
87400,17,63.667,66.572,,
87MsiC3E2-w,0,0.0,5.86,,
88119,0,0.72,9.532,,
88119,1,9.59,24.827,,
88119,2,25.454,58.69,,
88119,3,58.129,61.175,,
88119,4,60.175,62.541,,
88119,5,61.541,66.473,,
88119,6,65.473,68.538,,
88245,0,0.0,10.41,,
88245,1,9.989,25.226,,
88245,2,24.366,33.408,,
88245,3,33.635,38.975,,
88245,4,39.432,48.982,,
88245,5,47.982,56.226,,
88245,6,55.226,64.367,,
88245,7,63.367,69.685,,
88791,0,0.171,6.449,,
88791,1,7.724,9.512,,
88791,2,47.005,49.561,,
88791,3,49.539,52.135,,
88791,4,51.484,54.849,,
88791,5,54.039,58.471,,
88791,6,57.91,62.901,,
88791,7,63.068,64.776,,
88791,8,8.911,10.45,,
88791,9,10.757,17.394,,
88791,10,18.2,24.698,,
88791,11,24.256,28.649,,
88791,12,28.397,31.632,,
88791,13,31.37,35.204,,
88791,14,34.792,42.826,,
88791,15,42.245,46.259,,
88797,0,0.42,2.598,,
88797,1,3.114,11.966,,
88797,2,61.382,63.739,,
88797,3,64.185,66.313,,
88797,4,65.742,67.76,,
88797,5,67.019,69.785,,
88797,6,11.026,14.431,,
88797,7,14.079,17.504,,
88797,8,16.773,23.899,,
88797,9,22.969,25.466,,
88797,10,24.905,32.151,,
88797,11,32.188,40.671,,
88797,12,39.921,55.697,,
88797,13,55.126,62.362,,
88888,0,0.091,5.381,,
88888,1,5.948,8.474,,
88888,2,54.049,59.109,,
88888,3,8.203,15.967,,
88888,4,14.967,23.061,,
88888,5,22.061,24.967,,
88888,6,24.506,48.224,,
88888,7,47.224,49.351,,
88888,8,48.651,50.21,,
88888,9,50.606,52.863,,
88888,10,51.863,54.649,,
88S1BjwMfdw,0,83.033,87.595,,
88S1BjwMfdw,1,97.939,101.513,,
88S1BjwMfdw,2,102.628,106.881,,
88S1BjwMfdw,3,6.566,14.331,,
88S1BjwMfdw,4,26.052,31.891,,
88oSn21TFcA,0,0.0,5.85,,
88oSn21TFcA,1,93.579,100.266,,
88oSn21TFcA,2,21.103,29.586,,
88oSn21TFcA,3,29.504,41.499,,
88oSn21TFcA,4,44.76,53.392,,
88oSn21TFcA,5,55.006,69.117,,
88oSn21TFcA,6,68.117,74.025,,
89747,0,0.0,7.626,,
89747,1,6.926,12.655,,
89747,2,12.214,28.639,,
89747,3,28.556,53.931,,
89747,4,54.797,66.522,,
89747,5,66.011,73.367,,
89747,6,72.367,77.697,,
89747,7,76.697,85.1,,
89747,8,84.619,94.18,,
89747,9,93.868,115.631,,
89787,0,0.131065759637,3.85487528345,,
89787,1,3.15419501134,6.0798185941,,
89787,2,43.083446712,49.4013605442,,
89787,3,48.9900226757,57.9619047619,,
89787,4,57.7600907029,64.8761904762,,
89787,5,64.0458049887,66.8816326531,,
89787,6,66.0811791383,70.2839002268,,
89787,7,70.3115646259,72.9179138322,,
89787,8,72.3768707483,79.0739229025,,
89787,9,78.6825396825,82.7256235828,,
89787,10,82.7133786848,85.6689342404,,
89787,11,6.13741496599,12.9541950113,,
89787,12,85.147845805,88.99138322,,
89787,13,87.99138322,90.1487528345,,
89787,14,13.001814059,20.3473922902,,
89787,15,19.3473922902,23.0412698413,,
89787,16,22.0412698413,24.4780045351,,
89787,17,23.4979591837,27.810430839,,
89787,18,27.9378684807,36.2013605442,,
89787,19,35.231292517,39.453968254,,
89787,20,38.453968254,42.8662131519,,
89835,0,0.999,6.589,,
89835,1,5.978,12.834,,
89835,2,12.134,17.564,,
89835,3,17.342,37.01,,
89835,4,39.132,55.527,,
89835,5,56.832,62.502,,
89835,6,61.571,63.699,,
89835,7,63.058,71.97,,
89951,0,0.41,3.256,,
89951,1,2.576,7.756,,
89951,2,64.664,68.368,,
89951,3,67.897,72.489,,
89951,4,71.489,77.747,,
89951,5,78.054,81.199,,
89951,6,80.439,83.723,,
89951,7,83.581,102.102,,
89951,8,7.375,28.2,,
89951,9,27.2,31.352,,
89951,10,30.851,36.211,,
89951,11,36.588,46.368,,
89951,12,45.568,50.878,,
89951,13,50.387,54.24,,
89951,14,53.729,61.933,,
89951,15,61.532,64.208,,
89ZmOPOilu4,0,0.0,10.859,,
89ZmOPOilu4,1,66.331,73.207,,
8Cp8c-eQELQ,0,0.0,21.525,,
8Cp8c-eQELQ,1,109.732,115.78,,
8Cp8c-eQELQ,2,115.309,128.721,,
8Cp8c-eQELQ,3,127.811,137.102,,
8Cp8c-eQELQ,4,136.731,147.708,,
8Cp8c-eQELQ,5,147.277,158.084,,
8Cp8c-eQELQ,6,157.493,165.627,,
8Cp8c-eQELQ,7,181.609,186.131,,
8Cp8c-eQELQ,8,185.131,193.085,,
8Cp8c-eQELQ,9,37.317,58.63,,
8Cp8c-eQELQ,10,85.178,89.57,,
8Cp8c-eQELQ,11,89.149,95.068,,
8Cp8c-eQELQ,12,94.556,106.232,,
8EHEEXex5D8,0,50.566,61.404,,
8EHEEXex5D8,1,60.983,67.72,,
8EHEEXex5D8,2,81.007,90.688,,
8EHEEXex5D8,3,92.79,98.889,,
8EHEEXex5D8,4,98.557,106.492,,
8EHEEXex5D8,5,105.492,112.099,,
8EHEEXex5D8,6,3.693,9.422,,
8EHEEXex5D8,7,123.251,132.034,,
8EHEEXex5D8,8,135.743,140.903,,
8EHEEXex5D8,9,14.02,18.551,,
8EHEEXex5D8,10,17.551,25.825,,
8EHEEXex5D8,11,32.088,37.099,,
8EHEEXex5D8,12,36.548,45.65,,
8F1mj-XT6KA,0,0.0,7.686,,
8F1mj-XT6KA,1,41.527,44.762,,
8F1mj-XT6KA,2,45.019,47.196,,
8Lmqsakmw3M,0,99.236,103.558,,
8Lmqsakmw3M,1,102.748,107.25,,
8Lmqsakmw3M,2,114.481,135.356,,
8Lmqsakmw3M,3,134.396,137.551,,
8Lmqsakmw3M,4,16.673,21.654,,
8Lmqsakmw3M,5,136.79,141.612,,
8Lmqsakmw3M,6,140.941,146.551,,
8Lmqsakmw3M,7,146.069,157.156,,
8Lmqsakmw3M,8,24.905,31.113,,
8Lmqsakmw3M,9,30.113,37.369,,
8Lmqsakmw3M,10,59.945,68.498,,
8M0AlvtMrv8,0,0.0,7.107,,
8M0AlvtMrv8,1,6.107,15.888,,
8M0AlvtMrv8,2,51.844,55.937,,
8NPaDkOiXw4,0,0.0,6.589,,
8NPaDkOiXw4,1,6.167,17.025,,
8NPaDkOiXw4,2,16.025,19.579,,
8NPaDkOiXw4,3,23.867,29.437,,
8P0zm2oYDyY,0,0.0,8.345,,
8P0zm2oYDyY,1,7.544,16.626,,
8P0zm2oYDyY,2,19.278,27.292,,
8P0zm2oYDyY,3,28.517,42.218,,
8P0zm2oYDyY,4,41.746,47.097,,
8TDAP0KNIIw,0,0.0,10.3,,
8TDAP0KNIIw,1,9.54,19.06,,
8UH0aPUf7sQ,0,15.496,26.384,,
8VB6pdJTpX4,0,0.0,23.82,,
8VB6pdJTpX4,1,23.229,32.2,,
8VP1qxX9mh4,0,0.0,6.289,,
8VP1qxX9mh4,1,6.098,16.736,,
8VhVf0TbjDA,0,14.518,37.199,,
8VhVf0TbjDA,1,36.927,48.663,,
8X5tGQLBqPo,0,0.859,6.17,,
8X5tGQLBqPo,1,58.927,70.064,,
8X5tGQLBqPo,2,69.883,83.314,,
8X5tGQLBqPo,3,88.839,95.028,,
8X5tGQLBqPo,4,94.028,109.106,,
8X5tGQLBqPo,5,108.106,122.844,,
8X5tGQLBqPo,6,127.921,139.596,,
8X5tGQLBqPo,7,147.227,155.829,,
8X5tGQLBqPo,8,154.829,168.65,,
8X5tGQLBqPo,9,26.611,32.769,,
8X5tGQLBqPo,10,34.922,43.205,,
8X5tGQLBqPo,11,48.671,59.299,,
8XODJwsvBa0,0,26.711,62.292,,
8XZszYrUSCQ,0,0.0,4.324,,
8XZszYrUSCQ,1,3.324,11.218,,
8XZszYrUSCQ,2,10.517,15.898,,
8XZszYrUSCQ,3,14.898,17.434,,
8YsIvz4qnk4,0,6.517,12.625,,
8YsIvz4qnk4,1,16.195,21.754,,
8aZbX-xMdgI,0,57.84,66.473,,
8eaYvALnJ0o,0,0.0,4.064,,
8eaYvALnJ0o,1,3.962,9.871,,
8eaYvALnJ0o,2,8.871,13.283,,
8f_lBxZgDb0,0,0.0,8.025,,
8f_lBxZgDb0,1,26.022,41.908,,
8i7u3fl-hP8,0,-0.487528344671,12.7047619048,,
8i7u3fl-hP8,1,11.7047619048,24.926984127,,
8i7u3fl-hP8,2,23.926984127,46.547845805,,
8jY_RhOS89o,0,23.129,29.566,,
8jY_RhOS89o,1,29.395,42.018,,
8jY_RhOS89o,2,41.826,54.869,,
8jY_RhOS89o,3,59.845,74.424,,
8lfS97s2AKc,0,0.0,2.767,,
8lfS97s2AKc,1,1.917,9.732,,
8lfS97s2AKc,2,8.732,14.491,,
8lfS97s2AKc,3,13.491,22.443,,
8lfS97s2AKc,4,21.443,27.97,,
8lfS97s2AKc,5,27.02,35.184,,
8lfS97s2AKc,6,34.184,41.878,,
8lfS97s2AKc,7,41.028,46.159,,
8ovb-GaZ3QE,0,-0.168253968254,19.4893424036,,
8ovb-GaZ3QE,1,19.6666666667,34.5151927438,,
8ovb-GaZ3QE,2,34.2634920635,50.4090702948,,
8ovb-GaZ3QE,3,50.1573696145,56.7646258503,,
8ovb-GaZ3QE,4,58.558276644,62.3120181406,,
8ovb-GaZ3QE,5,61.780952381,72.7083900227,,
8ovb-GaZ3QE,6,72.0077097506,77.3977324263,,
8qCNtqjygW8,0,0.0,5.312,,
8qCNtqjygW8,1,4.312,6.918,,
8qCNtqjygW8,2,45.807,48.523,,
8qCNtqjygW8,3,47.523,51.985,,
8qCNtqjygW8,4,51.205,54.001,,
8qCNtqjygW8,5,53.001,55.547,,
8qCNtqjygW8,6,54.617,56.994,,
8qCNtqjygW8,7,16.933,20.497,,
8qCNtqjygW8,8,29.055,31.283,,
8qCNtqjygW8,9,30.283,36.95,,
8qCNtqjygW8,10,36.239,39.224,,
8qCNtqjygW8,11,38.224,42.876,,
8qCNtqjygW8,12,41.896,46.807,,
8u5aet7s9_w,0,0.0,3.516,,
8u5aet7s9_w,1,2.516,10.44,,
8u5aet7s9_w,2,84.639,98.639,,
8u5aet7s9_w,3,98.328,102.81,,
8u5aet7s9_w,4,102.548,107.619,,
8u5aet7s9_w,5,107.268,128.252,,
8u5aet7s9_w,6,9.719,22.483,,
8u5aet7s9_w,7,21.483,27.711,,
8u5aet7s9_w,8,27.678,34.795,,
8u5aet7s9_w,9,51.025,70.254,,
8vpoQ5UVpXE,0,0.0,5.771,,
8vpoQ5UVpXE,1,5.16,11.039,,
8vpoQ5UVpXE,2,11.515,19.33,,
8vpoQ5UVpXE,3,38.314,42.128,,
8vpoQ5UVpXE,4,41.447,46.618,,
8wNr-NQImFg,0,-0.427664399093,1.91927437642,,
8wNr-NQImFg,1,1.16870748299,6.90793650794,,
8wNr-NQImFg,2,26.9800453515,32.6494331066,,
8wNr-NQImFg,3,41.6866213152,50.9977324263,,
8wNr-NQImFg,4,50.0975056689,57.1537414966,,
8wNr-NQImFg,5,9.7691609977,15.0993197279,,
8wNr-NQImFg,6,15.8054421769,18.8507936508,,
8wNr-NQImFg,7,17.8507936508,20.3673469388,,
8wQhzezNcUY,0,1.877,7.048,,
8wQhzezNcUY,1,91.314,111.51,,
8wQhzezNcUY,2,110.65,122.815,,
8wQhzezNcUY,3,122.084,128.571,,
8wQhzezNcUY,4,6.457,15.788,,
8wQhzezNcUY,5,52.312,60.007,,
8wQhzezNcUY,6,59.247,72.858,,
8wdxczYf1jI,0,11.595,35.493,,
8wdxczYf1jI,1,40.739,44.772,,
8x81fzwcJko,0,15.187,20.238,,
8x81fzwcJko,1,19.238,26.893,,
8x81fzwcJko,2,26.381,32.839,,
8x_nCOh6Wmc,0,51.913,64.597,,
8xfW_azeNPk,0,-0.487528344671,6.48888888889,,
8xfW_azeNPk,1,5.78820861678,14.6702947846,,
8xfW_azeNPk,2,62.0004535147,71.4512471655,,
8xfW_azeNPk,3,70.4512471655,82.4961451247,,
8xfW_azeNPk,4,81.9151927438,84.7310657596,,
8xfW_azeNPk,5,83.7310657596,88.8616780045,,
8xfW_azeNPk,6,87.9814058957,92.0045351474,,
8xfW_azeNPk,7,91.0045351474,97.9011337868,,
8xfW_azeNPk,8,14.0095238095,16.7655328798,,
8xfW_azeNPk,9,16.1945578231,21.4848072562,,
8xfW_azeNPk,10,20.5346938776,27.3414965986,,
8xfW_azeNPk,11,26.4911564626,31.0231292517,,
8xfW_azeNPk,12,30.0231292517,38.2666666667,,
8xfW_azeNPk,13,37.6058956916,43.7841269841,,
8xfW_azeNPk,14,43.0634920635,47.6653061224,,
8xfW_azeNPk,15,47.2140589569,62.5414965986,,
9-EO2oCAGA4,0,0.0,8.135,,
9-EO2oCAGA4,1,7.644,13.543,,
9-EO2oCAGA4,2,70.88,82.825,,
9-EO2oCAGA4,3,82.314,92.763,,
9-EO2oCAGA4,4,92.431,98.27,,
9-EO2oCAGA4,5,12.543,20.437,,
9-EO2oCAGA4,6,19.836,31.901,,
9-EO2oCAGA4,7,31.111,40.342,,
9-EO2oCAGA4,8,39.98,51.217,,
9-EO2oCAGA4,9,50.666,58.341,,
9-EO2oCAGA4,10,57.91,61.254,,
9-EO2oCAGA4,11,60.314,63.34,,
9-EO2oCAGA4,12,63.048,71.222,,
9-K1CXCXui4,0,1.368,6.07,,
9-K1CXCXui4,1,5.529,19.549,,
9-K1CXCXui4,2,105.801,128.741,,
9-K1CXCXui4,3,128.08,133.999,,
9-K1CXCXui4,4,133.278,135.346,,
9-K1CXCXui4,5,134.875,151.08,,
9-K1CXCXui4,6,150.449,159.082,,
9-K1CXCXui4,7,158.441,173.679,,
9-K1CXCXui4,8,173.477,176.383,,
9-K1CXCXui4,9,19.178,28.918,,
9-K1CXCXui4,10,27.918,34.306,,
9-K1CXCXui4,11,33.306,41.789,,
9-K1CXCXui4,12,41.198,54.49,,
9-K1CXCXui4,13,53.789,60.127,,
9-K1CXCXui4,14,59.466,74.814,,
9-K1CXCXui4,15,74.223,101.154,,
9-K1CXCXui4,16,100.463,106.801,,
90172,0,0.39,12.036,,
90172,1,11.665,15.598,,
90172,2,89.009,94.678,,
90172,3,94.038,108.886,,
90172,4,107.886,111.899,,
90172,5,111.727,120.36,,
90172,6,119.39,122.216,,
90172,7,14.598,19.958,,
90172,8,19.926,39.654,,
90172,9,38.654,47.336,,
90172,10,46.336,57.234,,
90172,11,56.234,75.253,,
90172,12,74.751,77.657,,
90172,13,76.657,84.422,,
90172,14,84.06,90.009,,
90wZz0thye4,0,2.216,9.632,,
90wZz0thye4,1,71.549,77.198,,
90wZz0thye4,2,76.547,84.871,,
90wZz0thye4,3,9.161,22.582,,
90wZz0thye4,4,21.792,26.992,,
90wZz0thye4,5,26.102,31.941,,
90wZz0thye4,6,31.46,39.594,,
90wZz0thye4,7,38.594,46.717,,
90wZz0thye4,8,46.186,56.715,,
90wZz0thye4,9,55.715,65.335,,
91276,0,0.001,12.026,,
91276,1,11.485,13.613,,
91276,2,55.346,70.334,,
91276,3,71.13,73.686,,
91276,4,73.115,79.972,,
91276,5,12.852,24.837,,
91276,6,24.885,26.982,,
91276,7,26.282,30.025,,
91276,8,29.345,33.298,,
91276,9,34.473,37.339,,
91276,10,36.967,49.162,,
91276,11,48.431,50.0,,
91276,12,50.856,56.036,,
91844,0,0.0,7.207,,
91844,1,6.477,10.33,,
91844,2,68.725,72.279,,
91844,3,71.599,77.009,,
91844,4,77.026,81.818,,
91844,5,81.187,83.185,,
91844,6,9.789,13.214,,
91844,7,12.653,27.192,,
91844,8,27.249,39.364,,
91844,9,40.34,46.927,,
91844,10,46.585,49.082,,
91844,11,48.411,50.908,,
91844,12,49.908,56.884,,
91844,13,56.732,69.097,,
91y7nPEWdmQ,0,57.66,75.991,,
92221,0,0.281,1.61,,
92221,1,0.61,8.265,,
92221,2,58.099,60.636,,
92221,3,59.636,66.253,,
92221,4,65.253,72.688,,
92221,5,72.606,75.552,,
92221,6,74.552,76.719,,
92221,7,75.779,82.815,,
92221,8,81.835,87.684,,
92221,9,87.403,89.6,,
92221,10,88.75,90.308,,
92221,11,8.013,13.194,,
92221,12,12.194,20.298,,
92221,13,19.866,28.299,,
92221,14,27.838,35.623,,
92221,15,34.623,42.816,,
92221,16,41.816,44.203,,
92221,17,43.203,46.648,,
92221,18,46.077,56.336,,
92291,0,0.5,14.102,,
92291,1,13.76,34.934,,
92291,2,33.984,43.435,,
92291,3,43.233,59.219,,
92291,4,60.384,68.418,,
92291,5,67.418,75.881,,
92291,6,75.001,82.626,,
92291,7,81.626,91.107,,
92331,0,0.0,1.291,,
92331,1,0.291,4.693,,
92331,2,37.606,43.116,,
92331,3,42.445,47.296,,
92331,4,46.296,50.19,,
92331,5,49.19,51.546,,
92331,6,51.035,53.712,,
92331,7,53.27,57.413,,
92331,8,56.413,59.898,,
92331,9,59.356,61.205,,
92331,10,60.494,63.719,,
92331,11,62.878,67.49,,
92331,12,4.252,10.051,,
92331,13,67.318,74.804,,
92331,14,74.462,77.228,,
92331,15,76.887,82.766,,
92331,16,82.414,84.811,,
92331,17,84.2,87.595,,
92331,18,88.131,92.444,,
92331,19,10.188,16.037,,
92331,20,15.037,19.669,,
92331,21,19.208,24.039,,
92331,22,23.119,26.244,,
92331,23,26.431,30.584,,
92331,24,29.893,36.381,,
92331,25,35.381,38.247,,
92496,0,0.41,12.435,,
92496,1,12.702,22.991,,
92496,2,21.991,31.312,,
92496,3,31.23,42.577,,
92496,4,42.844,48.164,,
92496,5,47.613,50.479,,
92521,0,0.331,5.461,,
92521,1,6.786,9.322,,
92521,2,9.739,17.903,,
92521,3,16.903,20.447,,
92521,4,20.235,23.909,,
92521,5,24.037,30.544,,
92521,6,32.188,38.616,,
92521,7,37.616,49.262,,
92521,8,50.107,59.608,,
92521,9,58.957,61.464,,
92533,0,0.0,7.387,,
92533,1,6.447,12.595,,
92533,2,57.391,63.18,,
92533,3,12.593,17.464,,
92533,4,16.634,21.036,,
92533,5,20.495,30.664,,
92533,6,31.35,39.773,,
92533,7,40.23,47.356,,
92533,8,48.391,50.06,,
92533,9,49.06,53.732,,
92533,10,52.951,58.391,,
92tWNUhG9DY,0,0.0,3.825,,
92tWNUhG9DY,1,15.785,23.74,,
92tWNUhG9DY,2,22.81,32.919,,
92tWNUhG9DY,3,31.919,36.331,,
92tWNUhG9DY,4,35.93,39.594,,
92tWNUhG9DY,5,38.594,43.166,,
92tWNUhG9DY,6,42.166,48.174,,
93821,0,0.281,1.71,,
93821,1,0.79,4.753,,
93821,2,54.358,60.017,,
93821,3,59.017,63.4,,
93821,4,62.4,72.509,,
93821,5,72.706,75.911,,
93821,6,75.041,82.017,,
93821,7,81.227,85.839,,
93821,8,84.839,87.944,,
93821,9,4.94,8.315,,
93821,10,8.143,15.498,,
93821,11,14.748,19.679,,
93821,12,19.816,24.987,,
93821,13,24.695,38.237,,
93821,14,37.596,42.537,,
93821,15,42.864,53.083,,
93821,16,52.083,54.151,,
93839,0,1.049,2.278,,
93839,1,1.698,9.941,,
93839,2,59.686,64.058,,
93839,3,63.627,71.351,,
93839,4,70.85,73.008,,
93839,5,9.3,17.224,,
93839,6,16.224,19.679,,
93839,7,18.679,22.463,,
93839,8,21.463,33.498,,
93839,9,32.946,42.178,,
93839,10,42.225,53.073,,
93839,11,52.682,56.425,,
93839,12,55.964,60.267,,
93iGT5oueTA,0,-0.487528344671,5.25170068027,,
93iGT5oueTA,1,40.5691609977,44.1333333333,,
93iGT5oueTA,2,51.0653061224,56.5950113379,,
93iGT5oueTA,3,6.53650793651,11.9464852608,,
93iGT5oueTA,4,11.0063492063,14.8399092971,,
93iGT5oueTA,5,13.989569161,17.0947845805,,
93iGT5oueTA,6,16.1746031746,21.2453514739,,
93iGT5oueTA,7,20.3451247166,26.7029478458,,
93iGT5oueTA,8,25.7029478458,31.5219954649,,
93iGT5oueTA,9,30.9310657596,39.4240362812,,
93iGT5oueTA,10,38.4839002268,41.5691609977,,
94215,0,0.0,3.127,,
94215,1,2.236,6.299,,
94215,2,47.743,56.465,,
94215,3,57.311,63.978,,
94215,4,63.667,70.833,,
94215,5,5.659,10.58,,
94215,6,10.148,13.323,,
94215,7,12.922,17.723,,
94215,8,17.172,22.832,,
94215,9,22.46,28.958,,
94215,10,29.554,33.218,,
94215,11,33.136,45.081,,
94215,12,45.189,48.294,,
94481,0,0.0,13.323,,
94481,1,12.613,17.853,,
94481,2,51.145,55.268,,
94481,3,56.224,61.015,,
94481,4,17.132,19.23,,
94481,5,18.29,21.974,,
94481,6,22.46,27.92,,
94481,7,28.377,33.817,,
94481,8,32.817,38.636,,
94481,9,39.621,42.228,,
94481,10,41.986,44.143,,
94481,11,43.932,50.269,,
94983,0,0.0,2.757,,
94983,1,1.757,8.245,,
94983,2,47.134,52.405,,
94983,3,51.514,57.074,,
94983,4,56.673,62.102,,
94983,5,61.661,64.786,,
94983,6,8.293,11.637,,
94983,7,10.637,17.663,,
94983,8,17.073,26.174,,
94983,9,25.573,28.19,,
94983,10,27.379,29.556,,
94983,11,29.005,35.603,,
94983,12,35.491,42.028,,
94983,13,41.427,47.526,,
94ULum9MYX0,0,0.0124716553288,4.84149659864,,
94ULum9MYX0,1,7.11632653061,8.48321995465,,
94ULum9MYX0,2,8.48321995465,8.9022675737,,
94ULum9MYX0,3,4.84149659864,5.49002267574,,
94ULum9MYX0,4,5.49002267574,6.69727891156,,
95mDHiLeDCM,0,1.927,7.776,,
95mDHiLeDCM,1,7.325,11.557,,
95mDHiLeDCM,2,14.498,19.839,,
95mDHiLeDCM,3,19.307,24.907,,
96099,0,0.0,1.361,,
96099,1,0.361,4.144,,
96099,2,64.046,68.159,,
96099,3,67.837,70.523,,
96099,4,70.411,90.428,,
96099,5,3.164,8.514,,
96099,6,8.761,14.79,,
96099,7,14.049,20.288,,
96099,8,20.525,29.497,,
96099,9,29.694,35.114,,
96099,10,35.122,48.414,,
96099,11,48.521,57.353,,
96099,12,57.64,64.836,,
96179,0,0.0,6.329,,
96179,1,5.579,9.941,,
96179,2,46.556,48.583,,
96179,3,47.952,50.11,,
96179,4,49.509,51.367,,
96179,5,52.093,56.126,,
96179,6,55.126,56.874,,
96179,7,57.491,60.855,,
96179,8,60.574,65.066,,
96179,9,9.22,12.585,,
96179,10,12.882,17.534,,
96179,11,17.202,22.932,,
96179,12,23.069,27.751,,
96179,13,27.369,29.716,,
96179,14,29.205,35.313,,
96179,15,34.583,41.19,,
96179,16,42.245,47.127,,
96194,0,0.929,7.098,,
96194,1,7.385,12.266,,
96194,2,51.644,54.889,,
96194,3,54.996,67.241,,
96194,4,67.957,71.721,,
96194,5,71.14,75.741,,
96194,6,75.23,77.328,,
96194,7,12.423,16.746,,
96194,8,17.342,20.038,,
96194,9,19.836,22.682,,
96194,10,22.041,24.698,,
96194,11,24.097,31.532,,
96194,12,31.29,34.735,,
96194,13,35.58,49.551,,
96194,14,49.978,52.085,,
96350,0,0.42,4.713,,
96350,1,4.501,10.32,,
96350,2,61.641,67.311,,
96350,3,67.089,71.102,,
96350,4,71.359,74.464,,
96350,5,73.774,78.086,,
96350,6,77.425,79.263,,
96350,7,9.839,16.207,,
96350,8,15.207,19.469,,
96350,9,20.425,23.261,,
96350,10,22.68,29.287,,
96350,11,29.764,39.803,,
96350,12,39.791,48.134,,
96350,13,47.573,48.912,,
96350,14,48.142,62.551,,
96361,0,0.41,3.496,,
96361,1,2.665,4.633,,
96361,2,50.806,53.791,,
96361,3,53.889,60.496,,
96361,4,60.005,62.392,,
96361,5,61.442,71.212,,
96361,6,71.918,74.135,,
96361,7,73.385,85.998,,
96361,8,85.687,120.879,,
96361,9,119.879,124.052,,
96361,10,4.182,8.504,,
96361,11,7.923,14.032,,
96361,12,13.032,14.92,,
96361,13,13.92,19.05,,
96361,14,18.05,30.205,,
96361,15,29.205,35.383,,
96361,16,34.443,38.037,,
96361,17,37.087,51.257,,
96642,0,0.0,2.159,,
96642,1,1.737,8.584,,
96642,2,9.689,13.972,,
96642,3,13.88,17.634,,
96642,4,17.202,25.805,,
96642,5,25.982,53.811,,
96642,6,53.28,56.844,,
96o9hxy64wI,0,14.888,25.566,,
96o9hxy64wI,1,46.765,57.513,,
97095,0,0.41,1.58,,
97095,1,0.58,7.028,,
97095,2,38.524,40.961,,
97095,3,39.961,42.058,,
97095,4,41.058,43.555,,
97095,5,43.393,61.195,,
97095,6,60.195,62.861,,
97095,7,61.861,66.323,,
97095,8,65.652,70.064,,
97095,9,69.533,75.033,,
97095,10,74.233,79.523,,
97095,11,79.122,81.788,,
97095,12,6.926,11.138,,
97095,13,80.788,83.115,,
97095,14,82.614,87.016,,
97095,15,86.395,90.528,,
97095,16,90.037,91.705,,
97095,17,90.705,92.563,,
97095,18,91.563,96.035,,
97095,19,95.035,97.073,,
97095,20,96.223,97.751,,
97095,21,96.851,98.37,,
97095,22,97.719,99.697,,
97095,23,10.138,11.927,,
97095,24,99.914,101.712,,
97095,25,100.712,102.61,,
97095,26,101.87,105.095,,
97095,27,104.833,107.17,,
97095,28,106.17,108.687,,
97095,29,107.687,113.595,,
97095,30,112.645,114.813,,
97095,31,113.813,117.157,,
97095,32,10.927,20.677,,
97095,33,19.707,22.493,,
97095,34,21.622,26.763,,
97095,35,26.052,33.078,,
97095,36,32.108,33.777,,
97095,37,32.777,39.175,,
97992,0,0.0,5.99,,
97992,1,6.018,19.659,,
97992,2,53.799,58.401,,
97992,3,20.176,22.722,,
97992,4,23.887,36.431,,
97992,5,35.431,40.013,,
97992,6,39.831,42.657,,
97992,7,42.275,44.941,,
97992,8,45.408,50.239,,
97992,9,50.038,52.474,,
97992,10,52.512,54.25,,
97ENTofrmNo,0,-0.487528344671,8.11519274376,,
97ENTofrmNo,1,7.21496598639,13.7224489796,,
97ENTofrmNo,2,13.1215419501,21.4448979592,,
97ENTofrmNo,3,22.789569161,26.1342403628,,
98187,0,0.879,4.344,,
98187,1,3.703,7.776,,
98187,2,40.819,44.502,,
98187,3,45.029,51.297,,
98187,4,50.297,52.205,,
98187,5,52.302,63.38,,
98187,6,63.527,66.143,,
98187,7,6.776,13.353,,
98187,8,12.872,14.95,,
98187,9,13.95,16.327,,
98187,10,16.055,20.337,,
98187,11,21.323,26.643,,
98187,12,26.082,28.15,,
98187,13,28.995,39.903,,
98187,14,39.342,41.819,,
98442,0,2.735,6.649,,
98442,1,7.654,11.118,,
98442,2,72.317,76.949,,
98442,3,10.976,27.302,,
98442,4,26.302,30.405,,
98442,5,31.041,34.815,,
98442,6,33.924,36.67,,
98442,7,37.865,42.577,,
98442,8,41.577,56.395,,
98442,9,59.257,68.268,,
98442,10,67.268,73.317,,
984VkHzXl8w,0,-0.487528344671,2.4380952381,,
984VkHzXl8w,1,18.80861678,22.9714285714,,
984VkHzXl8w,2,22.370521542,26.9723356009,,
984VkHzXl8w,3,26.2616780045,28.5986394558,,
984VkHzXl8w,4,42.2054421769,51.0077097506,,
984VkHzXl8w,5,50.0077097506,54.8888888889,,
99501,0,0.121,1.44,,
99501,1,0.44,6.888,,
99501,2,80.947,87.974,,
99501,3,86.974,89.69,,
99501,4,89.328,91.516,,
99501,5,90.735,98.999,,
99501,6,6.317,10.19,,
99501,7,9.28,35.383,,
99501,8,35.151,49.052,,
99501,9,49.399,58.69,,
99501,10,57.69,66.502,,
99501,11,66.371,71.012,,
99501,12,70.282,75.283,,
99501,13,74.522,81.02,,
9BceQC_SdTM,0,3.344,11.488,,
9BceQC_SdTM,1,17.152,36.65,,
9BceQC_SdTM,2,39.701,47.336,,
9GzFQBljNIY,0,0.0,2.568,,
9GzFQBljNIY,1,1.977,8.175,,
9GzFQBljNIY,2,7.175,9.702,,
9GzFQBljNIY,3,8.702,16.396,,
9GzFQBljNIY,4,15.766,19.829,,
9GzFQBljNIY,5,19.178,24.897,,
9JqwFRCTKOM,0,76.567,82.716,,
9Jyr5laC8mg,0,28.297,40.961,,
9K4aWWoXuyU,0,0.0,7.966,,
9K4aWWoXuyU,1,7.365,18.472,,
9K5mYSaoBL4,0,-0.218140589569,1.63990929705,,
9K5mYSaoBL4,1,0.63990929705,36.3011337868,,
9K5mYSaoBL4,2,35.6603174603,38.9551020408,,
9K5mYSaoBL4,3,37.9551020408,41.2,,
9K5mYSaoBL4,4,40.2,43.4149659864,,
9K5mYSaoBL4,5,42.4149659864,46.6276643991,,
9K5mYSaoBL4,6,45.6276643991,49.0321995465,,
9K5mYSaoBL4,7,48.0321995465,51.5863945578,,
9Lr4i7bIB6w,0,0.0124716553288,9.8201814059,,
9Lr4i7bIB6w,1,107.657823129,116.128571429,,
9Lr4i7bIB6w,2,116.747165533,125.666893424,,
9Lr4i7bIB6w,3,126.295464853,132.780725624,,
9Lr4i7bIB6w,4,133.389342404,140.493197279,,
9Lr4i7bIB6w,5,141.331292517,146.479591837,,
9Lr4i7bIB6w,6,22.9403628118,35.0628117914,,
9Lr4i7bIB6w,7,35.8310657596,43.4337868481,,
9Lr4i7bIB6w,8,59.0083900227,64.0569160998,,
9Lr4i7bIB6w,9,74.5829931973,80.8886621315,,
9Nhoi1jfDbY,0,86.485,94.978,,
9Nhoi1jfDbY,1,6.966,15.638,,
9Nhoi1jfDbY,2,38.983,46.538,,
9OY3NU2ycVw,0,-0.487528344671,7.87573696145,,
9OY3NU2ycVw,1,7.22494331066,14.6403628118,,
9OY3NU2ycVw,2,14.3188208617,23.370521542,,
9OY3NU2ycVw,3,24.0766439909,28.7882086168,,
9OY3NU2ycVw,4,28.1174603175,34.4154195011,,
9OY3NU2ycVw,5,34.1238095238,41.4993197279,,
9OY3NU2ycVw,6,40.8185941043,46.3083900227,,
9OY3NU2ycVw,7,45.6675736961,49.7106575964,,
9OY3NU2ycVw,8,49.1197278912,54.6693877551,,
9PzZSheh10U,0,0.0,2.807,,
9PzZSheh10U,1,1.807,7.387,,
9PzZSheh10U,2,62.689,65.694,,
9PzZSheh10U,3,64.864,72.968,,
9PzZSheh10U,4,72.546,78.805,,
9PzZSheh10U,5,78.293,88.273,,
9PzZSheh10U,6,87.981,95.387,,
9PzZSheh10U,7,94.736,101.732,,
9PzZSheh10U,8,101.531,114.015,,
9PzZSheh10U,9,113.573,116.928,,
9PzZSheh10U,10,116.107,122.326,,
9PzZSheh10U,11,121.326,123.683,,
9PzZSheh10U,12,6.387,9.811,,
9PzZSheh10U,13,123.481,129.429,,
9PzZSheh10U,14,128.888,133.151,,
9PzZSheh10U,15,132.63,142.739,,
9PzZSheh10U,16,142.408,151.859,,
9PzZSheh10U,17,151.218,160.459,,
9PzZSheh10U,18,160.217,164.2,,
9PzZSheh10U,19,163.48,168.521,,
9PzZSheh10U,20,167.76,173.19,,
9PzZSheh10U,21,172.819,179.037,,
9PzZSheh10U,22,178.416,186.161,,
9PzZSheh10U,23,9.23,16.706,,
9PzZSheh10U,24,185.42,192.795,,
9PzZSheh10U,25,15.785,21.914,,
9PzZSheh10U,26,22.839,44.852,,
9PzZSheh10U,27,44.5,48.394,,
9PzZSheh10U,28,47.783,51.976,,
9PzZSheh10U,29,51.504,57.902,,
9PzZSheh10U,30,57.132,63.689,,
9QI-9w_VdB4,0,0.0,11.258,,
9QI-9w_VdB4,1,41.128,48.982,,
9QI-9w_VdB4,2,48.272,53.362,,
9QI-9w_VdB4,3,58.099,66.213,,
9TAGpMywQyE,0,0.0,11.937,,
9Un1O2ypJmI,0,0.0,18.541,,
9Un1O2ypJmI,1,18.569,27.83,,
9Un1O2ypJmI,2,27.708,34.296,,
9Un1O2ypJmI,3,38.793,55.039,,
9VZ4cpoTFbo,0,4.581,9.612,,
9VZ4cpoTFbo,1,8.921,15.967,,
9VZ4cpoTFbo,2,29.484,34.166,,
9VZ4cpoTFbo,3,60.693,66.772,,
9XCmrHbU-rU,0,6.018,24.957,,
9bAgEmihzLs,0,-0.487528344671,4.22403628118,,
9bAgEmihzLs,1,3.22403628118,20.1378684807,,
9bAgEmihzLs,2,20.0657596372,26.2140589569,,
9bAgEmihzLs,3,30.7115646259,50.0498866213,,
9cSJglGi9Pg,0,71.559,77.877,,
9cSJglGi9Pg,1,77.405,82.945,,
9cSJglGi9Pg,2,82.294,88.483,,
9cSJglGi9Pg,3,87.922,94.758,,
9cSJglGi9Pg,4,101.62,106.901,,
9cSJglGi9Pg,5,112.276,118.564,,
9cSJglGi9Pg,6,15.646,25.655,,
9cSJglGi9Pg,7,124.927,129.938,,
9cSJglGi9Pg,8,128.938,133.061,,
9cSJglGi9Pg,9,25.054,35.423,,
9cSJglGi9Pg,10,34.583,41.849,,
9cSJglGi9Pg,11,41.228,52.015,,
9cSJglGi9Pg,12,51.444,57.293,,
9cSJglGi9Pg,13,66.43,72.21,,
9cYNT_YSo8o,0,11.116,21.644,,
9cYNT_YSo8o,1,21.572,33.468,,
9ceYD_OzPz8,0,0.0,10.101,,
9cxlcpbmrH0,0,0.0,16.366,,
9cxlcpbmrH0,1,15.825,21.515,,
9cxlcpbmrH0,2,87.253,98.679,,
9cxlcpbmrH0,3,98.009,102.58,,
9cxlcpbmrH0,4,101.78,112.528,,
9cxlcpbmrH0,5,111.707,116.14,,
9cxlcpbmrH0,6,118.542,134.797,,
9cxlcpbmrH0,7,20.774,34.495,,
9cxlcpbmrH0,8,33.575,39.314,,
9cxlcpbmrH0,9,44.371,54.33,,
9cxlcpbmrH0,10,53.46,62.601,,
9cxlcpbmrH0,11,62.02,71.032,,
9dFEGb_RfwE,0,3.9335600907,5.39024943311,,
9f6A3ucYArQ,0,0.0,5.002,,
9f6A3ucYArQ,1,4.511,12.076,,
9f6A3ucYArQ,2,11.775,17.763,,
9f6A3ucYArQ,3,17.322,23.81,,
9iRncKVM2PA,0,9.33,28.239,,
9kLNVTm3Z90,0,0.0,2.997,,
9kLNVTm3Z90,1,1.997,9.083,,
9kLNVTm3Z90,2,27.229,38.386,,
9orb0lQnVW4,0,0.0,6.998,,
9pdyTplXwM4,0,0.0,6.708,,
9pdyTplXwM4,1,48.99,53.672,,
9pdyTplXwM4,2,7.155,12.834,,
9pdyTplXwM4,3,21.163,28.758,,
9pdyTplXwM4,4,28.656,34.086,,
9pdyTplXwM4,5,33.755,37.159,,
9pdyTplXwM4,6,41.627,47.476,,
9pzn93kdP_g,0,63.407,70.942,,
9pzn93kdP_g,1,70.491,90.588,,
9pzn93kdP_g,2,90.605,109.495,,
9pzn93kdP_g,3,108.734,122.914,,
9pzn93kdP_g,4,130.405,144.146,,
9pzn93kdP_g,5,143.146,149.614,,
9pzn93kdP_g,6,148.783,156.179,,
9pzn93kdP_g,7,180.341,188.815,,
9pzn93kdP_g,8,14.219,20.916,,
9pzn93kdP_g,9,20.355,29.836,,
9sAoeFTKILY,0,14.2600907029,25.0755102041,,
9tX18DNC74w,0,0.0,15.848,,
9tX18DNC74w,1,76.408,86.497,,
9tX18DNC74w,2,19.976,27.771,,
9tX18DNC74w,3,33.366,40.282,,
9tX18DNC74w,4,66.55,74.055,,
9zBj8VkRBpE,0,0.390476190476,4.48344671202,,
9zBj8VkRBpE,1,3.48344671202,24.2784580499,,
9zBj8VkRBpE,2,24.8249433107,34.4952380952,,
9zBj8VkRBpE,3,33.9142857143,38.7056689342,,
9zBj8VkRBpE,4,37.7056689342,44.9015873016,,
9zWeMrfr-l0,0,0.0,3.585,,
9zWeMrfr-l0,1,2.645,19.08,,
9zWeMrfr-l0,2,46.755,51.696,,
9zWeMrfr-l0,3,51.584,54.699,,
9zWeMrfr-l0,4,53.699,56.106,,
A0aE2Gzym-M,0,1.927,16.376,,
A1lFJXUpxZo,0,0.0,25.945,,
A1lFJXUpxZo,1,25.404,33.807,,
A1lFJXUpxZo,2,119.051,137.292,,
A1lFJXUpxZo,3,138.088,158.134,,
A1lFJXUpxZo,4,157.563,189.323,,
A2E78CGi5TU,0,48.102,54.759,,
A2E78CGi5TU,1,62.17,73.626,,
A2E78CGi5TU,2,76.607,84.472,,
A2E78CGi5TU,3,91.483,105.384,,
A2E78CGi5TU,4,8.881,14.281,,
A2E78CGi5TU,5,165.306,170.636,,
A2E78CGi5TU,6,16.025,20.577,,
A2E78CGi5TU,7,33.385,37.808,,
A2E78CGi5TU,8,37.197,43.515,,
A4dzxgHDhF0,0,9.24,27.092,,
A6R6J8SJtBc,0,0.0124716553288,11.5662131519,,
A6R6J8SJtBc,1,12.1249433107,20.0569160998,,
A6R6J8SJtBc,2,20.6455782313,38.2256235828,,
A8c7q_P4jQg,0,20.475,24.877,,
A8c7q_P4jQg,1,47.094,53.113,,
A8c7q_P4jQg,2,52.642,58.341,,
A8plGi4rbxM,0,0.0124716553288,4.40249433107,,
A8plGi4rbxM,1,5.5798185941,11.8156462585,,
A8plGi4rbxM,2,17.5027210884,23.1997732426,,
A8plGi4rbxM,3,24.2972789116,32.4786848073,,
A8plGi4rbxM,4,34.2446712018,62.5403628118,,
A8plGi4rbxM,5,88.7009070295,99.3866213152,,
AB1PbMaW03s,0,71.758,76.889,,
AB1PbMaW03s,1,76.458,81.758,,
AB1PbMaW03s,2,81.726,86.228,,
AB1PbMaW03s,3,86.355,91.566,,
AB1PbMaW03s,4,97.33,110.054,,
AB1PbMaW03s,5,109.872,115.701,,
AB1PbMaW03s,6,114.94,119.322,,
AB1PbMaW03s,7,4.91,11.478,,
AB1PbMaW03s,8,11.605,20.198,,
AB1PbMaW03s,9,37.805,42.218,,
AB1PbMaW03s,10,41.497,48.833,,
ABSC1JNdpTw,0,85.367,95.127,,
ABSC1JNdpTw,1,15.526,20.367,,
ABSC1JNdpTw,2,30.811,43.235,,
ABSC1JNdpTw,3,57.77,65.265,,
ABSC1JNdpTw,4,66.43,78.605,,
ACOlIiRdDyE,0,43.433,55.757,,
ADYia28RrFU,0,1.65759637188,6.71836734694,,
ADYia28RrFU,1,16.5637188209,23.5201814059,,
ADYia28RrFU,2,23.7573696145,28.2993197279,,
ADYia28RrFU,3,27.2993197279,31.5619047619,,
ADYia28RrFU,4,30.8213151927,33.7569160998,,
ADYia28RrFU,5,33.2657596372,41.7986394558,,
ADYia28RrFU,6,41.6367346939,50.7083900227,,
ADYia28RrFU,7,49.9278911565,55.3977324263,,
AG5EY8ZaFj4,0,67.358,75.562,,
AG5EY8ZaFj4,1,10.258,14.421,,
AG5EY8ZaFj4,2,14.758,20.527,,
AGFgaKPzjMQ,0,3.224,9.302,,
AGFgaKPzjMQ,1,55.316,59.878,,
AGFgaKPzjMQ,2,8.692,17.284,,
AGFgaKPzjMQ,3,16.703,26.064,,
AGFgaKPzjMQ,4,26.032,37.02,,
AGFgaKPzjMQ,5,38.614,46.438,,
AGFgaKPzjMQ,6,45.767,52.135,,
AGM-hNupJik,0,0.0,7.267,,
AHU3PUztC_M,0,29.694,46.408,,
AHXwnFvqYDk,0,-0.487528344671,18.6612244898,,
AHXwnFvqYDk,1,17.9006802721,27.1619047619,,
AHXwnFvqYDk,2,26.4811791383,30.7437641723,,
AHXwnFvqYDk,3,33.8145124717,42.8961451247,,
AHXwnFvqYDk,4,42.3750566893,45.8993197279,,
AHXwnFvqYDk,5,46.4657596372,49.4412698413,,
AHXwnFvqYDk,6,48.4412698413,53.033106576,,
AHXwnFvqYDk,7,52.033106576,56.5351473923,,
AHiA9hohKr8,0,-0.487528344671,3.39591836735,,
AHiA9hohKr8,1,2.82494331066,7.93560090703,,
AHiA9hohKr8,2,6.93560090703,13.9918367347,,
AHiA9hohKr8,3,13.2013605442,17.9628117914,,
AHiA9hohKr8,4,18.0303854875,22.8816326531,,
AHiA9hohKr8,5,22.0412698413,35.1836734694,,
AHiA9hohKr8,6,34.1836734694,37.9473922902,,
AHiA9hohKr8,7,37.2367346939,54.4997732426,,
AIPqRuTjI4E,0,57.022,62.142,,
AIPqRuTjI4E,1,70.721,76.859,,
AIPqRuTjI4E,2,77.485,83.175,,
AIPqRuTjI4E,3,86.006,91.576,,
AIPqRuTjI4E,4,18.459,27.172,,
AKofHsmxa1I,0,16.045,35.273,,
AKofHsmxa1I,1,34.742,64.986,,
AKofHsmxa1I,2,64.844,83.933,,
AKofHsmxa1I,3,84.07,91.725,,
ALlKbGE6BH0,0,7.474,17.743,,
ALlKbGE6BH0,1,20.515,35.822,,
APYv5s4ucd0,0,12.194,17.504,,
APYv5s4ucd0,1,28.058,33.677,,
APYv5s4ucd0,2,39.721,49.621,,
AQ4Pktv4-Gc,0,30.562,40.831,,
ARNWtLCbfW4,0,1.468,8.824,,
ARNWtLCbfW4,1,90.745,97.332,,
ARNWtLCbfW4,2,96.961,109.644,,
ARNWtLCbfW4,3,8.462,13.972,,
ARNWtLCbfW4,4,15.985,27.212,,
ARNWtLCbfW4,5,33.645,40.801,,
ATfnMuJJDkk,0,0.79954648526,3.56553287982,,
ATfnMuJJDkk,1,37.8154195011,47.0766439909,,
ATfnMuJJDkk,2,47.2040816327,51.6263038549,,
ATfnMuJJDkk,3,51.4444444444,54.6594104308,,
ATfnMuJJDkk,4,3.14421768707,14.9596371882,,
ATfnMuJJDkk,5,14.6281179138,19.7287981859,,
ATfnMuJJDkk,6,26.2716553288,30.6240362812,,
ATfnMuJJDkk,7,30.1827664399,34.2158730159,,
ATfnMuJJDkk,8,33.6448979592,38.2267573696,,
AVScVfLgNmw,0,0.0,5.97,,
AVScVfLgNmw,1,5.2,16.566,,
AVScVfLgNmw,2,17.422,25.855,,
AVScVfLgNmw,3,25.364,30.624,,
AVScVfLgNmw,4,31.151,34.685,,
AVScVfLgNmw,5,34.523,40.122,,
AVScVfLgNmw,6,39.172,43.964,,
AbNmF4RTzOI,0,12.752,26.992,,
AcoRjVPIVmQ,0,13.99,18.98,,
AcoRjVPIVmQ,1,29.065,33.567,,
AepwIhSbAws,0,0.0,13.174,,
AepwIhSbAws,1,22.62,36.59,,
AepwIhSbAws,2,37.945,61.185,,
AepwIhSbAws,3,60.584,74.973,,
AepwIhSbAws,4,81.327,94.718,,
AgH84SNRx5s,0,1.23968253968,6.29818594104,,
AgH84SNRx5s,1,30.5929705215,38.0759637188,,
AggyS1coOb8,0,0.0,8.235,,
AggyS1coOb8,2,108.415,134.937,,
AjgDuPEp9sI,0,29.834,42.766,,
AjgDuPEp9sI,1,58.967,82.716,,
AlJX3Jw3xKk,0,33.555,37.798,,
AlJX3Jw3xKk,1,41.497,51.257,,
AlmUwZgY6bs,0,19.587,25.496,,
AlmUwZgY6bs,1,33.785,41.878,,
AmGocfFQfVE,0,0.0,8.704,,
AmGocfFQfVE,1,7.873,13.643,,
AmGocfFQfVE,2,79.151,87.624,,
AmGocfFQfVE,3,88.63,96.564,,
AmGocfFQfVE,4,108.126,122.475,,
AmGocfFQfVE,5,13.8,29.596,,
AmGocfFQfVE,6,29.375,45.331,,
AmGocfFQfVE,7,53.24,64.896,,
AmGocfFQfVE,8,68.655,77.897,,
An8x4UfwZ7k,0,31.53,37.648,,
An8x4UfwZ7k,1,37.317,45.69,,
Arh2TKRi_mg,0,53.879,64.487,,
Arh2TKRi_mg,1,74.642,79.902,,
Arh2TKRi_mg,2,79.501,88.263,,
Arh2TKRi_mg,3,87.552,93.88,,
Arh2TKRi_mg,4,93.279,102.421,,
Arh2TKRi_mg,5,101.98,110.303,,
Arh2TKRi_mg,6,119.011,125.638,,
Arh2TKRi_mg,7,153.512,158.454,,
Arh2TKRi_mg,8,13.022,21.495,,
Arh2TKRi_mg,9,164.478,171.195,,
Arh2TKRi_mg,10,50.756,54.639,,
AsrhHuCfvF4,0,0.0,18.412,,
AsrhHuCfvF4,1,17.771,24.119,,
AsrhHuCfvF4,2,41.188,50.858,,
AuPCZlKBzq8,0,20.116,44.602,,
AuPCZlKBzq8,1,139.744,160.688,,
AuPCZlKBzq8,2,160.088,170.247,,
AuPCZlKBzq8,3,95.035,111.361,,
AuPCZlKBzq8,4,133.917,140.474,,
AxNy9TeTLq8,0,0.0,11.837,,
Az3e1Opu0LE,0,11.924,17.244,,
Az3e1Opu0LE,1,17.222,26.294,,
Az3e1Opu0LE,2,26.92,35.423,,
Az3e1Opu0LE,3,35.201,41.729,,
Az3e1Opu0LE,4,40.729,46.658,,
Az3e1Opu0LE,5,46.845,50.459,,
Az3e1Opu0LE,6,50.227,52.634,,
B1B71X_SmwY,0,0.0,10.011,,
B1B71X_SmwY,1,9.47,15.588,,
B1B71X_SmwY,2,73.464,85.699,,
B1B71X_SmwY,3,85.078,99.637,,
B1B71X_SmwY,4,98.687,113.526,,
B1B71X_SmwY,5,112.845,120.32,,
B1B71X_SmwY,6,119.32,129.849,,
B1B71X_SmwY,7,128.849,134.119,,
B1B71X_SmwY,8,133.458,143.488,,
B1B71X_SmwY,9,142.797,151.17,,
B1B71X_SmwY,10,150.509,156.618,,
B1B71X_SmwY,11,14.957,23.899,,
B1B71X_SmwY,12,22.999,30.175,,
B1B71X_SmwY,13,29.175,37.349,,
B1B71X_SmwY,14,36.688,43.405,,
B1B71X_SmwY,15,42.834,53.512,,
B1B71X_SmwY,16,53.131,61.953,,
B1B71X_SmwY,17,61.132,65.904,,
B1B71X_SmwY,18,65.243,74.005,,
B1PzCwfgXyU,0,29.8646258503,41.2088435374,,
B1PzCwfgXyU,1,46.4868480726,53.9498866213,,
B9oeT0K92wU,0,23.239,36.211,,
BAi3ZJo5Vwg,0,106.739,116.629,,
BAi3ZJo5Vwg,1,9.171,20.427,,
BAi3ZJo5Vwg,2,22.959,46.059,,
BAi3ZJo5Vwg,3,52.093,60.356,,
BAi3ZJo5Vwg,4,59.646,71.142,,
BBSVLGf7zPI,0,4.60090702948,11.5972789116,,
BBSVLGf7zPI,1,11.1560090703,26.5931972789,,
BBSVLGf7zPI,2,27.9977324263,44.1632653061,,
BB_VwJSg3AI,0,18.16,28.798,,
BB_VwJSg3AI,1,31.629,40.172,,
BB_VwJSg3AI,2,42.884,54.849,,
BBoe8-HWPSw,0,0.0,7.696,,
BBoe8-HWPSw,1,6.976,14.69,,
BBoe8-HWPSw,2,84.659,90.169,,
BBoe8-HWPSw,3,89.727,94.279,,
BBoe8-HWPSw,4,13.69,26.164,,
BBoe8-HWPSw,5,25.543,32.43,,
BBoe8-HWPSw,6,31.949,38.995,,
BBoe8-HWPSw,7,47.054,53.422,,
BDCFV4EqHjY,0,5.599,18.182,,
BDCFV4EqHjY,1,17.761,29.906,,
BJS5KCSowgU,0,5.958,15.598,,
BJS5KCSowgU,1,19.497,25.476,,
BJS5KCSowgU,2,37.037,46.578,,
BLFUj7_uy_0,0,0.0,10.949,,
BLFUj7_uy_0,1,10.827,21.435,,
BLFUj7_uy_0,2,95.584,101.234,,
BLFUj7_uy_0,3,100.234,108.347,,
BLFUj7_uy_0,4,113.294,125.927,,
BLFUj7_uy_0,5,20.644,26.164,,
BLFUj7_uy_0,6,169.985,190.73,,
BLFUj7_uy_0,7,190.269,202.473,,
BLFUj7_uy_0,8,26.222,42.367,,
BLFUj7_uy_0,9,41.986,52.185,,
BLFUj7_uy_0,10,57.351,69.386,,
BLFUj7_uy_0,11,71.519,77.238,,
BLFUj7_uy_0,12,77.166,86.617,,
BMhG11CXgww,0,0.0,11.777,,
BMhG11CXgww,1,28.606,38.965,,
BMhG11CXgww,2,37.995,42.068,,
BMhG11CXgww,3,41.138,48.813,,
BMhG11CXgww,4,47.813,55.208,,
BNaRO9g8ugQ,0,7.554,14.68,,
BR2pkk3TK-0,0,0.0,11.318,,
BR2pkk3TK-0,1,28.447,42.218,,
BRSyH6yfDLk,0,-0.487528344671,12.4253968254,,
BRSyH6yfDLk,1,11.8045351474,27.2517006803,,
BRSyH6yfDLk,2,26.3814058957,31.7714285714,,
BRSyH6yfDLk,3,30.9210884354,46.8172335601,,
BRSyH6yfDLk,4,45.8172335601,48.8925170068,,
BRdw-_dbJXc,0,6.167,17.175,,
BRdw-_dbJXc,1,56.822,65.924,,
BRdw-_dbJXc,2,71.09,80.79,,
BRdw-_dbJXc,3,80.468,87.395,,
BRdw-_dbJXc,4,93.688,99.388,,
BRdw-_dbJXc,5,106.888,112.378,,
BRdw-_dbJXc,6,38.324,43.116,,
BRdw-_dbJXc,7,47.723,52.484,,
BRdw-_dbJXc,8,52.622,57.822,,
BRzjQHYWbSs,0,4.262,8.534,,
BRzjQHYWbSs,1,45.139,53.462,,
BRzjQHYWbSs,2,53.61,59.249,,
BRzjQHYWbSs,3,59.267,64.866,,
BRzjQHYWbSs,4,78.673,86.746,,
BRzjQHYWbSs,5,86.615,91.695,,
BRzjQHYWbSs,6,91.084,102.171,,
BRzjQHYWbSs,7,101.96,108.347,,
BRzjQHYWbSs,8,107.876,112.159,,
BRzjQHYWbSs,9,7.923,12.834,,
BRzjQHYWbSs,10,111.598,116.17,,
BRzjQHYWbSs,11,12.194,19.28,,
BRzjQHYWbSs,12,21.842,27.132,,
BRzjQHYWbSs,13,26.741,32.25,,
BRzjQHYWbSs,14,35.521,40.831,,
BSKAHXFYF_I,0,8.672,13.393,,
BSKAHXFYF_I,1,63.836,76.729,,
BSKAHXFYF_I,2,81.506,89.47,,
BSKAHXFYF_I,3,19.407,27.78,,
BSKAHXFYF_I,4,27.509,37.608,,
BSKAHXFYF_I,5,47.593,51.666,,
BSKAHXFYF_I,6,51.125,55.318,,
BSKAHXFYF_I,7,54.986,64.417,,
BTjV5dU_rfY,0,6.596,15.937,,
BXqnWuDA3H4,0,0.0,5.99,,
BXqnWuDA3H4,1,21.991,26.663,,
BXqnWuDA3H4,2,29.025,37.588,,
BZOB3r5AoKE,0,0.0124716553288,9.94988662132,,
BZOB3r5AoKE,1,10.4287981859,15.8265306122,,
BZOB3r5AoKE,2,26.4723356009,37.6369614512,,
BZOB3r5AoKE,3,58.5195011338,64.1566893424,,
BaX10vbFhuU,0,8.293,13.842,,
BaX10vbFhuU,1,96.153,102.541,,
BaX10vbFhuU,2,75.6,94.469,,
Baz0VVQ-E9E,0,-0.447619047619,3.04671201814,,
Baz0VVQ-E9E,1,2.48571428571,8.47437641723,,
Baz0VVQ-E9E,2,49.987755102,53.412244898,,
Baz0VVQ-E9E,3,9.7691609977,14.380952381,,
Baz0VVQ-E9E,4,14.6081632653,16.9850340136,,
Baz0VVQ-E9E,5,15.9850340136,20.9659863946,,
Baz0VVQ-E9E,6,20.0657596372,27.6408163265,,
Baz0VVQ-E9E,7,27.9777777778,40.9206349206,,
Baz0VVQ-E9E,8,40.2997732426,50.9278911565,,
BdqoZ5qpz0E,0,0.0,6.808,,
BdqoZ5qpz0E,1,73.025,78.635,,
BdqoZ5qpz0E,2,78.343,86.507,,
BdqoZ5qpz0E,3,89.328,99.248,,
BdqoZ5qpz0E,4,103.965,109.235,,
BdqoZ5qpz0E,5,109.083,114.513,,
BdqoZ5qpz0E,6,7.903,19.19,,
BdqoZ5qpz0E,7,132.321,139.926,,
BdqoZ5qpz0E,8,139.953,150.422,,
BdqoZ5qpz0E,9,18.769,24.488,,
BdqoZ5qpz0E,10,24.326,32.639,,
BdqoZ5qpz0E,11,32.507,38.666,,
BdqoZ5qpz0E,12,38.564,47.805,,
BdqoZ5qpz0E,13,47.873,57.693,,
BdqoZ5qpz0E,14,57.421,68.119,,
BdqoZ5qpz0E,15,67.907,73.756,,
Bf5owLv3X98,0,16.264,25.127,,
Bf5owLv3X98,1,24.376,33.378,,
Bf5owLv3X98,2,32.667,42.387,,
Bf5owLv3X98,3,49.619,54.111,,
Bf5owLv3X98,4,54.059,61.713,,
Bg-PA5KTjNs,0,0.0,7.586,,
Bg-PA5KTjNs,1,7.065,15.878,,
Bg-PA5KTjNs,2,66.74,77.168,,
Bg-PA5KTjNs,3,15.376,25.256,,
Bg-PA5KTjNs,4,24.516,30.005,,
Bg-PA5KTjNs,5,29.454,34.745,,
Bg-PA5KTjNs,6,34.134,46.259,,
Bg-PA5KTjNs,7,45.658,51.257,,
Bg-PA5KTjNs,8,50.427,56.296,,
Bg-PA5KTjNs,9,55.685,66.143,,
BgXqrxum5G4,0,0.0,8.325,,
BgXqrxum5G4,1,7.375,10.58,,
BgXqrxum5G4,2,9.819,14.8,,
BgXqrxum5G4,3,14.069,20.337,,
BgXqrxum5G4,4,19.337,23.7,,
BgXqrxum5G4,5,22.7,27.302,,
BgXqrxum5G4,6,26.82,33.088,,
BgXqrxum5G4,7,46.665,49.611,,
BmDybDBTe7o,0,4.82,10.789,,
BmDybDBTe7o,1,11.954,18.282,,
BmDybDBTe7o,2,17.771,22.403,,
BmDybDBTe7o,3,21.592,42.098,,
BmDybDBTe7o,4,41.637,49.541,,
BmDybDBTe7o,5,49.15,56.795,,
BnWvk0YRgE4,0,0.0,14.541,,
Bo5IDtP8_Fk,0,6.586,16.117,,
Bo5IDtP8_Fk,1,92.551,108.966,,
Bo5IDtP8_Fk,2,108.245,115.491,,
Bo5IDtP8_Fk,3,115.06,120.969,,
Bo5IDtP8_Fk,4,120.118,126.576,,
Bo5IDtP8_Fk,5,32.946,45.4,,
Bo5IDtP8_Fk,6,44.949,62.901,,
Bpy61RdLAvo,0,25.823,34.934,,
BseI8-TYWm8,0,0.0,13.413,,
BseI8-TYWm8,1,13.201,21.056,,
BseI8-TYWm8,2,20.575,25.755,,
BseI8-TYWm8,3,27.269,33.108,,
BuPhjBayua8,0,0.0,16.456,,
BuPhjBayua8,1,16.155,26.783,,
BuPhjBayua8,2,42.265,50.1,,
BuPhjBayua8,3,49.299,61.594,,
BvvttuYysvg,0,22.49,35.184,,
C-UUQju3bXo,0,93.609,97.692,,
C-UUQju3bXo,1,54.278,59.668,,
C03473pYcRM,0,3.005,9.642,,
C03473pYcRM,1,114.312,124.84,,
C03473pYcRM,2,145.531,153.146,,
C03473pYcRM,3,10.019,16.805,,
C03473pYcRM,4,174.106,179.306,,
C03473pYcRM,5,16.414,23.69,,
C03473pYcRM,6,39.192,63.31,,
C03473pYcRM,7,64.046,80.9,,
C03473pYcRM,8,81.706,96.664,,
C03473pYcRM,9,106.819,110.393,,
C2xNDBU2Z0s,0,0.0,7.277,,
C2xNDBU2Z0s,1,6.666,13.214,,
C2xNDBU2Z0s,2,12.353,17.803,,
C3lDRFu1ZcI,0,0.0,9.931,,
C3lDRFu1ZcI,1,9.899,17.554,,
C3lDRFu1ZcI,2,17.801,27.601,,
C3lDRFu1ZcI,3,27.449,34.266,,
C3lDRFu1ZcI,4,33.665,39.943,,
C3lDRFu1ZcI,5,39.661,45.45,,
C3lDRFu1ZcI,6,45.059,54.6,,
C5-cY1nPQ20,0,0.0,5.681,,
C5-cY1nPQ20,1,5.748,11.996,,
C5-cY1nPQ20,2,39.382,44.213,,
C5-cY1nPQ20,3,44.949,49.042,,
C5-cY1nPQ20,4,19.327,21.844,,
C5-cY1nPQ20,5,20.844,23.8,,
C5-cY1nPQ20,6,22.8,26.733,,
C5-cY1nPQ20,7,27.08,31.542,,
C5-cY1nPQ20,8,31.39,35.802,,
C5-cY1nPQ20,9,35.052,39.933,,
C74-of1rjg4,0,1.52789115646,6.65850340136,,
C74-of1rjg4,1,5.74829931973,20.1378684807,,
C864zaWmEd0,0,31.959,37.039,,
C8Fhlk-eczU,0,-0.427664399093,9.76145124717,,
C8Fhlk-eczU,1,11.4553287982,14.3709750567,,
C8Fhlk-eczU,2,38.1646258503,45.0113378685,,
C8Fhlk-eczU,3,44.6798185941,56.8045351474,,
CBYQDIqucxE,0,0.0,7.816,,
CBYQDIqucxE,1,11.924,20.178,,
CE9yV4SearE,0,0.0,7.247,,
CE9yV4SearE,1,101.87,115.94,,
CE9yV4SearE,2,14.349,31.592,,
CE9yV4SearE,3,31.959,42.008,,
CE9yV4SearE,4,41.288,47.546,,
CE9yV4SearE,5,49.479,56.206,,
CE9yV4SearE,6,55.685,62.741,,
CE9yV4SearE,7,62.559,83.903,,
CHh6hWo1AFE,0,0.0,4.773,,
CHh6hWo1AFE,1,4.332,13.613,,
CHh6hWo1AFE,2,13.122,17.165,,
CHh6hWo1AFE,3,16.364,19.18,,
CHh6hWo1AFE,4,18.709,28.698,,
CHh6hWo1AFE,5,38.893,43.994,,
CHh6hWo1AFE,6,43.562,49.361,,
CHh6hWo1AFE,7,49.639,53.682,,
CIqRibqChDQ,0,0.0,12.096,,
CIqRibqChDQ,1,109.193,115.521,,
CIqRibqChDQ,2,28.985,51.876,,
CIqRibqChDQ,3,73.754,81.658,,
CJGuudyvA0Y,0,0.0,5.84,,
CJGuudyvA0Y,1,4.99,23.76,,
CJGuudyvA0Y,2,51.684,62.99,,
CK31s0kfp-k,0,65.093,87.704,,
CK31s0kfp-k,1,100.613,105.983,,
CK31s0kfp-k,2,127.043,146.052,,
CK31s0kfp-k,3,145.461,153.056,,
CK31s0kfp-k,4,5.03,15.838,,
CK31s0kfp-k,5,36.548,45.301,,
CKqDDh50gcU,0,0.54,4.344,,
CKqDDh50gcU,1,78.184,82.795,,
CKqDDh50gcU,2,8.223,18.462,,
CKqDDh50gcU,3,27.868,39.624,,
CKqDDh50gcU,4,39.282,48.483,,
CKqDDh50gcU,5,51.395,64.258,,
CL4hDu95Eqw,0,0.0,7.846,,
CL4hDu95Eqw,1,24.725,30.045,,
CL4hDu95Eqw,2,29.045,33.647,,
CL4hDu95Eqw,3,32.647,41.429,,
CL4hDu95Eqw,4,50.537,60.227,,
CL4hDu95Eqw,5,63.637,66.922,,
CLkTjujFVKU,0,0.0,12.795,,
CLkTjujFVKU,1,12.353,17.384,,
CLkTjujFVKU,2,75.909,82.526,,
CLkTjujFVKU,3,28.187,39.274,,
CLkTjujFVKU,4,45.947,51.816,,
CLkTjujFVKU,5,57.281,63.06,,
CO2YoTZbUr0,0,0.0,3.935,,
CO2YoTZbUr0,1,2.975,6.339,,
CO2YoTZbUr0,2,5.339,15.259,,
CO2YoTZbUr0,3,14.259,23.969,,
CO2YoTZbUr0,4,22.969,27.751,,
CO2YoTZbUr0,5,26.751,29.387,,
CO2YoTZbUr0,6,28.387,30.873,,
CO2YoTZbUr0,7,29.873,37.907,,
CO2YoTZbUr0,8,36.907,43.066,,
CO2YoTZbUr0,9,42.405,51.127,,
CO6n-skQJss,0,0.0,11.647,,
CO6n-skQJss,1,11.076,18.102,,
CO6n-skQJss,2,17.831,29.995,,
CO6n-skQJss,3,29.325,57.104,,
CPjbogfLHR4,0,0.0,5.78,,
CPjbogfLHR4,1,64.585,70.274,,
CPjbogfLHR4,2,91.493,98.899,,
CPjbogfLHR4,3,100.194,106.671,,
CPjbogfLHR4,4,11.246,19.03,,
CPjbogfLHR4,5,23.019,29.367,,
CPjbogfLHR4,6,28.467,38.127,,
CPjbogfLHR4,7,55.356,65.205,,
CQnwOZRgQXs,0,10.049,19.918,,
CQnwOZRgQXs,1,40.699,50.489,,
CT7QOWbhfv4,0,12.503,24.588,,
CU6U-gS76K4,0,0.0,18.392,,
CU6U-gS76K4,1,22.909,32.22,,
CU6U-gS76K4,2,118.542,131.215,,
CU6U-gS76K4,3,142.937,155.989,,
CU6U-gS76K4,4,70.631,85.13,,
CVx494kExvc,0,0.0,10.889,,
CVx494kExvc,1,112.196,117.327,,
CVx494kExvc,2,117.145,124.551,,
CVx494kExvc,3,136.012,148.706,,
CVx494kExvc,4,149.442,161.537,,
CVx494kExvc,5,172.519,177.42,,
CVx494kExvc,6,177.947,189.094,,
CVx494kExvc,7,15.805,25.845,,
CVx494kExvc,8,188.094,198.313,,
CVx494kExvc,9,36.778,53.692,,
CVx494kExvc,10,70.072,76.21,,
CVx494kExvc,11,87.522,94.12,,
CVx494kExvc,12,93.12,106.581,,
CXojk-oSaEw,0,0.0,6.848,,
CXojk-oSaEw,1,8.043,18.951,,
CXojk-oSaEw,2,18.0,25.496,,
CXojk-oSaEw,3,30.761,37.898,,
CXvUdCdKTJY,0,0.0,8.774,,
CXvUdCdKTJY,1,28.606,39.224,,
CXvUdCdKTJY,2,39.492,43.754,,
CXvUdCdKTJY,3,42.884,46.268,,
CZVmxwrWv34,0,6.147,12.206,,
CZVmxwrWv34,1,11.994,17.604,,
CZVmxwrWv34,2,25.084,31.741,,
CZVmxwrWv34,3,31.061,38.566,,
CZigX1ntOsI,0,0.0,12.665,,
CZigX1ntOsI,1,11.914,20.307,,
CZigX1ntOsI,2,89.897,96.305,,
CZigX1ntOsI,3,95.335,103.459,,
CZigX1ntOsI,4,102.898,111.041,,
CZigX1ntOsI,5,110.251,119.392,,
CZigX1ntOsI,6,125.386,131.654,,
CZigX1ntOsI,7,131.143,136.024,,
CZigX1ntOsI,8,19.307,33.009,,
CZigX1ntOsI,9,32.488,38.795,,
CZigX1ntOsI,10,38.244,47.077,,
CZigX1ntOsI,11,46.506,55.807,,
CZigX1ntOsI,12,55.316,61.903,,
CZigX1ntOsI,13,61.312,67.321,,
CZigX1ntOsI,14,66.64,76.52,,
Cb8ay6WtJuM,0,0.51020408163,8.49433106576,,
Cb8ay6WtJuM,1,45.0489795918,48.1841269841,,
Cb8ay6WtJuM,2,47.8825396825,52.7736961451,,
Cb8ay6WtJuM,3,8.15283446712,11.4975056689,,
Cb8ay6WtJuM,4,11.674829932,14.0716553288,,
Cb8ay6WtJuM,5,13.0716553288,15.6680272109,,
Cb8ay6WtJuM,6,14.6680272109,21.4848072562,,
Cb8ay6WtJuM,7,20.7741496599,29.0376417234,,
Cb8ay6WtJuM,8,28.3170068027,33.9664399093,,
Cb8ay6WtJuM,9,42.285260771,46.0489795918,,
CbQxC1iPyS8,0,0.0,17.195,,
CbQxC1iPyS8,1,16.344,28.938,,
CbQxC1iPyS8,2,103.416,117.157,,
CbQxC1iPyS8,3,30.841,48.064,,
CbQxC1iPyS8,4,63.577,69.286,,
CbQxC1iPyS8,5,84.868,103.917,,
CbRexsp1HKw,0,4.50113378685,9.74149659864,,
CbRexsp1HKw,1,8.74149659864,22.7319727891,,
CbRexsp1HKw,2,22.4303854875,32.6893424036,,
CbRexsp1HKw,3,31.6893424036,38.7954648526,,
CbRexsp1HKw,4,38.1346938776,42.7365079365,,
CbRexsp1HKw,5,42.7841269841,47.1265306122,,
Cd0JH1AreDw,0,0.0,15.957,,
Cd0JH1AreDw,1,15.945,18.442,,
Cd0JH1AreDw,2,17.442,22.951,,
Cd0JH1AreDw,3,23.717,30.025,,
Cd0JH1AreDw,4,29.644,34.376,,
Cd0JH1AreDw,5,33.376,38.696,,
CdB8QBhFccs,0,0.0,2.907,,
CdB8QBhFccs,1,2.206,6.07,,
CdB8QBhFccs,2,5.339,10.669,,
CdB8QBhFccs,3,10.517,18.771,,
CdB8QBhFccs,4,17.941,25.137,,
CdB8QBhFccs,5,39.731,41.449,,
CdB8QBhFccs,6,41.188,46.049,,
CdB8QBhFccs,7,45.468,54.999,,
Ceu9AkIjuLY,0,3.823,15.399,,
Ceu9AkIjuLY,1,92.282,101.343,,
Ceu9AkIjuLY,2,101.221,113.775,,
Ceu9AkIjuLY,3,113.753,124.77,,
Ceu9AkIjuLY,4,15.097,24.927,,
Ceu9AkIjuLY,5,31.38,37.369,,
Ceu9AkIjuLY,6,46.815,55.208,,
Ceu9AkIjuLY,7,55.196,66.353,,
Ceu9AkIjuLY,8,66.091,71.142,,
Ceu9AkIjuLY,9,70.83,75.542,,
CfWxp5bRt2A,0,-0.18820861678,6.81814058957,,
CfWxp5bRt2A,1,7.36462585034,16.2965986395,,
CfWxp5bRt2A,2,20.7841269841,26.5732426304,,
CfWxp5bRt2A,3,25.9224489796,33.4675736961,,
CfWxp5bRt2A,4,35.4108843537,40.0027210884,,
ChhZna-aBK4,0,5.58866213152,10.6095238095,,
ChhZna-aBK4,1,10.5573696145,15.1192743764,,
ChhZna-aBK4,2,86.3850340136,100.515192744,,
ChhZna-aBK4,3,99.724716553,111.560090703,,
ChhZna-aBK4,4,111.378231293,118.773696145,,
ChhZna-aBK4,5,117.773696145,130.985941043,,
ChhZna-aBK4,6,130.614512472,134.458049887,,
ChhZna-aBK4,7,134.535600907,138.848072562,,
ChhZna-aBK4,8,138.28707483,141.58185941,,
ChhZna-aBK4,9,14.1192743764,17.7732426304,,
ChhZna-aBK4,10,17.4117913832,24.6376417234,,
ChhZna-aBK4,11,24.3260770975,32.4099773243,,
ChhZna-aBK4,12,32.0684807256,48.8326530612,,
ChhZna-aBK4,13,48.1419501134,50.8680272109,,
ChhZna-aBK4,14,50.7859410431,72.0498866213,,
ChhZna-aBK4,15,71.0498866213,86.2077097506,,
Cj7R36s4dbM,0,-0.487528344671,1.99909297052,,
Cj7R36s4dbM,1,27.0798185941,30.4444444444,,
Cj7R36s4dbM,2,29.4444444444,36.9596371882,,
Cj7R36s4dbM,3,35.9596371882,42.5768707483,,
Cj7R36s4dbM,4,41.5768707483,47.7451247166,,
Cj7R36s4dbM,5,46.7451247166,55.5673469388,,
Cj7R36s4dbM,6,16.074829932,19.2997732426,,
Cj7R36s4dbM,7,18.6589569161,24.9968253968,,
CqFt3_uka14,0,101.6,122.924,,
CqFt3_uka14,1,124.459,138.519,,
CqFt3_uka14,2,137.768,141.432,,
CqFt3_uka14,3,31.61,37.937,,
CqFt3_uka14,4,50.167,65.455,,
Ctc23Icfzvg,0,0.54013605442,10.5297052154,,
Ctc23Icfzvg,1,9.5297052154,15.5482993197,,
Ctc23Icfzvg,2,16.3741496599,29.0675736961,,
Ctc23Icfzvg,3,28.4666666667,33.198185941,,
Ctc23Icfzvg,4,33.5451247166,43.4848072562,,
Ctc23Icfzvg,5,42.8140589569,53.9310657596,,
CuF-UOcAFG8,0,0.0,11.667,,
CuF-UOcAFG8,1,76.398,91.645,,
CuF-UOcAFG8,2,90.875,104.576,,
CuFLRnu4FQ8,0,65.792,71.541,,
CuFLRnu4FQ8,1,23.019,33.537,,
CuFLRnu4FQ8,2,37.915,46.338,,
CvW0Mh1EWFA,0,0.0,17.294,,
CvW0Mh1EWFA,1,110.48,116.878,,
CvW0Mh1EWFA,2,17.721,31.512,,
CvW0Mh1EWFA,3,31.051,48.473,,
CvW0Mh1EWFA,4,47.952,59.189,,
CvW0Mh1EWFA,5,78.184,84.402,,
CvW0Mh1EWFA,6,83.492,93.102,,
CvW0Mh1EWFA,7,94.916,107.489,,
CwF97vXPYX4,0,7.345,18.901,,
CwF97vXPYX4,1,44.7,56.176,,
CzstrpOTtgo,0,0.0,6.569,,
CzstrpOTtgo,1,55.815,63.29,,
CzstrpOTtgo,2,10.847,19.11,,
CzstrpOTtgo,3,18.11,23.969,,
CzstrpOTtgo,4,23.298,35.014,,
CzstrpOTtgo,5,45.308,54.48,,
D-DqVICJXBU,0,-0.487528344671,5.84036281179,,
D02PT0bl88A,0,3.922,7.277,,
D02PT0bl88A,1,20.475,32.131,,
D02PT0bl88A,2,45.777,53.023,,
D02PT0bl88A,3,52.322,82.007,,
D02PT0bl88A,4,81.746,99.178,,
D1I-Z8jaby8,0,54.059,76.36,,
D1I-Z8jaby8,1,75.979,98.58,,
D5cQWqYcBAE,0,0.0,15.0,,
D5cQWqYcBAE,1,21.702,27.681,,
D5cQWqYcBAE,2,30.632,38.287,,
DEFDuYyc-Xw,0,3.583,10.729,,
DEFDuYyc-Xw,1,63.208,71.222,,
DEFDuYyc-Xw,2,85.986,92.703,,
DEFDuYyc-Xw,3,10.158,16.197,,
DEFDuYyc-Xw,4,22.54,29.966,,
DEFDuYyc-Xw,5,29.444,40.941,,
DEFDuYyc-Xw,6,40.799,45.43,,
DEFDuYyc-Xw,7,44.999,49.292,,
DGeBPk1op3E,0,0.0,5.761,,
DGeBPk1op3E,1,4.95,8.993,,
DGeBPk1op3E,2,7.993,11.757,,
DGeBPk1op3E,3,10.877,14.91,,
DGeBPk1op3E,4,15.307,18.541,,
DGeBPk1op3E,5,17.621,27.322,,
DGeBPk1op3E,6,26.322,35.563,,
DGeBPk1op3E,7,34.563,42.098,,
DMtFQjrY7Hg,0,0.0,4.174,,
DMtFQjrY7Hg,1,43.951,51.806,,
DNzA2UIkRZk,0,2.306,6.499,,
DQ7QKE3hzVg,0,1.49795918367,14.4108843537,,
DQ7QKE3hzVg,1,14.2689342404,26.1941043084,,
DQ7QKE3hzVg,2,26.39138322,41.4095238095,,
DR65no1jCbg,0,0.0,16.107,,
DR65no1jCbg,1,15.107,39.903,,
DR65no1jCbg,2,54.438,61.913,,
DR9Hhpy8aA8,0,0.0,6.908,,
DR9Hhpy8aA8,1,13.401,17.314,,
DR9Hhpy8aA8,2,36.658,42.108,,
DVAY-u_cJWU,0,7.873,17.115,,
DVAY-u_cJWU,1,17.043,30.664,,
DVAY-u_cJWU,2,44.879,59.219,,
DVvJoMt9o80,0,19.317,43.694,,
DVvJoMt9o80,1,58.339,66.692,,
DXQGngge7vU,0,0.0,2.239,,
DXQGngge7vU,1,1.518,9.103,,
DXQGngge7vU,2,22.72,25.785,,
DXQGngge7vU,3,24.995,27.671,,
DXQGngge7vU,4,36.329,41.948,,
DXQGngge7vU,5,49.708,52.215,,
DZBpdzrMelA,0,3.344,16.666,,
DZBpdzrMelA,1,15.955,24.109,,
DZBpdzrMelA,2,30.342,41.38,,
DZIFCYOhosQ,0,2.007,9.023,,
DZIFCYOhosQ,1,67.298,79.254,,
DZIFCYOhosQ,2,79.191,91.017,,
DZIFCYOhosQ,3,90.635,96.674,,
DZIFCYOhosQ,4,112.546,117.826,,
DZIFCYOhosQ,5,14.868,20.228,,
DZIFCYOhosQ,6,24.296,39.324,,
DZIFCYOhosQ,7,39.172,45.909,,
DZIFCYOhosQ,8,44.909,51.407,,
DZIFCYOhosQ,9,54.976,61.693,,
DaXkixKFEvE,0,21.8517006803,27.39138322,,
DaXkixKFEvE,1,26.8603174603,31.3523809524,,
DaXkixKFEvE,2,30.7315192744,37.6680272109,,
DatH-ra0VKY,0,6.237,19.918,,
DatH-ra0VKY,1,154.71,164.899,,
DatH-ra0VKY,2,164.218,178.169,,
DatH-ra0VKY,3,177.169,191.219,,
DatH-ra0VKY,4,214.993,220.083,,
DatH-ra0VKY,5,19.317,33.088,,
DatH-ra0VKY,6,32.088,46.209,,
DatH-ra0VKY,7,45.807,65.395,,
DatH-ra0VKY,8,109.403,119.761,,
DatH-ra0VKY,9,118.761,136.204,,
DbAppk7xT0Y,0,0.0,3.196,,
DbAppk7xT0Y,1,2.895,9.672,,
DbAppk7xT0Y,2,8.761,12.864,,
DbAppk7xT0Y,3,27.808,40.442,,
DbAppk7xT0Y,4,40.499,42.307,,
DbAppk7xT0Y,5,41.946,45.48,,
DbAppk7xT0Y,6,44.64,49.761,,
DdUJojoFU_c,0,13.6,30.245,,
DdUJojoFU_c,1,139.614,146.68,,
DdUJojoFU_c,2,156.156,167.683,,
DdUJojoFU_c,3,166.683,175.784,,
DdUJojoFU_c,4,175.044,181.361,,
DdUJojoFU_c,5,180.361,185.193,,
DdUJojoFU_c,6,184.193,189.842,,
DdUJojoFU_c,7,29.814,41.449,,
DdUJojoFU_c,8,40.449,50.09,,
DdUJojoFU_c,9,61.532,70.753,,
DdUJojoFU_c,10,88.141,96.504,,
DdUJojoFU_c,11,96.293,108.896,,
DebbnL-_rnI,0,0.0,5.012,,
DebbnL-_rnI,1,4.012,10.61,,
DfTMoqwMHVE,0,0.0,16.456,,
DfTMoqwMHVE,1,15.865,21.445,,
DfTMoqwMHVE,2,20.704,28.738,,
DfTMoqwMHVE,3,27.808,42.966,,
DfTMoqwMHVE,4,41.966,53.682,,
DfTMoqwMHVE,5,53.161,61.175,,
DfTMoqwMHVE,6,64.684,91.037,,
DgO5O-oDeX8,0,13.092,38.346,,
DgO5O-oDeX8,1,110.889,116.629,,
DgO5O-oDeX8,2,146.369,155.111,,
DhXBaBOB4E8,0,16.833,24.638,,
DiOw-w5LDJ0,0,0.0,11.777,,
DiOw-w5LDJ0,1,10.867,22.393,,
DiOw-w5LDJ0,2,22.111,27.631,,
DiOw-w5LDJ0,3,26.701,34.246,,
DiOw-w5LDJ0,4,33.246,56.615,,
DiOw-w5LDJ0,5,55.615,61.384,,
DjcZrtcBZi4,0,-0.487528344671,1.72970521542,,
DjcZrtcBZi4,1,1.42811791383,5.85034013605,,
DjcZrtcBZi4,2,49.2793650794,56.0163265306,,
DjcZrtcBZi4,3,5.43900226757,12.5650793651,,
DjcZrtcBZi4,4,14.0494331066,18.8907029478,,
DjcZrtcBZi4,5,18.429478458,26.9424036281,,
DjcZrtcBZi4,6,26.8004535147,34.3854875283,,
DjcZrtcBZi4,7,34.053968254,40.5414965986,,
DjcZrtcBZi4,8,40.3696145125,48.1641723356,,
DlX-WyVe-D0,0,10.667,18.681,,
DlX-WyVe-D0,1,44.77,50.938,,
DlbYiwOnTyk,0,2.047,9.592,,
DlbYiwOnTyk,1,9.3,20.298,,
DlbYiwOnTyk,2,19.946,27.072,,
DlbYiwOnTyk,3,26.671,33.458,,
Dm8AL84e11w,0,3.264,9.362,,
Dm8AL84e11w,1,15.925,24.747,,
Dm8AL84e11w,2,24.376,30.784,,
DnBHq5I52LM,0,-0.487528344671,2.67755102041,,
DnBHq5I52LM,1,47.5632653061,56.2557823129,,
DnBHq5I52LM,2,3.41360544218,8.05532879819,,
DnBHq5I52LM,3,7.05532879819,14.989569161,,
DnBHq5I52LM,4,13.989569161,17.7034013605,,
DnBHq5I52LM,5,16.7034013605,20.8063492063,,
DnBHq5I52LM,6,19.8063492063,24.20861678,,
DnBHq5I52LM,7,25.3637188209,30.7437641723,,
DnBHq5I52LM,8,29.9632653061,36.0616780045,,
DnBHq5I52LM,9,35.0616780045,48.5632653061,,
Dnhxm6sHQpc,0,2.296,10.19,,
Dnhxm6sHQpc,1,84.669,89.47,,
Dnhxm6sHQpc,2,37.656,43.984,,
Dnhxm6sHQpc,3,43.343,49.681,,
Dnhxm6sHQpc,4,48.98,58.022,,
DpZGnuj-BA8,0,0.0,4.823,,
DpZGnuj-BA8,1,9.869,19.579,,
DpZGnuj-BA8,2,19.407,32.161,,
DpZGnuj-BA8,3,32.088,37.828,,
DpZGnuj-BA8,4,37.526,46.628,,
Dq7V30WhOJQ,0,6.038,14.411,,
Dq7V30WhOJQ,1,70.192,84.661,,
Drhrzj1yhVs,0,27.808,36.351,,
Drhrzj1yhVs,1,36.049,48.463,,
Drhrzj1yhVs,2,64.495,70.154,,
Drhrzj1yhVs,3,69.583,79.064,,
DtbT85s3i94,0,0.0,4.643,,
DtbT85s3i94,1,3.683,11.198,,
DtbT85s3i94,2,10.328,18.941,,
DtbT85s3i94,3,36.079,43.565,,
DtbT85s3i94,4,42.565,48.364,,
DtwbwyfajnI,0,0.0,3.895,,
DtwbwyfajnI,1,15.726,22.552,,
DtwbwyfajnI,2,21.862,28.389,,
DtwbwyfajnI,3,27.569,35.373,,
Dws8ZrzF7xQ,0,2.0179138322,5.66961451247,,
Dws8ZrzF7xQ,1,12.5739229025,19.4183673469,,
Dws8ZrzF7xQ,2,20.0868480726,23.3693877551,,
Dws8ZrzF7xQ,3,24.5467120181,27.7095238095,,
Dws8ZrzF7xQ,4,28.2183673469,34.5240362812,,
Dws8ZrzF7xQ,5,35.1526077098,39.3530612245,,
DzdPl68gV5o,0,1.83718820862,7.27709750567,,
DzdPl68gV5o,1,42.5047619048,48.8725623583,,
E05bA058vts,0,29.005,36.171,,
E0g6nae4Ae4,0,-0.487528344671,3.82494331066,,
E0g6nae4Ae4,1,2.9746031746,14.1514739229,,
E0g6nae4Ae4,2,65.7718820862,74.1451247166,,
E0g6nae4Ae4,3,73.1451247166,75.9909297052,,
E0g6nae4Ae4,4,75.6195011338,80.8,,
E0g6nae4Ae4,5,79.8,84.2222222222,,
E0g6nae4Ae4,6,83.2621315193,89.1909297052,,
E0g6nae4Ae4,7,88.5301587302,92.9124716553,,
E0g6nae4Ae4,8,91.9124716553,108.357369615,,
E0g6nae4Ae4,9,107.706575964,117.277097506,,
E0g6nae4Ae4,10,117.165079365,122.674829932,,
E0g6nae4Ae4,11,122.034013605,125.229024943,,
E0g6nae4Ae4,12,13.2013605442,16.7655328798,,
E0g6nae4Ae4,13,124.258956916,129.978231293,,
E0g6nae4Ae4,14,129.247619048,134.757369615,,
E0g6nae4Ae4,15,133.757369615,145.792290249,,
E0g6nae4Ae4,16,144.792290249,154.2430839,,
E0g6nae4Ae4,17,153.273015873,168.341043084,,
E0g6nae4Ae4,18,167.470748299,171.5138322,,
E0g6nae4Ae4,19,170.91292517,184.803628118,,
E0g6nae4Ae4,20,184.063038549,188.335600907,,
E0g6nae4Ae4,21,187.335600907,190.021768707,,
E0g6nae4Ae4,22,189.021768707,191.258956916,,
E0g6nae4Ae4,23,16.2544217687,24.1188208617,,
E0g6nae4Ae4,24,192.473922902,199.709750567,,
E0g6nae4Ae4,25,23.4580498866,26.7528344671,,
E0g6nae4Ae4,26,26.0920634921,33.0385487528,,
E0g6nae4Ae4,27,32.4077097506,41.4993197279,,
E0g6nae4Ae4,28,40.4993197279,50.6684807256,,
E0g6nae4Ae4,29,49.987755102,56.5351473923,,
E0g6nae4Ae4,30,55.9342403628,66.7718820862,,
E1r0FrFyNTw,0,0.0124716553288,5.41020408163,,
E1r0FrFyNTw,1,8.66281179138,12.2446712018,,
E1r0FrFyNTw,2,25.0455782313,31.7702947846,,
E7ZLz3tSwNM,0,6.756,11.448,,
E7ZLz3tSwNM,1,110.321,124.71,,
E7ZLz3tSwNM,2,17.522,25.017,,
E7ZLz3tSwNM,3,33.824,47.615,,
E8L1Z71vKG8,0,6.437,13.473,,
E8L1Z71vKG8,1,13.151,20.607,,
E8L1Z71vKG8,2,73.554,91.366,,
E8MuzHUhUHk,0,0.0,8.554,,
E8MuzHUhUHk,1,8.562,20.497,,
E8MuzHUhUHk,2,87.602,93.072,,
E8MuzHUhUHk,3,92.521,97.412,,
E8MuzHUhUHk,4,96.412,103.758,,
E8MuzHUhUHk,5,103.636,111.959,,
E8MuzHUhUHk,6,20.215,29.616,,
E8MuzHUhUHk,7,29.255,35.254,,
E8MuzHUhUHk,8,42.555,51.068,,
E8MuzHUhUHk,9,51.365,58.341,,
E8MuzHUhUHk,10,64.864,72.838,,
EEUGfVTyTQM,0,0.0,11.208,,
EEUGfVTyTQM,1,10.717,22.752,,
EEUGfVTyTQM,2,22.341,26.583,,
EEUGfVTyTQM,3,26.132,33.218,,
EEUGfVTyTQM,4,73.355,78.106,,
EEUGfVTyTQM,5,77.585,83.943,,
EEUGfVTyTQM,6,83.212,92.414,,
EEjCkc82oyk,0,0.0,5.761,,
EEjCkc82oyk,1,60.025,63.829,,
EEjCkc82oyk,2,63.198,69.875,,
EEjCkc82oyk,3,10.238,23.6,,
EEjCkc82oyk,4,25.583,30.794,,
EEjCkc82oyk,5,33.366,39.025,,
EEjCkc82oyk,6,38.444,55.158,,
EEjCkc82oyk,7,54.547,60.496,,
EGA6iulTr00,0,63.7975056689,64.5757369615,,
EGA6iulTr00,1,24.2573696145,32.8079365079,,
EGA6iulTr00,2,46.4569160998,59.3975056689,,
EGA6iulTr00,3,60.1557823129,63.7975056689,,
EHbZ2EeVags,0,3.084,11.976,,
EJT25p7JahU,0,0.0,29.816,,
EJT25p7JahU,1,84.02,110.133,,
EJT25p7JahU,2,110.829,122.136,,
EJT25p7JahU,3,121.775,127.813,,
EJT25p7JahU,4,127.372,139.187,,
EK2bnbzmJs4,0,5.748,15.548,,
EK2bnbzmJs4,1,15.277,37.488,,
ELtbrO8FbuI,0,24.795,29.008,,
EMS14J0odIE,0,68.087,76.749,,
EMS14J0odIE,1,123.291,130.088,,
EMS14J0odIE,2,129.258,140.454,,
EMS14J0odIE,3,171.851,180.912,,
EO_5o9Gup6g,0,0.0,13.114,,
EO_5o9Gup6g,1,12.663,27.551,,
EO_5o9Gup6g,2,104.484,111.55,,
EO_5o9Gup6g,3,111.278,115.8,,
EO_5o9Gup6g,4,115.409,127.873,,
EO_5o9Gup6g,5,128.36,140.754,,
EO_5o9Gup6g,6,144.593,150.013,,
EO_5o9Gup6g,7,149.801,159.082,,
EO_5o9Gup6g,8,158.461,169.478,,
EO_5o9Gup6g,9,179.334,193.693,,
EO_5o9Gup6g,10,27.649,33.847,,
EO_5o9Gup6g,11,193.452,205.606,,
EO_5o9Gup6g,12,207.51,211.433,,
EO_5o9Gup6g,13,33.266,41.3,,
EO_5o9Gup6g,14,41.238,48.743,,
EO_5o9Gup6g,15,66.55,82.466,,
EO_5o9Gup6g,16,82.624,90.638,,
EO_5o9Gup6g,17,90.146,96.993,,
EO_5o9Gup6g,18,96.791,104.736,,
EO_SN04Xef0,0,0.0,11.727,,
EO_SN04Xef0,1,11.515,18.112,,
EO_SN04Xef0,2,17.112,23.78,,
EO_SN04Xef0,3,23.767,32.22,,
EO_SN04Xef0,4,31.739,39.334,,
EOkdFMw0pmk,0,-0.307936507937,3.34603174603,,
EOkdFMw0pmk,1,2.87482993197,7.95555555556,,
EOkdFMw0pmk,2,38.4439909297,44.3428571429,,
EOkdFMw0pmk,3,44.1410430839,47.8349206349,,
EOkdFMw0pmk,4,8.28253968254,14.8498866213,,
EOkdFMw0pmk,5,14.3387755102,19.8585034014,,
EOkdFMw0pmk,6,21.3428571429,27.4113378685,,
EOkdFMw0pmk,7,26.620861678,30.6439909297,,
EOkdFMw0pmk,8,29.9433106576,33.7569160998,,
EOkdFMw0pmk,9,33.3455782313,38.8653061224,,
EQxkXiWAm08,0,51.724,59.439,,
EQxkXiWAm08,1,75.669,80.94,,
ERnYvxojeu0,0,5.778,12.705,,
ERnYvxojeu0,1,104.663,111.44,,
ERnYvxojeu0,2,125.057,132.742,,
ERnYvxojeu0,3,12.254,21.126,,
ERnYvxojeu0,4,20.724,33.488,,
ERnYvxojeu0,5,33.306,37.758,,
ET1cU5_A2YM,0,11.116,19.16,,
ET1cU5_A2YM,1,57.311,67.68,,
ET1cU5_A2YM,2,19.198,24.199,,
ET1cU5_A2YM,3,23.199,29.317,,
ET1cU5_A2YM,4,34.054,40.611,,
ET1cU5_A2YM,5,40.3,48.932,,
EULEL3QhKD0,0,153.203,163.372,,
EULEL3QhKD0,1,162.542,169.189,,
EULEL3QhKD0,2,168.758,173.689,,
EULEL3QhKD0,3,173.108,181.9,,
EWYivXUavOY,0,0.0,4.224,,
EWYivXUavOY,1,3.224,10.889,,
EWYivXUavOY,2,10.527,17.913,,
EWYivXUavOY,3,17.132,22.832,,
EWYivXUavOY,4,22.361,25.396,,
EZkOWskJl20,0,22.68,33.408,,
EZkOWskJl20,1,32.946,44.034,,
E_ocLuUw-1I,0,0.0,8.365,,
E_ocLuUw-1I,1,8.382,12.715,,
E_ocLuUw-1I,2,12.144,15.967,,
E_ocLuUw-1I,3,15.516,22.243,,
E_ocLuUw-1I,4,21.542,24.578,,
E_oqbJatW3E,0,18.509,23.66,,
E_oqbJatW3E,1,32.318,37.898,,
Ea_Huc2-lwo,0,0.0,7.137,,
Ea_Huc2-lwo,1,6.457,17.364,,
Ea_Huc2-lwo,2,16.783,23.43,,
EfQoSpEZa0o,0,4.3126984127,8.50317460317,,
EfQoSpEZa0o,1,15.7566893424,20.3462585034,,
EfQoSpEZa0o,2,20.9249433107,25.3049886621,,
EfQoSpEZa0o,3,26.1131519274,33.1072562358,,
EiG3r8hAVeY,0,0.0,8.215,,
EiG3r8hAVeY,1,58.748,64.946,,
EiG3r8hAVeY,2,74.442,78.765,,
EiG3r8hAVeY,3,77.854,83.514,,
EiG3r8hAVeY,4,107.218,126.536,,
EiG3r8hAVeY,5,22.56,30.185,,
EiG3r8hAVeY,6,32.797,39.683,,
EiG3r8hAVeY,7,38.683,47.506,,
Emi9cw9xa00,0,0.0,9.153,,
Emi9cw9xa00,1,82.444,93.431,,
Emi9cw9xa00,2,104.783,111.051,,
Emi9cw9xa00,3,110.73,116.668,,
Emi9cw9xa00,4,116.477,124.561,,
Emi9cw9xa00,5,124.638,130.697,,
Emi9cw9xa00,6,20.305,33.039,,
Emi9cw9xa00,7,32.767,49.062,,
Emi9cw9xa00,8,48.731,54.649,,
Emi9cw9xa00,9,67.867,76.759,,
Emi9cw9xa00,10,76.338,82.895,,
Emjv2cDzW1E,0,0.0,6.449,,
Emjv2cDzW1E,1,29.824,48.893,,
Emjv2cDzW1E,2,61.102,73.237,,
EmmuWoCUgXs,0,5.249,13.523,,
EmmuWoCUgXs,1,95.225,105.205,,
EmmuWoCUgXs,2,109.193,126.706,,
EmmuWoCUgXs,3,129.916,136.922,,
EmmuWoCUgXs,4,162.243,171.005,,
EmmuWoCUgXs,5,170.025,173.32,,
EmmuWoCUgXs,6,176.78,180.483,,
EmmuWoCUgXs,7,19.926,25.725,,
EmmuWoCUgXs,8,44.131,54.6,,
EmmuWoCUgXs,9,54.029,63.32,,
EoC83JhkCAw,0,0.6798185941,8.80362811791,,
EoC83JhkCAw,1,44.9492063492,51.5664399093,,
EoC83JhkCAw,2,51.7038548753,54.3002267574,,
EoC83JhkCAw,3,7.80362811791,13.433106576,,
EoC83JhkCAw,4,13.5206349206,17.1546485261,,
EoC83JhkCAw,5,16.6634920635,24.3283446712,,
EoC83JhkCAw,6,23.5977324263,27.6308390023,,
EoC83JhkCAw,7,27.4390022676,36.9396825397,,
EoC83JhkCAw,8,35.9396825397,39.5637188209,,
EoC83JhkCAw,9,39.1324263039,43.1056689342,,
EoC83JhkCAw,10,42.4947845805,45.1111111111,,
EpadyoYlAjQ,0,0.0,2.139,,
EpadyoYlAjQ,1,1.398,7.527,,
EpadyoYlAjQ,2,7.105,17.065,,
EpadyoYlAjQ,3,16.803,23.79,,
EpadyoYlAjQ,4,23.947,28.738,,
EpadyoYlAjQ,5,28.447,35.673,,
EpadyoYlAjQ,6,35.241,41.23,,
Es9MkKsMsjU,0,122.164,127.893,,
Es9MkKsMsjU,1,129.497,139.556,,
Es9MkKsMsjU,2,61.971,75.562,,
Es9MkKsMsjU,3,100.732,104.187,,
Es9MkKsMsjU,4,103.187,109.156,,
Es9MkKsMsjU,5,108.515,118.604,,
EuSp1pkX9i8,0,0.0,2.877,,
EuSp1pkX9i8,1,38.504,45.899,,
EujJ0SwiCRE,0,29.764,35.762,,
ExDLNkDVsxY,0,0.0,5.162,,
ExDLNkDVsxY,1,5.509,10.28,,
ExDLNkDVsxY,2,10.078,17.404,,
ExDLNkDVsxY,3,17.601,23.41,,
ExDLNkDVsxY,4,23.179,28.449,,
ExDLNkDVsxY,5,27.928,32.121,,
ExDLNkDVsxY,6,32.408,36.561,,
ExDLNkDVsxY,7,37.636,46.428,,
ExDLNkDVsxY,8,45.428,47.476,,
EyoMU2yoJPY,0,58.109,66.632,,
EyoMU2yoJPY,1,66.121,72.389,,
EyoMU2yoJPY,2,88.291,95.916,,
EyoMU2yoJPY,3,46.047,52.973,,
Ezn3p5FWF_U,0,51.005,58.63,,
Ezn3p5FWF_U,1,57.63,80.68,,
F1U26PLiXjM,0,22.051,27.551,,
F1U26PLiXjM,1,37.905,45.321,,
F2M7WbPXRps,0,70.012,78.445,,
F2M7WbPXRps,1,78.363,83.544,,
F2M7WbPXRps,2,31.27,37.429,,
F2M7WbPXRps,3,42.415,48.543,,
F2hc2FLOdhI,0,0.0,5.591,,
F2hc2FLOdhI,1,5.379,13.024,,
F2hc2FLOdhI,2,12.822,17.574,,
F2hc2FLOdhI,3,17.362,24.937,,
F2hc2FLOdhI,4,24.895,29.397,,
F2hc2FLOdhI,5,28.995,38.855,,
F2hc2FLOdhI,6,38.244,41.859,,
F4OhXQTMOEc,0,0.0,8.165,,
F4OhXQTMOEc,1,7.165,11.607,,
F4OhXQTMOEc,2,10.607,20.826,,
F4OhXQTMOEc,3,19.896,25.855,,
F4OhXQTMOEc,4,25.124,34.824,,
F4OhXQTMOEc,5,34.074,40.801,,
F4OhXQTMOEc,6,40.679,44.662,,
F4yFRROWtdE,0,21.712,35.144,,
F4yFRROWtdE,1,34.613,45.999,,
F59hwsm4Ld0,0,-0.487528344671,3.31609977324,,
F59hwsm4Ld0,1,2.31609977324,9.43219954649,,
F59hwsm4Ld0,2,35.5006802721,44.7519274376,,
F59hwsm4Ld0,3,43.7519274376,49.9401360544,,
F59hwsm4Ld0,4,49.798185941,52.8535147392,,
F59hwsm4Ld0,5,51.8535147392,62.7011337868,,
F59hwsm4Ld0,6,61.7609977324,81.3986394558,,
F59hwsm4Ld0,7,80.6780045351,82.7555555556,,
F59hwsm4Ld0,8,81.7555555556,85.010430839,,
F59hwsm4Ld0,9,84.0503401361,87.6743764172,,
F59hwsm4Ld0,10,86.9736961451,93.0022675737,,
F59hwsm4Ld0,11,8.43219954649,13.9519274376,,
F59hwsm4Ld0,12,92.1319727891,97.4321995465,,
F59hwsm4Ld0,13,96.4321995465,100.165986395,,
F59hwsm4Ld0,14,99.1659863946,102.370975057,,
F59hwsm4Ld0,15,101.720181406,104.22675737,,
F59hwsm4Ld0,16,103.22675737,109.514739229,,
F59hwsm4Ld0,17,108.514739229,115.062131519,,
F59hwsm4Ld0,18,114.082086168,119.402267574,,
F59hwsm4Ld0,19,118.402267574,124.520634921,,
F59hwsm4Ld0,20,123.520634921,129.180045351,,
F59hwsm4Ld0,21,12.9519274376,20.1378684807,,
F59hwsm4Ld0,22,128.180045351,133.250793651,,
F59hwsm4Ld0,23,132.250793651,135.904761905,,
F59hwsm4Ld0,24,134.904761905,142.519727891,,
F59hwsm4Ld0,25,141.779138322,146.999546485,,
F59hwsm4Ld0,26,145.999546485,150.292063492,,
F59hwsm4Ld0,27,149.292063492,154.332879819,,
F59hwsm4Ld0,28,153.332879819,159.630839002,,
F59hwsm4Ld0,29,158.630839002,160.708390023,,
F59hwsm4Ld0,30,19.1378684807,23.2108843537,,
F59hwsm4Ld0,31,159.897959184,171.30430839,,
F59hwsm4Ld0,32,170.30430839,175.504761905,,
F59hwsm4Ld0,33,174.744217687,178.328344671,,
F59hwsm4Ld0,34,177.328344671,182.06984127,,
F59hwsm4Ld0,35,181.089795918,185.591836735,,
F59hwsm4Ld0,36,184.901133787,191.288888889,,
F59hwsm4Ld0,37,190.288888889,192.635827664,,
F59hwsm4Ld0,38,191.725623583,198.45260771,,
F59hwsm4Ld0,39,198.220861678,203.660770975,,
F59hwsm4Ld0,40,22.2108843537,25.4358276644,,
F59hwsm4Ld0,41,202.730612245,206.484353741,,
F59hwsm4Ld0,42,24.4358276644,27.7206349206,,
F59hwsm4Ld0,43,26.7206349206,28.5786848073,,
F59hwsm4Ld0,44,27.5786848073,32.0807256236,,
F59hwsm4Ld0,45,31.2004535147,36.5006802721,,
F5SGdvSRJmo,0,0.180952380952,3.78503401361,,
F5SGdvSRJmo,1,3.67301587302,8.04535147392,,
F5SGdvSRJmo,2,66.5900226757,71.8204081633,,
F5SGdvSRJmo,3,70.9401360544,76.5496598639,,
F5SGdvSRJmo,4,7.51428571429,15.6979591837,,
F5SGdvSRJmo,5,15.5659863946,19.1002267574,,
F5SGdvSRJmo,6,18.2099773243,32.210430839,,
F5SGdvSRJmo,7,31.9188208617,35.3632653061,,
F5SGdvSRJmo,8,34.9818594104,41.0403628118,,
F5SGdvSRJmo,9,40.7786848073,50.0099773243,,
F5SGdvSRJmo,10,52.9609977324,66.841723356,,
F6Ci45lP5aA,0,0.0,8.135,,
F6Ci45lP5aA,1,82.663,94.459,,
F6Ci45lP5aA,2,42.804,63.15,,
F6JV-K840EY,0,0.0,7.626,,
F6JV-K840EY,1,76.986,82.107,,
F6JV-K840EY,2,16.185,21.844,,
F7zQPzwFToE,0,10.248,14.62,,
F7zQPzwFToE,1,21.852,27.561,,
F7zQPzwFToE,2,36.947,45.73,,
F7zQPzwFToE,3,44.989,51.008,,
F8KE2ZhoUe4,0,77.994,87.215,,
F8KE2ZhoUe4,1,87.552,96.375,,
F8KE2ZhoUe4,2,100.982,109.195,,
F8KE2ZhoUe4,3,108.195,116.21,,
F8KE2ZhoUe4,4,130.086,137.91,,
F8KE2ZhoUe4,5,6.357,16.127,,
F8KE2ZhoUe4,6,136.91,145.862,,
F8KE2ZhoUe4,7,145.471,151.679,,
F8KE2ZhoUe4,8,158.751,163.652,,
F8KE2ZhoUe4,9,15.127,27.95,,
F8KE2ZhoUe4,10,27.549,37.139,,
F8KE2ZhoUe4,11,36.768,45.859,,
F8KE2ZhoUe4,12,45.438,50.828,,
F8KE2ZhoUe4,13,57.541,64.407,,
F8eQI8E-6q4,0,59.905,74.305,,
F8eQI8E-6q4,1,17.691,25.825,,
F8eQI8E-6q4,2,45.668,50.549,,
F9NruwaEmA8,0,11.805,25.615,,
F9NruwaEmA8,1,24.955,50.698,,
FB_b1dm0SRY,0,0.76,8.415,,
FB_b1dm0SRY,1,8.013,18.901,,
FB_b1dm0SRY,2,93.659,103.578,,
FB_b1dm0SRY,3,104.075,116.788,,
FB_b1dm0SRY,4,116.467,139.068,,
FB_b1dm0SRY,5,141.121,151.938,,
FB_b1dm0SRY,6,152.315,159.621,,
FB_b1dm0SRY,7,159.14,162.474,,
FB_b1dm0SRY,8,163.679,169.618,,
FB_b1dm0SRY,9,20.385,28.479,,
FB_b1dm0SRY,10,29.943,39.883,,
FB_b1dm0SRY,11,39.631,44.782,,
FB_b1dm0SRY,12,44.77,55.178,,
FB_b1dm0SRY,13,54.667,60.865,,
FB_b1dm0SRY,14,60.953,72.07,,
FB_b1dm0SRY,15,71.848,82.356,,
FB_b1dm0SRY,16,82.294,93.162,,
FCMbWx2JpZ0,0,2.915,9.193,,
FCMbWx2JpZ0,1,23.997,30.794,,
FGnHDWGYsA8,0,7.325,19.519,,
FGnHDWGYsA8,1,23.259,34.445,,
FHDVQkU-nGI,0,0.0,4.533,,
FHDVQkU-nGI,1,3.723,9.861,,
FHDVQkU-nGI,2,9.091,13.822,,
FHDVQkU-nGI,3,12.902,20.327,,
FHDVQkU-nGI,4,39.751,41.898,,
FHDVQkU-nGI,5,41.178,48.573,,
FHDVQkU-nGI,6,48.122,52.135,,
FHDVQkU-nGI,7,51.464,55.927,,
FHlzZ2VxuGQ,0,0.0,10.59,,
FHlzZ2VxuGQ,1,10.787,20.327,,
FHlzZ2VxuGQ,2,113.673,122.356,,
FHlzZ2VxuGQ,3,129.148,138.798,,
FHlzZ2VxuGQ,4,54.617,65.644,,
FHlzZ2VxuGQ,5,65.722,80.331,,
FHlzZ2VxuGQ,6,87.253,96.694,,
FHlzZ2VxuGQ,7,105.392,112.668,,
FJgO-FICHlA,0,29.454,39.374,,
FJgO-FICHlA,1,41.756,54.809,,
FLyWn2DCci4,0,26.102,35.393,,
FLyWn2DCci4,1,36.299,47.655,,
FLyWn2DCci4,2,48.461,52.125,,
FMW6diQ9rMo,0,-0.487528344671,3.74512471655,,
FMW6diQ9rMo,1,2.74512471655,14.5904761905,,
FMW6diQ9rMo,2,13.7600907029,20.3873015873,,
FMW6diQ9rMo,3,19.3873015873,26.4235827664,,
FMW6diQ9rMo,4,25.4235827664,28.9179138322,,
FMW6diQ9rMo,5,31.6893424036,36.8897959184,,
FMW6diQ9rMo,6,35.8897959184,40.3619047619,,
FMW6diQ9rMo,7,39.3619047619,44.8317460317,,
FMenDv3y8jc,0,0.0,4.304,,
FMenDv3y8jc,1,3.643,12.116,,
FMenDv3y8jc,2,11.116,23.859,,
FMenDv3y8jc,3,22.859,37.0,,
FMenDv3y8jc,4,36.169,46.059,,
FMenDv3y8jc,5,45.139,52.444,,
FMif4HMBZjo,0,14.379,28.07,,
FNbULlE9RKg,0,0.0,5.491,,
FNbULlE9RKg,1,14.199,29.098,,
FNbULlE9RKg,2,41.098,51.327,,
FNbULlE9RKg,3,58.658,64.208,,
FOMXt3lStco,0,0.0,6.499,,
FOMXt3lStco,1,6.107,22.253,,
FOMXt3lStco,2,42.215,60.935,,
FP3o75bpi8k,0,0.0,12.815,,
FP3o75bpi8k,1,24.386,32.759,,
FP3o75bpi8k,2,32.138,36.74,,
FR0B64ID-hA,0,42.934,49.731,,
FR0B64ID-hA,1,49.499,56.625,,
FRKwvmrwrZA,0,17.941,33.358,,
FRKwvmrwrZA,1,107.138,121.787,,
FRKwvmrwrZA,2,121.545,127.514,,
FRKwvmrwrZA,3,130.415,141.163,,
FRKwvmrwrZA,4,157.473,163.462,,
FRKwvmrwrZA,5,169.337,175.774,,
FRKwvmrwrZA,6,178.875,184.235,,
FRKwvmrwrZA,7,183.584,201.795,,
FRKwvmrwrZA,8,201.294,208.001,,
FRKwvmrwrZA,9,56.683,68.278,,
FRKwvmrwrZA,10,69.234,75.512,,
FRKwvmrwrZA,11,80.389,90.857,,
FSGL5K2EEdo,0,0.0,5.451,,
FSGL5K2EEdo,1,9.101,14.88,,
FWBCTZiijEM,0,-0.228117913832,3.9746031746,,
FWBCTZiijEM,1,2.9746031746,8.21496598639,,
FWBCTZiijEM,2,13.6503401361,27.0321995465,,
FX-YgVKC1AI,0,32.458,39.224,,
FX-YgVKC1AI,1,43.502,58.211,,
FX-YgVKC1AI,2,57.211,65.714,,
FX87sfrE47w,0,40.649,45.81,,
FX87sfrE47w,1,45.109,52.055,,
FX87sfrE47w,2,51.923,57.433,,
F_YaG_pvZrA,0,4.83,13.214,,
F_YaG_pvZrA,1,66.321,74.065,,
F_YaG_pvZrA,2,73.744,83.434,,
F_YaG_pvZrA,3,25.942,33.707,,
F_YaG_pvZrA,4,53.29,63.739,,
FaHosBIr0xY,0,14.129,22.373,,
FaHosBIr0xY,1,66.061,77.517,,
FaHosBIr0xY,2,77.076,92.883,,
FcAgbLF6__s,0,16.973,28.678,,
FdTczBnXtYU,0,6.40793650794,16.5149659864,,
FdTczBnXtYU,1,18.1213151927,28.7770975057,,
FdTczBnXtYU,2,29.8845804989,33.077324263,,
FdTczBnXtYU,3,33.266893424,38.3253968254,,
FfavRdRKsAQ,0,0.0,8.434,,
FfavRdRKsAQ,1,7.973,14.032,,
FfavRdRKsAQ,2,70.95,79.234,,
FfavRdRKsAQ,3,79.062,89.321,,
FfavRdRKsAQ,4,88.929,104.127,,
FfavRdRKsAQ,5,13.59,20.697,,
FfavRdRKsAQ,6,20.545,29.457,,
FfavRdRKsAQ,7,41.737,49.361,,
FfavRdRKsAQ,8,49.299,61.624,,
FfavRdRKsAQ,9,63.517,71.242,,
FmE9BtTmxnE,0,0.0,11.927,,
FmIS69vB12I,0,-0.487528344671,3.47573696145,,
FmIS69vB12I,1,3.52335600907,6.41904761905,,
FmIS69vB12I,2,40.1002267574,42.7963718821,,
FmIS69vB12I,3,42.5247165533,48.6829931973,,
FmIS69vB12I,4,6.05759637188,10.9886621315,,
FmIS69vB12I,5,11.7546485261,16.0471655329,,
FmIS69vB12I,6,15.4961451247,18.0526077098,,
FmIS69vB12I,7,18.1501133787,22.6022675737,,
FmIS69vB12I,8,22.410430839,28.8780045351,,
FmIS69vB12I,9,29.0054421769,31.5818594104,,
FmIS69vB12I,10,31.1106575964,36.2113378685,,
FmIS69vB12I,11,36.0693877551,39.4140589569,,
Fmwc7wkIc4Q,0,0.0,6.17,,
Fmwc7wkIc4Q,1,5.309,11.428,,
Fmwc7wkIc4Q,2,60.693,64.647,,
Fmwc7wkIc4Q,3,63.936,70.234,,
Fmwc7wkIc4Q,4,69.234,74.953,,
Fmwc7wkIc4Q,5,73.953,79.074,,
Fmwc7wkIc4Q,6,78.503,84.99,,
Fmwc7wkIc4Q,7,10.428,22.532,,
Fmwc7wkIc4Q,8,21.971,25.895,,
Fmwc7wkIc4Q,9,25.074,27.481,,
Fmwc7wkIc4Q,10,26.501,38.955,,
Fmwc7wkIc4Q,11,38.085,42.347,,
Fmwc7wkIc4Q,12,41.347,46.109,,
Fmwc7wkIc4Q,13,45.239,58.281,,
Fmwc7wkIc4Q,14,57.521,61.474,,
FphtHpVV-7w,0,0.0,7.068,,
FphtHpVV-7w,1,7.325,30.594,,
FphtHpVV-7w,2,66.869,81.858,,
FphtHpVV-7w,3,93.449,100.954,,
FqEekswKPWE,0,0.0,16.686,,
FqEekswKPWE,1,16.085,34.056,,
FqEekswKPWE,2,78.293,89.211,,
FqEekswKPWE,3,54.937,59.917,,
FqEekswKPWE,4,59.147,66.243,,
FsmNLTdE2p0,0,0.0,3.875,,
FsmNLTdE2p0,1,32.298,41.958,,
FvoZgWvc3gc,0,2.985,8.145,,
FvoZgWvc3gc,1,59.626,65.475,,
FvoZgWvc3gc,2,64.475,72.04,,
FvoZgWvc3gc,3,84.589,90.298,,
FvoZgWvc3gc,4,40.39,46.548,,
FxxJB8hBpyQ,0,7.165,13.134,,
FxxJB8hBpyQ,1,76.687,85.479,,
FxxJB8hBpyQ,2,21.024,29.058,,
Fy0Uid9afM8,0,0.0,4.713,,
Fy0Uid9afM8,1,4.302,8.993,,
Fy0Uid9afM8,2,8.392,11.966,,
Fy0Uid9afM8,3,11.376,20.198,,
Fy0Uid9afM8,4,19.198,23.43,,
Fy0Uid9afM8,5,22.43,37.319,,
Fy0Uid9afM8,6,39.621,50.748,,
FylhSeozvG8,0,0.0,4.503,,
FylhSeozvG8,1,4.83,7.517,,
FylhSeozvG8,2,37.287,43.455,,
FylhSeozvG8,3,47.753,50.728,,
FylhSeozvG8,4,49.728,54.33,,
FylhSeozvG8,5,53.929,56.715,,
FylhSeozvG8,6,6.517,10.31,,
FylhSeozvG8,7,10.098,15.409,,
FylhSeozvG8,8,14.409,18.541,,
FylhSeozvG8,9,19.168,25.276,,
FylhSeozvG8,10,24.735,28.13,,
FylhSeozvG8,11,28.187,30.933,,
FylhSeozvG8,12,29.933,36.251,,
FzxmeVRTjwU,0,0.0,3.556,,
FzxmeVRTjwU,1,3.224,8.794,,
FzxmeVRTjwU,2,8.352,13.623,,
FzxmeVRTjwU,3,12.962,19.18,,
FzxmeVRTjwU,4,18.609,24.468,,
FzxmeVRTjwU,5,24.336,37.329,,
FzxmeVRTjwU,6,36.818,41.699,,
FzxmeVRTjwU,7,40.948,49.561,,
FzxmeVRTjwU,8,49.319,57.453,,
G1Z_JUTgZqo,0,0.0,9.891,,
G1Z_JUTgZqo,1,15.726,23.261,,
G1Z_JUTgZqo,2,23.019,30.654,,
G38DwNDQ8Cc,0,0.0,3.166,,
G38DwNDQ8Cc,1,2.166,13.034,,
G38DwNDQ8Cc,2,87.423,95.397,,
G38DwNDQ8Cc,3,97.759,106.402,,
G38DwNDQ8Cc,4,127.851,135.885,,
G38DwNDQ8Cc,5,144.982,150.412,,
G38DwNDQ8Cc,6,12.034,21.794,,
G38DwNDQ8Cc,7,150.13,157.516,,
G38DwNDQ8Cc,8,157.344,166.874,,
G38DwNDQ8Cc,9,167.93,177.989,,
G38DwNDQ8Cc,10,177.538,185.223,,
G38DwNDQ8Cc,11,189.251,200.308,,
G38DwNDQ8Cc,12,202.641,208.769,,
G38DwNDQ8Cc,13,21.602,26.254,,
G38DwNDQ8Cc,14,210.513,216.222,,
G38DwNDQ8Cc,15,25.653,33.268,,
G38DwNDQ8Cc,16,32.877,39.444,,
G38DwNDQ8Cc,17,39.402,50.03,,
G38DwNDQ8Cc,18,49.589,61.873,,
G38DwNDQ8Cc,19,66.38,70.583,,
G3RPgs_7l3U,0,11.006,18.302,,
G3RPgs_7l3U,1,17.412,25.805,,
G3RPgs_7l3U,2,25.314,50.619,,
G4HMKRdIva0,0,0.0,11.128,,
G4HMKRdIva0,1,11.565,19.489,,
G4HMKRdIva0,2,116.876,131.515,,
G4HMKRdIva0,3,131.213,138.509,,
G4HMKRdIva0,4,138.467,151.4,,
G4HMKRdIva0,5,153.073,162.155,,
G4HMKRdIva0,6,162.402,174.118,,
G4HMKRdIva0,7,173.976,181.262,,
G4HMKRdIva0,8,180.262,188.904,,
G4HMKRdIva0,9,188.473,197.704,,
G4HMKRdIva0,10,196.704,212.96,,
G4HMKRdIva0,11,216.749,225.461,,
G4HMKRdIva0,12,28.836,41.878,,
G4HMKRdIva0,13,42.335,59.369,,
G4HMKRdIva0,14,60.683,84.571,,
G4HMKRdIva0,15,99.944,110.024,,
G4HMKRdIva0,16,110.889,116.339,,
G8aL3bM39co,0,42.585,52.305,,
G8aL3bM39co,1,131.063,138.519,,
G8aL3bM39co,2,140.702,146.102,,
G8aL3bM39co,3,145.79,155.74,,
G8aL3bM39co,4,8.891,16.586,,
G8aL3bM39co,5,21.762,33.867,,
G8p4QMjLUXI,0,10.0485260771,16.2267573696,,
G8p4QMjLUXI,1,15.4163265306,22.9814058957,,
G8p4QMjLUXI,2,21.9814058957,24.7972789116,,
G8p4QMjLUXI,3,23.8471655329,28.0399092971,,
G8p4QMjLUXI,4,27.5986394558,33.8666666667,,
G8p4QMjLUXI,5,32.8666666667,39.2145124717,,
G8p4QMjLUXI,6,38.2145124717,42.5369614512,,
G8p4QMjLUXI,7,41.9759637188,49.5310657596,,
G8p4QMjLUXI,8,48.5310657596,56.8544217687,,
GAVpYuhMZAw,0,9.23,16.486,,
GAVpYuhMZAw,1,88.091,106.951,,
GAVpYuhMZAw,2,119.45,124.191,,
GAVpYuhMZAw,3,123.451,137.501,,
GAVpYuhMZAw,4,15.845,29.846,,
GAVpYuhMZAw,5,33.056,38.975,,
GAVpYuhMZAw,6,38.185,48.723,,
GAVpYuhMZAw,7,48.002,57.583,,
GAVpYuhMZAw,8,56.782,70.753,,
GAY5ICoVnA8,0,71.479,82.366,,
GAY5ICoVnA8,1,82.065,95.916,,
GAY5ICoVnA8,2,95.434,100.485,,
GAY5ICoVnA8,3,99.954,105.883,,
GAY5ICoVnA8,4,105.312,111.68,,
GAY5ICoVnA8,5,8.781,12.874,,
GAY5ICoVnA8,6,12.393,23.131,,
GAY5ICoVnA8,7,25.204,35.533,,
GAY5ICoVnA8,8,35.351,44.532,,
GAY5ICoVnA8,9,44.131,49.541,,
GCOFujDHDx0,0,0.0,11.956,,
GCOFujDHDx0,1,96.741,102.64,,
GCOFujDHDx0,2,132.43,137.611,,
GCOFujDHDx0,3,19.068,27.122,,
GCOFujDHDx0,4,35.271,44.213,,
GCOFujDHDx0,5,43.233,59.239,,
GCOFujDHDx0,6,89.249,97.741,,
GICVzJMDfv0,0,0.0,12.385,,
GICVzJMDfv0,1,11.854,19.24,,
GJyzeK-Cn-0,0,15.406,30.125,,
GK-Pprzh0t0,0,10.368,20.068,,
GK-Pprzh0t0,1,31.35,38.636,,
GK-Pprzh0t0,2,37.706,46.498,,
GK-Pprzh0t0,3,45.658,53.123,,
GKsjv42t284,0,0.0,11.308,,
GKsjv42t284,1,11.176,20.856,,
GKsjv42t284,2,19.856,22.902,,
GKsjv42t284,3,22.59,30.434,,
GKsjv42t284,4,29.764,31.791,,
GMHW6XEO1ms,0,2.79501133787,10.5995464853,,
GMHW6XEO1ms,1,9.7990929705,22.5424036281,,
GMHW6XEO1ms,2,38.0249433107,45.3605442177,,
GMHW6XEO1ms,3,45.4480725624,48.3537414966,,
GMHW6XEO1ms,4,47.7827664399,56.0761904762,,
GMa0cIAltnw,0,0.0,9.482,,
GMa0cIAltnw,1,32.637,41.2,,
GMa0cIAltnw,2,58.758,69.765,,
GMa0cIAltnw,3,69.334,79.693,,
GMjQUrlMa50,0,29.544,41.469,,
GMjQUrlMa50,1,41.148,53.732,,
GMjQUrlMa50,2,53.061,58.9,,
GMjQUrlMa50,3,57.9,66.113,,
GMnoxaqqReQ,0,6.946,14.64,,
GMnoxaqqReQ,1,145.9,151.928,,
GNP0PFas12Y,0,86.555,98.989,,
GNP0PFas12Y,1,104.663,111.61,,
GNP0PFas12Y,2,124.0,128.442,,
GNP0PFas12Y,3,143.286,147.189,,
GNP0PFas12Y,4,32.388,37.738,,
GNP0PFas12Y,5,38.753,44.313,,
GNP0PFas12Y,6,43.582,49.262,,
GO0V4ZGSF28,0,44.999,54.959,,
GOj7TBcEA8E,0,40.859,45.989,,
GOj7TBcEA8E,1,48.8,55.557,,
GOj7TBcEA8E,2,54.607,62.292,,
GOj7TBcEA8E,3,61.971,70.863,,
GOj7TBcEA8E,4,69.863,76.53,,
GOj7TBcEA8E,5,3.264,6.529,,
GOj7TBcEA8E,6,102.189,107.569,,
GOj7TBcEA8E,7,106.779,115.092,,
GOj7TBcEA8E,8,114.092,121.348,,
GOj7TBcEA8E,9,128.33,135.316,,
GOj7TBcEA8E,10,134.316,138.798,,
GOj7TBcEA8E,11,139.464,147.977,,
GOj7TBcEA8E,12,5.529,8.983,,
GOj7TBcEA8E,13,7.983,13.074,,
GOj7TBcEA8E,14,12.074,16.007,,
GOj7TBcEA8E,15,20.605,27.85,,
GOj7TBcEA8E,16,26.85,34.894,,
GRFXnnrQaB4,0,-0.258049886621,4.14421768707,,
GRFXnnrQaB4,1,3.48344671202,10.9886621315,,
GRFXnnrQaB4,2,12.7723356009,21.0158730159,,
GRFXnnrQaB4,3,22.789569161,32.4498866213,,
GRFXnnrQaB4,4,32.0185941043,36.9795918367,,
GRFXnnrQaB4,5,39.8507936508,44.0335600907,,
GSnt_fW8qjI,0,0.0,14.99,,
GSnt_fW8qjI,1,15.027,28.04,,
GSnt_fW8qjI,2,27.639,33.917,,
GSnt_fW8qjI,3,33.186,56.755,,
GSnt_fW8qjI,4,57.161,98.31,,
GSnt_fW8qjI,5,99.306,109.195,,
GSnt_fW8qjI,6,108.495,121.667,,
GTGtVdAuyRc,0,0.0,5.282,,
GTGtVdAuyRc,1,4.551,14.112,,
GTGtVdAuyRc,2,54.867,58.58,,
GTGtVdAuyRc,3,21.433,24.797,,
GTGtVdAuyRc,4,44.321,46.049,,
GTGtVdAuyRc,5,45.049,46.957,,
GTGtVdAuyRc,6,46.476,48.723,,
GTGtVdAuyRc,7,47.962,52.734,,
GTGtVdAuyRc,8,52.133,55.867,,
GUffC7vu9zA,0,5.08,9.492,,
GUffC7vu9zA,1,39.641,44.872,,
GUffC7vu9zA,2,80.518,85.769,,
GUffC7vu9zA,3,105.711,111.011,,
GUffC7vu9zA,4,119.699,123.732,,
GUffC7vu9zA,5,125.566,129.779,,
GUffC7vu9zA,6,129.307,133.54,,
GXIfrEUJ5d4,0,-0.387755102041,12.5052154195,,
GXIfrEUJ5d4,1,14.7578231293,22.1931972789,,
G_M3lYn6hAA,0,0.0,5.93,,
G_M3lYn6hAA,1,30.781,44.433,,
G_M3lYn6hAA,2,43.463,48.364,,
Gbg8qiKQkhM,0,0.0,8.005,,
Gc_zIjqqUys,0,0.0,13.283,,
Gc_zIjqqUys,1,13.052,20.677,,
Gc_zIjqqUys,2,69.763,79.613,,
GcfETVXgtg0,0,47.244,54.151,,
GcfETVXgtg0,1,53.151,71.152,,
GcfETVXgtg0,2,79.361,91.057,,
GcfETVXgtg0,3,99.286,119.392,,
GdFP_p4eQX0,0,72.098,76.869,,
GdFP_p4eQX0,1,12.224,17.274,,
GdFP_p4eQX0,2,21.642,26.234,,
GdFP_p4eQX0,3,32.837,37.688,,
GdFP_p4eQX0,4,37.396,44.383,,
GeSTiDe1hG0,0,16.264,26.563,,
Gg9ZcRlwnbc,0,62.998,75.652,,
Gg9ZcRlwnbc,1,75.33,84.262,,
Gg9ZcRlwnbc,2,97.45,105.324,,
Gg9ZcRlwnbc,3,105.083,111.49,,
Gg9ZcRlwnbc,4,111.109,116.14,,
Gg9ZcRlwnbc,5,116.187,128.861,,
Gg9ZcRlwnbc,6,136.9,142.909,,
Gg9ZcRlwnbc,7,5.928,11.627,,
Gg9ZcRlwnbc,8,142.767,152.048,,
Gg9ZcRlwnbc,9,23.009,30.494,,
Gg9ZcRlwnbc,10,30.322,39.763,,
Gg9ZcRlwnbc,11,45.338,54.759,,
GjCUDqWSI6c,0,0.0,11.986,,
GjCUDqWSI6c,1,33.834,43.235,,
GkoBk5K-FH0,0,57.78,69.466,,
GkoBk5K-FH0,1,72.187,86.397,,
GkoBk5K-FH0,2,85.816,98.121,,
GkoBk5K-FH0,3,7.814,15.468,,
GkoBk5K-FH0,4,124.878,147.429,,
GkoBk5K-FH0,5,146.898,152.487,,
GkoBk5K-FH0,6,154.82,166.645,,
GkoBk5K-FH0,7,14.987,18.831,,
GkoBk5K-FH0,8,199.807,207.322,,
GkoBk5K-FH0,9,206.322,212.561,,
GkoBk5K-FH0,10,220.081,224.902,,
GkoBk5K-FH0,11,223.902,229.033,,
GkoBk5K-FH0,12,18.35,27.282,,
GkoBk5K-FH0,13,29.474,46.069,,
GkoBk5K-FH0,14,45.069,51.856,,
GlShH_ua_GU,0,27.718,32.19,,
Gljee9uq_Rc,0,88.101,100.974,,
Gljee9uq_Rc,1,100.363,106.961,,
Gljee9uq_Rc,2,107.238,118.345,,
Gljee9uq_Rc,3,117.824,125.449,,
Gljee9uq_Rc,4,125.566,133.54,,
Gljee9uq_Rc,5,133.897,140.355,,
Gljee9uq_Rc,6,4.9,12.525,,
Gljee9uq_Rc,7,157.244,167.523,,
Gljee9uq_Rc,8,166.523,174.816,,
Gljee9uq_Rc,9,173.946,179.845,,
Gljee9uq_Rc,10,182.457,211.004,,
Gljee9uq_Rc,11,46.196,55.468,,
Gljee9uq_Rc,12,60.115,69.396,,
Gljee9uq_Rc,13,68.655,79.214,,
Gmhi58erY6k,0,-0.477551020408,5.26167800454,,
Gmhi58erY6k,1,4.7306122449,10.4199546485,,
Gmhi58erY6k,2,9.9188208617,16.5260770975,,
Gmhi58erY6k,3,15.5260770975,22.7319727891,,
Gmhi58erY6k,4,22.4403628118,28.5886621315,,
Gmhi58erY6k,5,28.2172335601,35.4031746032,,
Gmhi58erY6k,6,35.2811791383,44.3328798186,,
GmpDbIstUdc,0,87.073,96.155,,
GmpDbIstUdc,1,101.271,109.255,,
GmpDbIstUdc,2,42.176,64.727,,
GpRDC-S88dM,0,0.0,12.196,,
GpRDC-S88dM,1,11.715,17.544,,
GpRDC-S88dM,2,74.223,81.409,,
GpRDC-S88dM,3,80.538,88.493,,
GpRDC-S88dM,4,88.061,101.782,,
GpRDC-S88dM,5,101.381,116.359,,
GpRDC-S88dM,6,116.197,121.976,,
GpRDC-S88dM,7,121.505,125.588,,
GpRDC-S88dM,8,124.588,128.761,,
GpRDC-S88dM,9,127.761,131.864,,
GpRDC-S88dM,10,131.183,134.727,,
GpRDC-S88dM,11,134.675,138.269,,
GpRDC-S88dM,12,16.544,21.854,,
GpRDC-S88dM,13,137.659,153.894,,
GpRDC-S88dM,14,153.832,163.811,,
GpRDC-S88dM,15,163.32,171.743,,
GpRDC-S88dM,16,171.202,179.356,,
GpRDC-S88dM,17,178.805,198.822,,
GpRDC-S88dM,18,198.54,206.145,,
GpRDC-S88dM,19,205.444,215.314,,
GpRDC-S88dM,20,214.314,217.948,,
GpRDC-S88dM,21,21.034,23.101,,
GpRDC-S88dM,22,22.61,28.768,,
GpRDC-S88dM,23,28.337,36.92,,
GpRDC-S88dM,24,36.439,45.041,,
GpRDC-S88dM,25,44.68,60.257,,
GpRDC-S88dM,26,59.317,67.131,,
GpRDC-S88dM,27,66.63,74.405,,
GtRxTvuF6J0,0,0.0,6.589,,
GtRxTvuF6J0,1,14.229,21.914,,
GtRxTvuF6J0,2,21.303,28.858,,
GtRxTvuF6J0,3,27.858,32.44,,
GtRxTvuF6J0,4,32.029,35.912,,
GtRxTvuF6J0,5,43.732,55.268,,
Gv0kKbfwPpI,0,22.8095238095,31.4022675737,,
Gv0kKbfwPpI,1,31.0807256236,35.6326530612,,
Gv0kKbfwPpI,2,35.231292517,45.8095238095,,
Gvg_80PlAAs,0,51.534,61.404,,
GxWLhv-Vt78,0,8.053,22.672,,
GxWLhv-Vt78,1,72.397,88.034,,
GxcOSmJAyYQ,0,0.0,5.062,,
GxcOSmJAyYQ,1,4.062,11.498,,
GxcOSmJAyYQ,2,28.626,40.142,,
Gz2qsCqWNUY,0,16.663,30.245,,
H-74k5vclCU,0,9.53,13.992,,
H-74k5vclCU,1,13.251,18.98,,
H-74k5vclCU,2,43.063,48.683,,
H-AJ-grXvgQ,0,0.0,6.938,,
H-AJ-grXvgQ,1,66.919,78.824,,
H-AJ-grXvgQ,2,90.566,98.2,,
H-AJ-grXvgQ,3,28.257,32.789,,
H1DpVwktfDQ,0,-0.487528344671,5.06213151927,,
H1DpVwktfDQ,1,6.09750566893,11.537414966,,
H1DpVwktfDQ,2,10.537414966,19.6689342404,,
H1DpVwktfDQ,3,20.9138321995,33.2480725624,,
H26MMmrHTlQ,0,-0.457596371882,2.07891156463,,
H26MMmrHTlQ,1,1.07891156463,5.99002267574,,
H26MMmrHTlQ,2,36.7678004535,41.8585034014,,
H26MMmrHTlQ,3,40.8585034014,44.1931972789,,
H26MMmrHTlQ,4,6.60634920635,15.6480725624,,
H26MMmrHTlQ,5,14.8476190476,19.6290249433,,
H26MMmrHTlQ,6,19.1578231293,25.0267573696,,
H26MMmrHTlQ,7,24.0267573696,28.229478458,,
H26MMmrHTlQ,8,27.4290249433,35.093877551,,
H26MMmrHTlQ,9,34.5428571429,37.7678004535,,
H4RysMUSQD8,0,3.154,9.602,,
H4RysMUSQD8,1,63.188,70.942,,
H4RysMUSQD8,2,69.942,76.161,,
H4RysMUSQD8,3,10.488,15.439,,
H4RysMUSQD8,4,15.337,28.13,,
H4RysMUSQD8,5,27.13,32.699,,
H4RysMUSQD8,6,36.259,42.447,,
H4RysMUSQD8,7,41.447,47.965,,
H4w9mU8B3Mc,0,2.715,6.728,,
H4w9mU8B3Mc,1,28.487,33.298,,
H4w9mU8B3Mc,2,35.441,45.4,,
H4w9mU8B3Mc,3,45.149,50.489,,
H6ci6Myq8uI,0,33.116,40.921,,
H6ci6Myq8uI,1,50.517,67.8,,
H6ci6Myq8uI,2,70.691,80.65,,
H9BNzzxlscA,0,0.0,9.342,,
H9BNzzxlscA,1,8.811,18.132,,
H9BNzzxlscA,2,34.812,40.671,,
H9BNzzxlscA,3,42.116,48.942,,
H9BNzzxlscA,4,48.451,58.451,,
H9mSft9YGuk,0,63.936,69.635,,
H9mSft9YGuk,1,32.178,39.554,,
H9mSft9YGuk,2,39.262,46.139,,
H9zVQlzit8Y,0,9.41,32.141,,
HA2AiTz-qxc,0,14.947,20.427,,
HA2AiTz-qxc,1,20.205,46.069,,
HA2AiTz-qxc,2,58.618,62.841,,
HAid0IEUoFQ,0,10.108,20.816,,
HAid0IEUoFQ,1,20.575,28.349,,
HAid0IEUoFQ,2,39.013,49.84,,
HAnQVHOd3hg,0,5.15,12.715,,
HAnQVHOd3hg,1,22.59,26.204,,
HAnQVHOd3hg,2,28.886,37.049,,
HByf7qiO-Kg,0,0.61995464853,4.97233560091,,
HByf7qiO-Kg,1,4.31156462585,10.3201814059,,
HByf7qiO-Kg,2,36.3088435374,39.6634920635,,
HByf7qiO-Kg,3,39.0526077098,41.5192743764,,
HByf7qiO-Kg,4,41.0979591837,45.8893424036,,
HByf7qiO-Kg,5,44.8893424036,49.3215419501,,
HByf7qiO-Kg,6,49.7183673469,53.0430839002,,
HByf7qiO-Kg,7,11.4752834467,13.7723356009,,
HByf7qiO-Kg,8,12.7723356009,20.0680272109,,
HByf7qiO-Kg,9,22.180952381,26.2439909297,,
HByf7qiO-Kg,10,26.7505668934,34.0961451247,,
HByf7qiO-Kg,11,33.0961451247,36.8199546485,,
HD17J-FvROQ,0,0.0,11.597,,
HD17J-FvROQ,1,11.206,19.649,,
HD17J-FvROQ,2,19.397,25.456,,
HFPGeaEPy9o,0,0.0,5.92,,
HFPGeaEPy9o,1,5.299,12.655,,
HFPGeaEPy9o,2,12.134,19.12,,
HFPGeaEPy9o,3,30.761,40.122,,
HGicRLwgtkM,0,0.0,7.906,,
HGicRLwgtkM,1,7.375,19.25,,
HGicRLwgtkM,2,18.669,27.721,,
HGicRLwgtkM,3,27.07,35.533,,
HGicRLwgtkM,4,34.932,38.746,,
HGicRLwgtkM,5,38.195,47.875,,
HGicRLwgtkM,6,47.044,53.432,,
HIsJqphLCyw,0,4.581,13.263,,
HIsJqphLCyw,1,12.263,24.638,,
HIsJqphLCyw,2,28.058,45.161,,
HJTxq72GuMs,0,15.396,24.698,,
HJTxq72GuMs,1,97.55,117.387,,
HJTxq72GuMs,2,134.625,150.342,,
HJTxq72GuMs,3,57.82,64.477,,
HJTxq72GuMs,4,84.749,97.602,,
HLFaW4oVP9E,0,0.0,8.015,,
HLFaW4oVP9E,1,41.707,45.48,,
HLFaW4oVP9E,2,55.465,60.885,,
HLFaW4oVP9E,3,10.218,14.521,,
HLFaW4oVP9E,4,15.905,21.195,,
HLFaW4oVP9E,5,24.306,35.433,,
HLFaW4oVP9E,6,35.082,39.085,,
HMRqR-P68Ws,0,0.0,8.285,,
HMRqR-P68Ws,1,91.264,99.398,,
HMRqR-P68Ws,2,112.875,118.165,,
HMRqR-P68Ws,3,117.913,127.165,,
HMRqR-P68Ws,4,16.205,27.142,,
HMRqR-P68Ws,5,33.006,41.29,,
HMRqR-P68Ws,6,40.849,48.114,,
HMRqR-P68Ws,7,47.723,65.126,,
HMRqR-P68Ws,8,75.959,83.953,,
HOCsiS0pmf0,0,8.682,24.468,,
HOCsiS0pmf0,1,30.532,39.783,,
HOCsiS0pmf0,2,40.649,45.041,,
HOCsiS0pmf0,3,64.914,72.01,,
HOCsiS0pmf0,4,71.848,96.075,,
HObh42PhOfw,0,59.067,64.357,,
HObh42PhOfw,1,63.766,70.184,,
HObh42PhOfw,2,33.086,44.173,,
HObh42PhOfw,3,45.987,52.714,,
HQ2LwfRcrVc,0,1.847,6.249,,
HQ2LwfRcrVc,1,60.843,69.406,,
HQ2LwfRcrVc,2,69.134,77.627,,
HQ2LwfRcrVc,3,12.094,26.064,,
HQ2LwfRcrVc,4,25.773,30.045,,
HQ2LwfRcrVc,5,32.657,40.921,,
HQ2LwfRcrVc,6,39.921,45.331,,
HQ2LwfRcrVc,7,44.76,61.843,,
HQ9NnDQcxD4,0,0.0,20.886,,
HQ9NnDQcxD4,1,20.634,30.604,,
HR18U0yAlTc,0,141.22,155.001,,
HR18U0yAlTc,1,169.995,189.503,,
HR18U0yAlTc,2,24.865,32.879,,
HR18U0yAlTc,3,31.879,76.101,,
HR18U0yAlTc,4,99.824,115.272,,
HR18U0yAlTc,5,115.03,142.061,,
HS-2vVP95u8,0,13.032,39.125,,
HS-2vVP95u8,1,45.388,56.405,,
HUH9BXVmAig,0,0.0,14.171,,
HUH9BXVmAig,1,32.478,42.607,,
HUOMbK1x7MI,0,0.0,4.104,,
HUOMbK1x7MI,1,4.242,7.956,,
HUOMbK1x7MI,2,51.325,53.722,,
HUOMbK1x7MI,3,7.245,11.488,,
HUOMbK1x7MI,4,12.403,21.285,,
HUOMbK1x7MI,5,20.335,25.226,,
HUOMbK1x7MI,6,24.665,32.709,,
HUOMbK1x7MI,7,32.178,35.333,,
HUOMbK1x7MI,8,35.67,42.657,,
HUOMbK1x7MI,9,42.754,45.311,,
HUOMbK1x7MI,10,44.8,51.806,,
HVksxaUzv9Y,0,57.92,67.201,,
HVksxaUzv9Y,1,66.64,78.306,,
HVksxaUzv9Y,2,77.685,88.403,,
HVksxaUzv9Y,3,87.403,95.377,,
HVksxaUzv9Y,4,94.796,108.766,,
HWLpH3NMtFs,0,0.0,12.635,,
HWLpH3NMtFs,1,31.61,41.32,,
HWLpH3NMtFs,2,60.035,80.371,,
HXuRR2eBHHQ,0,48.332,56.336,,
HXuRR2eBHHQ,1,3.184,11.388,,
HXuRR2eBHHQ,2,10.388,24.358,,
HXuRR2eBHHQ,3,29.365,33.098,,
H_x5O9GdknI,0,0.0,12.276,,
H_x5O9GdknI,1,11.326,21.405,,
Ha7DMd_iKyM,0,14.708,23.849,,
Ha7DMd_iKyM,1,23.139,32.969,,
HbaycY0VuZk,0,0.0,5.83,,
HbaycY0VuZk,1,45.338,62.232,,
HbaycY0VuZk,2,61.232,66.722,,
HetCe0lLacc,0,14.039,19.31,,
HfLVQZLvcH8,0,34.254,38.636,,
HgDdU_RB9UA,0,125.956235828,149.712244898,,
HgDdU_RB9UA,1,20.635600907,32.2891156463,,
HgDdU_RB9UA,2,32.9276643991,47.8337868481,,
HgDdU_RB9UA,3,48.6519274376,58.9185941043,,
HgDdU_RB9UA,4,59.7965986395,74.9022675737,,
HgDdU_RB9UA,5,77.266893424,94.0886621315,,
HgDdU_RB9UA,6,95.0065759637,102.190249433,,
HhpziYYP2Vg,0,3.154,13.363,,
HhpziYYP2Vg,1,74.123,89.331,,
HhpziYYP2Vg,2,88.42,92.513,,
HhpziYYP2Vg,3,91.912,96.963,,
HhpziYYP2Vg,4,96.542,105.504,,
HhpziYYP2Vg,5,114.302,121.847,,
HhpziYYP2Vg,6,121.056,129.17,,
HhpziYYP2Vg,7,12.633,21.415,,
HhpziYYP2Vg,8,139.674,144.435,,
HhpziYYP2Vg,9,143.755,147.967,,
HhpziYYP2Vg,10,20.415,28.828,,
HhpziYYP2Vg,11,28.147,32.689,,
HhpziYYP2Vg,12,47.044,54.081,,
HhpziYYP2Vg,13,53.32,64.836,,
HjLpXXFoAQw,0,12.872,19.789,,
HjLpXXFoAQw,1,46.087,51.078,,
Hkt_kncJGVM,0,0.0,7.068,,
Hkt_kncJGVM,1,6.068,9.402,,
Hkt_kncJGVM,2,8.402,13.124,,
HmXXW45eZL4,0,2.446,20.188,,
HmXXW45eZL4,1,24.146,35.403,,
HmXXW45eZL4,2,39.272,48.573,,
Hq3cHc6X8BM,0,0.0,24.179,,
HqtvFTa29L8,0,13.9707482993,18.5303854875,,
HuIKyKkEL0Q,0,40.2609977324,46.7063492063,,
HxyfY7hsjOg,0,-0.487528344671,7.94557823129,,
HxyfY7hsjOg,1,6.94557823129,13.6126984127,,
HxyfY7hsjOg,2,12.6126984127,15.5283446712,,
HxyfY7hsjOg,3,14.5283446712,30.4743764172,,
HxyfY7hsjOg,4,30.1328798186,45.0213151927,,
I--8nRKCkJI,0,0.0,4.164,,
I--8nRKCkJI,1,3.164,12.834,,
I--8nRKCkJI,2,11.834,17.464,,
I--8nRKCkJI,3,16.464,25.466,,
I--8nRKCkJI,4,24.466,38.716,,
I--8nRKCkJI,5,37.716,47.546,,
I--8nRKCkJI,6,46.546,58.6,,
I--8nRKCkJI,7,57.63,72.718,,
I3SPlbTGuNc,0,0.071,8.454,,
I3SPlbTGuNc,1,7.454,12.096,,
I3SPlbTGuNc,2,83.452,88.762,,
I3SPlbTGuNc,3,88.171,91.486,,
I3SPlbTGuNc,4,90.486,107.609,,
I3SPlbTGuNc,5,106.609,108.507,,
I3SPlbTGuNc,6,107.886,136.982,,
I3SPlbTGuNc,7,136.192,158.982,,
I3SPlbTGuNc,8,11.346,27.212,,
I3SPlbTGuNc,9,26.471,32.38,,
I3SPlbTGuNc,10,31.61,41.03,,
I3SPlbTGuNc,11,40.03,51.696,,
I3SPlbTGuNc,12,51.145,56.805,,
I3SPlbTGuNc,13,55.805,64.906,,
I3SPlbTGuNc,14,64.275,77.059,,
I3SPlbTGuNc,15,76.458,83.973,,
I5cS_TlV5B8,0,1.069,7.267,,
I5cS_TlV5B8,1,6.726,11.158,,
I5cS_TlV5B8,2,11.066,17.544,,
I5cS_TlV5B8,3,31.49,40.631,,
I5cS_TlV5B8,4,40.918,45.78,,
I5cS_TlV5B8,5,47.174,54.19,,
I8MM8y1XVjs,0,15.576,22.073,,
I8MM8y1XVjs,1,21.672,31.103,,
I8MM8y1XVjs,2,30.871,38.965,,
I8MM8y1XVjs,3,61.591,70.962,,
I9iV9q3ePhI,0,120.707,129.659,,
I9iV9q3ePhI,1,48.152,55.937,,
I9iV9q3ePhI,2,68.246,75.682,,
IAmZ5iWHxw4,0,28.936,37.578,,
IAmZ5iWHxw4,1,37.995,44.582,,
IAmZ5iWHxw4,2,43.822,50.828,,
IAubgwEiCcY,0,84.809,90.159,,
IAubgwEiCcY,1,17.601,23.41,,
IAubgwEiCcY,2,25.932,36.291,,
IAubgwEiCcY,3,36.159,47.266,,
IAubgwEiCcY,4,49.788,63.559,,
IAubgwEiCcY,5,62.559,83.065,,
IB0lGIxP8YY,0,0.0,5.062,,
IB0lGIxP8YY,1,4.391,20.098,,
IB0lGIxP8YY,2,77.066,86.886,,
IB0lGIxP8YY,3,85.976,92.982,,
IB0lGIxP8YY,4,19.098,29.347,,
IB0lGIxP8YY,5,35.86,41.948,,
IB0lGIxP8YY,6,52.781,67.011,,
ICeSewdyf34,0,5.589,11.807,,
ICeSewdyf34,1,10.807,17.484,,
ICeSewdyf34,2,16.843,35.174,,
ICeSewdyf34,3,34.463,49.381,,
ICeSewdyf34,4,48.381,59.119,,
IDVbPEket6U,0,64.215,70.543,,
IDVbPEket6U,1,18.659,30.834,,
IDVbPEket6U,2,30.672,39.304,,
IHp8hd1jm6k,0,0.0,12.994,,
IHp8hd1jm6k,1,12.124,15.828,,
IHp8hd1jm6k,2,61.811,73.995,,
IHp8hd1jm6k,3,72.995,81.059,,
IHp8hd1jm6k,4,80.179,88.044,,
IHp8hd1jm6k,5,87.532,95.227,,
IHp8hd1jm6k,6,94.477,98.47,,
IHp8hd1jm6k,7,97.51,101.872,,
IHp8hd1jm6k,8,101.331,106.212,,
IHp8hd1jm6k,9,105.212,109.096,,
IHp8hd1jm6k,10,108.096,115.97,,
IHp8hd1jm6k,11,115.239,122.176,,
IHp8hd1jm6k,12,14.997,24.927,,
IHp8hd1jm6k,13,121.206,140.025,,
IHp8hd1jm6k,14,139.025,151.27,,
IHp8hd1jm6k,15,150.27,153.056,,
IHp8hd1jm6k,16,152.056,156.328,,
IHp8hd1jm6k,17,155.578,158.573,,
IHp8hd1jm6k,18,157.573,171.165,,
IHp8hd1jm6k,19,170.344,174.906,,
IHp8hd1jm6k,20,174.405,181.401,,
IHp8hd1jm6k,21,180.98,186.799,,
IHp8hd1jm6k,22,185.919,205.517,,
IHp8hd1jm6k,23,24.027,27.042,,
IHp8hd1jm6k,24,204.517,211.503,,
IHp8hd1jm6k,25,26.042,38.706,,
IHp8hd1jm6k,26,37.975,45.291,,
IHp8hd1jm6k,27,44.8,52.025,,
IHp8hd1jm6k,28,51.474,53.861,,
IHp8hd1jm6k,29,52.861,58.261,,
IHp8hd1jm6k,30,57.261,62.621,,
IHv_yBn83P8,0,24.585,36.341,,
IHv_yBn83P8,1,35.8,45.051,,
IIPYcCii7Sg,0,0.071,4.992,,
IIPYcCii7Sg,1,3.992,12.884,,
IIPYcCii7Sg,2,12.613,16.835,,
IIPYcCii7Sg,3,15.835,22.273,,
IIPYcCii7Sg,4,21.343,28.978,,
IIPYcCii7Sg,5,41.347,48.583,,
IKXWSNf4m2k,0,17.901,25.526,,
IKXWSNf4m2k,1,36.628,42.377,,
IM6HW1HwHhM,0,55.056,60.985,,
IM6HW1HwHhM,1,60.254,65.096,,
IM6HW1HwHhM,2,70.351,75.592,,
IM6HW1HwHhM,3,75.19,86.856,,
IM6HW1HwHhM,4,86.126,92.394,,
IM6HW1HwHhM,5,3.463,9.741,,
IM6HW1HwHhM,6,157.284,162.933,,
IM6HW1HwHhM,7,194.659,198.502,,
IM6HW1HwHhM,8,16.234,22.004,,
IOpWjKAHG8Q,0,0.0,3.146,,
IOpWjKAHG8Q,1,2.356,21.195,,
IOpWjKAHG8Q,2,20.195,29.337,,
IOpWjKAHG8Q,3,28.826,36.8,,
IOpWjKAHG8Q,4,35.84,46.328,,
IOpWjKAHG8Q,5,45.688,50.439,,
IRSxo_XXArg,0,0.0,4.643,,
IRSxo_XXArg,1,140.622,174.677,,
IRSxo_XXArg,2,173.727,204.07,,
IRSxo_XXArg,3,39.172,55.458,,
IRSxo_XXArg,4,54.966,70.254,,
IRSxo_XXArg,5,72.686,92.523,,
IRSxo_XXArg,6,107.667,115.81,,
IRSxo_XXArg,7,124.219,130.846,,
IRY4D_-mx3Q,0,13.4120181406,20.4959183673,,
ITQTVfk9Iqo,0,0.0,18.761,,
ITQTVfk9Iqo,1,18.14,29.137,,
ITQTVfk9Iqo,2,91.414,97.083,,
ITQTVfk9Iqo,3,96.322,106.591,,
ITQTVfk9Iqo,4,105.591,110.941,,
ITQTVfk9Iqo,5,109.941,118.454,,
ITQTVfk9Iqo,6,117.454,127.883,,
ITQTVfk9Iqo,7,127.192,155.131,,
ITQTVfk9Iqo,8,31.999,53.322,,
ITQTVfk9Iqo,9,52.322,57.323,,
ITQTVfk9Iqo,10,56.433,65.515,,
ITQTVfk9Iqo,11,78.523,83.554,,
IUmxJNs2zaY,0,7.664,17.384,,
IUmxJNs2zaY,1,17.122,23.311,,
IUmxJNs2zaY,2,23.398,32.639,,
IUmxJNs2zaY,3,31.639,47.925,,
IW7IssCKgmI,0,-0.487528344671,5.06213151927,,
IW7IssCKgmI,1,4.06213151927,14.6403628118,,
IW7IssCKgmI,2,40.6888888889,46.4979591837,,
IW7IssCKgmI,3,48.8403628118,55.2979591837,,
IW7IssCKgmI,4,14.2290249433,17.3741496599,,
IW7IssCKgmI,5,20.09569161,27.5410430839,,
IW7IssCKgmI,6,26.5410430839,32.1605442177,,
IW7IssCKgmI,7,31.1605442177,35.5328798186,,
IW7IssCKgmI,8,34.5328798186,39.6136054422,,
I_r2CP56toU,0,26.771,33.478,,
IawsOlEKRf0,0,49.279,58.391,,
IawsOlEKRf0,1,61.122,68.508,,
IawsOlEKRf0,2,100.653,108.038,,
IawsOlEKRf0,3,107.148,112.588,,
IawsOlEKRf0,4,111.957,122.575,,
IawsOlEKRf0,5,122.084,128.791,,
IawsOlEKRf0,6,128.34,135.885,,
IawsOlEKRf0,7,11.715,18.621,,
IawsOlEKRf0,8,20.934,27.93,,
Ie6sDptjAsU,0,52.612,56.176,,
Iemw8vqt-54,0,0.0,21.305,,
Iemw8vqt-54,1,20.305,36.201,,
Iemw8vqt-54,2,117.983,138.998,,
Iemw8vqt-54,3,170.753,182.419,,
Iemw8vqt-54,4,181.768,188.016,,
Iemw8vqt-54,5,105.053,110.293,,
Iemw8vqt-54,6,109.922,118.694,,
IgenXuE4qIM,0,0.0,8.724,,
IgenXuE4qIM,1,17.751,32.649,,
IiGzuoblKSM,0,0.0,7.177,,
IiX1k0oYW_w,0,3.693,13.234,,
IiX1k0oYW_w,1,90.705,101.104,,
IkvL4IAiZog,0,85.387,100.016,,
IkvL4IAiZog,1,41.687,50.449,,
IlgnbEdOhmI,0,1.308,7.157,,
IlgnbEdOhmI,1,112.236,116.419,,
IlgnbEdOhmI,2,59.486,77.877,,
IsAtAzltJNM,0,-0.487528344671,8.67392290249,,
IsAtAzltJNM,1,10.4575963719,13.0240362812,,
IsAtAzltJNM,2,12.0240362812,17.2444444444,,
IsAtAzltJNM,3,16.2444444444,20.7963718821,,
IsAtAzltJNM,4,32.3179138322,40.2621315193,,
IsAtAzltJNM,5,39.8707482993,46.9768707483,,
It6xg0WcqJ0,0,0.0,23.57,,
ItnyexqXR_U,0,1.029,5.102,,
ItnyexqXR_U,1,8.033,16.017,,
ItnyexqXR_U,2,15.017,25.376,,
Itqbc2TBXWY,0,0.400453514739,12.1859410431,,
Itqbc2TBXWY,1,11.1859410431,24.3083900227,,
Itqbc2TBXWY,2,94.0775510204,101.98185941,,
Itqbc2TBXWY,3,100.98185941,110.31292517,,
Itqbc2TBXWY,4,109.78185941,116.269387755,,
Itqbc2TBXWY,5,115.858049887,131.035827664,,
Itqbc2TBXWY,6,130.035827664,133.111111111,,
Itqbc2TBXWY,7,133.148752834,143.377777778,,
Itqbc2TBXWY,8,142.417687075,155.679818594,,
Itqbc2TBXWY,9,155.328344671,171.493877551,,
Itqbc2TBXWY,10,171.132426304,176.99138322,,
Itqbc2TBXWY,11,23.9070294785,34.5750566893,,
Itqbc2TBXWY,12,177.527891156,185.771428571,,
Itqbc2TBXWY,13,184.79138322,189.742403628,,
Itqbc2TBXWY,14,188.742403628,200.976870748,,
Itqbc2TBXWY,15,199.976870748,203.640816327,,
Itqbc2TBXWY,16,203.089795918,212.929705215,,
Itqbc2TBXWY,17,212.468480726,216.361904762,,
Itqbc2TBXWY,18,215.601360544,217.359637188,,
Itqbc2TBXWY,19,33.5750566893,40.7609977324,,
Itqbc2TBXWY,20,40.429478458,53.9510204082,,
Itqbc2TBXWY,21,53.4598639456,65.09569161,,
Itqbc2TBXWY,22,64.09569161,68.1786848073,,
Itqbc2TBXWY,23,67.9070294785,80.2712018141,,
Itqbc2TBXWY,24,80.0594104308,87.4848072562,,
Itqbc2TBXWY,25,87.3528344671,95.0775510204,,
IwQWibE8EOM,0,0.0,11.996,,
IwQWibE8EOM,1,11.745,22.133,,
IwQWibE8EOM,2,22.47,36.301,,
IwQWibE8EOM,3,36.309,54.061,,
IwQWibE8EOM,4,54.218,59.459,,
IwQWibE8EOM,5,59.376,71.571,,
IwQWibE8EOM,6,71.499,84.641,,
Iz_PDdyXr-8,0,0.0,8.724,,
Iz_PDdyXr-8,1,8.452,18.911,,
Iz_PDdyXr-8,2,18.09,24.917,,
Iz_PDdyXr-8,3,24.456,31.592,,
Iz_PDdyXr-8,4,55.136,62.931,,
J3-NEG8uoiE,0,5.519,13.114,,
J3-NEG8uoiE,1,70.761,75.572,,
J3-NEG8uoiE,2,84.878,90.608,,
J3-NEG8uoiE,3,119.6,128.242,,
J3-NEG8uoiE,4,127.302,138.908,,
J3-NEG8uoiE,5,146.289,155.929,,
J3-NEG8uoiE,6,165.874,177.171,,
J3-NEG8uoiE,7,176.4,183.886,,
J3-NEG8uoiE,8,194.04,203.88,,
J3-NEG8uoiE,9,203.02,208.101,,
J3-NEG8uoiE,10,19.966,32.25,,
J3-NEG8uoiE,11,207.101,211.443,,
J3-NEG8uoiE,12,31.669,40.162,,
J3-NEG8uoiE,13,57.91,63.37,,
J3-NEG8uoiE,14,62.38,69.097,,
J3JU1zBQ4RM,0,0.0,2.767,,
J3JU1zBQ4RM,1,2.117,13.912,,
J3JU1zBQ4RM,2,13.6,21.056,,
J3JU1zBQ4RM,3,20.435,29.696,,
J3JU1zBQ4RM,4,29.035,33.438,,
J3JU1zBQ4RM,5,32.717,37.199,,
J6zbBfzW7a0,0,0.0,4.543,,
J6zbBfzW7a0,1,3.543,12.495,,
J7UduuBfnrE,0,0.071,5.341,,
J7UduuBfnrE,1,4.641,14.022,,
J7UduuBfnrE,2,13.261,19.839,,
J7UduuBfnrE,3,20.654,25.595,,
J7UduuBfnrE,4,24.595,29.147,,
J7UduuBfnrE,5,28.636,34.645,,
J7UduuBfnrE,6,33.775,38.197,,
J7UduuBfnrE,7,37.197,40.472,,
J7UduuBfnrE,8,39.532,42.746,,
JATMzuV6sUE,0,0.0124716553288,3.9335600907,,
JAbFsRxxnFo,0,0.0,5.79,,
JAbFsRxxnFo,1,4.79,11.049,,
JAbFsRxxnFo,2,10.478,20.866,,
JAbFsRxxnFo,3,19.866,25.506,,
JAnRCQ9A0vI,0,0.0,4.493,,
JAnRCQ9A0vI,1,3.493,33.847,,
JAnRCQ9A0vI,2,32.956,53.173,,
JAnRCQ9A0vI,3,52.522,67.46,,
JAnRCQ9A0vI,4,67.259,72.988,,
JAnRCQ9A0vI,5,72.826,82.905,,
JAnRCQ9A0vI,6,82.334,85.659,,
JAnRCQ9A0vI,7,84.819,118.554,,
JAnRCQ9A0vI,8,118.472,141.771,,
JCg26b8EO48,0,0.0,4.284,,
JCg26b8EO48,1,3.573,10.33,,
JCg26b8EO48,2,9.33,15.578,,
JCg26b8EO48,3,14.967,20.906,,
JCg26b8EO48,4,23.408,30.005,,
JCg26b8EO48,5,29.385,36.441,,
JCg26b8EO48,6,36.109,42.896,,
JCg26b8EO48,7,42.475,48.503,,
JCg26b8EO48,8,47.783,52.953,,
JCg26b8EO48,9,52.233,56.665,,
JDgqyOkzXHw,0,0.0,12.775,,
JDgqyOkzXHw,1,11.775,15.828,,
JDgqyOkzXHw,2,15.227,19.619,,
JDgqyOkzXHw,3,19.068,28.808,,
JDgqyOkzXHw,4,28.028,36.132,,
JDgqyOkzXHw,5,35.341,42.357,,
JDgqyOkzXHw,6,41.517,53.432,,
JDgqyOkzXHw,7,52.891,72.229,,
JDgqyOkzXHw,8,71.559,75.223,,
JDgqyOkzXHw,9,74.472,80.91,,
JF-5nlUNx_g,0,0.0,3.346,,
JF-5nlUNx_g,1,2.446,6.359,,
JF-5nlUNx_g,2,62.639,72.659,,
JF-5nlUNx_g,3,72.437,85.42,,
JF-5nlUNx_g,4,84.918,93.192,,
JF-5nlUNx_g,5,92.192,101.912,,
JF-5nlUNx_g,6,101.351,111.371,,
JF-5nlUNx_g,7,110.69,116.958,,
JF-5nlUNx_g,8,116.217,130.028,,
JF-5nlUNx_g,9,129.357,136.503,,
JF-5nlUNx_g,10,135.932,142.659,,
JF-5nlUNx_g,11,142.088,144.595,,
JF-5nlUNx_g,12,5.838,9.712,,
JF-5nlUNx_g,13,143.595,148.197,,
JF-5nlUNx_g,14,147.586,163.991,,
JF-5nlUNx_g,15,163.37,168.96,,
JF-5nlUNx_g,16,9.27,18.102,,
JF-5nlUNx_g,17,17.871,25.456,,
JF-5nlUNx_g,18,24.745,29.058,,
JF-5nlUNx_g,19,28.058,33.946,,
JF-5nlUNx_g,20,32.946,41.2,,
JF-5nlUNx_g,21,40.759,54.709,,
JF-5nlUNx_g,22,54.348,63.27,,
JGEEA_JVriE,0,0.300680272109,37.1392290249,,
JGEEA_JVriE,1,38.264399093,59.5682539683,,
JGEEA_JVriE,2,58.5682539683,74.2049886621,,
JGEEA_JVriE,3,73.5342403628,87.8739229025,,
JGZb_ygtB0g,0,21.133,29.297,,
JGZb_ygtB0g,1,37.686,47.366,,
JGzFUzPeAA8,0,0.0,10.889,,
JHJOK6cdW-0,0,0.0,20.657,,
JHJOK6cdW-0,1,20.136,31.722,,
JHJOK6cdW-0,2,92.451,113.576,,
JHJOK6cdW-0,3,116.656,129.799,,
JHJOK6cdW-0,4,128.799,144.006,,
JHW3nD6flgU,0,0.0,2.249,,
JHW3nD6flgU,1,1.548,5.262,,
JHW3nD6flgU,2,12.702,17.215,,
JHW3nD6flgU,3,16.594,22.862,,
JHW3nD6flgU,4,22.181,31.372,,
JHW3nD6flgU,5,31.769,37.299,,
JHW3nD6flgU,6,36.548,39.354,,
JHW3nD6flgU,7,38.354,40.911,,
JKueLneBoik,0,0.101,2.807,,
JKueLneBoik,1,2.017,6.289,,
JKueLneBoik,2,5.668,9.003,,
JKueLneBoik,3,8.841,15.678,,
JKueLneBoik,4,15.756,17.773,,
JKueLneBoik,5,17.452,23.251,,
JLqBVj6f5gI,0,3.034,12.894,,
JLqBVj6f5gI,1,84.729,106.442,,
JLqBVj6f5gI,2,106.17,110.293,,
JLqBVj6f5gI,3,110.201,119.173,,
JLqBVj6f5gI,4,124.937,133.72,,
JLqBVj6f5gI,5,133.618,140.265,,
JLqBVj6f5gI,6,140.053,144.844,,
JLqBVj6f5gI,7,144.762,153.445,,
JLqBVj6f5gI,8,12.902,19.36,,
JLqBVj6f5gI,9,171.721,177.231,,
JLqBVj6f5gI,10,177.418,184.265,,
JLqBVj6f5gI,11,25.922,35.263,,
JLqBVj6f5gI,12,35.171,42.876,,
JLqBVj6f5gI,13,50.856,69.246,,
JLqBVj6f5gI,14,69.184,77.498,,
JMb18N7lQ0A,0,5.549,12.336,,
JMb18N7lQ0A,1,28.816,35.273,,
JMzilFvwNXE,0,0.0,7.566,,
JMzilFvwNXE,1,39.422,43.066,,
JMzilFvwNXE,2,42.066,47.985,,
JNhqI4JtPXA,0,-0.487528344671,6.14965986395,,
JNhqI4JtPXA,1,5.17959183673,10.5097505669,,
JNhqI4JtPXA,2,26.9800453515,35.0140589569,,
JNhqI4JtPXA,3,34.4829931973,50.189569161,,
JNhqI4JtPXA,4,53.210430839,56.8045351474,,
JNt1k3ohkbs,0,0.0,7.846,,
JNt1k3ohkbs,1,8.013,16.177,,
JNt1k3ohkbs,2,28.616,32.5,,
JNt1k3ohkbs,3,32.607,41.888,,
JNt1k3ohkbs,4,41.926,45.79,,
JNt1k3ohkbs,5,45.688,54.051,,
JNt1k3ohkbs,6,53.639,56.735,,
JOK1SSmPtFw,0,0.0,12.934,,
JOK1SSmPtFw,1,12.912,16.516,,
JOK1SSmPtFw,2,55.535,60.736,,
JOK1SSmPtFw,3,60.604,66.044,,
JOK1SSmPtFw,4,66.49,72.02,,
JOK1SSmPtFw,5,71.808,76.699,,
JOK1SSmPtFw,6,76.268,83.135,,
JOK1SSmPtFw,7,82.933,88.083,,
JOK1SSmPtFw,8,88.271,93.092,,
JOK1SSmPtFw,9,92.701,99.547,,
JOK1SSmPtFw,10,99.475,103.578,,
JOK1SSmPtFw,11,103.915,106.312,,
JOK1SSmPtFw,12,16.514,19.33,,
JOK1SSmPtFw,13,106.02,116.15,,
JOK1SSmPtFw,14,18.779,21.435,,
JOK1SSmPtFw,15,21.034,25.576,,
JOK1SSmPtFw,16,25.563,35.194,,
JOK1SSmPtFw,17,34.982,37.389,,
JOK1SSmPtFw,18,36.389,42.637,,
JOK1SSmPtFw,19,42.505,47.845,,
JOK1SSmPtFw,20,48.312,55.438,,
JP95Fby6qLE,0,7.993,17.434,,
JP95Fby6qLE,1,144.702,152.317,,
JP95Fby6qLE,2,157.194,170.436,,
JP95Fby6qLE,3,178.336,193.993,,
JP95Fby6qLE,4,199.378,213.668,,
JP95Fby6qLE,5,24.855,33.498,,
JP95Fby6qLE,6,43.193,56.954,,
JP95Fby6qLE,7,57.71,70.753,,
JP95Fby6qLE,8,71.539,81.468,,
JPT38CA3sGI,0,-0.3179138322,6.60861678005,,
JPT38CA3sGI,1,5.98775510204,13.5827664399,,
JPT38CA3sGI,2,12.5827664399,19.2,,
JPT38CA3sGI,3,18.5990929705,24.0090702948,,
JPT38CA3sGI,4,23.2485260771,26.7628117914,,
JPT38CA3sGI,5,25.8027210884,33.1682539683,,
JSlTJsUulH0,0,12.114,18.581,,
JSlTJsUulH0,1,21.842,31.732,,
JVpF99zuQhA,0,0.0,4.863,,
JVpF99zuQhA,1,6.766,14.66,,
JVpF99zuQhA,2,15.337,19.609,,
JVpF99zuQhA,3,26.471,43.315,,
JW2HHfQiGVs,0,0.0,2.737,,
JW2HHfQiGVs,1,2.107,14.441,,
JW2HHfQiGVs,2,14.219,24.907,,
JW2HHfQiGVs,3,25.314,33.438,,
JW2HHfQiGVs,4,32.657,43.445,,
JW2HHfQiGVs,5,42.634,49.591,,
JW3OfSCZlhc,0,13.4408163265,24.3283446712,,
JW3OfSCZlhc,1,27.1596371882,33.3079365079,,
JW3OfSCZlhc,2,32.3079365079,37.5682539683,,
JWG_MUy7EWQ,0,0.0,13.892,,
JWG_MUy7EWQ,1,13.82,18.621,,
JWG_MUy7EWQ,2,17.801,27.731,,
JX-mwjSw0dk,0,0.0,19.619,,
JX-mwjSw0dk,1,34.952,46.239,,
JX-mwjSw0dk,2,50.906,63.589,,
JX-mwjSw0dk,3,69.344,74.415,,
JXYot3NDQn0,0,5.279,9.602,,
JXYot3NDQn0,1,8.602,18.881,,
JXYot3NDQn0,2,56.064,69.176,,
JY-krIuEUm4,0,0.0,11.697,,
JYdfUNjyYxo,0,18.6390022676,24.0589569161,,
JYdfUNjyYxo,1,23.7473922902,40.441723356,,
JYdfUNjyYxo,2,39.441723356,52.274829932,,
JYsAacFmXEo,0,75.54,81.478,,
JYsAacFmXEo,1,130.345,150.821,,
JYsAacFmXEo,2,150.529,159.272,,
JYsAacFmXEo,3,158.531,165.378,,
JYsAacFmXEo,4,33.625,40.711,,
JYsAacFmXEo,5,49.289,59.828,,
JYsAacFmXEo,6,59.346,64.278,,
J_DtcW86D9c,0,11.824,17.264,,
J_DtcW86D9c,1,95.993,104.456,,
J_DtcW86D9c,2,16.933,24.368,,
J_DtcW86D9c,3,118.761,132.981,,
J_DtcW86D9c,4,44.221,55.019,,
Ja7phs8EbWk,0,2.725,8.744,,
Ja7phs8EbWk,1,51.125,57.772,,
Ja7phs8EbWk,2,57.83,63.37,,
Ja7phs8EbWk,3,69.483,74.035,,
Ja7phs8EbWk,4,73.734,78.316,,
Ja7phs8EbWk,5,12.742,18.043,,
Ja7phs8EbWk,6,17.043,25.506,,
Ja7phs8EbWk,7,25.444,30.604,,
Ja7phs8EbWk,8,30.332,35.852,,
Ja7phs8EbWk,9,46.007,50.908,,
JcmqmLaL_MQ,0,37.317,47.645,,
JdFaSggG58c,0,0.909,3.456,,
JdFaSggG58c,1,3.324,6.748,,
JdFaSggG58c,2,6.357,9.612,,
JdFaSggG58c,3,9.53,14.052,,
JdFaSggG58c,4,13.96,17.703,,
JdFaSggG58c,5,17.512,20.477,,
JdFaSggG58c,6,20.185,24.338,,
JdFaSggG58c,7,39.422,46.588,,
Jg2okZn6Ut8,0,23.229,34.844,,
Jh1uDYOJMwk,0,1.648,7.985,,
Jh1uDYOJMwk,1,7.654,16.257,,
Jh1uDYOJMwk,2,23.787,28.978,,
JkHxzOWOLfs,0,18.1512471655,25.753968254,,
JlmpDdm1A1Y,0,1.04897959184,4.65306122449,,
JlmpDdm1A1Y,1,3.65306122449,8.44444444444,,
JlmpDdm1A1Y,2,7.44444444444,23.0911564626,,
JlmpDdm1A1Y,3,22.0911564626,28.0099773243,,
JlmpDdm1A1Y,4,27.4589569161,35.3034013605,,
JvLMNXW7B10,0,4.292,15.798,,
JvLMNXW7B10,1,35.82,47.995,,
JvgofTcCSEc,0,6.427,10.819,,
JvgofTcCSEc,1,41.577,47.645,,
JvgofTcCSEc,2,49.559,54.669,,
JvgofTcCSEc,3,53.889,62.631,,
JvgofTcCSEc,4,70.91,77.428,,
JvgofTcCSEc,5,100.513,109.684,,
JvgofTcCSEc,6,108.684,115.691,,
JwzxqrD8tIo,0,28.816,35.842,,
JwzxqrD8tIo,1,35.271,40.821,,
JwzxqrD8tIo,2,39.821,46.827,,
JwzxqrD8tIo,3,56.084,61.264,,
JwzxqrD8tIo,4,61.242,72.03,,
Jz1oMq6l-ZM,0,0.0,23.6,,
Jz1oMq6l-ZM,1,23.727,34.894,,
Jz1oMq6l-ZM,2,123.501,127.414,,
Jz1oMq6l-ZM,3,134.057,143.378,,
Jz1oMq6l-ZM,4,34.513,50.269,,
Jz1oMq6l-ZM,5,49.948,65.994,,
Jz1oMq6l-ZM,6,67.707,83.534,,
Jz1oMq6l-ZM,7,83.053,93.99,,
Jz1oMq6l-ZM,8,94.367,116.619,,
Jz9nlw15QZo,0,0.0,9.063,,
Jz9nlw15QZo,1,8.063,22.981,,
JzydLJw6y6o,0,-0.178231292517,10.7891156463,,
JzydLJw6y6o,1,10.1682539683,15.0394557823,,
JzydLJw6y6o,2,42.1455782313,44.7718820862,,
JzydLJw6y6o,3,43.9714285714,50.379138322,,
JzydLJw6y6o,4,49.9777777778,53.0231292517,,
JzydLJw6y6o,5,52.4022675737,54.8888888889,,
JzydLJw6y6o,6,14.1990929705,19.5392290249,,
JzydLJw6y6o,7,18.5392290249,28.8879818594,,
JzydLJw6y6o,8,29.1850340136,31.2526077098,,
JzydLJw6y6o,9,30.2825396825,33.158276644,,
JzydLJw6y6o,10,32.2780045351,36.9795918367,,
JzydLJw6y6o,11,35.9795918367,39.873015873,,
JzydLJw6y6o,12,38.873015873,42.7464852608,,
K0m1tO3Ybyc,0,62.459,68.418,,
K0m1tO3Ybyc,1,89.668,96.265,,
K0m1tO3Ybyc,2,100.333,105.264,,
K0m1tO3Ybyc,3,12.942,21.275,,
K0m1tO3Ybyc,4,30.971,39.155,,
K0m1tO3Ybyc,5,49.908,61.743,,
K1VeXZxR24U,0,24.376,31.322,,
K1VeXZxR24U,1,30.622,38.766,,
K1VeXZxR24U,2,38.215,50.21,,
K1VeXZxR24U,3,71.02,84.462,,
K5cGfs3i-tk,0,0.0,6.319,,
K5cGfs3i-tk,1,117.035,124.421,,
K5cGfs3i-tk,2,123.471,139.576,,
K5cGfs3i-tk,3,139.215,146.461,,
K5cGfs3i-tk,4,146.199,158.463,,
K5cGfs3i-tk,5,177.558,186.879,,
K5cGfs3i-tk,6,43.393,53.033,,
K5cGfs3i-tk,7,53.33,68.538,,
K5cGfs3i-tk,8,76.597,85.03,,
K5cGfs3i-tk,9,101.311,108.128,,
K5cGfs3i-tk,10,107.128,118.035,,
K62NK2KYhws,0,68.526,73.098,,
K62NK2KYhws,1,84.868,92.264,,
K62NK2KYhws,2,91.873,95.995,,
K62NK2KYhws,3,102.538,108.198,,
K62NK2KYhws,4,107.766,112.668,,
K62NK2KYhws,5,15.217,23.959,,
K62NK2KYhws,6,122.862,131.325,,
K62NK2KYhws,7,131.004,145.194,,
K62NK2KYhws,8,23.478,33.498,,
K62NK2KYhws,9,33.056,43.485,,
K62NK2KYhws,10,59.905,64.856,,
K62NK2KYhws,11,64.345,69.276,,
K7FiMf-Dmwo,0,5.768,13.114,,
K7FiMf-Dmwo,1,17.182,22.233,,
K7KEtrgBkz4,0,73.644,79.214,,
K7KEtrgBkz4,1,86.086,93.162,,
K7KEtrgBkz4,2,60.753,69.206,,
K8gp7ncdUl8,0,80.399,90.528,,
K8gp7ncdUl8,1,89.987,103.738,,
K9-KyChw8RM,0,0.0,7.556,,
K9-KyChw8RM,1,77.226,84.771,,
K9-KyChw8RM,2,10.378,16.137,,
K9-KyChw8RM,3,15.656,25.765,,
K9-KyChw8RM,4,31.44,49.142,,
K9-KyChw8RM,5,52.203,58.88,,
K9-KyChw8RM,6,58.568,67.351,,
K9U2TAF9DDY,0,25.6430839002,27.6308390023,,
K9U2TAF9DDY,1,26.9700680272,33.2081632653,,
K9U2TAF9DDY,2,34.0439909297,37.5083900227,,
K9U2TAF9DDY,3,36.5083900227,39.8131519274,,
K9U2TAF9DDY,4,38.8131519274,60.0172335601,,
K9faaGel838,0,0.0,7.766,,
K9faaGel838,1,18.629,23.59,,
K9faaGel838,2,23.308,27.99,,
K9faaGel838,3,27.838,38.456,,
KB5hSnV1emg,0,0.0,5.91,,
KB5hSnV1emg,1,5.649,16.626,,
KB5hSnV1emg,2,86.116,91.915,,
KB5hSnV1emg,3,90.915,96.405,,
KB5hSnV1emg,4,16.185,25.406,,
KB5hSnV1emg,5,24.406,32.659,,
KB5hSnV1emg,6,31.979,36.531,,
KB5hSnV1emg,7,49.509,55.188,,
KB5hSnV1emg,8,54.517,63.649,,
KB5hSnV1emg,9,70.551,76.46,,
KB73TD4xQ8Y,0,36.069,50.569,,
KD0w4BrNXQg,0,0.0,8.514,,
KD0w4BrNXQg,1,46.146,51.696,,
KD0w4BrNXQg,2,52.312,58.95,,
KD0w4BrNXQg,3,17.821,22.642,,
KD0w4BrNXQg,4,31.43,37.189,,
KD0w4BrNXQg,5,38.284,45.999,,
KDjl2exStlI,0,61.362,64.737,,
KDjl2exStlI,1,74.592,80.261,,
KDjl2exStlI,2,20.455,29.916,,
KDjl2exStlI,3,28.916,36.81,,
KDjl2exStlI,4,36.738,47.326,,
KEUVzxC7T3E,0,10.757,16.436,,
KEUVzxC7T3E,1,27.359,34.854,,
KEUVzxC7T3E,2,46.017,58.171,,
KEUVzxC7T3E,3,57.89,74.095,,
KF5wgQPp2yc,0,0.0,2.478,,
KF5wgQPp2yc,1,31.759,43.315,,
KI2sU-mhM44,0,0.0,3.595,,
KI2sU-mhM44,1,95.454,101.623,,
KI2sU-mhM44,2,101.052,112.318,,
KI2sU-mhM44,3,111.628,121.956,,
KI2sU-mhM44,4,133.398,141.223,,
KI2sU-mhM44,5,143.106,157.117,,
KI2sU-mhM44,6,12.154,17.614,,
KI2sU-mhM44,7,17.252,23.839,,
KI2sU-mhM44,8,38.743,62.332,,
KJyz9fCt7Is,0,0.0,3.346,,
KJyz9fCt7Is,1,4.132,6.609,,
KJyz9fCt7Is,2,19.557,26.553,,
KJyz9fCt7Is,3,43.054,53.532,,
KLy4aBLqwCk,0,6.098,14.59,,
KLy4aBLqwCk,1,49.479,55.358,,
KLy4aBLqwCk,2,61.921,66.173,,
KLy4aBLqwCk,3,70.292,77.877,,
KLy4aBLqwCk,4,78.533,86.627,,
KLy4aBLqwCk,5,90.835,95.477,,
KLy4aBLqwCk,6,94.896,103.738,,
KLy4aBLqwCk,7,152.924,164.56,,
KLy4aBLqwCk,8,19.806,24.648,,
KPeos6f4HuQ,0,0.0,6.01,,
KPeos6f4HuQ,1,5.01,13.273,,
KPeos6f4HuQ,2,25.314,28.299,,
KPeos6f4HuQ,3,27.349,33.817,,
KPeos6f4HuQ,4,33.076,39.564,,
KPeos6f4HuQ,5,38.733,43.435,,
KPeos6f4HuQ,6,42.515,46.009,,
KQ86HmgwUns,0,124.598,135.077,,
KQ86HmgwUns,1,30.422,39.264,,
KQ86HmgwUns,2,55.665,66.063,,
KQ86HmgwUns,3,82.324,98.969,,
KQ86HmgwUns,4,98.148,117.197,,
KR4MpF0YtgE,0,0.0,6.519,,
KR4MpF0YtgE,1,5.519,12.485,,
KRje7su4I5U,0,0.8,4.723,,
KRje7su4I5U,1,4.002,10.28,,
KRje7su4I5U,2,21.802,25.256,,
KRje7su4I5U,3,24.256,30.544,,
KRje7su4I5U,4,29.544,34.994,,
KRje7su4I5U,5,35.301,44.852,,
KRje7su4I5U,6,44.44,52.604,,
KSyX-lejDcc,0,80.409,97.891,,
KSyX-lejDcc,1,18.649,25.087,,
KSyX-lejDcc,2,36.838,41.629,,
KSyX-lejDcc,3,40.629,48.204,,
KSyX-lejDcc,4,47.813,56.844,,
KSyX-lejDcc,5,55.844,66.073,,
KSyX-lejDcc,6,65.073,70.673,,
KUVGWCTT5DU,0,66.78,72.08,,
KUVGWCTT5DU,1,78.433,83.544,,
KUVGWCTT5DU,2,49.11,58.112,,
KXsjl0DKgL0,0,57.331,66.932,,
KYQTwFVBzME,0,10.039,22.592,,
KZzFCrEyKF0,0,64.585,73.806,,
KZzFCrEyKF0,1,27.838,33.358,,
KZzFCrEyKF0,2,34.852,45.959,,
KZzFCrEyKF0,3,48.222,53.871,,
K_5u2Wh_wGk,0,0.0124716553288,6.75714285714,,
K_5u2Wh_wGk,1,105.003854875,114.362585034,,
K_5u2Wh_wGk,2,114.362585034,118.732653061,,
K_5u2Wh_wGk,3,132.89047619,140.563038549,,
K_5u2Wh_wGk,4,23.9879818594,26.5321995465,,
K_5u2Wh_wGk,5,26.9512471655,34.4242630385,,
K_5u2Wh_wGk,6,34.4641723356,41.9371882086,,
K_5u2Wh_wGk,7,50.2782312925,66.3616780045,,
K_K3wpxkRc8,0,0.0,10.989,,
K_K3wpxkRc8,1,10.298,16.446,,
K_K3wpxkRc8,2,15.446,24.009,,
K_K3wpxkRc8,3,23.139,30.355,,
KanWhGY33Hk,0,70.012,74.165,,
KanWhGY33Hk,1,19.208,28.529,,
KanWhGY33Hk,2,31.39,39.534,,
Kep_mLLXsqk,0,0.0,4.942,,
Kep_mLLXsqk,1,61.661,67.77,,
Kep_mLLXsqk,2,15.127,23.211,,
Kep_mLLXsqk,3,42.654,51.447,,
KgXuILFtgJQ,0,1.737,7.167,,
KgXuILFtgJQ,1,62.41,70.543,,
KgXuILFtgJQ,2,6.866,12.715,,
KgXuILFtgJQ,3,31.849,44.752,,
KgXuILFtgJQ,4,44.39,49.282,,
KkKWFZZmmCM,0,8.173,21.026,,
KmYG8zaRmOA,0,46.386,55.378,,
KmYG8zaRmOA,1,66.311,73.127,,
Kmtib-wZ0jM,0,0.0,8.375,,
Kmtib-wZ0jM,1,8.492,16.037,,
Kmtib-wZ0jM,2,19.836,25.865,,
Kn5eKHlPD0k,0,-0.228117913832,5.10204081633,,
Kn5eKHlPD0k,1,4.43129251701,8.77369614512,,
Kn5eKHlPD0k,2,44.6598639456,49.2916099773,,
Kn5eKHlPD0k,3,7.77369614512,12.6448979592,,
Kn5eKHlPD0k,4,21.4526077098,26.3138321995,,
Kn5eKHlPD0k,5,26.1818594104,30.8535147392,,
Kn5eKHlPD0k,6,30.2326530612,35.8721088435,,
Kn99u05vlpA,0,3.354,10.969,,
Kn99u05vlpA,1,10.468,19.829,,
Kn99u05vlpA,2,21.642,29.946,,
Kn99u05vlpA,3,29.365,36.241,,
KpMCvUyQCXg,0,0.0,6.269,,
KpMCvUyQCXg,1,5.668,13.014,,
KpMCvUyQCXg,2,15.157,19.619,,
KpMCvUyQCXg,3,28.197,34.834,,
Kpe5fISxRTg,0,53.749,67.171,,
Kpe5fISxRTg,1,67.149,72.748,,
KqFarHUGjSc,0,0.0,4.922,,
KqFarHUGjSc,1,30.552,43.225,,
KrmVX-HANew,0,27.01,32.49,,
KrmVX-HANew,1,31.829,39.504,,
KrmVX-HANew,2,44.51,52.873,,
Kyz32PTyP4I,0,0.0,6.01,,
Kyz32PTyP4I,1,5.479,12.356,,
Kyz32PTyP4I,2,11.805,34.525,,
Kyz32PTyP4I,3,49.539,65.156,,
Kyz32PTyP4I,4,64.964,74.215,,
L-7oRnbi9-w,0,14.967,22.772,,
L-7oRnbi9-w,1,22.231,27.731,,
L-7oRnbi9-w,2,27.419,49.84,,
L-a4Sh6iAcw,0,64.4659863946,64.9648526077,,
L-a4Sh6iAcw,1,9.24149659864,17.9517006803,,
L-a4Sh6iAcw,2,18.2011337868,28.0287981859,,
L-a4Sh6iAcw,3,28.0387755102,31.6306122449,,
L-a4Sh6iAcw,4,35.7911564626,44.2319727891,,
L-a4Sh6iAcw,5,50.3979591837,61.4428571429,,
L0WUuWYNeCo,0,0.0,5.391,,
L0WUuWYNeCo,1,4.391,11.148,,
L0WUuWYNeCo,2,71.958,81.997,,
L0WUuWYNeCo,3,81.317,89.231,,
L0WUuWYNeCo,4,88.49,95.008,,
L0WUuWYNeCo,5,94.237,105.284,,
L0WUuWYNeCo,6,104.544,115.192,,
L0WUuWYNeCo,7,114.571,120.51,,
L0WUuWYNeCo,8,119.689,126.895,,
L0WUuWYNeCo,9,126.125,131.525,,
L0WUuWYNeCo,10,130.834,141.931,,
L0WUuWYNeCo,11,141.141,146.042,,
L0WUuWYNeCo,12,10.388,16.287,,
L0WUuWYNeCo,13,145.301,151.29,,
L0WUuWYNeCo,14,150.29,156.877,,
L0WUuWYNeCo,15,156.117,160.938,,
L0WUuWYNeCo,16,160.167,168.361,,
L0WUuWYNeCo,17,167.95,170.526,,
L0WUuWYNeCo,18,169.526,173.4,,
L0WUuWYNeCo,19,172.609,182.439,,
L0WUuWYNeCo,20,181.788,185.362,,
L0WUuWYNeCo,21,184.562,190.79,,
L0WUuWYNeCo,22,190.079,194.412,,
L0WUuWYNeCo,23,15.616,26.404,,
L0WUuWYNeCo,24,193.701,198.652,,
L0WUuWYNeCo,25,25.873,34.415,,
L0WUuWYNeCo,26,33.415,41.499,,
L0WUuWYNeCo,27,40.749,48.304,,
L0WUuWYNeCo,28,47.563,52.644,,
L0WUuWYNeCo,29,52.003,66.283,,
L0WUuWYNeCo,30,65.562,72.698,,
L1eFHRQGFeg,0,0.0,18.671,,
L1eFHRQGFeg,1,24.945,38.526,,
L1eFHRQGFeg,2,38.045,54.27,,
L1eFHRQGFeg,3,54.308,60.436,,
L1gXZVU6AE4,0,8.88231292517,17.8519274376,,
L1gXZVU6AE4,1,18.4206349206,24.8260770975,,
L2uC4_Co9uw,0,0.0,13.762,,
L382XZ6iZmM,0,0.74965986395,8.15510204082,,
L382XZ6iZmM,1,7.15510204082,12.6149659864,,
L382XZ6iZmM,2,11.7247165533,19.7487528345,,
L382XZ6iZmM,3,33.0362811791,35.7922902494,,
L382XZ6iZmM,4,34.7922902494,41.010430839,,
L382XZ6iZmM,5,40.010430839,47.8947845805,,
L3b9wwZ8vRQ,0,27.489,32.58,,
L5a2ijeWpUI,0,-0.487528344671,7.24716553288,,
L5a2ijeWpUI,1,7.19501133787,15.0793650794,,
L5a2ijeWpUI,2,14.3088435374,17.3442176871,,
L5a2ijeWpUI,3,38.8630385488,47.4258503401,,
L5a2ijeWpUI,4,47.443537415,55.1283446712,,
L6pg3DQKoH4,0,-0.487528344671,4.55328798186,,
L6pg3DQKoH4,1,4.25170068027,15.0993197279,,
L6pg3DQKoH4,2,14.8077097506,21.6344671202,,
L6pg3DQKoH4,3,21.1433106576,27.4213151927,,
L6pg3DQKoH4,4,27.0399092971,31.8811791383,,
L6pg3DQKoH4,5,31.3600907029,38.4562358277,,
L6pg3DQKoH4,6,38.1446712018,44.3528344671,,
L6pg3DQKoH4,7,45.1188208617,47.6154195011,,
L6pg3DQKoH4,8,46.8349206349,56.0263038549,,
L8VjQM9HQfs,0,0.0,10.31,,
L8VjQM9HQfs,1,10.338,23.191,,
L8VjQM9HQfs,2,23.777,31.732,,
L8VjQM9HQfs,3,30.921,39.264,,
LAj3rqJvS3s,0,22.829,35.583,,
LD3HYOwk1Bc,0,0.0,7.467,,
LD3HYOwk1Bc,1,6.467,11.727,,
LDKWr94J0wM,0,73.913,87.275,,
LDKWr94J0wM,1,99.625,108.417,,
LDKWr94J0wM,2,13.62,23.131,,
LDKWr94J0wM,3,22.48,28.888,,
LDKWr94J0wM,4,28.507,34.874,,
LDKWr94J0wM,5,34.643,40.322,,
LDKWr94J0wM,6,58.439,66.203,,
LFOwCSiGOvw,0,7.694,17.304,,
LFOwCSiGOvw,1,16.304,22.702,,
LFOwCSiGOvw,2,24.576,29.816,,
LHC7ZKJy4Zw,0,2.31609977324,5.31156462585,,
LHC7ZKJy4Zw,1,4.50113378685,9.71156462585,,
LHC7ZKJy4Zw,2,8.71156462585,13.2036281179,,
LHC7ZKJy4Zw,3,12.2036281179,19.6789115646,,
LJGL2sGvSS0,0,0.181,10.37,,
LJGL2sGvSS0,1,9.799,14.541,,
LJGL2sGvSS0,2,55.795,66.173,,
LJGL2sGvSS0,3,65.772,73.826,,
LJGL2sGvSS0,4,73.085,78.066,,
LJGL2sGvSS0,5,77.306,84.871,,
LJGL2sGvSS0,6,84.08,88.951,,
LJGL2sGvSS0,7,88.52,97.023,,
LJGL2sGvSS0,8,96.322,100.844,,
LJGL2sGvSS0,9,99.894,112.807,,
LJGL2sGvSS0,10,111.807,128.212,,
LJGL2sGvSS0,11,127.701,138.549,,
LJGL2sGvSS0,12,13.67,18.023,,
LJGL2sGvSS0,13,138.137,143.248,,
LJGL2sGvSS0,14,142.428,149.374,,
LJGL2sGvSS0,15,148.544,154.582,,
LJGL2sGvSS0,16,17.571,20.687,,
LJGL2sGvSS0,17,20.076,27.481,,
LJGL2sGvSS0,18,26.8,38.696,,
LJGL2sGvSS0,19,38.215,41.719,,
LJGL2sGvSS0,20,40.988,46.977,,
LJGL2sGvSS0,21,46.446,53.023,,
LJGL2sGvSS0,22,52.163,56.795,,
LKAEv8x9jKI,0,24.426,30.085,,
LKAEv8x9jKI,1,39.621,48.893,,
LKAEv8x9jKI,2,50.237,62.881,,
LL02UFLfQKo,0,61.023,67.929,,
LQnXVd-PR_Y,0,0.0,6.549,,
LQnXVd-PR_Y,1,6.117,18.841,,
LUKIYWa0UGA,0,16.773,19.669,,
LUKIYWa0UGA,1,19.447,22.233,,
LUKIYWa0UGA,2,21.293,23.38,,
LUKIYWa0UGA,3,40.699,45.68,,
LUKIYWa0UGA,4,44.999,46.997,,
LUKIYWa0UGA,5,46.037,52.923,,
LUKIYWa0UGA,6,51.923,56.904,,
LUf9vbe0TcQ,0,5.569,16.746,,
LUf9vbe0TcQ,1,22.829,35.114,,
LUf9vbe0TcQ,2,34.613,45.55,,
LUf9vbe0TcQ,3,62.11,78.156,,
LX2rT5C3sJs,0,19.497,29.088,,
LX2rT5C3sJs,1,29.085,46.019,,
LZl9Sj1safM,0,0.0,5.312,,
LZl9Sj1safM,1,5.549,16.167,,
LZl9Sj1safM,2,16.005,20.268,,
LZl9Sj1safM,3,31.061,45.221,,
LZl9Sj1safM,4,44.8,47.326,,
LZl9Sj1safM,5,46.925,51.556,,
L_XttWZBKss,0,31.769,38.746,,
L_XttWZBKss,1,38.145,47.166,,
LcfubBagG6Q,0,0.0,4.553,,
LcfubBagG6Q,1,3.553,9.632,,
LcfubBagG6Q,2,41.138,45.56,,
LcfubBagG6Q,3,44.56,49.79,,
LcfubBagG6Q,4,50.716,54.081,,
LcfubBagG6Q,5,53.161,57.942,,
LcfubBagG6Q,6,8.632,14.65,,
LcfubBagG6Q,7,13.65,19.569,,
LcfubBagG6Q,8,18.649,23.181,,
LcfubBagG6Q,9,22.54,31.592,,
LcfubBagG6Q,10,30.592,33.867,,
LcfubBagG6Q,11,33.026,36.69,,
LcfubBagG6Q,12,35.69,40.282,,
LcfubBagG6Q,13,39.282,42.138,,
Lh8r-5eHX6Q,0,0.0,16.676,,
LityRNuQihc,0,3.952,7.666,,
LityRNuQihc,1,41.547,58.231,,
LityRNuQihc,2,57.231,63.569,,
LityRNuQihc,3,6.666,12.755,,
LityRNuQihc,4,11.755,16.097,,
LityRNuQihc,5,18.01,22.443,,
LityRNuQihc,6,21.443,28.12,,
LpTbjgELALo,0,5.04,9.462,,
LpTbjgELALo,1,9.031,18.482,,
LpbSYaPRTqI,0,0.0124716553288,2.77619047619,,
LpbSYaPRTqI,1,3.08548752834,8.81247165533,,
LpbSYaPRTqI,2,9.05192743764,15.6070294785,,
LpbSYaPRTqI,3,16.3353741497,21.2242630385,,
LpbSYaPRTqI,4,22.3616780045,30.4532879819,,
LpbSYaPRTqI,5,30.8823129252,35.9308390023,,
LppEvM60-xo,0,64.046,68.278,,
LppEvM60-xo,1,25.394,33.956,,
LppEvM60-xo,2,45.318,55.188,,
LppEvM60-xo,3,54.767,63.759,,
LtlL-03S79Q,0,4.79,22.063,,
LtlL-03S79Q,1,23.089,30.714,,
LtlL-03S79Q,2,29.963,38.356,,
LtlL-03S79Q,3,37.666,47.226,,
LtlL-03S79Q,4,46.585,55.717,,
LtlL-03S79Q,5,58.029,68.787,,
LueQT0vY1zI,0,0.0,7.317,,
Lxs_6Tvq12E,0,15.167,21.764,,
Lxs_6Tvq12E,1,21.183,30.185,,
LyOq9mOEPuk,0,68.007,73.995,,
LyOq9mOEPuk,1,17.222,23.58,,
LyOq9mOEPuk,2,50.157,55.098,,
M2Pb2kx77ww,0,7.285,12.575,,
M2Pb2kx77ww,1,104.374,112.458,,
M2Pb2kx77ww,2,132.939,138.349,,
M2Pb2kx77ww,3,19.856,24.987,,
M2Pb2kx77ww,4,38.514,45.79,,
M6HKUzJNlsE,0,0.0,8.434,,
M6HKUzJNlsE,1,7.434,29.207,,
M6HKUzJNlsE,2,28.207,42.417,,
M6HKUzJNlsE,3,42.375,50.559,,
M6HKUzJNlsE,4,50.088,61.614,,
M6HKUzJNlsE,5,60.753,66.562,,
MBDZbACupsc,0,18.0303854875,20.2675736961,,
MBDZbACupsc,1,19.4272108844,22.3927437642,,
MBDZbACupsc,2,21.6321995465,24.0090702948,,
MBDZbACupsc,3,25.7029478458,36.2712018141,,
MBDZbACupsc,4,-0.487528344671,1.13106575964,,
MBDZbACupsc,5,0.131065759637,4.46349206349,,
MBDZbACupsc,6,3.46349206349,9.03310657596,,
MBDZbACupsc,7,8.03310657596,12.4952380952,,
MBDZbACupsc,8,13.420861678,19.0303854875,,
MCRCXXPqFOI,0,78.453,87.974,,
MCRCXXPqFOI,1,100.054,103.917,,
MCRCXXPqFOI,2,103.985,113.236,,
MCRCXXPqFOI,3,112.585,123.982,,
MCRCXXPqFOI,4,13.291,19.26,,
MCRCXXPqFOI,5,18.26,24.767,,
MCRCXXPqFOI,6,29.365,38.825,,
MCRCXXPqFOI,7,38.165,42.677,,
MCRCXXPqFOI,8,54.078,63.42,,
MCRCXXPqFOI,9,63.697,78.934,,
MCsvw5-7lVE,0,10.937,21.395,,
MCsvw5-7lVE,1,20.395,27.212,,
MCsvw5-7lVE,2,26.511,36.351,,
MCsvw5-7lVE,3,35.531,42.916,,
MD6Tq_4VlGc,0,20.265,29.197,,
MD6Tq_4VlGc,1,59.536,70.563,,
MFXQH7ZlBJI,0,121.246,126.057,,
MFrwi-RibUk,0,0.460317460317,4.45351473923,,
MFrwi-RibUk,1,3.87256235828,12.3954648526,,
MFrwi-RibUk,2,88.9492063492,93.1419501134,,
MFrwi-RibUk,3,92.6907029478,97.3922902494,,
MFrwi-RibUk,4,96.412244898,112.877097506,,
MFrwi-RibUk,5,111.877097506,115.46122449,,
MFrwi-RibUk,6,115.029931973,140.424489796,,
MFrwi-RibUk,7,11.3954648526,23.0213151927,,
MFrwi-RibUk,8,22.3405895692,59.6780045351,,
MFrwi-RibUk,9,58.6780045351,61.0249433107,,
MFrwi-RibUk,10,60.0249433107,66.8217687075,,
MFrwi-RibUk,11,65.8217687075,80.9297052154,,
MFrwi-RibUk,12,80.6380952381,89.5501133787,,
MHVrwCEWLPI,0,1.06893424036,10.6693877551,,
MHVrwCEWLPI,1,31.2303854875,36.2213151927,,
MHVrwCEWLPI,2,35.2213151927,42.716553288,,
MHVrwCEWLPI,3,42.1156462585,45.5301587302,,
MHyW857u_X8,0,61.751,69.526,,
MHyW857u_X8,1,82.673,86.537,,
MHyW857u_X8,2,85.776,102.371,,
MHyW857u_X8,3,9.141,19.25,,
MHyW857u_X8,4,111.009,120.909,,
MHyW857u_X8,5,123.062,127.244,,
MHyW857u_X8,6,30.672,35.543,,
MHyW857u_X8,7,38.953,42.966,,
MIqL9OXszRw,0,0.0,3.655,,
MIqL9OXszRw,1,2.715,9.512,,
MIqL9OXszRw,2,9.141,14.241,,
MIqL9OXszRw,3,13.251,23.221,,
MIqL9OXszRw,4,22.221,30.554,,
MIqL9OXszRw,5,29.554,40.232,,
MIuJDn_0yVU,0,70.91,78.745,,
MIuJDn_0yVU,1,77.795,91.446,,
MIuJDn_0yVU,2,12.413,21.784,,
MIuJDn_0yVU,3,21.133,24.239,,
MIuJDn_0yVU,4,23.488,35.164,,
MIuJDn_0yVU,5,34.952,49.431,,
MIuJDn_0yVU,6,50.127,59.139,,
MIuJDn_0yVU,7,58.389,66.712,,
MIuJDn_0yVU,8,66.041,71.322,,
MJnc4GUhUuY,0,-0.487528344671,7.19727891156,,
MJnc4GUhUuY,1,26.9301587302,36.041723356,,
MJnc4GUhUuY,2,8.88117913832,13.0040816327,,
MJnc4GUhUuY,3,12.0040816327,16.4662131519,,
MJnc4GUhUuY,4,15.4662131519,18.6712018141,,
MJnc4GUhUuY,5,25.3138321995,27.9301587302,,
MKShLlJ7X7g,0,5.05,12.505,,
MKShLlJ7X7g,1,11.994,16.077,,
MKShLlJ7X7g,2,21.393,27.162,,
MKShLlJ7X7g,3,31.57,42.367,,
MLegxOZBGUc,0,55.296,61.783,,
MM2qPdnRmQ8,0,0.0,8.245,,
MM2qPdnRmQ8,1,47.942,55.458,,
MMaEsDdBsvM,0,0.0,16.446,,
MMpo2bDk-DU,0,52.432,57.653,,
MMpo2bDk-DU,1,73.135,77.966,,
MMpo2bDk-DU,2,82.743,89.44,,
MMpo2bDk-DU,3,88.909,101.273,,
MMpo2bDk-DU,4,105.033,113.745,,
MMpo2bDk-DU,5,21.572,28.798,,
MMpo2bDk-DU,6,31.49,37.748,,
MMpo2bDk-DU,7,37.726,46.648,,
MNLG4-diuYM,0,0.0,3.546,,
MNLG4-diuYM,1,17.971,21.694,,
MNLG4-diuYM,2,21.612,28.589,,
MNLG4-diuYM,3,28.028,31.432,,
MNLG4-diuYM,4,30.482,38.436,,
MNLG4-diuYM,5,44.371,49.99,,
MNLG4-diuYM,6,49.249,54.709,,
MNXBOeiPhec,0,0.0,9.342,,
MNXBOeiPhec,1,8.582,18.522,,
MNXBOeiPhec,2,17.522,28.399,,
MNXBOeiPhec,3,49.569,69.137,,
MNXBOeiPhec,4,78.463,87.166,,
MNXBOeiPhec,5,86.385,101.044,,
MOfEl_1dh-g,0,0.0,14.67,,
MOfEl_1dh-g,1,13.67,26.254,,
MOfEl_1dh-g,2,25.633,34.505,,
MOfEl_1dh-g,3,49.748,57.054,,
MOfEl_1dh-g,4,56.054,64.327,,
MOfEl_1dh-g,5,83.162,87.844,,
MPRqaQqrd9Y,0,77.455,89.001,,
MPRqaQqrd9Y,1,27.698,35.742,,
MPRqaQqrd9Y,2,42.714,53.263,,
MRU65o1odI4,0,0.0,6.399,,
MRU65o1odI4,1,5.908,12.435,,
MRU65o1odI4,2,12.114,17.294,,
MRU65o1odI4,3,17.142,25.645,,
MRU65o1odI4,4,25.304,35.742,,
MSHBEntSDjU,0,64.944,70.503,,
MSmTFZ_-THM,0,0.0,9.073,,
MSmTFZ_-THM,1,25.224,43.355,,
MSmTFZ_-THM,2,42.814,57.942,,
MSmTFZ_-THM,3,57.571,70.653,,
MSmTFZ_-THM,4,69.653,78.535,,
MTU_thei3-c,0,107.507,112.558,,
MTU_thei3-c,1,16.524,21.056,,
MTU_thei3-c,2,33.795,40.292,,
MWCNzYUCys0,0,0.0,7.307,,
MWCNzYUCys0,1,8.652,20.377,,
MWCNzYUCys0,2,91.364,102.58,,
MYEyQUpMe3k,0,0.160997732426,12.7446712018,,
MYEyQUpMe3k,1,13.9696145125,18.2820861678,,
MYEyQUpMe3k,2,17.6512471655,23.1510204082,,
MYEyQUpMe3k,3,22.1510204082,25.9746031746,,
MYEyQUpMe3k,4,24.9746031746,34.9442176871,,
MYEyQUpMe3k,5,33.9442176871,37.6480725624,,
MYEyQUpMe3k,6,36.7278911565,46.5977324263,,
MYEyQUpMe3k,7,45.5977324263,52.9532879819,,
MZUr1DfYNNw,0,0.0,6.289,,
MZUr1DfYNNw,1,5.948,13.882,,
MZUr1DfYNNw,2,13.461,36.321,,
MZoLQD83R-4,0,90.785,98.061,,
MZoLQD83R-4,1,36.289,51.686,,
MZoLQD83R-4,2,69.054,81.199,,
MbpPBLUjpV4,0,0.0,5.621,,
MbpPBLUjpV4,1,57.491,78.196,,
MbpPBLUjpV4,2,79.87,87.325,,
MbpPBLUjpV4,3,92.79,104.935,,
MbpPBLUjpV4,4,104.234,112.428,,
MbpPBLUjpV4,5,115.09,132.922,,
MbpPBLUjpV4,6,7.185,11.847,,
MbpPBLUjpV4,7,11.425,23.969,,
MbpPBLUjpV4,8,23.628,33.338,,
MbpPBLUjpV4,9,32.877,41.31,,
MbpPBLUjpV4,10,40.31,44.792,,
MbpPBLUjpV4,11,52.851,58.291,,
McnbZjgCPLw,0,108.545,111.919,,
McnbZjgCPLw,1,118.971,126.706,,
McnbZjgCPLw,2,29.325,35.603,,
McnbZjgCPLw,3,52.512,62.99,,
MhojeOmmjC8,0,6.517,19.928,,
MhojeOmmjC8,1,40.41,52.395,,
MjaaudUc5-4,0,1.857,5.511,,
MjaaudUc5-4,1,5.15,12.056,,
MjaaudUc5-4,2,12.303,20.128,,
MjaaudUc5-4,3,21.742,29.177,,
MjaaudUc5-4,4,29.125,41.26,,
MjaaudUc5-4,5,41.038,48.942,,
MjaaudUc5-4,6,49.579,53.332,,
MmJD4KBT0nk,0,11.675,21.176,,
MmJD4KBT0nk,1,20.445,30.634,,
MmJD4KBT0nk,2,31.41,44.383,,
MmJD4KBT0nk,3,44.38,50.359,,
MmJD4KBT0nk,4,49.938,54.989,,
MnFRVJtHAeo,0,0.0,6.559,,
MnFRVJtHAeo,1,5.908,11.767,,
MnFRVJtHAeo,2,11.156,19.35,,
MnFRVJtHAeo,3,33.066,42.916,,
MoQmPA7Q07Q,0,0.0,7.247,,
MoQmPA7Q07Q,1,6.427,16.466,,
MoQmPA7Q07Q,2,15.736,27.222,,
MoQmPA7Q07Q,3,27.04,38.676,,
MoQmPA7Q07Q,4,38.025,45.071,,
MoQmPA7Q07Q,5,44.41,47.765,,
MoQmPA7Q07Q,6,47.384,57.393,,
MoQmPA7Q07Q,7,56.762,78.366,,
MoQmPA7Q07Q,8,78.174,100.395,,
MpuWcGn2Lcg,0,0.0,3.775,,
MpuWcGn2Lcg,1,14.439,21.944,,
MpuWcGn2Lcg,2,21.473,30.105,,
MpuWcGn2Lcg,3,46.945,51.397,,
MpuWcGn2Lcg,4,50.826,55.966,,
MroQfGehC84,0,-0.487528344671,2.74739229025,,
MroQfGehC84,1,1.74739229025,12.2857142857,,
MroQfGehC84,2,75.0607709751,80.4507936508,,
MroQfGehC84,3,79.989569161,87.135600907,,
MroQfGehC84,4,11.8843537415,25.4557823129,,
MroQfGehC84,5,24.5455782313,27.3015873016,,
MroQfGehC84,6,26.3015873016,30.4743764172,,
MroQfGehC84,7,29.6040816327,47.7750566893,,
MroQfGehC84,8,47.8426303855,59.7278911565,,
MroQfGehC84,9,58.9573696145,71.1718820862,,
MroQfGehC84,10,70.7306122449,74.9034013605,,
MsjnLoTKAXo,0,-0.487528344671,2.02902494331,,
MsjnLoTKAXo,1,13.1714285714,18.9106575964,,
MsjnLoTKAXo,2,17.9106575964,22.0934240363,,
MsjnLoTKAXo,3,35.0816326531,40.7410430839,,
MsjnLoTKAXo,4,42.0657596372,47.9047619048,,
MsjnLoTKAXo,5,46.9047619048,53.980952381,,
MtIklGnIMGo,0,51.345,67.81,,
MvEw24PU2Ac,0,87.502,91.825,,
MvEw24PU2Ac,1,33.176,40.242,,
MvEw24PU2Ac,2,51.774,60.426,,
MvFFYObY9A8,0,4.312,16.426,,
MvFFYObY9A8,1,15.476,41.669,,
Mw4EZYZAd9c,0,10.996,19.769,,
Mw4EZYZAd9c,1,22.68,33.098,,
Mw4EZYZAd9c,2,32.248,37.648,,
Mw4EZYZAd9c,3,36.917,46.638,,
MyDLelMxt-A,0,124.608,137.9,,
MyDLelMxt-A,1,70.85,83.474,,
MyfRrTjglm8,0,-0.487528344671,5.53106575964,,
MyfRrTjglm8,1,4.77052154195,11.916553288,,
MyfRrTjglm8,2,11.4154195011,16.8054421769,,
MyfRrTjglm8,3,15.925170068,21.4149659864,,
MyfRrTjglm8,4,21.8716553288,26.6630385488,,
MyfRrTjglm8,5,25.6630385488,33.2480725624,,
MyfRrTjglm8,6,32.2480725624,42.0580498866,,
N-NnCI6U52c,0,25.673,42.677,,
N-NnCI6U52c,1,60.384,70.214,,
N0GhVkCwrqw,0,110.859,123.164,,
N0GhVkCwrqw,1,10.198,21.185,,
N0GhVkCwrqw,2,88.101,93.521,,
N0GhVkCwrqw,3,92.751,99.338,,
N0Y7x_fJ0Nw,0,3.254,15.947,,
N0Y7x_fJ0Nw,1,15.317,23.77,,
N0Y7x_fJ0Nw,2,33.186,38.995,,
N0Y7x_fJ0Nw,3,38.574,45.281,,
N0Y7x_fJ0Nw,4,47.374,53.203,,
N0Y7x_fJ0Nw,5,52.632,57.064,,
N0d2JL7JC1s,0,0.0124716553288,26.5920634921,,
N0pKIn6VhOw,0,0.0,3.117,,
N0pKIn6VhOw,1,2.336,10.739,,
N0pKIn6VhOw,2,9.739,14.351,,
N188QSyfmeQ,0,0.0,5.651,,
N188QSyfmeQ,1,4.651,11.228,,
N188QSyfmeQ,2,10.448,18.382,,
N188QSyfmeQ,3,17.99,21.146,,
N188QSyfmeQ,4,31.171,37.578,,
N188QSyfmeQ,5,36.708,48.164,,
N1X63d_jgmw,0,28.786,41.14,,
N2nCB34Am-E,0,61.532,69.995,,
N2nCB34Am-E,1,44.071,53.153,,
N3QuD26DuCI,0,0.0,4.693,,
N3QuD26DuCI,1,3.693,11.687,,
N3QuD26DuCI,2,11.226,13.952,,
N3QuD26DuCI,3,12.952,15.069,,
N3QuD26DuCI,4,14.508,19.23,,
N3QuD26DuCI,5,18.23,21.076,,
N3vSaV8Ztrg,0,0.0,19.769,,
N3vSaV8Ztrg,1,97.889,107.22,,
N4WOBzpZtWM,0,0.0,5.481,,
N4WOBzpZtWM,1,4.481,18.482,,
N4WOBzpZtWM,2,17.781,28.958,,
N4WOBzpZtWM,3,30.372,37.229,,
N5xfBtD6rLY,0,0.220861678005,3.5156462585,,
N5xfBtD6rLY,1,2.5156462585,5.620861678,,
N5xfBtD6rLY,2,4.620861678,14.0616780045,,
N5xfBtD6rLY,3,25.6231292517,40.5414965986,,
N5xfBtD6rLY,4,41.9160997732,46.2984126984,,
N5xfBtD6rLY,5,45.9070294785,52.3945578231,,
N7IerkWUClI,0,10.687,17.594,,
N7IerkWUClI,1,36.249,59.139,,
N7tS7A0WWpM,0,0.51,6.698,,
N7tS7A0WWpM,1,6.048,11.857,,
N7tS7A0WWpM,2,11.395,15.379,,
N7tS7A0WWpM,3,14.379,19.958,,
N7tS7A0WWpM,4,19.427,24.398,,
N7tS7A0WWpM,5,23.398,28.349,,
N7tS7A0WWpM,6,27.599,31.253,,
N7tS7A0WWpM,7,31.001,36.59,,
N7tS7A0WWpM,8,35.64,39.723,,
NCJTV5KaJJc,0,0.0,5.312,,
NCJTV5KaJJc,1,6.187,12.605,,
NCJTV5KaJJc,2,16.125,18.023,,
NCJTV5KaJJc,3,19.407,25.965,,
NCJTV5KaJJc,4,25.024,38.686,,
NCJTV5KaJJc,5,38.853,44.373,,
NCJTV5KaJJc,6,44.7,47.166,,
NCJTV5KaJJc,7,47.084,50.539,,
NDMAVMZyISM,0,0.0,1.53,,
NDMAVMZyISM,1,0.53,3.605,,
NDMAVMZyISM,2,3.134,11.019,,
NDMAVMZyISM,3,10.019,23.47,,
NDMAVMZyISM,4,37.376,44.951,,
NG7QLq4XlWo,0,0.0,14.062,,
NG7QLq4XlWo,1,13.78,20.906,,
NG7QLq4XlWo,2,112.176,116.19,,
NG7QLq4XlWo,3,115.509,130.547,,
NG7QLq4XlWo,4,129.547,133.46,,
NG7QLq4XlWo,5,132.77,135.925,,
NG7QLq4XlWo,6,134.925,155.61,,
NG7QLq4XlWo,7,154.859,172.911,,
NG7QLq4XlWo,8,20.116,27.661,,
NG7QLq4XlWo,9,26.94,41.589,,
NG7QLq4XlWo,10,41.138,52.844,,
NG7QLq4XlWo,11,51.844,57.174,,
NG7QLq4XlWo,12,56.174,69.675,,
NG7QLq4XlWo,13,69.463,74.315,,
NG7QLq4XlWo,14,74.163,107.03,,
NG7QLq4XlWo,15,106.03,113.176,,
NIpuKcoJhGM,0,0.0,5.312,,
NIpuKcoJhGM,1,20.036,36.95,,
NIpuKcoJhGM,2,36.588,55.478,,
NKindd5Xn3s,0,0.0,9.512,,
NKindd5Xn3s,1,8.512,40.581,,
NKindd5Xn3s,2,46.097,58.84,,
NKindd5Xn3s,3,58.209,89.041,,
NKindd5Xn3s,4,99.086,112.977,,
NKindd5Xn3s,5,111.977,116.988,,
NOGhjdK-rDI,0,0.0,3.995,,
NOl0v54DaXo,0,0.0,6.289,,
NOl0v54DaXo,1,5.788,11.657,,
NOl0v54DaXo,2,37.536,39.604,,
NOl0v54DaXo,3,38.803,42.317,,
NOl0v54DaXo,4,42.016,50.678,,
NOl0v54DaXo,5,11.286,14.68,,
NOl0v54DaXo,6,13.68,16.267,,
NOl0v54DaXo,7,15.376,17.733,,
NOl0v54DaXo,8,26.012,28.309,,
NOl0v54DaXo,9,27.309,33.088,,
NOl0v54DaXo,10,32.527,36.96,,
NOl0v54DaXo,11,36.159,38.476,,
NSihgq4R8Z0,0,57.221,63.679,,
NSihgq4R8Z0,1,70.162,76.629,,
NSihgq4R8Z0,2,15.097,18.671,,
NVLPURuAVLU,0,12.004,22.882,,
NVLPURuAVLU,1,32.687,41.719,,
NVLPURuAVLU,2,59.307,69.057,,
NVlxq3jxlAk,0,27.6585034014,33.6272108844,,
NVlxq3jxlAk,1,32.9863945578,35.2036281179,,
NVlxq3jxlAk,2,46.5056689342,48.862585034,,
NVlxq3jxlAk,3,48.3215419501,54.0308390023,,
NVlxq3jxlAk,4,2.49569160998,5.88027210884,,
NVlxq3jxlAk,5,7.3746031746,14.1714285714,,
NVlxq3jxlAk,6,13.1714285714,15.3487528345,,
NVlxq3jxlAk,7,14.7179138322,20.4471655329,,
NVlxq3jxlAk,8,19.8462585034,22.3528344671,,
NVlxq3jxlAk,9,21.801814059,28.3292517007,,
NYuY6HVjMZQ,0,12.802,30.704,,
NYuY6HVjMZQ,1,80.439,92.454,,
NYuY6HVjMZQ,2,91.703,97.732,,
NZtIGzAzJZM,0,0.0,11.687,,
NZtIGzAzJZM,1,11.286,22.273,,
NZtIGzAzJZM,2,21.772,28.808,,
N_dNuV-4iAo,0,0.0,5.93,,
N_dNuV-4iAo,1,29.105,38.855,,
N_dNuV-4iAo,2,38.244,56.755,,
Na6170hd8po,0,2.815,11.328,,
Na6170hd8po,1,78.254,88.433,,
Na6170hd8po,2,19.906,30.035,,
Na6170hd8po,3,44.271,52.325,,
Na6170hd8po,4,51.325,63.37,,
NaWmaHwjElo,0,115.449,125.149,,
NaWmaHwjElo,1,36.628,43.634,,
Nd55vByy2F8,0,53.789,58.96,,
Nd55vByy2F8,1,16.534,22.812,,
Nd55vByy2F8,2,27.1,34.595,,
Nd55vByy2F8,3,39.571,44.672,,
NgENhhXf0LE,0,4.721,14.86,,
NiAjz4ciA60,0,0.58,7.487,,
NiAjz4ciA60,1,7.035,15.439,,
NiAjz4ciA60,2,14.439,25.017,,
NiAjz4ciA60,3,33.326,39.444,,
NkbRuTJaj_M,0,58.119,68.917,,
NkbRuTJaj_M,1,80.937,89.61,,
NlrCjfHELLE,0,0.0,4.324,,
Nmd50Uzyybs,0,0.0,13.633,,
Nmd50Uzyybs,1,63.766,80.69,,
NoOt0oU843M,0,13.411,19.908,,
NoOt0oU843M,1,19.028,27.611,,
NoOt0oU843M,2,31.5,36.411,,
NoOt0oU843M,3,35.411,42.826,,
NoOt0oU843M,4,57.381,72.289,,
NoZsdSGnNpI,0,8.263,17.424,,
NoZsdSGnNpI,1,20.605,32.709,,
NoZsdSGnNpI,2,45.937,55.019,,
NocexkPXja8,0,2.286,11.348,,
NocexkPXja8,1,110.82,118.784,,
NocexkPXja8,2,121.815,133.82,,
NocexkPXja8,3,133.298,146.171,,
NocexkPXja8,4,30.562,41.908,,
NocexkPXja8,5,40.908,57.722,,
NocexkPXja8,6,57.171,68.099,,
NocexkPXja8,7,67.648,87.026,,
Nrurc5sMUOE,0,13.75,20.327,,
Nrurc5sMUOE,1,37.456,51.876,,
Nrurc5sMUOE,2,51.454,62.551,,
Nrurc5sMUOE,3,62.958,73.207,,
Nrurc5sMUOE,4,72.866,78.126,,
Nrurc5sMUOE,5,77.944,92.174,,
Ns_h5IVcZ9k,0,0.0,7.497,,
Ns_h5IVcZ9k,1,7.464,19.29,,
Ns_h5IVcZ9k,2,20.016,29.247,,
Ns_h5IVcZ9k,3,29.444,42.587,,
Ns_h5IVcZ9k,4,42.615,49.381,,
Ns_h5IVcZ9k,5,48.381,56.735,,
Ns_h5IVcZ9k,6,58.139,78.376,,
NuRvTWhELqs,0,0.0,15.638,,
NuRvTWhELqs,1,14.638,30.265,,
NuRvTWhELqs,2,95.105,129.13,,
NuRvTWhELqs,3,128.669,135.955,,
Nzh2KkaGwrE,0,61.132,66.562,,
Nzh2KkaGwrE,1,69.414,83.534,,
Nzh2KkaGwrE,2,23.797,35.104,,
NzpymNJaFjo,0,5.848,18.621,,
NzpymNJaFjo,1,17.761,42.756,,
NzvNW7vP-Co,0,0.0,3.955,,
NzvNW7vP-Co,1,11.356,22.672,,
NzvNW7vP-Co,2,22.101,26.044,,
NzvNW7vP-Co,3,25.863,44.004,,
NzvNW7vP-Co,4,48.79,64.836,,
O-b3DQg0QmA,0,0.0,3.885,,
O-b3DQg0QmA,1,2.885,6.13,,
O-b3DQg0QmA,2,5.449,14.072,,
O0Nn-5UkfoA,0,5.329,11.956,,
O0Nn-5UkfoA,1,10.956,20.497,,
O2CEvvYWWbU,0,1.169,4.972,,
O2CEvvYWWbU,1,42.535,53.183,,
O2CEvvYWWbU,2,7.614,13.513,,
O2CEvvYWWbU,3,12.513,17.364,,
O2CEvvYWWbU,4,16.604,21.096,,
O2CEvvYWWbU,5,20.605,23.361,,
O2CEvvYWWbU,6,22.361,30.315,,
O2CEvvYWWbU,7,30.243,39.574,,
O2CEvvYWWbU,8,38.574,43.415,,
O2ShYliS3CU,0,15.975,28.359,,
O2ShYliS3CU,1,67.448,76.111,,
O3whFU2lAAk,0,4.222,25.965,,
O3whFU2lAAk,1,131.642,142.57,,
O3whFU2lAAk,2,25.424,40.561,,
O3whFU2lAAk,3,70.661,77.298,,
O3whFU2lAAk,4,110.67,120.091,,
O4UkHVJlIs8,0,206.841,211.822,,
O4UkHVJlIs8,1,29.235,37.718,,
O4UkHVJlIs8,2,37.107,54.709,,
O8IJh_L0EfM,0,-0.487528344671,6.32925170068,,
O8IJh_L0EfM,1,5.32925170068,10.4498866213,,
O8IJh_L0EfM,2,9.44988662132,13.9718820862,,
O8IJh_L0EfM,3,12.9718820862,19.7487528345,,
O8IJh_L0EfM,4,18.8784580499,22.801814059,,
O8IJh_L0EfM,5,21.801814059,26.8426303855,,
O8IJh_L0EfM,6,25.8426303855,33.9664399093,,
OAV6KKf60bQ,0,0.0,3.326,,
OAV6KKf60bQ,1,44.979,48.064,,
OAV6KKf60bQ,2,47.354,49.96,,
OAV6KKf60bQ,3,49.319,54.629,,
OAV6KKf60bQ,4,4.192,12.266,,
OAV6KKf60bQ,5,12.014,18.99,,
OAV6KKf60bQ,6,18.08,23.251,,
OAV6KKf60bQ,7,22.58,27.431,,
OAV6KKf60bQ,8,27.768,31.442,,
OAV6KKf60bQ,9,32.059,36.77,,
OAV6KKf60bQ,10,35.77,40.073,,
OAV6KKf60bQ,11,39.073,45.54,,
OBaMn1-x7jQ,0,19.5469387755,32.5396825397,,
OBaMn1-x7jQ,1,35.0716553288,44.99138322,,
OBaMn1-x7jQ,2,44.1111111111,50.8380952381,,
OBaMn1-x7jQ,3,50.5265306122,54.1605442177,,
OBaMn1-x7jQ,4,53.1605442177,56.0263038549,,
OEMSGahoCmM,0,54.956,59.299,,
OEOkmrKvTUo,0,0.0,8.794,,
OEOkmrKvTUo,1,8.312,12.715,,
OEOkmrKvTUo,2,31.889,56.286,,
OEOkmrKvTUo,3,69.134,82.047,,
OEesmAnTpeA,0,0.0,5.631,,
OEesmAnTpeA,1,4.97,11.468,,
OEesmAnTpeA,2,78.683,83.963,,
OEesmAnTpeA,3,71.259,79.263,,
OFBc3z99bIc,0,0.0,5.8,,
OFBc3z99bIc,1,4.8,9.612,,
OFBc3z99bIc,2,52.552,62.432,,
OFBc3z99bIc,3,68.985,77.268,,
OFBc3z99bIc,4,79.112,83.554,,
OFBc3z99bIc,5,83.212,92.473,,
OFBc3z99bIc,6,95.554,101.204,,
OFBc3z99bIc,7,100.204,107.839,,
OFBc3z99bIc,8,107.846,115.332,,
OFBc3z99bIc,9,114.332,124.91,,
OFBc3z99bIc,10,124.189,128.502,,
OFBc3z99bIc,11,132.58,140.135,,
OFBc3z99bIc,12,139.564,166.146,,
OFBc3z99bIc,13,29.794,35.742,,
OFia3dWgaoI,0,0.0,2.249,,
OFia3dWgaoI,1,1.249,3.955,,
OFia3dWgaoI,2,17.222,24.229,,
OFia3dWgaoI,3,23.229,34.535,,
OFia3dWgaoI,4,33.765,37.808,,
OFia3dWgaoI,5,36.808,40.132,,
OFia3dWgaoI,6,50.726,55.128,,
OGXUtVG0Y9w,0,0.0,10.031,,
OGXUtVG0Y9w,1,9.4,27.531,,
OHWyYVux-yw,0,101.61,108.677,,
OHWyYVux-yw,1,111.518,116.02,,
OHWyYVux-yw,2,117.594,123.862,,
OHWyYVux-yw,3,131.493,139.636,,
OHWyYVux-yw,4,138.766,146.261,,
OHWyYVux-yw,5,145.261,150.551,,
OHWyYVux-yw,6,19.956,35.523,,
OHWyYVux-yw,7,34.872,45.73,,
OHWyYVux-yw,8,44.73,52.913,,
OHWyYVux-yw,9,74.163,86.168,,
OHWyYVux-yw,10,85.906,94.569,,
OHWyYVux-yw,11,93.998,99.338,,
OIJr0voCvVQ,0,36.219,42.008,,
OJwO6g01qO8,0,52.053,56.326,,
OJwO6g01qO8,1,16.155,27.87,,
OKJPFisBoPY,0,0.0,10.46,,
OKJPFisBoPY,1,9.819,18.292,,
OKSx1zxHGpQ,0,0.0,21.684,,
OKSx1zxHGpQ,1,20.964,27.98,,
OKSx1zxHGpQ,2,67.338,80.391,,
OKSx1zxHGpQ,3,79.461,84.551,,
OKSx1zxHGpQ,4,84.05,90.318,,
OKSx1zxHGpQ,5,89.318,97.712,,
OKSx1zxHGpQ,6,97.41,104.536,,
OKSx1zxHGpQ,7,103.536,114.733,,
OKSx1zxHGpQ,8,114.391,118.415,,
OKSx1zxHGpQ,9,117.704,138.399,,
OKSx1zxHGpQ,10,137.559,140.824,,
OKSx1zxHGpQ,11,139.824,142.071,,
OKSx1zxHGpQ,12,26.98,30.424,,
OKSx1zxHGpQ,13,141.3,145.663,,
OKSx1zxHGpQ,14,145.022,150.162,,
OKSx1zxHGpQ,15,149.302,155.351,,
OKSx1zxHGpQ,16,154.56,172.961,,
OKSx1zxHGpQ,17,172.09,181.022,,
OKSx1zxHGpQ,18,180.282,188.405,,
OKSx1zxHGpQ,19,187.745,192.905,,
OKSx1zxHGpQ,20,191.905,202.204,,
OKSx1zxHGpQ,21,29.674,38.785,,
OKSx1zxHGpQ,22,38.155,43.555,,
OKSx1zxHGpQ,23,42.555,44.832,,
OKSx1zxHGpQ,24,44.191,48.384,,
OKSx1zxHGpQ,25,47.384,56.026,,
OKSx1zxHGpQ,26,55.415,63.799,,
OKSx1zxHGpQ,27,63.008,68.169,,
OLP0nCKwU6k,0,5.369,13.164,,
OLP0nCKwU6k,1,51.045,63.908,,
OORklkFql3k,0,6.746,15.409,,
OORklkFql3k,1,98.527,108.637,,
OORklkFql3k,2,108.425,119.801,,
OORklkFql3k,3,160.866,169.658,,
OORklkFql3k,4,170.115,178.598,,
OORklkFql3k,5,220.8,234.032,,
OORklkFql3k,6,15.746,25.755,,
OORklkFql3k,7,26.541,31.572,,
OORklkFql3k,8,31.719,40.551,,
OORklkFql3k,9,53.4,62.242,,
OORklkFql3k,10,62.609,68.797,,
OORklkFql3k,11,69.683,94.898,,
OOh1_ffKOKk,0,0.0,3.745,,
OOh1_ffKOKk,1,7.504,12.834,,
OOh1_ffKOKk,2,12.004,25.146,,
OOh1_ffKOKk,3,24.146,30.454,,
OOh1_ffKOKk,4,54.029,65.994,,
OPXmk49KyiU,0,0.0,27.451,,
OPXmk49KyiU,1,27.06,41.509,,
OSyKmOye5Uo,0,3.214,12.286,,
OSyKmOye5Uo,1,11.376,23.141,,
OSyKmOye5Uo,2,35.421,53.043,,
OUjzDchhkIA,0,0.0,6.489,,
OUjzDchhkIA,1,5.968,10.909,,
OUjzDchhkIA,2,71.439,80.411,,
OUjzDchhkIA,3,79.75,85.569,,
OUjzDchhkIA,4,38.185,43.016,,
OUjzDchhkIA,5,51.225,61.185,,
OWWHjP3pX9o,0,0.0,3.087,,
OWWHjP3pX9o,1,2.087,7.477,,
OWWHjP3pX9o,2,6.696,14.63,,
OWWHjP3pX9o,3,13.63,17.324,,
OWWHjP3pX9o,4,16.324,21.644,,
OWWHjP3pX9o,5,20.644,24.179,,
OWWHjP3pX9o,6,23.219,29.686,,
OWWHjP3pX9o,7,28.686,38.606,,
OWWHjP3pX9o,8,37.606,40.99,,
OWWHjP3pX9o,9,40.22,44.054,,
OXsTIPdytiw,0,0.0,9.193,,
OXsTIPdytiw,1,42.944,47.386,,
OXsTIPdytiw,2,50.277,62.781,,
OXsTIPdytiw,3,61.781,68.658,,
OXsTIPdytiw,4,10.807,15.189,,
OXsTIPdytiw,5,17.402,26.424,,
OXsTIPdytiw,6,30.662,35.234,,
O_fTDhCtAhw,0,8.722,14.261,,
O_fTDhCtAhw,1,28.916,36.012,,
O_fTDhCtAhw,2,35.98,50.828,,
O_fTDhCtAhw,3,49.828,59.788,,
Oa2xVjzAMFc,0,12.623,19.549,,
Oa2xVjzAMFc,1,18.549,21.684,,
Oa2xVjzAMFc,2,21.203,25.895,,
Oa2xVjzAMFc,3,24.895,29.956,,
Oa2xVjzAMFc,4,35.79,52.534,,
Oa2xVjzAMFc,5,51.844,58.77,,
OaWYjsS02fk,0,0.0,9.263,,
OaWYjsS02fk,1,24.206,28.449,,
OaWYjsS02fk,2,39.99,44.423,,
OaWYjsS02fk,3,43.423,47.825,,
OaWYjsS02fk,4,46.825,55.218,,
Ob8vPQCPDX0,0,0.0,7.207,,
Ob8vPQCPDX0,1,6.646,23.241,,
Ob8vPQCPDX0,2,22.241,47.176,,
Ob8vPQCPDX0,3,46.176,60.486,,
Ob8vPQCPDX0,4,59.865,71.371,,
Ob8vPQCPDX0,5,70.761,76.919,,
OcqJx_cRc3Y,0,22.849,32.729,,
OcqJx_cRc3Y,1,32.378,58.74,,
OctOcfI4KSs,0,3.553,18.791,,
OctOcfI4KSs,1,110.091,121.098,,
OctOcfI4KSs,2,18.3,24.907,,
OctOcfI4KSs,3,24.127,36.141,,
OctOcfI4KSs,4,35.571,44.004,,
OctOcfI4KSs,5,46.316,55.857,,
OctOcfI4KSs,6,55.575,65.096,,
OctOcfI4KSs,7,64.096,77.657,,
OdKp0hYomgs,0,-0.487528344671,4.48344671202,,
OdKp0hYomgs,1,39.8408163265,46.9369614512,,
OdKp0hYomgs,2,45.966893424,53.3224489796,,
OdKp0hYomgs,3,12.7124716553,19.1700680272,,
OdKp0hYomgs,4,18.3995464853,24.737414966,,
OdKp0hYomgs,5,24.1065759637,27.0920634921,,
OdKp0hYomgs,6,27.229478458,31.412244898,,
OdKp0hYomgs,7,30.412244898,33.6072562358,,
OdKp0hYomgs,8,32.6870748299,37.179138322,,
OdKp0hYomgs,9,36.179138322,40.8408163265,,
OiMkqEH5WeE,0,5.579,19.539,,
OiMkqEH5WeE,1,30.193,42.298,,
OiMkqEH5WeE,2,41.427,51.447,,
OiMkqEH5WeE,3,58.578,75.003,,
Oj3XwBBrzXc,0,0.959,6.14,,
Oj3XwBBrzXc,1,5.848,13.982,,
Olx-sTx7HTk,0,0.0,7.836,,
Olx-sTx7HTk,1,6.836,13.932,,
Olx-sTx7HTk,2,13.76,21.495,,
Olx-sTx7HTk,3,58.768,66.582,,
OoOD_VBL0i0,0,82.145,89.141,,
Op3CnqRLD9w,0,0.0,15.239,,
Op3CnqRLD9w,1,15.536,19.829,,
Op3CnqRLD9w,2,20.176,29.527,,
Op3CnqRLD9w,3,29.215,46.707,,
Op3CnqRLD9w,4,45.927,55.298,,
Op3CnqRLD9w,5,55.316,58.63,,
Or-9Nc_GAq8,0,21.213,39.234,,
OrYBtyO0aPI,0,0.0,2.268,,
OrYBtyO0aPI,1,1.428,7.018,,
OrYBtyO0aPI,2,18.41,27.711,,
OrYBtyO0aPI,3,26.85,29.646,,
OrYBtyO0aPI,4,28.646,32.121,,
OrYBtyO0aPI,5,31.3,34.954,,
OrYBtyO0aPI,6,52.352,55.308,,
OwE-7MwzfYI,0,0.0,17.574,,
OwYfPi9St0w,0,3.264,11.966,,
OxyQSJMvWBo,0,0.0,5.332,,
OxyQSJMvWBo,1,5.05,9.392,,
OxyQSJMvWBo,2,42.465,45.111,,
OxyQSJMvWBo,3,44.111,46.608,,
OxyQSJMvWBo,4,46.496,51.826,,
OxyQSJMvWBo,5,51.105,54.689,,
OxyQSJMvWBo,6,9.071,14.331,,
OxyQSJMvWBo,7,13.331,22.313,,
OxyQSJMvWBo,8,21.313,22.991,,
OxyQSJMvWBo,9,21.991,26.015,,
OxyQSJMvWBo,10,26.002,28.289,,
OxyQSJMvWBo,11,27.369,31.971,,
OxyQSJMvWBo,12,31.34,36.052,,
OxyQSJMvWBo,13,36.229,43.046,,
OyK86reBnJE,0,3.204,11.488,,
P0UHzR4CmYg,0,-0.028571428571,19.0503401361,,
P0UHzR4CmYg,1,18.5292517007,26.7827664399,,
P0UHzR4CmYg,2,81.5160997732,112.408163265,,
P0UHzR4CmYg,3,112.046712018,118.863492063,,
P0UHzR4CmYg,4,118.392290249,125.588208617,,
P0UHzR4CmYg,5,125.067120181,136.084353741,,
P0UHzR4CmYg,6,135.872562358,150.202267574,,
P0UHzR4CmYg,7,149.930612245,155.450340136,,
P0UHzR4CmYg,8,154.80952381,157.415873016,,
P0UHzR4CmYg,9,157.154195011,164.659410431,,
P0UHzR4CmYg,10,164.188208617,165.996371882,,
P0UHzR4CmYg,11,165.405442177,170.83537415,,
P0UHzR4CmYg,12,26.4512471655,33.9863945578,,
P0UHzR4CmYg,13,170.384126984,183.985487528,,
P0UHzR4CmYg,14,185.679365079,195.080272109,,
P0UHzR4CmYg,15,33.5351473923,38.8952380952,,
P0UHzR4CmYg,16,38.4439909297,48.8526077098,,
P0UHzR4CmYg,17,48.2716553288,56.146031746,,
P0UHzR4CmYg,18,55.7546485261,59.3587301587,,
P0UHzR4CmYg,19,58.8575963719,69.1863945578,,
P0UHzR4CmYg,20,68.6054421769,75.0430839002,,
P0UHzR4CmYg,21,74.6916099773,81.9673469388,,
P0WaXnH37uI,0,4.90022675737,17.2145124717,,
P0WaXnH37uI,1,18.0503401361,25.0666666667,,
P0WaXnH37uI,2,25.3936507937,27.7904761905,,
P0WaXnH37uI,3,27.5487528345,36.3709750567,,
P0WaXnH37uI,4,36.6480725624,41.6988662132,,
P0WaXnH37uI,5,40.8684807256,46.9569160998,,
P17tYiqMGRU,0,0.0124716553288,8.01428571429,,
P35dyIit1yM,0,0.0,4.733,,
P35dyIit1yM,1,3.733,11.777,,
P35dyIit1yM,2,58.069,63.799,,
P35dyIit1yM,3,18.449,26.942,,
P35dyIit1yM,4,38.324,48.084,,
P3QEOJWxXI8,0,0.0,2.268,,
P3QEOJWxXI8,1,1.658,9.831,,
P3QEOJWxXI8,2,8.941,13.433,,
P3QEOJWxXI8,3,49.948,53.771,,
P3QEOJWxXI8,4,52.881,57.054,,
P3QEOJWxXI8,5,56.054,58.95,,
P4qxfjZlIrY,0,7.135,13.114,,
P4qxfjZlIrY,1,15.606,22.842,,
P4qxfjZlIrY,2,22.55,33.727,,
P4qxfjZlIrY,3,33.475,40.043,,
P4qxfjZlIrY,4,48.351,53.083,,
PANWQeBKStk,0,0.0,19.549,,
PANWQeBKStk,1,19.846,25.077,,
PANWQeBKStk,2,24.645,31.502,,
PANWQeBKStk,3,31.091,37.029,,
PEBwwe0PLZ8,0,-0.487528344671,40.1324263039,,
PEBwwe0PLZ8,1,39.1324263039,42.3174603175,,
PEBwwe0PLZ8,2,48.201814059,51.4167800454,,
PEBwwe0PLZ8,3,50.4167800454,53.3922902494,,
PEBwwe0PLZ8,4,52.3922902494,54.589569161,,
PEBwwe0PLZ8,5,41.3174603175,43.2453514739,,
PEBwwe0PLZ8,6,42.2453514739,44.6222222222,,
PEBwwe0PLZ8,7,43.6222222222,45.5800453515,,
PEBwwe0PLZ8,8,44.8793650794,47.0766439909,,
PEBwwe0PLZ8,9,46.0766439909,48.064399093,,
PEBwwe0PLZ8,10,47.064399093,48.7229024943,,
PGBrZLC15yA,0,0.0,11.188,,
PGBrZLC15yA,1,10.937,21.185,,
PGBrZLC15yA,2,40.16,51.287,,
PHJ8eybXJdw,0,12.383,15.089,,
PHJ8eybXJdw,1,14.089,18.601,,
PHJ8eybXJdw,2,17.971,23.909,,
PHJ8eybXJdw,3,23.019,26.483,,
PHJ8eybXJdw,4,25.932,36.261,,
PHJ8eybXJdw,5,48.032,51.716,,
PHZIx22aFhU,0,0.0124716553288,3.55442176871,,
PJlDO21zl88,0,0.0,15.738,,
PMH4mdJeojE,0,22.829478458,30.5142857143,,
PMH4mdJeojE,1,30.6117913832,37.5782312925,,
PMH4mdJeojE,2,39.4317460317,44.2530612245,,
PN3ApHIGopo,0,57.241,62.861,,
PN3ApHIGopo,1,62.459,83.534,,
PORCNDRKtko,0,25.813,41.429,,
PQYmOknHA4c,0,0.0,5.83,,
PQYmOknHA4c,1,41.946,45.989,,
PQYmOknHA4c,2,44.989,47.027,,
PQYmOknHA4c,3,46.296,52.774,,
PQYmOknHA4c,4,9.18,17.145,,
PQYmOknHA4c,5,16.614,22.772,,
PQYmOknHA4c,6,21.772,25.226,,
PQYmOknHA4c,7,24.975,31.602,,
PQYmOknHA4c,8,30.841,33.557,,
PQYmOknHA4c,9,33.026,39.514,,
PQYmOknHA4c,10,38.514,40.951,,
PQYmOknHA4c,11,39.951,42.946,,
PRZ4VhESz1A,0,0.0,5.571,,
PRZ4VhESz1A,1,5.04,11.757,,
PRZ4VhESz1A,2,49.2,57.732,,
PRZ4VhESz1A,3,11.296,18.202,,
PRZ4VhESz1A,4,17.462,22.932,,
PRZ4VhESz1A,5,27.519,34.395,,
PRZ4VhESz1A,6,35.86,40.98,,
PRZ4VhESz1A,7,40.549,49.751,,
PUIsiLk8etk,0,0.330612244898,3.33605442177,,
PUIsiLk8etk,1,38.8131519274,41.6489795918,,
PUIsiLk8etk,2,40.6489795918,48.8027210884,,
PUIsiLk8etk,3,47.8027210884,50.2394557823,,
PUIsiLk8etk,4,4.03219954649,9.38231292517,,
PUIsiLk8etk,5,8.53197278912,15.2689342404,,
PUIsiLk8etk,6,18.3795918367,24.0589569161,,
PUIsiLk8etk,7,23.0589569161,34.0163265306,,
PYylJk8R9Ak,0,0.0,4.603,,
PYylJk8R9Ak,1,4.042,10.38,,
PYylJk8R9Ak,2,9.929,19.0,,
PYylJk8R9Ak,3,21.502,34.036,,
PboaYD5hlG8,0,-0.158276643991,8.57414965986,,
PboaYD5hlG8,1,7.57414965986,18.0825396825,,
PboaYD5hlG8,2,99.824489796,106.950566893,,
PboaYD5hlG8,3,17.3319727891,23.6997732426,,
PboaYD5hlG8,4,22.6997732426,28.60861678,,
PboaYD5hlG8,5,28.0077097506,41.389569161,,
PboaYD5hlG8,6,40.9283446712,48.4934240363,,
PboaYD5hlG8,7,48.2517006803,68.7573696145,,
PboaYD5hlG8,8,68.6253968254,81.4385487528,,
PboaYD5hlG8,9,80.747845805,90.0689342404,,
PboaYD5hlG8,10,89.5777777778,99.8467120181,,
Pbu6oAKFCvo,0,0.0,10.52,,
Pbu6oAKFCvo,1,39.831,57.443,,
Pbu6oAKFCvo,2,68.985,87.694,,
PbyI-sUzLZY,0,0.390476190476,3.58548752834,,
PbyI-sUzLZY,1,2.58548752834,14.4707482993,,
PbyI-sUzLZY,2,13.5505668934,22.5823129252,,
PbyI-sUzLZY,3,21.5823129252,26.5832199546,,
PcqKFt1p3UQ,0,63.746,73.856,,
PcqKFt1p3UQ,1,19.198,26.962,,
PcqKFt1p3UQ,2,55.994,64.687,,
PexNiFbPTYM,0,0.71972789116,2.62766439909,,
PexNiFbPTYM,1,64.285260771,77.8566893424,,
PexNiFbPTYM,2,77.9741496599,86.2675736961,,
PexNiFbPTYM,3,85.2675736961,94.2494331066,,
PexNiFbPTYM,4,94.1972789116,106.132426304,,
PexNiFbPTYM,5,105.970521542,118.584126984,,
PexNiFbPTYM,6,118.601814059,123.892063492,,
PexNiFbPTYM,7,123.630385488,135.256235828,,
PexNiFbPTYM,8,134.934693878,142.4,,
PexNiFbPTYM,9,142.028571429,152.776417234,,
PexNiFbPTYM,10,152.524716553,159.640816327,,
PexNiFbPTYM,11,2.2462585034,11.3079365079,,
PexNiFbPTYM,12,159.488888889,165.577324263,,
PexNiFbPTYM,13,165.485260771,180.224036281,,
PexNiFbPTYM,14,10.7170068027,18.1723356009,,
PexNiFbPTYM,15,17.8907029478,22.7519274376,,
PexNiFbPTYM,16,22.1310657596,29.0176870748,,
PexNiFbPTYM,17,28.8158730159,39.1746031746,,
PexNiFbPTYM,18,39.0126984127,51.0476190476,,
PexNiFbPTYM,19,51.2149659864,57.053968254,,
PexNiFbPTYM,20,56.053968254,64.2077097506,,
PmemTgQHagk,0,0.0,11.029,,
PmemTgQHagk,1,10.617,24.498,,
PmemTgQHagk,2,24.226,33.168,,
PmemTgQHagk,3,32.777,38.825,,
PmemTgQHagk,4,38.444,48.164,,
PmemTgQHagk,5,47.164,62.99,,
PmemTgQHagk,6,62.659,76.3,,
PmemTgQHagk,7,76.068,93.232,,
PoKZEKOf1dA,0,0.0,8.275,,
PoKZEKOf1dA,1,7.385,11.348,,
PoKZEKOf1dA,2,10.567,13.653,,
PoKZEKOf1dA,3,13.311,21.884,,
PoKZEKOf1dA,4,21.203,25.665,,
PoKZEKOf1dA,5,24.665,29.297,,
PoKZEKOf1dA,6,28.706,33.587,,
PohW-isYMK0,0,1.4380952381,7.61632653061,,
PohW-isYMK0,1,80.7977324263,87.7841269841,,
PohW-isYMK0,2,87.841723356,95.9455782313,,
PohW-isYMK0,3,95.4244897959,107.329705215,,
PohW-isYMK0,4,107.117913832,119.93106576,,
PohW-isYMK0,5,120.168253968,147.229024943,,
PohW-isYMK0,6,147.037188209,156.178684807,,
PohW-isYMK0,7,155.986848073,162.524263039,,
PohW-isYMK0,8,162.521995465,186.958730159,,
PohW-isYMK0,9,187.066213152,193.763265306,,
PohW-isYMK0,10,192.763265306,201.645351474,,
PohW-isYMK0,11,7.22494331066,15.6879818594,,
PohW-isYMK0,12,15.5759637188,25.7650793651,,
PohW-isYMK0,13,25.7528344671,33.0385487528,,
PohW-isYMK0,14,32.5274376417,45.9691609977,,
PohW-isYMK0,15,46.2063492063,55.8167800454,,
PohW-isYMK0,16,54.8167800454,67.370521542,,
PohW-isYMK0,17,67.0789115646,75.1528344671,,
PohW-isYMK0,18,74.7514739229,80.4308390023,,
Pt-D0LUHDSc,0,-0.487528344671,3.40589569161,,
Pt-D0LUHDSc,1,4.11201814059,15.1192743764,,
Pt-D0LUHDSc,2,14.7378684807,23.5401360544,,
Pt-D0LUHDSc,3,31.7591836735,36.2412698413,,
PtH_8O__EAY,0,61.571,73.686,,
PtdK-TLOuD0,0,15.516,23.79,,
PtdK-TLOuD0,1,29.065,39.344,,
PwapK9d8IGk,0,25.633,37.099,,
PwapK9d8IGk,1,47.034,59.907,,
PyQrAYl1bFs,0,0.0,3.635,,
PyQrAYl1bFs,1,2.955,13.683,,
PyQrAYl1bFs,2,13.092,18.971,,
PyQrAYl1bFs,3,18.31,23.131,,
PyQrAYl1bFs,4,22.72,29.626,,
PyQrAYl1bFs,5,29.215,32.799,,
PyQrAYl1bFs,6,32.039,43.565,,
PyQrAYl1bFs,7,42.844,50.259,,
PyQrAYl1bFs,8,49.259,57.862,,
PyQrAYl1bFs,9,56.892,65.744,,
PybuzkS31J4,0,-0.008616780045,3.46575963719,,
PybuzkS31J4,1,7.66394557823,10.7691609977,,
PybuzkS31J4,2,15.5659863946,26.4335600907,,
PybuzkS31J4,3,28.5065759637,32.6394557823,,
PybuzkS31J4,4,38.2943310658,50.3092970522,,
PzI6yY9Y2xQ,0,0.0,11.677,,
PzI6yY9Y2xQ,1,11.405,16.117,,
PzI6yY9Y2xQ,2,72.147,86.258,,
PzI6yY9Y2xQ,3,87.313,92.184,,
PzI6yY9Y2xQ,4,15.855,20.906,,
PzI6yY9Y2xQ,5,23.438,31.652,,
Q2uHXKA8cq8,0,2.88594104308,10.9775510204,,
Q2uHXKA8cq8,1,12.1848072562,18.6201814059,,
Q2uHXKA8cq8,2,19.4482993197,24.2274376417,,
Q2uHXKA8cq8,3,40.510430839,48.6120181406,,
Q2uHXKA8cq8,4,48.9213151927,59.7666666667,,
Q2uHXKA8cq8,5,60.7244897959,63.5979591837,,
Q4WzApjaCNI,0,-0.058503401361,6.30929705215,,
Q5YU2sLKVL4,0,20.295,27.042,,
Q5YU2sLKVL4,1,37.516,45.959,,
Q5fZk_jPjBI,0,0.0,19.02,,
Q5fZk_jPjBI,1,137.1,144.695,,
Q5fZk_jPjBI,2,64.335,77.039,,
Q5fZk_jPjBI,3,78.473,93.501,,
Q5fZk_jPjBI,4,131.373,137.571,,
Q5uYByRyswI,0,0.0,8.395,,
Q5uYByRyswI,1,12.693,27.341,,
Q5uYByRyswI,2,31.091,49.351,,
Q7OvlYjNt9w,0,0.0,5.341,,
Q7OvlYjNt9w,1,4.341,13.343,,
Q7S0tX4FUNA,0,0.490249433107,8.95328798186,,
Q7S0tX4FUNA,1,7.95328798186,15.2689342404,,
Q7S0tX4FUNA,2,15.9351473923,23.7696145125,,
Q7S0tX4FUNA,3,22.9492063492,31.3324263039,,
Q7S0tX4FUNA,4,30.5918367347,38.2766439909,,
Q7S0tX4FUNA,5,37.5360544218,41.4793650794,,
Q7S0tX4FUNA,6,40.7786848073,45.4303854875,,
Q7nhtfkIPN4,0,0.0,1.959,,
Q7nhtfkIPN4,1,1.239,7.457,,
Q7nhtfkIPN4,2,45.957,50.808,,
Q7nhtfkIPN4,3,50.078,53.452,,
Q7nhtfkIPN4,4,7.375,15.249,,
Q7nhtfkIPN4,5,14.558,18.961,,
Q7nhtfkIPN4,6,18.429,25.196,,
Q7nhtfkIPN4,7,25.853,31.472,,
Q7nhtfkIPN4,8,30.991,36.451,,
Q7nhtfkIPN4,9,36.069,42.278,,
Q7nhtfkIPN4,10,41.278,46.458,,
Q8naC1qriIU,0,3.663,17.185,,
Q8naC1qriIU,1,16.534,27.711,,
Q8naC1qriIU,2,27.1,34.356,,
Q8naC1qriIU,3,56.912,65.395,,
QBc7X5jj8oA,0,20.146,36.6,,
QBc7X5jj8oA,1,36.159,48.054,,
QBc7X5jj8oA,2,47.054,55.577,,
QCR7uyowjhM,0,0.0,4.613,,
QCR7uyowjhM,1,3.992,8.923,,
QCR7uyowjhM,2,50.786,53.253,,
QCR7uyowjhM,3,8.402,12.595,,
QCR7uyowjhM,4,24.785,28.629,,
QCR7uyowjhM,5,28.068,31.442,,
QCR7uyowjhM,6,30.442,34.615,,
QCR7uyowjhM,7,34.144,39.594,,
QCR7uyowjhM,8,39.392,41.37,,
QCR7uyowjhM,9,40.539,51.656,,
QDRtKv8PvFs,0,0.0,7.407,,
QDRtKv8PvFs,1,18.469,32.24,,
QDRtKv8PvFs,2,31.24,38.995,,
QDRtKv8PvFs,3,37.995,45.071,,
QDRtKv8PvFs,4,49.489,57.413,,
QE0pAVSPsKQ,0,39.911,43.734,,
QE0pAVSPsKQ,1,45.558,50.908,,
QE0pAVSPsKQ,2,56.313,61.683,,
QE0pAVSPsKQ,3,73.913,80.93,,
QE0pAVSPsKQ,4,80.279,104.386,,
QE0pAVSPsKQ,5,2.506,8.405,,
QE0pAVSPsKQ,6,113.384,119.422,,
QE0pAVSPsKQ,7,118.761,125.449,,
QE0pAVSPsKQ,8,129.038,136.683,,
QE0pAVSPsKQ,9,7.405,12.675,,
QE0pAVSPsKQ,10,16.973,26.104,,
QE0pAVSPsKQ,11,25.104,32.29,,
QE0pAVSPsKQ,12,33.695,40.541,,
QEG_hkJsaYc,0,0.0124716553288,22.4814058957,,
QI-TTqj0KnA,0,17.601,29.537,,
QI-TTqj0KnA,1,28.966,47.635,,
QI-TTqj0KnA,2,47.005,54.58,,
QIonRUsCqBs,0,0.0,4.024,,
QIonRUsCqBs,1,3.214,13.293,,
QIonRUsCqBs,2,12.742,16.327,,
QIonRUsCqBs,3,15.616,21.076,,
QJBQIOmG1CA,0,35.371,51.147,,
QJCDZCllSYQ,0,0.0,5.581,,
QJCDZCllSYQ,1,5.0,10.879,,
QJCDZCllSYQ,2,20.315,26.094,,
QLEOYF7Mju0,0,11.2857142857,19.4594104308,,
QLEOYF7Mju0,1,76.3578231293,91.306122449,,
QLEOYF7Mju0,2,91.2839002268,104.915192744,,
QLEOYF7Mju0,3,18.7487528345,26.0444444444,,
QLEOYF7Mju0,4,25.9024943311,30.4943310658,,
QLEOYF7Mju0,5,29.7138321995,40.1823129252,,
QLEOYF7Mju0,6,39.4616780045,51.746031746,,
QLEOYF7Mju0,7,51.0154195011,60.5160997732,,
QLEOYF7Mju0,8,59.5160997732,66.652154195,,
QLEOYF7Mju0,9,66.220861678,71.9700680272,,
QLEOYF7Mju0,10,71.2893424036,76.8390022676,,
QLI-OnegxFM,0,75.61,83.115,,
QLI-OnegxFM,1,27.708,36.221,,
QMAztkqnvws,0,44.091,56.376,,
QMAztkqnvws,1,56.553,67.241,,
QMEgjkpyVzQ,0,8.193,13.812,,
QMEgjkpyVzQ,1,28.257,34.954,,
QMEgjkpyVzQ,2,34.423,46.099,,
QMEgjkpyVzQ,3,45.588,58.191,,
QNxiqu1y1N0,0,0.0,13.483,,
QNxiqu1y1N0,1,13.331,22.323,,
QOxIdbNwpx0,0,0.0,7.596,,
QOxIdbNwpx0,1,7.345,16.426,,
QOxIdbNwpx0,2,16.424,23.151,,
QOxIdbNwpx0,3,23.259,30.265,,
QOxIdbNwpx0,4,41.717,49.8,,
QOxIdbNwpx0,5,49.858,54.49,,
QP2CjKap818,0,11.146,23.78,,
QP2CjKap818,1,23.318,39.654,,
QQVRIGEUa_Q,0,49.698,68.438,,
QUpI5kMw_nA,0,79.84,92.264,,
QUpI5kMw_nA,1,95.764,105.434,,
QUpI5kMw_nA,2,120.098,125.668,,
QUpI5kMw_nA,3,125.766,135.146,,
QUpI5kMw_nA,4,3.972,13.064,,
QUpI5kMw_nA,5,21.852,34.515,,
QVyxySAaehE,0,119.091,133.091,,
QVyxySAaehE,1,132.091,141.273,,
QVyxySAaehE,2,36.528,49.94,,
QVyxySAaehE,3,99.615,119.751,,
QWaUvAL-yiA,0,2.785,11.388,,
QWaUvAL-yiA,1,10.787,19.2,,
QWaUvAL-yiA,2,18.2,24.278,,
QWll4lS1qqI,0,48.182,58.73,,
QWll4lS1qqI,1,63.746,70.912,,
QWll4lS1qqI,2,74.033,82.935,,
QWzIJuhLLrc,0,0.0,9.472,,
QWzIJuhLLrc,1,8.472,14.201,,
QXPOQW2tRBs,0,8.362,17.095,,
QXXexH-ow_k,0,19.916,29.566,,
QYp0lGhyL6A,0,0.0,8.564,,
QYp0lGhyL6A,1,68.097,74.744,,
QYp0lGhyL6A,2,85.597,96.674,,
QYp0lGhyL6A,3,96.352,101.413,,
QYp0lGhyL6A,4,26.232,30.923,,
QYp0lGhyL6A,5,30.412,36.61,,
QYp0lGhyL6A,6,40.26,49.012,,
QYp0lGhyL6A,7,48.691,56.914,,
QYp0lGhyL6A,8,60.434,68.528,,
Q_py5n2fQXw,0,63.347,73.926,,
Q_py5n2fQXw,1,20.375,25.256,,
Q_py5n2fQXw,2,34.283,39.005,,
Qa6Yz62V-Yc,0,0.0,13.234,,
Qa6Yz62V-Yc,1,39.073,45.191,,
QbJiphIpzYc,0,65.712,72.239,,
QbJiphIpzYc,1,106.739,111.51,,
QbJiphIpzYc,2,25.354,37.389,,
Qe4AT670hq4,0,46.476,65.046,,
Qfa1fY_07bQ,0,0.0,4.483,,
Qfa1fY_07bQ,1,3.483,13.204,,
Qfa1fY_07bQ,2,12.702,21.136,,
Qfa1fY_07bQ,3,27.319,31.522,,
Qfa1fY_07bQ,4,30.522,35.732,,
Qfa1fY_07bQ,5,35.231,48.883,,
Qfa1fY_07bQ,6,48.322,52.973,,
QjcQx8_PQfw,0,73.933,79.154,,
QjcQx8_PQfw,1,56.453,64.028,,
QkMTYY69JYQ,0,0.0,4.034,,
QkMTYY69JYQ,1,3.434,6.2,,
QkMTYY69JYQ,2,5.479,14.82,,
QkMTYY69JYQ,3,14.169,22.542,,
QkMTYY69JYQ,4,21.852,24.737,,
QkMTYY69JYQ,5,23.737,28.778,,
QkMTYY69JYQ,6,27.848,35.523,,
QkMTYY69JYQ,7,34.892,41.4,,
QkMTYY69JYQ,8,40.888,50.289,,
QkMTYY69JYQ,9,49.908,52.993,,
QnYlpSeVOYo,0,14.7678004535,22.7419501134,,
QoIsjc4-GIg,0,-0.248072562358,2.45804988662,,
QoIsjc4-GIg,1,1.45804988662,7.34693877551,,
QoIsjc4-GIg,2,6.44671201814,22.6820861678,,
QoIsjc4-GIg,3,21.6820861678,26.064399093,,
QoIsjc4-GIg,4,25.064399093,31.0231292517,,
QoIsjc4-GIg,5,30.0231292517,35.4630385488,,
QoIsjc4-GIg,6,34.4630385488,39.4040816327,,
QoIsjc4-GIg,7,38.7931972789,44.7918367347,,
QoIsjc4-GIg,8,44.370521542,50.2693877551,,
QoIsjc4-GIg,9,49.2693877551,54.5795918367,,
QpchvHpGFc8,0,67.159,74.325,,
QpchvHpGFc8,1,92.461,102.66,,
QpchvHpGFc8,2,9.799,13.782,,
QpchvHpGFc8,3,12.782,20.437,,
QpchvHpGFc8,4,24.206,34.166,,
QpchvHpGFc8,5,42.185,49.112,,
QpchvHpGFc8,6,48.501,57.523,,
QxU625Hn370,0,38.3941043084,46.6575963719,,
QzdEjKQFisQ,0,-0.487528344671,4.6231292517,,
QzdEjKQFisQ,1,3.6231292517,7.63628117914,,
QzdEjKQFisQ,2,17.820861678,21.6244897959,,
QzdEjKQFisQ,3,21.2630385488,27.431292517,,
QzdEjKQFisQ,4,26.431292517,35.5927437642,,
QzdEjKQFisQ,5,36.3387755102,43.893877551,,
QzdEjKQFisQ,6,43.3528344671,47.2761904762,,
QzdEjKQFisQ,7,46.3560090703,51.9555555556,,
R-17BoOk4kc,0,192.644,198.363,,
R-HKj8Yn06k,0,0.0,4.723,,
R0o37yJ1PP0,0,15.566,25.885,,
R0o37yJ1PP0,1,25.673,34.066,,
R0o37yJ1PP0,2,34.323,53.422,,
R0o37yJ1PP0,3,53.55,64.727,,
R0o37yJ1PP0,4,65.443,71.232,,
R0o37yJ1PP0,5,71.08,79.573,,
R0uRDh-engU,0,64.056,74.245,,
R0uRDh-engU,1,73.315,80.161,,
R0uRDh-engU,2,17.611,33.488,,
R5a3TP-l_n4,0,-0.078458049887,9.54195011338,,
R5a3TP-l_n4,1,8.54195011338,16.3464852608,,
R5a3TP-l_n4,2,15.3464852608,24.4979591837,,
R5a3TP-l_n4,3,24.6253968254,26.7029478458,,
R7IkQVUuLew,0,5.609,10.44,,
R7IkQVUuLew,1,10.009,15.0,,
R7IkQVUuLew,2,14.029,26.623,,
R7IkQVUuLew,3,26.232,35.154,,
R7IkQVUuLew,4,34.383,44.143,,
R7IkQVUuLew,5,43.143,67.41,,
R8Kw_4Y9E0s,0,34.034,42.208,,
R8leu0tEJ4o,0,110.979,117.068,,
R8leu0tEJ4o,1,130.335,139.157,,
R8leu0tEJ4o,2,143.795,152.946,,
R8leu0tEJ4o,3,38.065,59.0,,
R8leu0tEJ4o,4,87.083,103.868,,
R8leu0tEJ4o,5,103.247,111.221,,
R9xTBw3MCWI,0,-0.487528344671,7.09750566893,,
R9xTBw3MCWI,1,6.09750566893,21.7342403628,,
R9xTBw3MCWI,2,105.341950113,108.686621315,,
R9xTBw3MCWI,3,107.686621315,120.030839002,,
R9xTBw3MCWI,4,119.050793651,138.359183673,,
R9xTBw3MCWI,5,137.359183673,146.05170068,,
R9xTBw3MCWI,6,145.530612245,154.17324263,,
R9xTBw3MCWI,7,153.602267574,168.690249433,,
R9xTBw3MCWI,8,168.278911565,174.447165533,,
R9xTBw3MCWI,9,173.726530612,177.180952381,,
R9xTBw3MCWI,10,176.240816327,180.10430839,,
R9xTBw3MCWI,11,179.10430839,185.472108844,,
R9xTBw3MCWI,12,20.8240362812,24.8471655329,,
R9xTBw3MCWI,13,24.0965986395,29.4467120181,,
R9xTBw3MCWI,14,28.5265306122,55.1682539683,,
R9xTBw3MCWI,15,55.4752834467,63.1401360544,,
R9xTBw3MCWI,16,62.1401360544,77.2680272109,,
R9xTBw3MCWI,17,76.3079365079,80.0816326531,,
R9xTBw3MCWI,18,79.0816326531,84.8108843537,,
R9xTBw3MCWI,19,84.7986394558,105.942857143,,
R9ypacCuEZo,0,107.347,124.112,,
R9ypacCuEZo,1,152.036,168.92,,
R9ypacCuEZo,2,20.425,49.79,,
R9ypacCuEZo,3,52.352,64.347,,
R9ypacCuEZo,4,63.487,72.449,,
R9ypacCuEZo,5,72.317,97.273,,
RAiO_rChmdU,0,22.341,49.411,,
RAiO_rChmdU,1,48.681,69.446,,
RAiO_rChmdU,2,69.005,93.711,,
RArhIHk4Qs4,0,-0.487528344671,5.25170068027,,
RArhIHk4Qs4,1,4.42131519274,14.3510204082,,
RArhIHk4Qs4,2,52.8412698413,73.5664399093,,
RArhIHk4Qs4,3,72.8158730159,78.8045351474,,
RArhIHk4Qs4,4,78.0240362812,84.820861678,,
RArhIHk4Qs4,5,84.0802721088,89.2108843537,,
RArhIHk4Qs4,6,88.4702947846,98.2603174603,,
RArhIHk4Qs4,7,97.5396825397,101.053968254,,
RArhIHk4Qs4,8,100.153741497,106.920634921,,
RArhIHk4Qs4,9,105.920634921,107.918367347,,
RArhIHk4Qs4,10,106.94829932,117.157369615,,
RArhIHk4Qs4,11,116.157369615,119.851247166,,
RArhIHk4Qs4,12,13.5605442177,21.1854875283,,
RArhIHk4Qs4,13,119.060770975,123.632653061,,
RArhIHk4Qs4,14,123.680272109,127.633560091,,
RArhIHk4Qs4,15,22.0213151927,27.3015873016,,
RArhIHk4Qs4,16,26.9401360544,31.5818594104,,
RArhIHk4Qs4,17,30.9011337868,39.3342403628,,
RArhIHk4Qs4,18,39.4217687075,44.6621315193,,
RArhIHk4Qs4,19,44.1410430839,46.7074829932,,
RArhIHk4Qs4,20,46.1664399093,53.5120181406,,
RB3HA-ZMtFw,0,5.21,31.642,,
RChkXDS8ulE,0,2.985,23.8,,
RChkXDS8ulE,1,28.876,47.705,,
RChkXDS8ulE,2,47.114,59.369,,
RChkXDS8ulE,3,58.868,67.41,,
RE-LIPOFnrE,0,-0.487528344671,2.23854875283,,
RE-LIPOFnrE,1,3.26394557823,6.30929705215,,
RE-LIPOFnrE,2,5.30929705215,12.714739229,,
RE-LIPOFnrE,3,11.8943310658,19.2,,
RE-LIPOFnrE,4,36.1392290249,45.3605442177,,
RE-LIPOFnrE,5,44.6,47.8448979592,,
REkPZ77s3Vc,0,-0.238095238095,8.77369614512,,
REkPZ77s3Vc,1,23.4979591837,32.0807256236,,
REkPZ77s3Vc,2,31.5596371882,42.0480725624,,
REkPZ77s3Vc,3,41.3473922902,46.3383219955,,
REkPZ77s3Vc,4,45.6975056689,53.5319727891,,
RIAEgUKtzxw,0,70.621,79.283,,
RIAEgUKtzxw,1,14.01,20.856,,
RIAEgUKtzxw,2,19.856,27.711,,
RIAEgUKtzxw,3,39.691,50.239,,
RImmdklTOW0,0,0.0,7.796,,
RImmdklTOW0,1,7.574,21.225,,
RImmdklTOW0,2,71.908,84.252,,
RImmdklTOW0,3,84.539,91.566,,
RImmdklTOW0,4,91.563,96.424,,
RImmdklTOW0,5,96.352,99.986,,
RImmdklTOW0,6,100.493,104.995,,
RImmdklTOW0,7,104.434,106.372,,
RImmdklTOW0,8,21.403,27.531,,
RImmdklTOW0,9,27.818,38.536,,
RImmdklTOW0,10,39.073,42.687,,
RImmdklTOW0,11,43.063,47.097,,
RImmdklTOW0,12,47.543,55.647,,
RImmdklTOW0,13,55.934,60.506,,
RImmdklTOW0,14,60.424,66.034,,
RImmdklTOW0,15,66.111,71.751,,
RKP6j28FCWE,0,20.844,32.081,,
RKP6j28FCWE,1,34.493,60.746,,
RKP6j28FCWE,2,79.181,87.585,,
RLHZ6xtIWSM,0,2.53560090703,13.2734693878,,
RLHZ6xtIWSM,1,52.9011337868,55.0884353741,,
RLHZ6xtIWSM,2,13.7501133787,21.5346938776,,
RLHZ6xtIWSM,3,21.0335600907,30.3945578231,,
RLHZ6xtIWSM,4,33.3256235828,36.7401360544,,
RLHZ6xtIWSM,5,35.7401360544,41.3795918367,,
RLHZ6xtIWSM,6,40.619047619,47.2961451247,,
RLHZ6xtIWSM,7,46.7052154195,51.9156462585,,
ROC2YI3tDsk,0,0.0,5.771,,
ROC2YI3tDsk,1,80.778,85.609,,
ROC2YI3tDsk,2,84.868,105.035,,
ROC2YI3tDsk,3,104.464,112.907,,
ROC2YI3tDsk,4,111.907,127.963,,
ROC2YI3tDsk,5,127.212,136.733,,
ROC2YI3tDsk,6,9.22,17.215,,
ROC2YI3tDsk,7,16.394,24.937,,
ROC2YI3tDsk,8,24.186,32.091,,
ROC2YI3tDsk,9,31.36,40.053,,
ROC2YI3tDsk,10,39.053,48.184,,
ROC2YI3tDsk,11,54.158,66.912,,
ROC2YI3tDsk,12,65.912,81.429,,
ROcTx5VEn7o,0,0.0,8.754,,
ROcTx5VEn7o,1,8.532,13.593,,
ROcTx5VEn7o,2,90.855,103.568,,
ROcTx5VEn7o,3,19.956,37.01,,
ROcTx5VEn7o,4,37.247,48.104,,
ROcTx5VEn7o,5,76.478,83.304,,
RRKez9BR-94,0,29.4854875283,38.6047619048,,
RRKez9BR-94,1,38.8442176871,42.1965986395,,
RRKez9BR-94,2,43.0945578231,47.8238095238,,
RRKez9BR-94,3,48.2029478458,52.1040816327,,
RRKez9BR-94,4,59.7068027211,66.0723356009,,
RRKez9BR-94,5,81.2179138322,90.3172335601,,
RRKez9BR-94,6,19.7077097506,24.5666666667,,
RS5WM3q2ZZQ,0,0.0,6.958,,
RS5WM3q2ZZQ,1,5.958,11.148,,
RS5WM3q2ZZQ,2,74.702,91.077,,
RS5WM3q2ZZQ,3,90.236,116.649,,
RS5WM3q2ZZQ,4,116.127,125.588,,
RS5WM3q2ZZQ,5,124.768,128.392,,
RS5WM3q2ZZQ,6,127.721,134.069,,
RS5WM3q2ZZQ,7,133.448,145.443,,
RS5WM3q2ZZQ,8,144.862,152.228,,
RS5WM3q2ZZQ,9,151.278,155.221,,
RS5WM3q2ZZQ,10,10.408,24.039,,
RS5WM3q2ZZQ,11,23.318,28.339,,
RS5WM3q2ZZQ,12,27.668,36.99,,
RS5WM3q2ZZQ,13,36.109,38.696,,
RS5WM3q2ZZQ,14,37.885,40.122,,
RS5WM3q2ZZQ,15,39.122,66.213,,
RS5WM3q2ZZQ,16,65.423,71.8,,
RS5WM3q2ZZQ,17,71.369,75.063,,
RST6PgpsLws,0,0.0124716553288,9.65056689342,,
RST6PgpsLws,1,10.3689342404,17.6723356009,,
RST6PgpsLws,2,72.7870748299,76.5485260771,,
RST6PgpsLws,3,18.3408163265,31.1317460317,,
RST6PgpsLws,4,31.8301587302,35.0727891156,,
RST6PgpsLws,5,38.2954648526,50.0188208617,,
RST6PgpsLws,6,50.6673469388,60.0659863946,,
RST6PgpsLws,7,63.079138322,70.7616780045,,
RTzDzj4NxIM,0,0.0,7.137,,
RTzDzj4NxIM,1,6.307,13.134,,
RTzDzj4NxIM,2,12.134,15.299,,
RTzDzj4NxIM,3,14.299,19.739,,
RTzDzj4NxIM,4,34.204,36.75,,
RTzDzj4NxIM,5,36.329,45.979,,
RTzDzj4NxIM,6,45.298,49.012,,
RTzDzj4NxIM,7,48.371,53.901,,
RVC8l5hf2Eg,0,0.0,4.942,,
RVC8l5hf2Eg,1,5.16,16.975,,
RVC8l5hf2Eg,2,103.147,109.305,,
RVC8l5hf2Eg,3,108.924,116.2,,
RVC8l5hf2Eg,4,115.2,120.649,,
RVC8l5hf2Eg,5,120.737,129.649,,
RVC8l5hf2Eg,6,128.649,145.932,,
RVC8l5hf2Eg,7,172.559,180.922,,
RVC8l5hf2Eg,8,17.242,23.071,,
RVC8l5hf2Eg,9,23.298,29.397,,
RVC8l5hf2Eg,10,30.053,41.809,,
RVC8l5hf2Eg,11,40.829,53.991,,
RVC8l5hf2Eg,12,54.158,72.778,,
RVC8l5hf2Eg,13,73.035,86.407,,
RVC8l5hf2Eg,14,85.896,95.846,,
RXcI6PK37lM,0,0.0,6.399,,
RXcI6PK37lM,1,5.758,15.558,,
RXcI6PK37lM,2,36.738,46.428,,
RXcI6PK37lM,3,45.817,55.378,,
RXcI6PK37lM,4,54.677,61.614,,
RXcI6PK37lM,5,78.333,87.395,,
RaTQZrdICKo,0,5.878,16.626,,
RadU51t1kL0,0,-0.487528344671,8.58412698413,,
RadU51t1kL0,1,8.66167800454,15.6380952381,,
RadU51t1kL0,2,23.4680272109,28.5886621315,,
RadU51t1kL0,3,28.2571428571,34.335600907,,
RadU51t1kL0,4,34.0739229025,41.7088435374,,
RadU51t1kL0,5,42.9238095238,47.5954648526,,
RadU51t1kL0,6,47.0544217687,49.1619047619,,
RadU51t1kL0,7,49.0199546485,52.8535147392,,
Rb1uzHNcYcA,0,-0.337868480726,11.3678004535,,
Rb1uzHNcYcA,1,10.5174603175,16.4462585034,,
Rb1uzHNcYcA,2,15.6358276644,17.8131519274,,
Rb1uzHNcYcA,3,16.8131519274,20.2975056689,,
Rb1uzHNcYcA,4,19.4471655329,28.229478458,,
Rb1uzHNcYcA,5,27.3990929705,40.4517006803,,
Rb1uzHNcYcA,6,46.7151927438,53.1927437642,,
RdExUaEIWIk,0,0.0,2.737,,
RdExUaEIWIk,1,2.226,13.313,,
RdExUaEIWIk,2,12.313,27.571,,
RdExUaEIWIk,3,27.07,31.572,,
RdExUaEIWIk,4,31.171,36.91,,
RdExUaEIWIk,5,36.399,42.118,,
RdOc70IrjJo,0,4.83,8.824,,
RdOc70IrjJo,1,20.295,30.614,,
Rdf0Psjyrwc,0,0.0,6.728,,
Rdf0Psjyrwc,1,5.728,25.635,,
Rdf0Psjyrwc,2,24.635,37.429,,
Rdf0Psjyrwc,3,36.429,43.884,,
RfKxYiFd-fs,0,2.576,8.335,,
RfKxYiFd-fs,1,19.936,37.638,,
RgubFcmvgDE,0,0.0,5.361,,
RgubFcmvgDE,1,7.195,11.667,,
RgubFcmvgDE,2,22.041,28.519,,
RgubFcmvgDE,3,29.045,37.828,,
RgubFcmvgDE,4,38.564,43.565,,
RgubFcmvgDE,5,42.565,45.74,,
RgubFcmvgDE,6,45.628,52.325,,
RmX9t_HY_dU,0,0.0,10.131,,
RmX9t_HY_dU,1,9.131,40.721,,
RqOgkJbqFXg,0,12.892,27.302,,
RqOgkJbqFXg,1,26.551,34.076,,
RqOgkJbqFXg,2,40.31,61.025,,
RqOgkJbqFXg,3,60.424,72.848,,
RrGpzInAwCg,0,0.0,4.733,,
RrGpzInAwCg,1,13.022,25.226,,
RsE2gYghZ2s,0,14.768,29.327,,
RsE2gYghZ2s,1,28.946,37.878,,
Rse6laKf1i8,0,0.051247165533,6.4589569161,,
Rse6laKf1i8,1,44.0113378685,48.443537415,,
Rse6laKf1i8,2,47.9823129252,52.1451247166,,
Rse6laKf1i8,3,8.52199546485,13.2036281179,,
Rse6laKf1i8,4,12.7424036281,17.6335600907,,
Rse6laKf1i8,5,20.8040816327,30.1750566893,,
Rse6laKf1i8,6,29.9233560091,34.1859410431,,
Rse6laKf1i8,7,35.9596371882,40.3918367347,,
Rse6laKf1i8,8,39.9206349206,44.8117913832,,
Rt9rN1ntS3E,0,5.788,9.991,,
Rt9rN1ntS3E,1,9.081,15.828,,
Rt9rN1ntS3E,2,47.902,50.539,,
Rt9rN1ntS3E,3,49.539,52.175,,
Rt9rN1ntS3E,4,14.828,22.153,,
Rt9rN1ntS3E,5,21.373,28.748,,
Rt9rN1ntS3E,6,27.748,30.883,,
Rt9rN1ntS3E,7,30.243,34.655,,
Rt9rN1ntS3E,8,33.775,35.972,,
Rt9rN1ntS3E,9,34.972,41.439,,
Rt9rN1ntS3E,10,40.439,45.55,,
Rt9rN1ntS3E,11,44.55,48.743,,
Rugd2NMu4bA,0,1.60770975057,11.0185941043,,
Rugd2NMu4bA,1,31.0408163265,43.3650793651,,
Rugd2NMu4bA,2,43.273015873,47.2961451247,,
Rugd2NMu4bA,3,49.3292517007,51.5764172336,,
Rugd2NMu4bA,4,13.9297052154,17.8031746032,,
Rugd2NMu4bA,5,18.6090702948,24.2884353741,,
RvIohowRPAk,0,-0.457596371882,8.14512471655,,
RvIohowRPAk,1,38.4340136054,40.7510204082,,
RvIohowRPAk,2,40.0603174603,50.1496598639,,
RvIohowRPAk,3,49.1496598639,51.6063492063,,
RvIohowRPAk,4,7.88344671202,15.2489795918,,
RvIohowRPAk,5,14.2489795918,17.9029478458,,
RvIohowRPAk,6,17.1723356009,24.9170068027,,
RvIohowRPAk,7,26.8503401361,29.5365079365,,
RvmTZVNAAuQ,0,67.997,73.197,,
RvmTZVNAAuQ,1,75.59,86.527,,
RvmTZVNAAuQ,2,16.424,23.44,,
RvmTZVNAAuQ,3,25.982,32.131,,
RvmTZVNAAuQ,4,43.283,52.933,,
Rw2pzFGosmw,0,0.0,5.711,,
Rw2pzFGosmw,1,16.224,20.367,,
Rw2pzFGosmw,2,19.547,23.939,,
Rw2pzFGosmw,3,23.029,25.895,,
Rw2pzFGosmw,4,24.895,31.881,,
Rw2pzFGosmw,5,42.106,48.653,,
Rw2pzFGosmw,6,47.873,53.253,,
RwcTz-tOIeo,0,0.0,7.457,,
RwcTz-tOIeo,1,6.876,14.281,,
RwcTz-tOIeo,2,13.71,23.939,,
RwcTz-tOIeo,3,29.953,36.64,,
Ry2NJPd4N3s,0,78.982,90.698,,
Ry2NJPd4N3s,1,97.729,107.24,,
Ry2NJPd4N3s,2,107.148,115.431,,
Ry2NJPd4N3s,3,115.01,127.234,,
Ry2NJPd4N3s,4,12.393,17.244,,
Ry2NJPd4N3s,5,175.912,183.157,,
Ry2NJPd4N3s,6,46.755,56.874,,
RzOFxDk26p0,0,0.0,8.075,,
RzOFxDk26p0,1,7.614,24.139,,
RzOFxDk26p0,2,23.139,33.956,,
RzOFxDk26p0,3,33.226,44.333,,
S0ecaAi_CJo,0,10.727,23.071,,
S0ecaAi_CJo,1,30.432,37.628,,
S21ApRNQ9Ko,0,0.0,12.076,,
S21ApRNQ9Ko,1,11.385,19.908,,
S21ApRNQ9Ko,2,89.388,97.732,,
S21ApRNQ9Ko,3,96.751,103.459,,
S21ApRNQ9Ko,4,18.998,29.287,,
S21ApRNQ9Ko,5,28.596,45.071,,
S2znq3iRPwE,0,0.0,8.095,,
S2znq3iRPwE,1,7.095,13.124,,
S2znq3iRPwE,2,41.268,45.351,,
S2znq3iRPwE,3,45.727,51.177,,
S2znq3iRPwE,4,51.035,63.07,,
S2znq3iRPwE,5,78.054,84.571,,
S2znq3iRPwE,6,85.537,98.22,,
S2znq3iRPwE,7,97.28,106.801,,
S2znq3iRPwE,8,34.084,41.839,,
S6S2XL0-ZpM,0,2.29727891156,3.26507936508,,
S8yP6lBOdKo,0,0.0,23.829,,
S9PDgK7fpJI,0,-0.487528344671,1.80952380952,,
S9PDgK7fpJI,1,0.80952380952,3.45578231293,,
S9PDgK7fpJI,2,35.2512471655,37.2589569161,,
S9PDgK7fpJI,3,49.379138322,52.0353741497,,
S9PDgK7fpJI,4,51.4045351474,54.6793650794,,
S9PDgK7fpJI,5,4.22176870748,8.59410430839,,
S9PDgK7fpJI,6,8.80136054422,11.4675736961,,
S9PDgK7fpJI,7,10.9265306122,13.0839002268,,
S9PDgK7fpJI,8,12.2934240363,16.6857142857,,
S9PDgK7fpJI,9,16.0548752834,22.3727891156,,
S9PDgK7fpJI,10,21.652154195,30.8934240363,,
S9PDgK7fpJI,11,30.9410430839,35.6725623583,,
SBFnCNzlynQ,0,0.0,14.64,,
SBFnCNzlynQ,1,15.247,18.581,,
SCXp4l0CO4s,0,139.205,154.602,,
SD6wphlw72U,0,0.0,20.916,,
SD6wphlw72U,1,27.08,32.091,,
SD6wphlw72U,2,31.091,36.8,,
SGsiGz2fdpo,0,0.51020408163,4.83265306122,,
SGsiGz2fdpo,1,39.2321995465,40.9904761905,,
SGsiGz2fdpo,2,39.9904761905,48.1941043084,,
SGsiGz2fdpo,3,47.6430839002,53.9410430839,,
SGsiGz2fdpo,4,53.5297052154,57.6326530612,,
SGsiGz2fdpo,5,56.812244898,61.4040816327,,
SGsiGz2fdpo,6,60.9727891156,65.6344671202,,
SGsiGz2fdpo,7,64.7442176871,73.5365079365,,
SGsiGz2fdpo,8,72.5863945578,80.2712018141,,
SGsiGz2fdpo,9,80.4385487528,84.8108843537,,
SGsiGz2fdpo,10,83.9605442177,86.7963718821,,
SGsiGz2fdpo,11,4.25170068027,10.7092970522,,
SGsiGz2fdpo,12,85.7963718821,90.2285714286,,
SGsiGz2fdpo,13,89.2585034014,93.1918367347,,
SGsiGz2fdpo,14,92.2816326531,95.1972789116,,
SGsiGz2fdpo,15,95.274829932,104.456235828,,
SGsiGz2fdpo,16,104.064852608,116.309297052,,
SGsiGz2fdpo,17,115.907936508,130.068027211,,
SGsiGz2fdpo,18,129.776417234,135.834920635,,
SGsiGz2fdpo,19,135.164172336,137.291609977,,
SGsiGz2fdpo,20,137.778231293,142.33015873,,
SGsiGz2fdpo,21,141.33015873,148.216780045,,
SGsiGz2fdpo,22,148.394104308,172.212244898,,
SGsiGz2fdpo,23,172.070294785,184.214965986,,
SGsiGz2fdpo,24,183.524263039,190.430839002,,
SGsiGz2fdpo,25,11.0562358277,18.0126984127,,
SGsiGz2fdpo,26,17.0126984127,23.3904761905,,
SGsiGz2fdpo,27,22.5201814059,28.8081632653,,
SGsiGz2fdpo,28,28.6063492063,33.7868480726,,
SGsiGz2fdpo,29,33.3854875283,37.1292517007,,
SGsiGz2fdpo,30,36.3188208617,39.8630385488,,
SH0OYx3fR7s,0,0.0,16.596,,
SH0OYx3fR7s,1,127.362,132.562,,
SH0OYx3fR7s,2,30.442,40.541,,
SH0OYx3fR7s,3,42.804,49.671,,
SH0OYx3fR7s,4,52.342,59.798,,
SH0wXyhsx9s,0,-0.487528344671,8.54421768707,,
SH0wXyhsx9s,1,7.87346938776,15.6480725624,,
SH0wXyhsx9s,2,46.1664399093,55.5074829932,,
SHa756SwGJQ,0,-0.487528344671,4.97233560091,,
SHa756SwGJQ,1,3.97233560091,11.2181405896,,
SHa756SwGJQ,2,10.2181405896,19.0303854875,,
SHa756SwGJQ,3,20.0058956916,27.5410430839,,
SHa756SwGJQ,4,27.2893424036,32.5596371882,,
SHa756SwGJQ,5,31.8390022676,37.7578231293,,
SHa756SwGJQ,6,37.3863945578,46.3183673469,,
SHa756SwGJQ,7,46.874829932,50.3492063492,,
SI39azgVUR8,0,6.237,15.758,,
SI39azgVUR8,1,65.542,72.589,,
SI39azgVUR8,2,15.456,19.489,,
SI39azgVUR8,3,18.489,26.354,,
SI39azgVUR8,4,25.683,35.263,,
SI39azgVUR8,5,34.762,47.156,,
SI39azgVUR8,6,51.454,60.396,,
SKTyBOhDX6U,0,1.62766439909,10.3002267574,,
SKTyBOhDX6U,1,40.5092970522,49.810430839,,
SKTyBOhDX6U,2,49.2693877551,56.0662131519,,
SKTyBOhDX6U,3,55.6149659864,59.8176870748,,
SKTyBOhDX6U,4,10.2680272109,17.114739229,,
SKTyBOhDX6U,5,16.6235827664,20.8362811791,,
SKTyBOhDX6U,6,20.325170068,23.5900226757,,
SKTyBOhDX6U,7,22.8893424036,28.1097505669,,
SKTyBOhDX6U,8,27.1097505669,34.4752834467,,
SKTyBOhDX6U,9,33.8244897959,41.1102040816,,
SLi2gT5H6m8,0,0.0,3.645,,
SLi2gT5H6m8,1,3.324,7.626,,
SLi2gT5H6m8,2,7.295,14.022,,
SLi2gT5H6m8,3,13.431,20.417,,
SLi2gT5H6m8,4,20.126,25.615,,
SLi2gT5H6m8,5,25.643,36.301,,
SLi2gT5H6m8,6,35.88,39.823,,
SLi2gT5H6m8,7,40.29,44.852,,
SLi2gT5H6m8,8,43.852,47.336,,
SLi2gT5H6m8,9,46.945,52.165,,
SMr2DprlLu4,0,31.131,36.311,,
SMzV26l6iA0,0,0.0,8.255,,
SMzV26l6iA0,1,50.177,57.882,,
SNBqe_JpZC4,0,25.883,30.744,,
SO53x_pbou8,0,9.699,26.434,,
SO53x_pbou8,1,26.741,42.168,,
SRP5FYP71Ng,0,64.335,71.99,,
SSNrLu-eZiM,0,1.029,10.989,,
STeqtJLakQQ,0,0.0,7.127,,
STeqtJLakQQ,1,6.407,14.062,,
STeqtJLakQQ,2,13.132,21.864,,
STeqtJLakQQ,3,20.864,27.95,,
STeqtJLakQQ,4,26.95,33.448,,
STeqtJLakQQ,5,32.717,40.272,,
STeqtJLakQQ,6,39.442,43.465,,
SWHmteF5Rlk,0,0.0,8.684,,
SWHmteF5Rlk,1,8.273,16.287,,
SWHmteF5Rlk,2,74.442,80.64,,
SWHmteF5Rlk,3,15.875,21.245,,
SWHmteF5Rlk,4,27.13,36.161,,
SWHmteF5Rlk,5,35.8,40.961,,
SWHmteF5Rlk,6,40.33,46.259,,
SWHmteF5Rlk,7,45.987,53.761,,
SWhfaL7AdEc,0,0.0,17.843,,
SWhfaL7AdEc,1,16.843,28.239,,
SWhfaL7AdEc,2,27.838,38.486,,
SWhfaL7AdEc,3,37.965,51.137,,
SWhfaL7AdEc,4,50.756,69.835,,
SWhfaL7AdEc,5,68.835,89.161,,
SWhfaL7AdEc,6,88.161,98.949,,
SWhfaL7AdEc,7,98.238,105.135,,
SWhfaL7AdEc,8,104.604,110.902,,
SYQ_zv8dWng,0,0.0,6.05,,
SYQ_zv8dWng,1,5.589,12.795,,
SYQ_zv8dWng,2,11.884,24.239,,
SYQ_zv8dWng,3,23.727,30.963,,
SYQ_zv8dWng,4,30.362,35.503,,
SYQ_zv8dWng,5,34.573,43.555,,
SYQ_zv8dWng,6,42.595,47.496,,
SYQ_zv8dWng,7,47.244,55.787,,
SYQ_zv8dWng,8,54.787,60.167,,
SYQ_zv8dWng,9,59.696,70.404,,
SYnygYs-fAg,0,13.391,25.146,,
SYnygYs-fAg,1,24.286,35.373,,
SYnygYs-fAg,2,98.827,108.178,,
SYnygYs-fAg,3,107.437,122.076,,
SYnygYs-fAg,4,121.645,125.648,,
SYnygYs-fAg,5,124.648,132.532,,
SYnygYs-fAg,6,131.692,137.681,,
SYnygYs-fAg,7,137.2,142.809,,
SYnygYs-fAg,8,34.373,39.793,,
SYnygYs-fAg,9,38.823,44.403,,
SYnygYs-fAg,10,43.912,50.439,,
SYnygYs-fAg,11,49.858,64.527,,
SYnygYs-fAg,12,63.527,67.6,,
SYnygYs-fAg,13,67.169,76.2,,
SYnygYs-fAg,14,75.57,92.863,,
SYnygYs-fAg,15,91.952,99.298,,
SZ7HK5ns6mE,0,0.0,11.637,,
SZ7HK5ns6mE,1,11.515,19.769,,
SZ7HK5ns6mE,2,85.437,91.995,,
SZ7HK5ns6mE,3,26.631,32.56,,
SZ7HK5ns6mE,4,32.288,39.185,,
SZ7HK5ns6mE,5,38.993,46.009,,
SZ7HK5ns6mE,6,55.914,69.615,,
SZ7HK5ns6mE,7,69.823,77.857,,
SZRxuS6fn9s,0,2.695,7.327,,
SZRxuS6fn9s,1,7.305,11.927,,
SZRxuS6fn9s,2,10.927,15.618,,
SZRxuS6fn9s,3,15.207,19.888,,
S_ISgjJR1bc,0,19.357,25.466,,
S_mxvk4LEh0,0,16.584,34.196,,
S_mxvk4LEh0,1,94.886,103.109,,
S_mxvk4LEh0,2,38.624,45.8,,
S_mxvk4LEh0,3,45.109,60.337,,
S_mxvk4LEh0,4,59.766,64.008,,
S_mxvk4LEh0,5,63.228,81.798,,
S_tGoxSEh5Y,0,68.536,81.219,,
SaNXCez-9iQ,0,0.0124716553288,5.01111111111,,
SaNXCez-9iQ,1,5.29047619048,9.28140589569,,
Sb2xMPwNKPo,0,0.0,6.908,,
Sb2xMPwNKPo,1,104.733,113.855,,
Sb2xMPwNKPo,2,113.064,117.287,,
Sb2xMPwNKPo,3,9.639,17.663,,
Sb2xMPwNKPo,4,27.489,33.378,,
Sb6ftNgzz9M,0,11.994,18.951,,
Sb6ftNgzz9M,1,18.599,28.519,,
Sb6ftNgzz9M,2,37.456,48.324,,
Sb6ftNgzz9M,3,47.503,59.429,,
Sglx7douG_4,0,8.053,28.868,,
Sglx7douG_4,1,28.267,54.27,,
ShgrdU9WAJE,0,0.0,7.906,,
ShgrdU9WAJE,1,7.544,14.391,,
ShgrdU9WAJE,2,80.169,87.215,,
ShgrdU9WAJE,3,91.234,96.684,,
ShgrdU9WAJE,4,98.966,104.965,,
ShgrdU9WAJE,5,103.965,114.354,,
ShgrdU9WAJE,6,15.596,22.902,,
ShgrdU9WAJE,7,123.291,129.789,,
ShgrdU9WAJE,8,145.92,149.903,,
ShgrdU9WAJE,9,31.48,39.783,,
ShgrdU9WAJE,10,39.242,44.802,,
ShgrdU9WAJE,11,44.181,49.89,,
ShgrdU9WAJE,12,68.955,74.025,,
Sir2QeCh4B0,0,-0.487528344671,7.87573696145,,
Sir2QeCh4B0,1,6.87573696145,9.83129251701,,
Sir2QeCh4B0,2,8.83129251701,15.1292517007,,
Sir2QeCh4B0,3,14.7578231293,21.5446712018,,
Sir2QeCh4B0,4,20.5446712018,25.9746031746,,
Sir2QeCh4B0,5,25.2839002268,31.79138322,,
Sir2QeCh4B0,6,31.1106575964,38.4961451247,,
Sir2QeCh4B0,7,52.641723356,58.5206349206,,
SmftC-VAfYQ,0,1.09886621315,33.1782312925,,
SmftC-VAfYQ,1,32.2081632653,46.9170068027,,
SmftC-VAfYQ,2,45.9170068027,64.6866213152,,
SmftC-VAfYQ,3,63.6866213152,75.033106576,,
SmftC-VAfYQ,4,74.033106576,76.9786848073,,
So3bPzg2bq0,0,43.8129251701,50.4578231293,,
So3bPzg2bq0,1,70.0632653061,77.1371882086,,
So3bPzg2bq0,2,77.3666666667,81.0682539683,,
So3bPzg2bq0,3,81.3775510204,89.1897959184,,
So3bPzg2bq0,4,89.1897959184,93.4900226757,,
So3bPzg2bq0,5,93.4900226757,94.5077097506,,
So3bPzg2bq0,6,6.71723356009,9.58072562358,,
Sq6DIhFxPqQ,0,0.0,10.151,,
Sq6DIhFxPqQ,1,9.39,17.025,,
Sq6DIhFxPqQ,2,16.025,24.698,,
Sq6DIhFxPqQ,3,48.531,52.824,,
SqAiJrvHXNA,0,0.0,45.919,,
SqAiJrvHXNA,1,44.919,66.443,,
SqAiJrvHXNA,2,184.063,188.435,,
SqAiJrvHXNA,3,187.435,196.607,,
SqAiJrvHXNA,4,65.473,91.156,,
SqAiJrvHXNA,5,90.346,105.693,,
SqAiJrvHXNA,6,104.803,109.026,,
SqAiJrvHXNA,7,108.176,116.738,,
SqAiJrvHXNA,8,116.377,151.06,,
SqAiJrvHXNA,9,150.06,161.716,,
SqAiJrvHXNA,10,160.716,174.627,,
SqAiJrvHXNA,11,173.627,184.744,,
SqofxdeEcjg,0,28.447,32.959,,
SqofxdeEcjg,1,33.246,60.416,,
SqofxdeEcjg,2,62.11,75.372,,
SqofxdeEcjg,3,74.931,81.538,,
SqofxdeEcjg,4,94.068,104.237,,
SqtZGF_f63s,0,63.268,72.12,,
SrMN3rwvCsE,0,0.0,6.519,,
SrMN3rwvCsE,1,5.958,15.668,,
SrMN3rwvCsE,2,24.037,30.424,,
SrMN3rwvCsE,3,29.514,36.032,,
SrMN3rwvCsE,4,35.122,41.459,,
SrMN3rwvCsE,5,40.619,48.005,,
SrMN3rwvCsE,6,47.274,52.774,,
StgqrTr0JqU,0,0.051,10.3,,
StgqrTr0JqU,1,10.029,21.116,,
StgqrTr0JqU,2,101.281,114.264,,
StgqrTr0JqU,3,113.354,119.312,,
StgqrTr0JqU,4,118.342,126.356,,
StgqrTr0JqU,5,20.784,32.999,,
StgqrTr0JqU,6,32.827,45.78,,
StgqrTr0JqU,7,45.668,56.425,,
StgqrTr0JqU,8,56.174,59.269,,
StgqrTr0JqU,9,58.289,78.376,,
StgqrTr0JqU,10,77.894,81.189,,
StgqrTr0JqU,11,80.189,88.014,,
StgqrTr0JqU,12,87.413,101.563,,
SuIcJvERiFk,0,0.0124716553288,8.07414965986,,
SuIcJvERiFk,1,29.7149659864,30.5929705215,,
SuKnUzid-1g,0,0.0,4.593,,
SuKnUzid-1g,1,17.99,25.566,,
SwT0gh0V8fI,0,10.338,18.731,,
SwT0gh0V8fI,1,78.942,87.305,,
SwT0gh0V8fI,2,86.525,96.155,,
SwT0gh0V8fI,3,123.411,128.551,,
SwT0gh0V8fI,4,129.916,135.486,,
SwT0gh0V8fI,5,134.546,145.653,,
SwT0gh0V8fI,6,144.653,152.218,,
SwT0gh0V8fI,7,151.218,171.534,,
SwT0gh0V8fI,8,170.534,179.795,,
SwT0gh0V8fI,9,17.731,25.885,,
SwT0gh0V8fI,10,178.795,195.918,,
SwT0gh0V8fI,11,195.427,204.01,,
SwT0gh0V8fI,12,212.598,222.588,,
SwT0gh0V8fI,13,49.948,55.208,,
SxbTZjZD0vU,0,0.0,2.109,,
SxbTZjZD0vU,1,1.558,5.621,,
SxbTZjZD0vU,2,5.19,11.877,,
SxbTZjZD0vU,3,11.914,21.814,,
SxbTZjZD0vU,4,21.752,25.815,,
SxbTZjZD0vU,5,25.444,27.89,,
SzJf6viBWBg,0,50.447,61.863,,
SzJf6viBWBg,1,6.507,10.729,,
SzJf6viBWBg,2,11.685,16.785,,
SzJf6viBWBg,3,16.065,25.705,,
SzJf6viBWBg,4,24.905,35.812,,
SzJf6viBWBg,5,34.812,41.759,,
T-8TvJcS78w,0,11.495,22.113,,
T-8TvJcS78w,1,36.279,54.051,,
T-8TvJcS78w,2,54.208,59.449,,
T-8TvJcS78w,3,59.287,71.561,,
T-8TvJcS78w,4,71.439,77.577,,
T-8TvJcS78w,5,77.415,84.631,,
T-8TvJcS78w,6,85.317,97.502,,
T-vqHR989bM,0,9.689,15.788,,
T-vqHR989bM,1,14.788,19.42,,
T1icdxz0TNs,0,0.0,9.981,,
T1icdxz0TNs,1,9.121,13.663,,
T4e4Ba1sRg0,0,0.0,12.236,,
T4e4Ba1sRg0,1,13.281,22.812,,
T4e4Ba1sRg0,2,24.137,30.863,,
T4e4Ba1sRg0,3,31.61,43.964,,
T4e4Ba1sRg0,4,64.764,71.611,,
T4e4Ba1sRg0,5,72.137,79.293,,
T4e4Ba1sRg0,6,85.457,106.452,,
TBCjKGYBNIo,0,0.64988662132,8.35464852608,,
TBCjKGYBNIo,1,7.95328798186,15.6181405896,,
TBCjKGYBNIo,2,89.6276643991,104.336507937,,
TBCjKGYBNIo,3,103.875283447,106.820861678,,
TBCjKGYBNIo,4,105.820861678,110.542403628,,
TBCjKGYBNIo,5,110.280725624,115.79047619,,
TBCjKGYBNIo,6,114.950113379,121.866666667,,
TBCjKGYBNIo,7,120.866666667,128.361904762,,
TBCjKGYBNIo,8,15.2866213152,17.4340136054,,
TBCjKGYBNIo,9,127.770975057,131.734240363,,
TBCjKGYBNIo,10,131.482539683,138.129705215,,
TBCjKGYBNIo,11,137.578684807,142.240362812,,
TBCjKGYBNIo,12,142.258049887,146.291156463,,
TBCjKGYBNIo,13,145.849886621,150.252154195,,
TBCjKGYBNIo,14,149.252154195,159.590929705,,
TBCjKGYBNIo,15,17.1124716553,41.5591836735,,
TBCjKGYBNIo,16,41.6167800454,44.1233560091,,
TBCjKGYBNIo,17,43.5523809524,49.8802721088,,
TBCjKGYBNIo,18,49.3492063492,57.8222222222,,
TBCjKGYBNIo,19,57.5804988662,67.4004535147,,
TBCjKGYBNIo,20,66.5301587302,79.2136054422,,
TBCjKGYBNIo,21,78.5229024943,89.6399092971,,
TBwetweXRb4,0,43.572,51.576,,
TBwetweXRb4,1,50.736,54.27,,
TBwetweXRb4,2,53.27,58.98,,
TFKgo5JlPro,0,0.0,19.08,,
TFKgo5JlPro,1,18.819,32.949,,
TH32jop4FiI,0,0.0,6.439,,
TH32jop4FiI,1,5.908,11.478,,
TH32jop4FiI,2,67.089,77.258,,
TH32jop4FiI,3,86.176,96.405,,
TH32jop4FiI,4,95.893,103.578,,
TH32jop4FiI,5,109.383,117.297,,
TH32jop4FiI,6,120.767,125.02,,
TH32jop4FiI,7,34.862,45.301,,
TH32jop4FiI,8,44.73,51.307,,
TH32jop4FiI,9,50.676,56.346,,
TH32jop4FiI,10,55.735,60.456,,
TH32jop4FiI,11,59.825,62.99,,
TJelZLbfT2A,0,0.290702947846,6.46893424036,,
TJelZLbfT2A,1,5.77823129252,13.8022675737,,
TJelZLbfT2A,2,65.6820861678,70.9124716553,,
TJelZLbfT2A,3,70.8503401361,77.8866213152,,
TJelZLbfT2A,4,13.0317460317,21.1056689342,,
TJelZLbfT2A,5,20.2353741497,25.8448979592,,
TJelZLbfT2A,6,24.9945578231,29.3968253968,,
TJelZLbfT2A,7,28.8458049887,40.3219954649,,
TJelZLbfT2A,8,39.8807256236,49.5709750567,,
TJelZLbfT2A,9,49.0,54.6494331066,,
TJelZLbfT2A,10,54.4575963719,63.8485260771,,
TLPlduck5II,0,0.0,8.774,,
TLPlduck5II,1,8.402,16.636,,
TLPlduck5II,2,17.192,24.688,,
TLPlduck5II,3,23.777,33.039,,
TLPlduck5II,4,32.039,36.042,,
TLPlduck5II,5,35.85,39.813,,
TM7cHOHfF70,0,0.0,8.215,,
TM7cHOHfF70,1,57.291,67.849,,
TM7cHOHfF70,2,71.18,83.973,,
TM7cHOHfF70,3,115.828,120.18,,
TM7cHOHfF70,4,130.734,136.893,,
TM7cHOHfF70,5,149.621,158.753,,
TM7cHOHfF70,6,27.848,33.388,,
TM7cHOHfF70,7,32.478,38.187,,
TM7cHOHfF70,8,37.805,44.083,,
TM7cHOHfF70,9,44.969,52.554,,
TNwwVWA-oAE,0,0.0,10.46,,
TNwwVWA-oAE,1,67.348,75.981,,
TNwwVWA-oAE,2,93.09,100.944,,
TNwwVWA-oAE,3,107.966,112.278,,
TNwwVWA-oAE,4,116.327,131.744,,
TNwwVWA-oAE,5,50.327,56.326,,
TO5HjoK8Iu8,0,87.383,95.686,,
TO5HjoK8Iu8,1,95.405,106.961,,
TO5HjoK8Iu8,2,106.599,112.568,,
TO5HjoK8Iu8,3,111.927,116.748,,
TO5HjoK8Iu8,4,116.477,134.478,,
TO5HjoK8Iu8,5,145.171,155.919,,
TO5HjoK8Iu8,6,13.85,22.572,,
TO5HjoK8Iu8,7,22.171,32.18,,
TO5HjoK8Iu8,8,63.657,69.745,,
TO5HjoK8Iu8,9,69.244,75.981,,
TO5HjoK8Iu8,10,75.45,87.854,,
TSDC7CCyeGY,0,0.69977324263,4.02448979592,,
TSDC7CCyeGY,1,3.47346938776,10.4099773243,,
TSDC7CCyeGY,2,9.40997732426,15.1292517007,,
TSDC7CCyeGY,3,14.1292517007,20.0081632653,,
TSDC7CCyeGY,4,19.0081632653,25.0766439909,,
TSDC7CCyeGY,5,24.2163265306,33.537414966,,
TUY83eDK5jc,0,3.364,11.029,,
TUY83eDK5jc,1,63.607,82.257,,
TUY83eDK5jc,2,96.402,100.336,,
TUY83eDK5jc,3,122.693,128.99,,
TUY83eDK5jc,4,129.238,151.948,,
TUY83eDK5jc,5,14.01,21.704,,
TUY83eDK5jc,6,21.433,31.233,,
TUY83eDK5jc,7,31.46,41.898,,
TUY83eDK5jc,8,47.294,58.74,,
TUzD45ghy4k,0,0.0,12.216,,
TVhXqAI9gyA,0,4.012,9.203,,
TVhXqAI9gyA,1,63.607,72.239,,
TVhXqAI9gyA,2,71.539,76.5,,
TVhXqAI9gyA,3,8.382,14.88,,
TVhXqAI9gyA,4,38.663,44.772,,
TWMFQED1Myk,0,0.0,3.885,,
TWMFQED1Myk,1,2.905,20.846,,
TWMFQED1Myk,2,19.846,23.141,,
TWMFQED1Myk,3,22.181,24.368,,
TWMFQED1Myk,4,23.568,28.928,,
TWMFQED1Myk,5,27.928,31.283,,
TWMFQED1Myk,6,30.572,38.726,,
TWMFQED1Myk,7,37.726,46.548,,
TWMFQED1Myk,8,45.638,50.589,,
TWMFQED1Myk,9,49.798,52.754,,
TWf0XFpXwfs,0,0.0,8.674,,
TWf0XFpXwfs,1,55.615,65.674,,
TWf0XFpXwfs,2,24.735,29.507,,
TWf0XFpXwfs,3,30.712,35.702,,
TWf0XFpXwfs,4,35.361,42.168,,
TWszOxkOV0w,0,26.84,43.674,,
TWszOxkOV0w,1,42.674,51.357,,
TWszOxkOV0w,2,50.606,55.747,,
TXCXFYIc3Yo,0,0.0,7.217,,
TXCXFYIc3Yo,1,7.993,13.483,,
TXCXFYIc3Yo,2,75.44,86.098,,
TXCXFYIc3Yo,3,110.281,117.686,,
TXCXFYIc3Yo,4,13.79,20.966,,
TXCXFYIc3Yo,5,20.455,36.311,,
TXCXFYIc3Yo,6,35.311,44.233,,
TXCXFYIc3Yo,7,46.805,54.31,,
TXCXFYIc3Yo,8,53.799,64.008,,
TXCXFYIc3Yo,9,63.756,70.633,,
TXCXFYIc3Yo,10,69.633,76.011,,
TXiOSZdaLJ8,0,27.14,42.677,,
TXiOSZdaLJ8,1,42.764,65.644,,
TXiOSZdaLJ8,2,67.139,85.12,,
TYJzg5IJN8o,0,0.0,7.556,,
TYJzg5IJN8o,1,6.856,17.394,,
TYJzg5IJN8o,2,82.564,92.184,,
TYJzg5IJN8o,3,91.583,104.406,,
TYJzg5IJN8o,4,109.941,117.417,,
TYJzg5IJN8o,5,34.832,44.014,,
TYJzg5IJN8o,6,60.195,68.528,,
TYJzg5IJN8o,7,67.907,74.953,,
TYJzg5IJN8o,8,75.57,82.985,,
TZXcQemh8n8,0,76.547,82.097,,
TZXcQemh8n8,1,148.394,153.016,,
Ta_IgA3XJ3s,0,44.52,50.828,,
Ta_IgA3XJ3s,1,85.727,93.97,,
Ta_IgA3XJ3s,2,5.609,10.26,,
Ta_IgA3XJ3s,3,94.058,102.022,,
Ta_IgA3XJ3s,4,110.82,117.237,,
Ta_IgA3XJ3s,5,132.42,137.022,,
TahiuVpcROM,0,33.056,46.717,,
TbZPa_keawc,0,9.22154195011,15.1580498866,,
TbZPa_keawc,1,61.2532879819,69.5444444444,,
TbZPa_keawc,2,70.0233560091,75.8900226757,,
TbZPa_keawc,3,77.077324263,77.606122449,,
TbZPa_keawc,4,20.3861678005,35.6614512472,,
TbZPa_keawc,5,51.5353741497,56.0750566893,,
TcTGCIh6e5s,0,0.0,11.827,,
TcTGCIh6e5s,1,11.954,15.558,,
TcTGCIh6e5s,2,32.248,38.237,,
TcTGCIh6e5s,3,37.756,40.192,,
TcTGCIh6e5s,4,39.611,46.408,,
TcTGCIh6e5s,5,45.777,54.031,,
TcTGCIh6e5s,6,54.946,58.151,,
TdCfpMRiA1c,0,0.56009070295,3.22630385488,,
TdCfpMRiA1c,1,2.22630385488,9.74149659864,,
TdCfpMRiA1c,2,8.74149659864,13.3732426304,,
TdCfpMRiA1c,3,21.7319727891,26.0544217687,,
TdCfpMRiA1c,4,25.1641723356,33.3678004535,,
TdCfpMRiA1c,5,33.0562358277,39.4839002268,,
TdCfpMRiA1c,6,39.0426303855,45.410430839,,
TdCfpMRiA1c,7,45.3482993197,48.9324263039,,
Tdw0fJt0lco,0,0.0,9.502,,
Tdw0fJt0lco,1,8.502,24.069,,
Te-vgmYgGM4,0,21.163,31.183,,
TfBVq9oWBmM,0,7.285,13.772,,
TfBVq9oWBmM,1,13.561,23.959,,
Tiq67-bAV3M,0,-0.487528344671,4.19410430839,,
Tiq67-bAV3M,1,3.45351473923,7.63628117914,,
Tiq67-bAV3M,2,6.90566893424,17.4140589569,,
Tiq67-bAV3M,3,32.2380952381,45.0213151927,,
Tiq67-bAV3M,4,44.0811791383,50.6385487528,,
Tiq67-bAV3M,5,50.3968253968,58.7102040816,,
TksWzxo81Mk,0,1.099,11.248,,
TksWzxo81Mk,1,10.857,19.918,,
TksWzxo81Mk,2,19.507,28.449,,
TksWzxo81Mk,3,27.908,44.083,,
TksWzxo81Mk,4,43.083,51.646,,
TksWzxo81Mk,5,50.906,60.346,,
TksWzxo81Mk,6,59.736,68.358,,
TksWzxo81Mk,7,67.847,73.407,,
Tpdqfpuumg4,0,0.0,8.714,,
Tpdqfpuumg4,1,84.29,91.975,,
TqMh7U3J4D4,0,30.153,38.746,,
TqMh7U3J4D4,1,48.302,56.735,,
TqMh7U3J4D4,2,59.736,66.073,,
TqQgIxR7thU,0,0.0,7.377,,
TsfyeZ8hgwE,0,3.723,10.35,,
TsfyeZ8hgwE,1,9.45,18.551,,
TsfyeZ8hgwE,2,18.14,26.424,,
TtAyUQtmTLk,0,2.605,24.857,,
TtAyUQtmTLk,1,24.486,34.425,,
TtAyUQtmTLk,2,34.194,56.625,,
TtAyUQtmTLk,3,68.556,79.962,,
TtAyUQtmTLk,4,78.962,99.547,,
TwFl4epL244,0,-0.487528344671,4.5433106576,,
TwFl4epL244,1,3.85260770975,13.2535147392,,
TwFl4epL244,2,12.2535147392,14.8299319728,,
TwFl4epL244,3,14.5183673469,23.8693877551,,
TwFl4epL244,4,24.0566893424,28.9278911565,,
TwFl4epL244,5,28.0975056689,36.989569161,,
TwFl4epL244,6,35.989569161,41.5192743764,,
TwFl4epL244,7,40.5192743764,45.4204081633,,
TwTLsgfpKvA,0,0.0,4.972,,
TwTLsgfpKvA,1,4.511,8.454,,
TwTLsgfpKvA,2,7.484,11.737,,
TwTLsgfpKvA,3,11.066,18.881,,
TwTLsgfpKvA,4,18.37,21.624,,
TwTLsgfpKvA,5,20.754,27.222,,
TwTLsgfpKvA,6,26.461,50.339,,
TwTLsgfpKvA,7,49.868,75.372,,
TwTLsgfpKvA,8,74.911,83.873,,
TwTLsgfpKvA,9,84.01,88.483,,
TxJjAK0WrOY,0,51.085,61.534,,
TxJjAK0WrOY,1,86.265,91.446,,
TxRS6vJ9ak0,0,-0.487528344671,3.19637188209,,
TxRS6vJ9ak0,1,2.20634920635,9.32244897959,,
TxRS6vJ9ak0,2,8.32244897959,11.537414966,,
TxRS6vJ9ak0,3,11.2258503401,32.7591836735,,
TxRS6vJ9ak0,4,32.2081632653,42.7365079365,,
TxRS6vJ9ak0,5,42.0757369615,46.4480725624,,
TxRS6vJ9ak0,6,45.7174603175,52.693877551,,
TxRtSItpGMo,0,0.0,7.606,,
TxRtSItpGMo,1,15.905,24.608,,
TxRtSItpGMo,2,27.569,32.51,,
TxRtSItpGMo,3,38.584,47.156,,
TxRtSItpGMo,4,46.156,54.55,,
U-KihZeIfKI,0,-0.377777777778,4.06439909297,,
U-KihZeIfKI,1,3.06439909297,8.91337868481,,
U-KihZeIfKI,2,65.6022675737,72.0897959184,,
U-KihZeIfKI,3,71.4888888889,80.7401360544,,
U-KihZeIfKI,4,79.7600907029,88.462585034,,
U-KihZeIfKI,5,87.8916099773,92.7727891156,,
U-KihZeIfKI,6,91.8825396825,98.3301587302,,
U-KihZeIfKI,7,97.8090702948,112.039002268,,
U-KihZeIfKI,8,111.20861678,119.013151927,,
U-KihZeIfKI,9,118.202721088,124.770068027,,
U-KihZeIfKI,10,124.219047619,140.564172336,,
U-KihZeIfKI,11,139.564172336,154.961451247,,
U-KihZeIfKI,12,8.39229024943,24.7873015873,,
U-KihZeIfKI,13,154.46031746,166.046258503,,
U-KihZeIfKI,14,165.106122449,171.553741497,,
U-KihZeIfKI,15,170.98276644,176.961451247,,
U-KihZeIfKI,16,175.961451247,181.062131519,,
U-KihZeIfKI,17,180.46122449,188.325623583,,
U-KihZeIfKI,18,187.844444444,191.308843537,,
U-KihZeIfKI,19,24.685260771,34.4353741497,,
U-KihZeIfKI,20,33.8843537415,39.7034013605,,
U-KihZeIfKI,21,39.1623582766,51.0675736961,,
U-KihZeIfKI,22,50.556462585,59.6979591837,,
U-KihZeIfKI,23,59.2566893424,66.3628117914,,
U2Ydtq6qvL0,0,0.0,4.553,,
U2Ydtq6qvL0,1,4.042,8.265,,
U2Ydtq6qvL0,2,19.048,24.867,,
U2Ydtq6qvL0,3,30.751,35.633,,
U2Ydtq6qvL0,4,35.002,43.934,,
U4-u5NZLA_w,0,5.659,11.917,,
U4-u5NZLA_w,1,45.977,51.656,,
U6IqFbpM-VM,0,0.0,7.716,,
U6IqFbpM-VM,1,8.053,13.932,,
U8Ewftg_8CI,0,11.066,17.284,,
U8Ewftg_8CI,1,49.948,53.522,,
U8Ewftg_8CI,2,52.702,61.953,,
U8Ewftg_8CI,3,63.986,74.654,,
U8Ewftg_8CI,4,16.354,23.889,,
U8Ewftg_8CI,5,25.084,30.245,,
U8Ewftg_8CI,6,35.351,40.202,,
U8Ewftg_8CI,7,39.202,50.778,,
U8VYG_g6yVE,0,94.3979591837,95.6650793651,,
U8VYG_g6yVE,1,16.006122449,32.5784580499,,
U8VYG_g6yVE,2,61.0836734694,72.2283446712,,
U8VYG_g6yVE,3,86.3163265306,94.0487528345,,
UF9OlX-QNHU,0,8.861,17.793,,
UF9OlX-QNHU,1,37.386,44.732,,
UKVwc6I06x8,0,0.0,7.078,,
UKVwc6I06x8,1,21.343,26.124,,
UKVwc6I06x8,2,25.603,42.317,,
UK_IXtJ2BqI,0,0.76961451247,3.15646258503,,
UK_IXtJ2BqI,1,30.5319727891,34.3954648526,,
UK_IXtJ2BqI,2,33.4653061224,43.5247165533,,
UK_IXtJ2BqI,3,43.3628117914,51.3768707483,,
UK_IXtJ2BqI,4,50.706122449,53.2526077098,,
UK_IXtJ2BqI,5,52.2526077098,57.1637188209,,
UK_IXtJ2BqI,6,56.473015873,60.2068027211,,
UK_IXtJ2BqI,7,59.7056689342,67.5900226757,,
UK_IXtJ2BqI,8,67.2285714286,73.8258503401,,
UK_IXtJ2BqI,9,73.4843537415,84.6612244898,,
UK_IXtJ2BqI,10,2.15646258503,7.98548752834,,
UK_IXtJ2BqI,11,7.54421768707,11.9365079365,,
UK_IXtJ2BqI,12,11.2158730159,15.0195011338,,
UK_IXtJ2BqI,13,14.0195011338,17.0249433107,,
UK_IXtJ2BqI,14,16.5537414966,19.8984126984,,
UK_IXtJ2BqI,15,18.8984126984,21.6843537415,,
UK_IXtJ2BqI,16,21.2231292517,25.7052154195,,
UK_IXtJ2BqI,17,25.3736961451,31.1328798186,,
ULkFbie8g-I,0,0.271,5.92,,
ULkFbie8g-I,1,4.92,16.945,,
ULkFbie8g-I,2,15.945,34.765,,
ULtBuI6nMaY,0,9.47,29.566,,
ULtBuI6nMaY,1,113.743,127.075,,
ULtBuI6nMaY,2,41.966,52.135,,
ULtBuI6nMaY,3,51.604,63.21,,
ULtBuI6nMaY,4,69.962,94.319,,
ULtBuI6nMaY,5,93.639,99.557,,
UNLD7eYPzfQ,0,50.397,60.845,,
UNLD7eYPzfQ,1,33.246,39.304,,
UPghCarcnMc,0,0.0,4.404,,
UPghCarcnMc,1,3.404,10.001,,
UPghCarcnMc,2,9.001,17.723,,
UPghCarcnMc,3,16.723,25.226,,
UPghCarcnMc,4,24.226,32.709,,
UPghCarcnMc,5,31.789,40.452,,
UPghCarcnMc,6,39.891,50.479,,
URP2YlSNuZ4,0,44.79,57.663,,
URP2YlSNuZ4,1,71.249,77.448,,
USkMa4Evv7U,0,12.064,19.849,,
USkMa4Evv7U,1,35.88,40.252,,
USkMa4Evv7U,2,39.252,50.379,,
UTErYLpdAY0,0,22.121,37.648,,
UTNP1roJV3I,0,0.0,4.813,,
UTNP1roJV3I,1,15.117,18.122,,
UTNP1roJV3I,2,17.651,26.623,,
UTNP1roJV3I,3,27.01,30.834,,
UTNP1roJV3I,4,48.82,52.255,,
UUukBV82P9A,0,1.528,4.064,,
UUukBV82P9A,1,37.247,42.497,,
UUukBV82P9A,2,41.497,49.661,,
UUukBV82P9A,3,49.259,54.44,,
UUukBV82P9A,4,3.064,8.145,,
UUukBV82P9A,5,7.185,12.376,,
UUukBV82P9A,6,11.705,15.508,,
UUukBV82P9A,7,14.678,21.006,,
UUukBV82P9A,8,20.265,24.009,,
UUukBV82P9A,9,23.398,31.602,,
UUukBV82P9A,10,30.602,34.914,,
UUukBV82P9A,11,33.914,37.917,,
UXvMaHD9kmA,0,42.295,46.009,,
UXvMaHD9kmA,1,45.009,48.743,,
UXvMaHD9kmA,2,55.844,67.889,,
UXvMaHD9kmA,3,66.889,74.245,,
UXvMaHD9kmA,4,74.592,78.306,,
UXvMaHD9kmA,5,77.775,88.044,,
UXvMaHD9kmA,6,87.702,102.561,,
UXvMaHD9kmA,7,5.708,13.762,,
UXvMaHD9kmA,8,118.302,126.356,,
UXvMaHD9kmA,9,126.175,137.202,,
UXvMaHD9kmA,10,137.13,141.342,,
UXvMaHD9kmA,11,140.781,148.516,,
UXvMaHD9kmA,12,13.63,21.515,,
UXvMaHD9kmA,13,20.515,28.549,,
UXvMaHD9kmA,14,34.962,39.683,,
Ua4g9q0r-dI,0,13.431,20.856,,
Ua4g9q0r-dI,1,61.601,65.585,,
Ua4g9q0r-dI,2,68.156,77.428,,
Ua4g9q0r-dI,3,76.488,83.913,,
Ua4g9q0r-dI,4,83.392,91.426,,
Ua4g9q0r-dI,5,20.056,25.336,,
Ua4g9q0r-dI,6,104.035,110.333,,
Ua4g9q0r-dI,7,116.656,122.695,,
Ua4g9q0r-dI,8,122.004,128.412,,
Ua4g9q0r-dI,9,127.781,134.438,,
Ua4g9q0r-dI,10,136.022,140.095,,
Ua4g9q0r-dI,11,139.564,146.86,,
Ua4g9q0r-dI,12,170.374,175.355,,
Ua4g9q0r-dI,13,28.217,36.102,,
Ua4g9q0r-dI,14,35.451,43.634,,
Ua4g9q0r-dI,15,42.994,50.678,,
Ua4g9q0r-dI,16,53.57,61.943,,
Uc-0G7RRxoY,0,71.17,79.683,,
Uc-0G7RRxoY,1,79.052,83.783,,
Uc-0G7RRxoY,2,22.55,27.102,,
UcINGGuysBE,0,0.0,7.616,,
UcINGGuysBE,1,6.746,10.22,,
UcINGGuysBE,2,26.082,31.831,,
UcINGGuysBE,3,31.31,34.695,,
UcINGGuysBE,4,34.473,41.11,,
UcINGGuysBE,5,40.739,45.291,,
UcINGGuysBE,6,45.099,51.227,,
UcINGGuysBE,7,50.487,54.829,,
UcV-bpksJi0,0,10.318,14.86,,
UcV-bpksJi0,1,14.149,19.35,,
UcV-bpksJi0,2,18.978,23.47,,
Uc_6d-fkZEc,0,24.695,28.958,,
Uc_6d-fkZEc,1,27.958,39.753,,
Uc_6d-fkZEc,2,56.513,62.781,,
UeOIb6s0pVM,0,0.0,6.798,,
UeOIb6s0pVM,1,5.938,12.206,,
UeOIb6s0pVM,2,49.788,56.465,,
UeOIb6s0pVM,3,11.495,18.791,,
UeOIb6s0pVM,4,18.13,21.445,,
UeOIb6s0pVM,5,20.565,27.96,,
UeOIb6s0pVM,6,27.559,33.278,,
UeOIb6s0pVM,7,32.358,35.104,,
UeOIb6s0pVM,8,34.154,39.224,,
UeOIb6s0pVM,9,38.574,45.021,,
UeOIb6s0pVM,10,44.021,50.479,,
UfLMdSGGQVw,0,-0.487528344671,5.37142857143,,
UfLMdSGGQVw,1,4.37142857143,11.2979591837,,
UfLMdSGGQVw,2,50.9655328798,56.1560090703,,
UfLMdSGGQVw,3,10.6371882086,21.1854875283,,
UfLMdSGGQVw,4,20.3750566893,24.358276644,,
UfLMdSGGQVw,5,23.547845805,30.9433106576,,
UfLMdSGGQVw,6,32.387755102,37.7578231293,,
UfLMdSGGQVw,7,36.9873015873,39.7133786848,,
UfLMdSGGQVw,8,38.7832199546,45.0412698413,,
UfLMdSGGQVw,9,44.0412698413,51.7160997732,,
UgTM9y2rD38,0,0.0,5.551,,
UgTM9y2rD38,1,4.8,12.565,,
UgTM9y2rD38,2,11.565,16.337,,
UiPmjKggv1s,0,41.288,55.587,,
Uiq0lf9ibF8,0,6.906,10.051,,
UiurP5k-f1A,0,11.924,17.175,,
UiurP5k-f1A,1,16.534,25.566,,
UiurP5k-f1A,2,36.0,45.51,,
UjT8pHMN8Q8,0,10.498,16.845,,
UjT8pHMN8Q8,1,70.112,75.502,,
UjqA6KVW2m8,0,0.0,2.109,,
UjqA6KVW2m8,1,46.196,52.165,,
UjqA6KVW2m8,2,51.165,57.792,,
UjqA6KVW2m8,3,12.633,14.95,,
UjqA6KVW2m8,4,14.0,16.267,,
UjqA6KVW2m8,5,15.267,21.764,,
UjqA6KVW2m8,6,20.764,26.414,,
UjqA6KVW2m8,7,37.057,39.215,,
UjqA6KVW2m8,8,38.215,44.772,,
UjqA6KVW2m8,9,43.852,47.196,,
UkqTwAuA8jI,0,0.101133786848,8.78367346939,,
UkqTwAuA8jI,1,8.31247165533,13.7723356009,,
UkqTwAuA8jI,2,15.4562358277,17.6734693878,,
UkqTwAuA8jI,3,29.1750566893,41.4594104308,,
UlTJmndbGHM,0,-0.018594104308,11.7469387755,,
UlTJmndbGHM,1,10.7469387755,17.4639455782,,
UlTJmndbGHM,2,17.2920634921,23.9092970522,,
UlTJmndbGHM,3,22.9691609977,30.085260771,,
UlTJmndbGHM,4,31.4,40.9405895692,,
UlTJmndbGHM,5,39.9405895692,44.5424036281,,
UmB5c_QqUPs,0,15.217,21.734,,
UmB5c_QqUPs,1,112.955,127.993,,
UmB5c_QqUPs,2,128.888,133.211,,
UmB5c_QqUPs,3,133.298,138.1,,
UmB5c_QqUPs,4,138.078,148.307,,
UmB5c_QqUPs,5,148.703,162.574,,
UmB5c_QqUPs,6,163.19,178.478,,
UmB5c_QqUPs,7,22.041,34.435,,
UmB5c_QqUPs,8,35.521,46.298,,
UmB5c_QqUPs,9,46.296,67.56,,
UmB5c_QqUPs,10,78.722,85.41,,
UmB5c_QqUPs,11,90.366,101.493,,
UmB5c_QqUPs,12,101.77,106.242,,
UtjenieM1Ak,0,0.0,5.711,,
UtjenieM1Ak,1,19.278,34.435,,
UtjenieM1Ak,2,54.727,58.96,,
UtuTyW9pUN8,0,0.190929705215,8.64399092971,,
UtuTyW9pUN8,1,8.32244897959,18.4117913832,,
UtuTyW9pUN8,2,17.6512471655,20.6068027211,,
UtuTyW9pUN8,3,20.2752834467,24.3882086168,,
UtuTyW9pUN8,4,23.5977324263,29.7560090703,,
UtuTyW9pUN8,5,28.8757369615,37.0893424036,,
UtuTyW9pUN8,6,36.5383219955,43.5047619048,,
UtuTyW9pUN8,7,44.0213151927,51.746031746,,
UuR4Rw38v_U,0,0.77,13.653,,
UuR4Rw38v_U,1,20.225,50.589,,
UuR4Rw38v_U,2,77.904,101.583,,
Uu_XyXyKHAk,0,40.789,47.905,,
UvniNGPyeBc,0,0.0,1.909,,
UvniNGPyeBc,1,39.232,48.693,,
Uw1nWfSuyo8,0,8.352,15.668,,
Uw1nWfSuyo8,1,35.83,43.764,,
UweZVaFqruU,0,0.87936507937,9.12290249433,,
UweZVaFqruU,1,8.95102040816,12.5950113379,,
UweZVaFqruU,2,12.0340136054,21.9836734694,,
UweZVaFqruU,3,21.3827664399,35.2734693878,,
UweZVaFqruU,4,34.5727891156,48.1741496599,,
UweZVaFqruU,5,47.7029478458,52.0752834467,,
UweZVaFqruU,6,52.262585034,73.9256235828,,
UweZVaFqruU,7,73.4544217687,87.5047619048,,
UweZVaFqruU,8,86.7741496599,95.8258503401,,
V0SvSPkiJUY,0,-0.467573696145,5.22176870748,,
V0SvSPkiJUY,1,4.22176870748,8.35464852608,,
V0SvSPkiJUY,2,36.4884353741,45.8095238095,,
V0SvSPkiJUY,3,45.7074829932,54.8789115646,,
V0SvSPkiJUY,4,7.46439909297,12.714739229,,
V0SvSPkiJUY,5,12.812244898,16.4562358277,,
V0SvSPkiJUY,6,15.4562358277,21.3551020408,,
V0SvSPkiJUY,7,20.3950113379,29.9256235828,,
V0SvSPkiJUY,8,31.4798185941,36.0916099773,,
V27mmEkN80g,0,0.0,6.778,,
V2X1NU5RkwY,0,-0.467573696145,4.18412698413,,
V2X1NU5RkwY,1,3.94240362812,13.2934240363,,
V2X1NU5RkwY,2,12.3931972789,20.4072562358,,
V2X1NU5RkwY,3,19.4770975057,28.2494331066,,
V2X1NU5RkwY,4,39.4816326531,44.3229024943,,
V2X1NU5RkwY,5,43.3229024943,47.3360544218,,
V2X1NU5RkwY,6,47.1242630385,53.2825396825,,
V5lfNohNlEg,0,0.0,9.632,,
V7OFSHYcQD0,0,54.807,60.516,,
VA6lVHlj5d0,0,0.0,3.266,,
VA6lVHlj5d0,1,2.266,7.556,,
VA6lVHlj5d0,2,7.584,16.017,,
VA6lVHlj5d0,3,16.693,21.146,,
VA6lVHlj5d0,4,20.654,29.417,,
VA6lVHlj5d0,5,28.766,33.557,,
VA6lVHlj5d0,6,32.907,40.112,,
VAFdgtqZz4g,0,0.0,5.611,,
VAFdgtqZz4g,1,43.054,47.566,,
VAFdgtqZz4g,2,46.855,68.169,,
VAXhC2U9-2A,0,0.0,16.137,,
VAr7gJydnys,0,-0.487528344671,10.4,,
VAr7gJydnys,1,10.537414966,15.0195011338,,
VAr7gJydnys,2,123.919727891,129.209977324,,
VAr7gJydnys,3,128.209977324,145.882086168,,
VAr7gJydnys,4,146.368707483,149.274376417,,
VAr7gJydnys,5,148.424036281,159.351473923,,
VAr7gJydnys,6,158.351473923,176.712018141,,
VAr7gJydnys,7,176.749659864,184.923356009,,
VAr7gJydnys,8,184.342403628,190.281179138,,
VAr7gJydnys,9,190.049433107,205.346938776,,
VAr7gJydnys,10,15.4362811791,27.4512471655,,
VAr7gJydnys,11,27.6585034014,50.0099773243,,
VAr7gJydnys,12,49.0099773243,61.7632653061,,
VAr7gJydnys,13,62.2598639456,69.9546485261,,
VAr7gJydnys,14,70.3115646259,74.3546485261,,
VAr7gJydnys,15,73.6439909297,86.1079365079,,
VAr7gJydnys,16,87.2929705215,104.62585034,,
VAr7gJydnys,17,105.172335601,123.662585034,,
VCIe-4p0xoM,0,98.547,106.152,,
VDjnKdFxuBE,0,0.0,11.358,,
VDkBM0ZG4q8,0,-0.487528344671,4.19410430839,,
VDkBM0ZG4q8,1,3.3537414966,11.9664399093,,
VDkBM0ZG4q8,2,48.5111111111,53.452154195,,
VDkBM0ZG4q8,3,11.146031746,16.8453514739,,
VDkBM0ZG4q8,4,15.8453514739,21.1555555556,,
VDkBM0ZG4q8,5,20.2353741497,24.9070294785,,
VDkBM0ZG4q8,6,24.0068027211,31.601814059,,
VDkBM0ZG4q8,7,30.601814059,39.2743764172,,
VDkBM0ZG4q8,8,38.2743764172,44.4725623583,,
VIVkYG31Oas,0,0.0,6.259,,
VLQgw-88v4Q,0,-0.3179138322,13.9918367347,,
VLQgw-88v4Q,1,72.2870748299,78.8344671202,,
VLQgw-88v4Q,2,78.1038548753,90.1287981859,,
VLQgw-88v4Q,3,13.1614512472,23.0113378685,,
VLQgw-88v4Q,4,22.3505668934,31.2925170068,,
VLQgw-88v4Q,5,31.6693877551,40.3319727891,,
VLQgw-88v4Q,6,39.6512471655,54.0907029478,,
VLQgw-88v4Q,7,53.3301587302,66.1433106576,,
VLQgw-88v4Q,8,65.2829931973,73.1174603175,,
VN1IPN1TL3Q,0,0.0124716553288,18.5403628118,,
VN1IPN1TL3Q,1,31.0718820862,35.2224489796,,
VN1IPN1TL3Q,2,35.6115646259,36.1902494331,,
VS7xSvno7NA,0,5.289,20.407,,
VS7xSvno7NA,1,105.342,114.454,,
VS7xSvno7NA,2,113.454,116.818,,
VS7xSvno7NA,3,115.818,120.071,,
VS7xSvno7NA,4,41.128,53.143,,
VS7xSvno7NA,5,53.26,62.871,,
VS7xSvno7NA,6,62.908,77.657,,
VS7xSvno7NA,7,85.637,91.256,,
VUrTT7xsrec,0,6.327,13.323,,
VUrTT7xsrec,1,23.099,36.71,,
VUrTT7xsrec,2,39.611,42.826,,
VVZLA2neYyw,0,11.545,28.818,,
VVZLA2neYyw,1,27.818,34.186,,
VVZLA2neYyw,2,33.186,42.208,,
VVtx4IDsHZA,0,37.735600907,42.1977324263,,
VWik5oKP6IU,0,-0.487528344671,3.23628117914,,
VWik5oKP6IU,1,2.82494331066,12.8743764172,,
VWik5oKP6IU,2,50.3768707483,54.2802721088,,
VWik5oKP6IU,3,14.6680272109,17.0249433107,,
VWik5oKP6IU,4,18.2399092971,24.3383219955,,
VWik5oKP6IU,5,24.5755102041,27.39138322,,
VWik5oKP6IU,6,27.7183673469,35.8920634921,,
VWik5oKP6IU,7,36.0095238095,46.2884353741,,
VWik5oKP6IU,8,46.49569161,50.4589569161,,
VXy21GwGs8o,0,0.0,7.896,,
VXy21GwGs8o,1,24.037,35.074,,
VZqkWIPmH6w,0,3.473,12.455,,
VZqkWIPmH6w,1,116.736,127.224,,
VZqkWIPmH6w,2,147.815,157.446,,
VZqkWIPmH6w,3,163.889,173.749,,
VZqkWIPmH6w,4,11.455,26.384,,
VZqkWIPmH6w,5,36.688,46.588,,
VZqkWIPmH6w,6,61.561,69.795,,
VZqkWIPmH6w,7,71.429,76.27,,
VZqkWIPmH6w,8,75.38,88.193,,
VZqkWIPmH6w,9,87.193,101.403,,
Va54WZgPTdY,0,8.98095238095,15.2390022676,,
Va54WZgPTdY,1,15.3863945578,23.0013605442,,
Va54WZgPTdY,2,23.2285714286,29.0077097506,,
Va54WZgPTdY,3,29.0553287982,39.9328798186,,
Va54WZgPTdY,4,40.6390022676,57.0639455782,,
VbSsGRXIwjc,0,4.132,10.131,,
VbSsGRXIwjc,1,47.164,59.868,,
VbV9S4svrTg,0,0.62993197279,15.4684807256,,
VbV9S4svrTg,1,15.3664399093,25.6154195011,,
VbV9S4svrTg,2,73.5541950113,79.7124716553,,
VbV9S4svrTg,3,78.8820861678,81.0793650794,,
VbV9S4svrTg,4,80.7179138322,93.9501133787,,
VbV9S4svrTg,5,93.7782312925,96.3047619048,,
VbV9S4svrTg,6,97.819047619,99.8866213152,,
VbV9S4svrTg,7,25.6031746032,33.1283446712,,
VbV9S4svrTg,8,32.6371882086,36.8498866213,,
VbV9S4svrTg,9,37.0272108844,39.7931972789,,
VbV9S4svrTg,10,40.1002267574,45.0512471655,,
VbV9S4svrTg,11,44.6199546485,54.5396825397,,
VbV9S4svrTg,12,54.5174603175,57.6526077098,,
VbV9S4svrTg,13,57.2811791383,62.6013605442,,
VbV9S4svrTg,14,61.6412698413,73.8158730159,,
VbmSzYg_lmg,0,5.938,10.58,,
VcZffwwL0bw,0,8.72154195011,16.9650793651,,
VcZffwwL0bw,1,16.1746031746,23.8893424036,,
VcZffwwL0bw,2,22.8893424036,31.79138322,,
VcZffwwL0bw,3,30.9609977324,36.5206349206,,
VcZffwwL0bw,4,35.6702947846,40.2920634921,,
VcZffwwL0bw,5,49.2693877551,54.589569161,,
VcZffwwL0bw,6,53.6793650794,58.1714285714,,
Vdf1McvE9ao,0,0.0,6.16,,
Vdf1McvE9ao,1,56.453,61.793,,
Vdf1McvE9ao,2,61.512,67.221,,
Vdf1McvE9ao,3,80.229,86.317,,
Vdf1McvE9ao,4,85.816,94.629,,
Vdf1McvE9ao,5,94.427,100.425,,
Vdf1McvE9ao,6,100.194,105.873,,
Vdf1McvE9ao,7,105.811,114.144,,
Vdf1McvE9ao,8,113.883,123.742,,
Vdf1McvE9ao,9,9.091,13.074,,
Vdf1McvE9ao,10,23.388,32.031,,
Vdf1McvE9ao,11,37.097,43.664,,
Vdf1McvE9ao,12,51.325,56.705,,
Ve-mmCM8TI0,0,80.459,87.096,,
Ve-mmCM8TI0,1,94.307,106.172,,
Ve-mmCM8TI0,2,105.571,109.345,,
Ve-mmCM8TI0,3,12.144,20.058,,
Ve-mmCM8TI0,4,20.096,28.928,,
Ve-mmCM8TI0,5,28.247,35.772,,
Ve-mmCM8TI0,6,35.75,49.601,,
Ve-mmCM8TI0,7,49.259,56.894,,
Ve-mmCM8TI0,8,57.9,66.612,,
Ve-mmCM8TI0,9,71.21,76.57,,
VgqI1KRnDSw,0,0.0,10.3,,
VgqI1KRnDSw,1,9.49,13.353,,
VgqI1KRnDSw,2,17.951,21.605,,
VgqI1KRnDSw,3,25.314,40.242,,
VhKJm_jiciU,0,83.432,89.341,,
VhKJm_jiciU,1,88.959,96.554,,
VhKJm_jiciU,2,16.075,26.523,,
VhKJm_jiciU,3,26.351,32.869,,
VhKJm_jiciU,4,36.568,45.261,,
VhKJm_jiciU,5,67.288,83.743,,
VinxKpWioTo,0,0.241,4.553,,
VinxKpWioTo,1,4.232,23.111,,
VinxKpWioTo,2,23.039,34.006,,
VinxKpWioTo,3,34.184,44.034,,
VinxKpWioTo,4,44.001,62.591,,
VinxKpWioTo,5,62.549,69.226,,
ViyQVpGW05w,0,3.922,9.183,,
ViyQVpGW05w,1,12.443,21.156,,
ViyQVpGW05w,2,20.964,27.351,,
ViyQVpGW05w,3,36.937,46.149,,
Viz5vDE39y8,0,12.184,23.051,,
Viz5vDE39y8,1,33.575,42.028,,
Viz5vDE39y8,2,43.672,52.205,,
VjAvqFXEmmk,0,0.0,2.408,,
VjAvqFXEmmk,1,1.877,7.546,,
VjAvqFXEmmk,2,6.976,10.959,,
VjAvqFXEmmk,3,10.268,14.77,,
VjAvqFXEmmk,4,14.189,21.684,,
VjAvqFXEmmk,5,31.969,35.772,,
VjAvqFXEmmk,6,44.66,51.477,,
VjAvqFXEmmk,7,51.135,57.493,,
Vlas-mPydcg,0,39.083,48.434,,
Vlas-mPydcg,1,66.021,77.817,,
Vlas-mPydcg,2,82.205,87.136,,
Vlas-mPydcg,3,12.473,16.676,,
Vlas-mPydcg,4,16.464,24.628,,
Vlas-mPydcg,5,23.747,32.131,,
VoETCD8fBLI,0,15.596,25.127,,
VoETCD8fBLI,1,44.68,50.1,,
VsXGwSZazwA,0,0.0,5.711,,
VsXGwSZazwA,1,5.13,10.58,,
VsXGwSZazwA,2,62.1,73.267,,
VsXGwSZazwA,3,9.869,19.689,,
VsXGwSZazwA,4,26.451,32.909,,
VsXGwSZazwA,5,44.141,49.002,,
VsXGwSZazwA,6,48.371,56.316,,
VsXGwSZazwA,7,55.585,60.676,,
Vuay0mVKkik,0,76.507,83.793,,
Vuay0mVKkik,1,5.928,14.012,,
Vuay0mVKkik,2,13.551,22.193,,
Vuay0mVKkik,3,21.193,28.649,,
Vuay0mVKkik,4,42.914,60.716,,
VugBIVwSmaI,0,0.0,11.158,,
Vv2DTPyyw90,0,0.0,11.049,,
Vv2DTPyyw90,1,62.02,67.71,,
Vv2DTPyyw90,2,67.039,77.438,,
Vv2DTPyyw90,3,82.843,86.727,,
Vv2DTPyyw90,4,20.904,25.286,,
Vv2DTPyyw90,5,51.375,61.384,,
Vw4-ae-ucHE,0,0.0,6.269,,
Vw4-ae-ucHE,1,6.357,12.745,,
Vw4-ae-ucHE,2,12.174,21.714,,
Vw4-ae-ucHE,3,46.406,53.263,,
VwGPIUNayKM,0,-0.41768707483,9.35238095238,,
VwGPIUNayKM,1,8.35238095238,15.4485260771,,
VwGPIUNayKM,2,14.9274376417,18.2621315193,,
VwGPIUNayKM,3,17.2621315193,25.5455782313,,
VwGPIUNayKM,4,25.0045351474,32.5197278912,,
VwGPIUNayKM,5,31.9587301587,38.5859410431,,
VwGPIUNayKM,6,38.9528344671,44.2131519274,,
VwGPIUNayKM,7,43.7718820862,50.2394557823,,
VwGPIUNayKM,8,49.4390022676,53.7215419501,,
VwvptdTkwEE,0,88.231,94.878,,
VwvptdTkwEE,1,94.107,108.357,,
VwvptdTkwEE,2,107.357,118.424,,
VwvptdTkwEE,3,117.424,120.62,,
Vx8npmcFxak,0,7.225,20.377,,
Vx8npmcFxak,1,26.441,48.274,,
Vx8npmcFxak,2,47.274,58.87,,
Vx8npmcFxak,3,58.309,67.67,,
Vx8npmcFxak,4,67.318,78.745,,
Vx8npmcFxak,5,77.745,83.554,,
Vx8npmcFxak,6,82.983,94.229,,
VybXjsmsjAY,0,81.736,88.253,,
VybXjsmsjAY,1,87.961,96.644,,
VybXjsmsjAY,2,97.23,103.359,,
VybXjsmsjAY,3,103.776,111.42,,
VybXjsmsjAY,4,48.242,54.44,,
VybXjsmsjAY,5,53.829,58.87,,
VybXjsmsjAY,6,58.548,65.195,,
VybXjsmsjAY,7,64.984,73.776,,
VybXjsmsjAY,8,75.091,81.738,,
VzDXgBOe5iI,0,22.75,26.703,,
VzDXgBOe5iI,1,25.703,34.755,,
VzDXgBOe5iI,2,33.755,41.878,,
VzDXgBOe5iI,3,56.383,64.507,,
W-pA0lOGLR0,0,-0.487528344671,4.94240362812,,
W-pA0lOGLR0,1,5.49886621315,9.69160997732,,
W-pA0lOGLR0,2,9.6693877551,12.8344671202,,
W-pA0lOGLR0,3,12.0739229025,15.2988662132,,
W-pA0lOGLR0,4,14.5882086168,22.3328798186,,
W-pA0lOGLR0,5,21.3328798186,25.5455782313,,
W-pA0lOGLR0,6,36.6580498866,40.9006802721,,
W-ptEZFARVo,0,-0.347845804989,11.7569160998,,
W-ptEZFARVo,1,11.8444444444,14.9297052154,,
W-ptEZFARVo,2,46.6154195011,51.366893424,,
W-ptEZFARVo,3,50.366893424,55.916553288,,
W-ptEZFARVo,4,14.179138322,20.5868480726,,
W-ptEZFARVo,5,19.5868480726,25.4458049887,,
W-ptEZFARVo,6,24.4458049887,28.2195011338,,
W-ptEZFARVo,7,27.9378684807,32.5995464853,,
W-ptEZFARVo,8,32.9664399093,38.9650793651,,
W-ptEZFARVo,9,38.1346938776,43.1256235828,,
W-ptEZFARVo,10,42.6145124717,47.6154195011,,
W-q9bPlMIVI,0,0.0,2.019,,
W-q9bPlMIVI,1,1.229,3.885,,
W-q9bPlMIVI,2,29.155,34.735,,
W-q9bPlMIVI,3,35.151,38.756,,
W-q9bPlMIVI,4,37.795,40.322,,
W-q9bPlMIVI,5,39.631,44.852,,
W-q9bPlMIVI,6,44.221,53.043,,
W-q9bPlMIVI,7,3.154,6.18,,
W-q9bPlMIVI,8,5.688,12.116,,
W-q9bPlMIVI,9,11.116,14.261,,
W-q9bPlMIVI,10,13.421,18.921,,
W-q9bPlMIVI,11,18.479,21.365,,
W-q9bPlMIVI,12,20.365,23.121,,
W-q9bPlMIVI,13,22.59,27.421,,
W-q9bPlMIVI,14,26.591,29.806,,
W1CWpktWtTs,0,0.300680272109,4.69297052154,,
W1CWpktWtTs,1,3.69297052154,11.1383219955,,
W1CWpktWtTs,2,34.3433106576,39.2244897959,,
W1CWpktWtTs,3,11.8743764172,13.9818594104,,
W1CWpktWtTs,4,13.001814059,15.5283446712,,
W1CWpktWtTs,5,14.5283446712,19.2299319728,,
W1CWpktWtTs,6,18.2299319728,22.7219954649,,
W1CWpktWtTs,7,24.6653061224,28.3591836735,,
W1CWpktWtTs,8,27.7383219955,30.0952380952,,
W1CWpktWtTs,9,30.2126984127,34.8145124717,,
W40BaML7mzc,0,0.0,7.995,,
W40BaML7mzc,1,7.554,13.413,,
W40BaML7mzc,2,32.527,53.063,,
W53uRqITk2I,0,0.0,2.089,,
W53uRqITk2I,1,1.628,5.8,,
W53uRqITk2I,2,6.586,12.096,,
W53uRqITk2I,3,11.645,17.205,,
W53uRqITk2I,4,16.773,27.282,,
W53uRqITk2I,5,26.87,37.997,,
W53uRqITk2I,6,37.137,42.816,,
W53uRqITk2I,7,42.295,50.259,,
W53uRqITk2I,8,49.888,57.523,,
WANirpnKa4w,0,0.0,6.958,,
WANirpnKa4w,1,6.437,11.029,,
WANirpnKa4w,2,10.517,17.564,,
WANirpnKa4w,3,33.815,43.605,,
WANirpnKa4w,4,42.974,52.624,,
WAXJRnJXmOA,0,0.0,5.351,,
WAXJRnJXmOA,1,53.091,59.888,,
WAXJRnJXmOA,2,62.449,71.671,,
WAXJRnJXmOA,3,81.985,87.515,,
WAXJRnJXmOA,4,89.658,98.61,,
WAXJRnJXmOA,5,98.188,106.172,,
WAXJRnJXmOA,6,10.597,16.137,,
WAXJRnJXmOA,7,32.976,37.548,,
WBA79Q3e_PU,0,0.0124716553288,4.86145124717,,
WBCRTcMJZZc,0,0.0,6.249,,
WBCRTcMJZZc,1,16.045,22.991,,
WBCRTcMJZZc,2,31.061,37.828,,
WBCRTcMJZZc,3,37.337,45.161,,
WGfGxoI05ew,0,2.665,6.798,,
WGfGxoI05ew,1,17.472,23.79,,
WHUHTmtBJWU,0,66.081,72.599,,
WHUHTmtBJWU,1,74.652,80.471,,
WHUHTmtBJWU,2,32.338,42.298,,
WJ2QF4Kw9Y8,0,0.0,10.33,,
WJ2QF4Kw9Y8,1,9.779,16.097,,
WJ2QF4Kw9Y8,2,39.771,57.313,,
WJM8u2I2rQ4,0,94.517,102.181,,
WJM8u2I2rQ4,1,17.452,24.887,,
WJM8u2I2rQ4,2,29.564,42.547,,
WMzvDL7b4sM,0,0.0,5.312,,
WMzvDL7b4sM,1,7.744,14.531,,
WMzvDL7b4sM,2,16.763,23.71,,
WMzvDL7b4sM,3,25.843,33.478,,
WMzvDL7b4sM,4,33.994,47.625,,
WQFRctNL8AA,0,0.0,4.034,,
WQFRctNL8AA,1,17.382,24.478,,
WSjlhBDxNW8,0,0.0,4.982,,
WSjlhBDxNW8,1,4.012,12.036,,
WSjlhBDxNW8,2,11.036,16.067,,
WSjlhBDxNW8,3,15.107,20.607,,
WSjlhBDxNW8,4,38.205,44.183,,
WSjlhBDxNW8,5,50.347,59.169,,
WTF9xgqLIvI,0,1.1387755102,3.32607709751,,
WTF9xgqLIvI,1,30.1428571429,34.3555555556,,
WTF9xgqLIvI,2,34.4630385488,46.9968253968,,
WTF9xgqLIvI,3,3.61315192744,5.78049886621,,
WTF9xgqLIvI,4,6.2970521542,9.92108843537,,
WTF9xgqLIvI,5,10.7369614512,15.7179138322,,
WTF9xgqLIvI,6,15.356462585,17.6934240363,,
WTF9xgqLIvI,7,17.2621315193,21.2553287982,,
WTF9xgqLIvI,8,21.0036281179,25.2362811791,,
WTF9xgqLIvI,9,28.4965986395,30.7038548753,,
WUeSV0Z23Kg,0,37.4961451247,41.3197278912,,
WUeSV0Z23Kg,1,41.946031746,48.8725623583,,
WXKgBIiP8IA,0,0.0,4.024,,
WXKgBIiP8IA,1,3.024,6.499,,
WXKgBIiP8IA,2,49.758,56.096,,
WXKgBIiP8IA,3,5.499,13.114,,
WXKgBIiP8IA,4,12.114,15.309,,
WXKgBIiP8IA,5,14.309,22.542,,
WXKgBIiP8IA,6,21.542,28.988,,
WXKgBIiP8IA,7,28.147,33.976,,
WXKgBIiP8IA,8,32.976,39.035,,
WXKgBIiP8IA,9,38.035,46.019,,
WXKgBIiP8IA,10,45.019,50.678,,
WYSomBHdl4c,0,60.554,68.688,,
WZVfvgTeFPo,0,0.0124716553288,5.72947845805,,
WZVfvgTeFPo,1,20.1866213152,26.9412698413,,
WZVfvgTeFPo,2,60.8541950113,64.0868480726,,
WaaSYRPwQBw,0,0.0,6.639,,
WaaSYRPwQBw,1,5.938,24.149,,
WbtsuXkaGeg,0,3.384,16.247,,
WbtsuXkaGeg,1,101.391,111.021,,
We5nTulz1Vs,0,0.0,13.014,,
We5nTulz1Vs,1,12.014,23.261,,
We5nTulz1Vs,2,37.855,47.546,,
We5nTulz1Vs,3,46.546,78.495,,
WfNiQBXmPw8,0,0.0,5.012,,
WfNiQBXmPw8,1,4.012,10.44,,
WfNiQBXmPw8,2,9.44,16.756,,
WfNiQBXmPw8,3,15.776,20.038,,
WfNiQBXmPw8,4,19.038,22.562,,
WfNiQBXmPw8,5,21.562,25.546,,
WfNiQBXmPw8,6,24.546,29.736,,
WfNiQBXmPw8,7,28.736,32.52,,
WfNiQBXmPw8,8,31.759,35.383,,
WfNiQBXmPw8,9,34.513,43.944,,
Wfn7XvSEwUA,0,0.0,4.603,,
Wfn7XvSEwUA,1,3.603,6.04,,
Wfn7XvSEwUA,2,49.539,56.336,,
Wfn7XvSEwUA,3,17.571,23.38,,
Wfn7XvSEwUA,4,22.829,25.276,,
Wfn7XvSEwUA,5,37.746,43.525,,
Wfn7XvSEwUA,6,42.525,45.839,,
Wfn7XvSEwUA,7,45.318,50.539,,
WgI8IbJtXHw,0,0.0,7.786,,
WgI8IbJtXHw,1,33.046,52.275,,
Wh6sht7xwqQ,0,-0.028571428571,4.83265306122,,
Wh6sht7xwqQ,1,4.36145124717,8.27482993197,,
Wh6sht7xwqQ,2,39.9206349206,48.6031746032,,
Wh6sht7xwqQ,3,48.5410430839,55.0984126984,,
Wh6sht7xwqQ,4,54.7569160998,56.6149659864,,
Wh6sht7xwqQ,5,7.8335600907,10.4,,
Wh6sht7xwqQ,6,9.8589569161,13.8820861678,,
Wh6sht7xwqQ,7,13.7900226757,16.4063492063,,
Wh6sht7xwqQ,8,16.6535147392,22.2829931973,,
Wh6sht7xwqQ,9,22.3804988662,29.5065759637,,
Wh6sht7xwqQ,10,29.8036281179,34.8544217687,,
Wh6sht7xwqQ,11,36.1691609977,39.8630385488,,
WmQF5RmbsVQ,0,36.698,57.593,,
Wmhif6hmPTQ,0,120.128,131.734,,
Wmhif6hmPTQ,1,145.022,151.749,,
Wmhif6hmPTQ,2,12.952,18.941,,
Wn8nz8GPKkI,0,0.0,8.025,,
Wn8nz8GPKkI,1,7.444,15.708,,
Wn8nz8GPKkI,2,84.868,105.234,,
Wnw1IAEDwDM,0,0.0,6.429,,
Wnw1IAEDwDM,1,29.983,37.409,,
Wnw1IAEDwDM,2,39.512,46.338,,
Wo1RxRjXyYw,0,-0.41768707483,6.7283446712,,
Wo1RxRjXyYw,1,6.15736961451,11.3278911565,,
Wo1RxRjXyYw,2,10.6970521542,17.3841269841,,
Wo1RxRjXyYw,3,16.7632653061,25.346031746,,
Wo1RxRjXyYw,4,24.4258503401,27.4612244898,,
Wo1RxRjXyYw,5,29.0752834467,32.8789115646,,
Wo1RxRjXyYw,6,46.0467120181,56.3056689342,,
WoL4fCxGd8Q,0,0.0,8.075,,
WoL4fCxGd8Q,1,7.464,15.159,,
WoL4fCxGd8Q,2,93.898,107.429,,
WoL4fCxGd8Q,3,106.868,113.805,,
WoL4fCxGd8Q,4,113.044,124.81,,
WoL4fCxGd8Q,5,124.429,134.288,,
WoL4fCxGd8Q,6,133.638,148.536,,
WoL4fCxGd8Q,7,148.234,157.875,,
WoL4fCxGd8Q,8,160.137,165.927,,
WoL4fCxGd8Q,9,14.159,20.307,,
WoL4fCxGd8Q,10,50.846,63.0,,
WoL4fCxGd8Q,11,73.215,80.83,,
WoL4fCxGd8Q,12,79.83,87.944,,
WovurMxG2Aw,0,0.0,2.897,,
WovurMxG2Aw,1,2.396,17.414,,
WovurMxG2Aw,2,16.414,25.905,,
WovurMxG2Aw,3,25.424,35.194,,
WovurMxG2Aw,4,34.194,54.061,,
Wrcf2xtqbkQ,0,0.7,25.755,,
Wrcf2xtqbkQ,1,24.755,34.555,,
Wrcf2xtqbkQ,2,34.263,40.232,,
Wrcf2xtqbkQ,3,69.922,77.318,,
Wrcf2xtqbkQ,4,77.056,86.697,,
WtiBpLt2wuA,0,14.488,23.241,,
Wu-wQTmxRgo,0,31.7092970522,40.9605442177,,
Wu-wQTmxRgo,1,40.2897959184,45.1709750567,,
WuaoxGAKue0,0,41.597,46.049,,
Wx9nThz5z_Y,0,89.438,93.84,,
Wx9nThz5z_Y,1,13.87,18.322,,
Wx9nThz5z_Y,2,123.89,128.152,,
WxYb2x_irTM,0,0.0,8.285,,
WxYb2x_irTM,1,10.368,20.128,,
WxajvjGKz7Y,0,-0.487528344671,4.03446712018,,
WxajvjGKz7Y,1,3.39365079365,9.36235827664,,
WxajvjGKz7Y,2,25.6630385488,30.9632653061,,
WxajvjGKz7Y,3,30.2126984127,32.9088435374,,
WxajvjGKz7Y,4,35.6004535147,43.135600907,,
WxajvjGKz7Y,5,42.135600907,46.4879818594,,
WygyVNL_qdE,0,-0.297959183673,4.07437641723,,
WygyVNL_qdE,1,3.58321995465,5.84036281179,,
WygyVNL_qdE,2,5.25941043084,12.0063492063,,
WygyVNL_qdE,3,11.4752834467,15.3886621315,,
WygyVNL_qdE,4,14.4884353741,21.3950113379,,
WygyVNL_qdE,5,20.70430839,28.0598639456,,
X0jMZoxUL2A,0,0.0,2.288,,
X0jMZoxUL2A,1,48.461,54.27,,
X0jMZoxUL2A,2,53.819,57.453,,
X0jMZoxUL2A,3,21.044,25.925,,
X0jMZoxUL2A,4,25.324,29.068,,
X0jMZoxUL2A,5,28.068,31.841,,
X0jMZoxUL2A,6,30.841,34.874,,
X0jMZoxUL2A,7,33.874,37.189,,
X0jMZoxUL2A,8,36.578,39.224,,
X0jMZoxUL2A,9,38.803,45.76,,
X0jMZoxUL2A,10,44.979,48.893,,
X2Hs89fZ2-c,0,0.0,4.054,,
X2Hs89fZ2-c,1,3.952,11.138,,
X2Hs89fZ2-c,2,81.815,87.365,,
X2Hs89fZ2-c,3,87.522,95.038,,
X2Hs89fZ2-c,4,104.793,115.391,,
X2Hs89fZ2-c,5,128.24,141.781,,
X2Hs89fZ2-c,6,10.448,15.259,,
X2Hs89fZ2-c,7,140.781,149.903,,
X2Hs89fZ2-c,8,148.903,163.442,,
X2Hs89fZ2-c,9,162.482,178.558,,
X2Hs89fZ2-c,10,190.149,194.372,,
X2Hs89fZ2-c,11,193.372,206.933,,
X2Hs89fZ2-c,12,14.259,22.333,,
X2Hs89fZ2-c,13,215.452,221.361,,
X2Hs89fZ2-c,14,220.361,225.351,,
X2Hs89fZ2-c,15,224.84,233.912,,
X2Hs89fZ2-c,16,21.333,31.183,,
X2Hs89fZ2-c,17,31.52,45.49,,
X2Hs89fZ2-c,18,45.079,52.025,,
X2Hs89fZ2-c,19,51.025,55.697,,
X2Hs89fZ2-c,20,60.324,68.079,,
X2leyjuolDM,0,3.653,8.175,,
X2leyjuolDM,1,75.32,86.647,,
X2leyjuolDM,2,16.484,21.076,,
X2leyjuolDM,3,23.408,34.096,,
X2leyjuolDM,4,33.096,43.674,,
X2leyjuolDM,5,42.674,49.99,,
X2leyjuolDM,6,49.369,54.19,,
X3p50qqFW_w,0,70.551,79.732,,
X3p50qqFW_w,1,100.273,105.713,,
X3p50qqFW_w,2,104.883,113.895,,
X3p50qqFW_w,3,10.777,23.49,,
X3p50qqFW_w,4,22.8,37.239,,
X3p50qqFW_w,5,46.306,51.217,,
X6-jJO00DMg,0,0.0,6.239,,
X6-jJO00DMg,1,64.644,69.536,,
X6-jJO00DMg,2,69.134,81.598,,
X6N7UEFJLNY,0,0.0,8.903,,
X6N7UEFJLNY,1,11.136,17.105,,
X6N7UEFJLNY,2,16.584,21.774,,
X6N7UEFJLNY,3,21.393,25.047,,
X6N7UEFJLNY,4,24.366,34.366,,
X7-Gbk8gAD0,0,-0.487528344671,3.10657596372,,
X7-Gbk8gAD0,1,2.18639455782,8.60408163265,,
X7-Gbk8gAD0,2,7.60408163265,10.4399092971,,
X7-Gbk8gAD0,3,10.7369614512,15.9673469388,,
X7-Gbk8gAD0,4,14.9673469388,21.6344671202,,
X7-Gbk8gAD0,5,20.9936507937,27.4612244898,,
X7-Gbk8gAD0,6,26.4612244898,30.7836734694,,
XAT2IfFFAU0,0,8.602,14.012,,
XAT2IfFFAU0,1,13.401,20.038,,
XAT2IfFFAU0,2,19.537,31.881,,
XAT2IfFFAU0,3,31.22,36.171,,
XAT2IfFFAU0,4,51.225,55.737,,
XAT2IfFFAU0,5,55.146,65.814,,
XAazxiP6tP0,0,0.0,2.707,,
XAazxiP6tP0,1,5.15,13.792,,
XAazxiP6tP0,2,14.818,23.949,,
XAazxiP6tP0,3,22.949,31.741,,
XAazxiP6tP0,4,31.22,38.287,,
XAazxiP6tP0,5,37.985,41.689,,
XAazxiP6tP0,6,40.689,47.665,,
XAgD-xoil40,0,59.137,65.704,,
XAgD-xoil40,1,71.519,80.201,,
XAgD-xoil40,2,79.541,83.943,,
XAgD-xoil40,3,83.362,86.786,,
XAgD-xoil40,4,7.544,12.854,,
XAgD-xoil40,5,25.054,29.546,,
XCyngF93SmU,0,0.0,4.114,,
XCyngF93SmU,1,6.038,11.268,,
XCyngF93SmU,2,10.647,15.538,,
XCyngF93SmU,3,15.067,29.666,,
XCyngF93SmU,4,29.265,33.278,,
XCyngF93SmU,5,32.707,38.107,,
XDVit9ASVUg,0,4.99,10.22,,
XDVit9ASVUg,1,9.56,17.903,,
XDVkhOziCkg,0,0.0,18.122,,
XDVkhOziCkg,1,17.561,20.208,,
XDVkhOziCkg,2,19.477,30.375,,
XEZ7e4pf1xE,0,0.0,7.836,,
XEZ7e4pf1xE,1,6.956,11.946,,
XEZ7e4pf1xE,2,47.444,54.25,,
XEZ7e4pf1xE,3,53.33,56.585,,
XEZ7e4pf1xE,4,55.765,59.079,,
XEZ7e4pf1xE,5,11.066,14.132,,
XEZ7e4pf1xE,6,13.132,15.947,,
XEZ7e4pf1xE,7,15.157,17.354,,
XEZ7e4pf1xE,8,16.354,21.185,,
XEZ7e4pf1xE,9,20.395,26.244,,
XEZ7e4pf1xE,10,45.109,48.344,,
XFGHTk_3hGg,0,26.062,33.019,,
XFGHTk_3hGg,1,32.807,40.452,,
XFGHTk_3hGg,2,39.761,45.64,,
XFGHTk_3hGg,3,47.473,53.632,,
XFJQJb0yaKY,0,0.0,10.679,,
XFJQJb0yaKY,1,14.548,19.729,,
XIGpuL-Kkyk,0,-0.487528344671,4.75283446712,,
XIGpuL-Kkyk,1,33.4154195011,36.4408163265,,
XIGpuL-Kkyk,2,35.9696145125,46.2385487528,,
XIGpuL-Kkyk,3,21.1832199546,27.5111111111,,
XIGpuL-Kkyk,4,27.3092970522,29.4666666667,,
XIGpuL-Kkyk,5,28.8058956916,33.9664399093,,
XKyumlBmix8,0,0.0,7.946,,
XKyumlBmix8,1,17.921,21.395,,
XKyumlBmix8,2,32.218,35.024,,
XKyumlBmix8,3,34.024,39.095,,
XKyumlBmix8,4,40.819,42.697,,
XKyumlBmix8,5,41.697,43.654,,
XLjpZUsFEXo,0,81.227,94.898,,
XLjpZUsFEXo,1,94.117,97.602,,
XLjpZUsFEXo,2,96.901,111.061,,
XLjpZUsFEXo,3,40.02,53.263,,
XLjpZUsFEXo,4,63.976,77.687,,
XPoY4LD-A1I,0,0.93922902494,7.59637188209,,
XPoY4LD-A1I,1,34.662585034,45.1310657596,,
XPoY4LD-A1I,2,44.2009070295,51.1274376417,,
XPoY4LD-A1I,3,50.1573696145,54.4798185941,,
XPoY4LD-A1I,4,6.59637188209,11.8167800454,,
XPoY4LD-A1I,5,10.8167800454,18.6811791383,,
XPoY4LD-A1I,6,17.6811791383,25.8947845805,,
XPoY4LD-A1I,7,24.8947845805,35.5927437642,,
XQOUZhWI1B0,0,0.0,6.449,,
XQOUZhWI1B0,1,5.918,16.366,,
XQOUZhWI1B0,2,15.865,19.888,,
XQOUZhWI1B0,3,20.245,32.53,,
XQOUZhWI1B0,4,31.799,36.68,,
XQxnAPleuCE,0,0.0,10.27,,
XQxnAPleuCE,1,59.147,71.232,,
XVSDfgstFUQ,0,0.0,5.84,,
XVSDfgstFUQ,1,4.84,16.945,,
XVSDfgstFUQ,2,15.945,22.602,,
XVSDfgstFUQ,3,21.892,26.703,,
XVSDfgstFUQ,4,25.803,36.341,,
XVSDfgstFUQ,5,35.401,40.761,,
XVWiAArXYpE,0,-0.487528344671,4.32380952381,,
XVWiAArXYpE,1,43.1034013605,49.39138322,,
XVWiAArXYpE,2,48.39138322,51.7659863946,,
XVWiAArXYpE,3,51.2049886621,53.9011337868,,
XVWiAArXYpE,4,3.87256235828,9.03310657596,,
XVWiAArXYpE,5,8.06303854875,16.4063492063,,
XVWiAArXYpE,6,15.4063492063,20.8462585034,,
XVWiAArXYpE,7,20.2553287982,26.6131519274,,
XVWiAArXYpE,8,26.7804988662,37.0494331066,,
XVWiAArXYpE,9,37.5560090703,43.70430839,,
XWIp0zH3qDM,0,8.342,12.944,,
XXvSLz8QmGk,0,0.0,7.846,,
XXvSLz8QmGk,1,7.365,24.498,,
XXvSLz8QmGk,2,135.444,143.198,,
XXvSLz8QmGk,3,142.488,190.401,,
XXvSLz8QmGk,4,201.593,212.76,,
XXvSLz8QmGk,5,212.189,224.503,,
XXvSLz8QmGk,6,223.902,230.839,,
XXvSLz8QmGk,7,26.062,43.295,,
XXvSLz8QmGk,8,42.295,49.162,,
XXvSLz8QmGk,9,57.042,89.909,,
XXvSLz8QmGk,10,129.377,135.965,,
X_TusmBIlC0,0,23.448,28.249,,
X_TusmBIlC0,1,35.501,40.941,,
Xa086gxLJ3Y,0,65.293,71.611,,
Xa086gxLJ3Y,1,13.59,19.559,,
Xa086gxLJ3Y,2,24.137,28.599,,
XaVYxIW0FDg,0,0.0,3.246,,
XaVYxIW0FDg,1,2.935,11.517,,
XaVYxIW0FDg,2,11.425,47.117,,
XadAy93f1P8,0,0.0,10.081,,
XbkYA-iXUwA,0,0.0,5.671,,
XbkYA-iXUwA,1,6.247,11.218,,
XbkYA-iXUwA,2,10.717,18.661,,
XbkYA-iXUwA,3,35.79,47.077,,
XbkYA-iXUwA,4,47.005,56.884,,
XblL7mcdDdg,0,0.0,6.868,,
XblL7mcdDdg,1,79.78,90.967,,
XblL7mcdDdg,2,111.049,121.687,,
XblL7mcdDdg,3,151.776,158.653,,
XblL7mcdDdg,4,159.599,163.741,,
XbolrpSc0KU,0,0.0,3.546,,
XbolrpSc0KU,1,3.863,9.482,,
XbolrpSc0KU,2,9.24,20.248,,
XbolrpSc0KU,3,20.874,26.843,,
XbolrpSc0KU,4,26.571,34.056,,
XbolrpSc0KU,5,34.144,42.677,,
XcHLB-qfv5M,0,0.0,13.623,,
XcHLB-qfv5M,1,27.02,32.749,,
Xe-keAcLge0,0,12.124,18.561,,
Xe-keAcLge0,1,26.711,37.149,,
XgT2WWcXip4,0,0.0,15.618,,
XgT2WWcXip4,1,53.55,69.446,,
XgT2WWcXip4,2,38.314,46.318,,
XgT2WWcXip4,3,45.977,51.028,,
XlTYSOaZ_vM,0,0.0,6.559,,
XlTYSOaZ_vM,1,5.619,10.659,,
XnPnlRQXSkM,0,0.0,4.174,,
XnPnlRQXSkM,1,4.302,10.839,,
XnPnlRQXSkM,2,10.637,17.803,,
XnPnlRQXSkM,3,32.597,47.955,,
Xo6-V2RlWss,0,0.0,7.846,,
Xo6-V2RlWss,1,7.165,13.663,,
Xo6-V2RlWss,2,13.072,17.185,,
Xo6-V2RlWss,3,19.118,31.931,,
Xq7zLxYHxd8,0,0.0,3.975,,
Xq7zLxYHxd8,1,93.13,101.673,,
Xq7zLxYHxd8,2,100.673,106.242,,
Xq7zLxYHxd8,3,7.115,14.291,,
Xq7zLxYHxd8,4,14.279,28.718,,
Xq7zLxYHxd8,5,28.197,51.297,,
Xq7zLxYHxd8,6,68.715,76.27,,
XrNaL-MTjXg,0,11.016,22.113,,
XrNaL-MTjXg,1,21.113,28.13,,
XrNaL-MTjXg,2,27.948,33.707,,
XrNaL-MTjXg,3,61.262,75.183,,
XrNaL-MTjXg,4,75.31,81.069,,
XsEPZydHWdo,0,39.242,49.681,,
XsEPZydHWdo,1,60.813,66.522,,
XwOdPYlyqXA,0,91.444,99.707,,
XwOdPYlyqXA,1,19.677,31.223,,
XwOdPYlyqXA,2,46.945,55.029,,
Xx7Y2YIbleA,0,9.56,18.053,,
Xx7Y2YIbleA,1,76.707,83.155,,
Xx7Y2YIbleA,2,82.494,88.014,,
Xx7Y2YIbleA,3,94.157,102.81,,
Xx7Y2YIbleA,4,22.959,30.355,,
Xx7Y2YIbleA,5,29.834,37.209,,
Xx7Y2YIbleA,6,36.888,45.999,,
Xx7Y2YIbleA,7,50.117,57.174,,
Xx7Y2YIbleA,8,56.503,70.902,,
Xy57UpKRNEo,0,0.0,5.92,,
Xy57UpKRNEo,1,15.436,24.159,,
Xy57UpKRNEo,2,32.757,35.802,,
Xy57UpKRNEo,3,35.321,38.167,,
Xy57UpKRNEo,4,37.526,42.756,,
Xy57UpKRNEo,5,42.435,52.185,,
XyBU_gZtU0M,0,-0.068480725624,3.82494331066,,
XyBU_gZtU0M,1,32.4675736961,39.3142857143,,
XyBU_gZtU0M,2,38.5637188209,44.9115646259,,
XyBU_gZtU0M,3,44.3206349206,55.0485260771,,
XyBU_gZtU0M,4,54.6870748299,58.0517006803,,
XyBU_gZtU0M,5,57.2911564626,60.6857142857,,
XyBU_gZtU0M,6,60.5936507937,66.3328798186,,
XyBU_gZtU0M,7,65.7818594104,73.137414966,,
XyBU_gZtU0M,8,72.4068027211,76.7990929705,,
XyBU_gZtU0M,9,76.2680272109,86.6965986395,,
XyBU_gZtU0M,10,86.4448979592,92.3936507937,,
XyBU_gZtU0M,11,91.5632653061,97.3424036281,,
XyBU_gZtU0M,12,96.6916099773,103.847619048,,
XyBU_gZtU0M,13,103.027210884,107.06031746,,
XyBU_gZtU0M,14,106.26984127,110.392743764,,
XyBU_gZtU0M,15,7.53424036281,16.166893424,,
XyBU_gZtU0M,16,15.4662131519,20.0780045351,,
XyBU_gZtU0M,17,19.337414966,22.6022675737,,
XyBU_gZtU0M,18,22.1210884354,25.9247165533,,
XyBU_gZtU0M,19,25.3637188209,28.3691609977,,
XyBU_gZtU0M,20,27.8680272109,33.4675736961,,
XyP8bVmGX6M,0,0.0,8.844,,
XyP8bVmGX6M,1,33.096,38.346,,
XytBlo2R5Yg,0,23.598,35.144,,
XzVapdEr_GY,0,0.0,7.527,,
XzVapdEr_GY,1,7.534,15.738,,
XzVapdEr_GY,2,14.997,21.774,,
XzVapdEr_GY,3,20.774,31.682,,
XzVapdEr_GY,4,31.23,44.353,,
XzhRYIeczg4,0,10.837,18.252,,
XzhRYIeczg4,1,17.532,23.81,,
Y2F51I-dzAg,0,0.0,3.875,,
Y2F51I-dzAg,1,3.473,10.669,,
Y2F51I-dzAg,2,24.496,30.724,,
Y2F51I-dzAg,3,30.033,34.316,,
Y2F51I-dzAg,4,33.665,42.397,,
Y2F51I-dzAg,5,41.916,51.856,,
Y4izAQYtGEw,0,0.0,5.82,,
Y4izAQYtGEw,1,4.82,15.109,,
Y4izAQYtGEw,2,19.278,24.348,,
Y4izAQYtGEw,3,26.641,37.109,,
Y4izAQYtGEw,4,36.109,44.034,,
Y6s_vuUUsJM,0,6.487,21.644,,
Y6s_vuUUsJM,1,77.844,84.921,,
Y6s_vuUUsJM,2,43.692,50.688,,
Y6s_vuUUsJM,3,71.878,78.625,,
Y6zyM1nDhN0,0,0.0,5.381,,
Y6zyM1nDhN0,1,5.409,11.737,,
Y6zyM1nDhN0,2,11.316,16.017,,
Y6zyM1nDhN0,3,15.566,22.832,,
Y6zyM1nDhN0,4,22.45,31.173,,
Y6zyM1nDhN0,5,30.971,44.353,,
Y7h-S3cJ52o,0,0.0,6.01,,
Y7h-S3cJ52o,1,5.439,17.334,,
Y7qkyMyanjU,0,0.0,4.224,,
Y7qkyMyanjU,1,3.733,10.48,,
Y7qkyMyanjU,2,10.877,14.95,,
Y7qkyMyanjU,3,35.491,39.753,,
Y8dI1GTWCk4,0,1.26848072562,3.94467120181,,
Y8dI1GTWCk4,1,44.0811791383,51.8857142857,,
Y8dI1GTWCk4,2,2.94467120181,9.43219954649,,
Y8dI1GTWCk4,3,21.612244898,24.9768707483,,
Y8dI1GTWCk4,4,23.9768707483,32.4997732426,,
Y8dI1GTWCk4,5,31.4997732426,34.9342403628,,
Y8dI1GTWCk4,6,33.9841269841,40.3519274376,,
Y8dI1GTWCk4,7,39.3519274376,43.5446712018,,
Y9fvHRNz2Bs,0,69.693,86.118,,
Y9fvHRNz2Bs,1,97.37,107.819,,
Y9fvHRNz2Bs,2,108.515,115.451,,
Y9fvHRNz2Bs,3,45.688,59.698,,
YAYfMkxhRiQ,0,0.0,8.195,,
YAYfMkxhRiQ,1,7.544,13.473,,
YAYfMkxhRiQ,2,12.812,21.345,,
YAYfMkxhRiQ,3,20.585,27.032,,
YAYfMkxhRiQ,4,45.209,49.541,,
YB9EUgrzCCo,0,42.435,49.92,,
YB9EUgrzCCo,1,15.955,19.589,,
YB9EUgrzCCo,2,26.292,32.839,,
YB9EUgrzCCo,3,37.307,43.405,,
YCEllKyaCrc,0,27.479,32.5,,
YCEllKyaCrc,1,32.488,40.472,,
YCEllKyaCrc,2,16.873,20.188,,
YCI-ZzclIPQ,0,26.312,32.999,,
YD5vqR15nco,0,0.0,4.863,,
YD5vqR15nco,1,4.112,19.23,,
YEOU4KFDjZo,0,0.0,8.664,,
YEOU4KFDjZo,1,10.098,26.853,,
YEOU4KFDjZo,2,39.312,50.11,,
YF3mDOuF46M,0,0.0,1.849,,
YF3mDOuF46M,1,18.25,23.43,,
YF3mDOuF46M,2,22.78,26.483,,
YF3mDOuF46M,3,25.843,31.183,,
YF3mDOuF46M,4,30.332,41.09,,
YF3mDOuF46M,5,40.29,48.853,,
YF3mDOuF46M,6,47.853,51.856,,
YGeVGXXK3ao,0,13.052,20.507,,
YGeVGXXK3ao,1,20.185,31.572,,
YGeVGXXK3ao,2,46.675,52.664,,
YITXOmhQhYE,0,0.0,11.498,,
YITXOmhQhYE,1,142.009,146.8,,
YITXOmhQhYE,2,145.94,152.746,,
YITXOmhQhYE,3,53.949,59.898,,
YITXOmhQhYE,4,59.237,66.732,,
YITXOmhQhYE,5,65.732,85.09,,
YITXOmhQhYE,6,84.589,90.378,,
YITXOmhQhYE,7,89.378,93.671,,
YITXOmhQhYE,8,92.97,101.343,,
YITXOmhQhYE,9,110.979,133.291,,
YJJoYkFPmds,0,0.5201814059,7.11746031746,,
YJJoYkFPmds,1,40.619047619,45.5900226757,,
YJJoYkFPmds,2,44.5900226757,47.5156462585,,
YJJoYkFPmds,3,46.685260771,50.3990929705,,
YJJoYkFPmds,4,49.7283446712,56.485260771,,
YJJoYkFPmds,5,6.28707482993,9.26258503401,,
YJJoYkFPmds,6,8.26258503401,15.0494331066,,
YJJoYkFPmds,7,17.4716553288,25.8947845805,,
YJJoYkFPmds,8,25.3337868481,31.3224489796,,
YJJoYkFPmds,9,30.3224489796,33.4775510204,,
YJJoYkFPmds,10,32.6671201814,37.3387755102,,
YJJoYkFPmds,11,36.6480725624,41.619047619,,
YLA7h1RTa9w,0,-0.487528344671,2.84716553288,,
YLA7h1RTa9w,1,3.73287981859,7.88571428571,,
YLA7h1RTa9w,2,43.2829931973,49.0920634921,,
YLA7h1RTa9w,3,48.0920634921,54.968707483,,
YLA7h1RTa9w,4,53.968707483,57.0340136054,,
YLA7h1RTa9w,5,9.020861678,11.4476190476,,
YLA7h1RTa9w,6,11.3455782313,15.0195011338,,
YLA7h1RTa9w,7,15.316553288,19.998185941,,
YLA7h1RTa9w,8,20.9238095238,27.0920634921,,
YLA7h1RTa9w,9,27.6385487528,39.4839002268,,
YLA7h1RTa9w,10,39.780952381,43.8839002268,,
YLK58srjhNI,0,12.134,19.25,,
YLK58srjhNI,1,19.068,24.817,,
YLK58srjhNI,2,23.817,44.403,,
YLK58srjhNI,3,43.453,55.976,,
YLK58srjhNI,4,65.213,68.757,,
YQUutkMdLj0,0,9.819,28.15,,
YQUutkMdLj0,1,28.856,36.211,,
YQUutkMdLj0,2,36.449,48.254,,
YQUutkMdLj0,3,48.351,69.895,,
YQZPnHZRp1w,0,34.244,36.551,,
YQanVofsHoE,0,0.0,11.108,,
YRbtXb9fWmI,0,3.14421768707,10.779138322,,
YRbtXb9fWmI,1,10.198185941,15.3088435374,,
YRbtXb9fWmI,2,14.8476190476,17.9528344671,,
YRbtXb9fWmI,3,30.8512471655,37.179138322,,
YRbtXb9fWmI,4,36.179138322,42.3274376417,,
YRbtXb9fWmI,5,41.3274376417,44.6022675737,,
YRbtXb9fWmI,6,44.2108843537,52.2548752834,,
YRmjALBdTdE,0,0.0,8.694,,
YRmjALBdTdE,1,20.874,28.499,,
YRmjALBdTdE,2,27.978,33.667,,
YRmjALBdTdE,3,33.026,38.307,,
YRmjALBdTdE,4,37.875,46.079,,
YRmjALBdTdE,5,45.668,50.449,,
YRmjALBdTdE,6,50.367,53.552,,
YUNxD04EvfE,0,0.0124716553288,12.973015873,,
YUNxD04EvfE,1,13.3621315193,24.2972789116,,
YUNxD04EvfE,2,77.3267573696,80.1403628118,,
YUNxD04EvfE,3,80.529478458,85.1589569161,,
YUNxD04EvfE,4,114.42244898,120.289115646,,
YUNxD04EvfE,5,120.57845805,135.564399093,,
YUNxD04EvfE,6,24.6764172336,34.2446712018,,
YUNxD04EvfE,7,38.5049886621,46.2573696145,,
YUNxD04EvfE,8,54.8179138322,59.0482993197,,
YUNxD04EvfE,9,72.0587301587,77.3267573696,,
YVBsDJtAbk4,0,62.4206349206,67.3095238095,,
YVBsDJtAbk4,1,29.5653061224,36.9585034014,,
YVBsDJtAbk4,2,44.3517006803,50.9167800454,,
YVBsDJtAbk4,3,50.9167800454,56.2646258503,,
YVHJpAROBvQ,0,19.0281179138,20.906122449,,
YVHJpAROBvQ,1,19.9959183673,22.083446712,,
YVHJpAROBvQ,2,21.083446712,27.4113378685,,
YVHJpAROBvQ,3,26.4113378685,34.3056689342,,
YWjTWl0oNLk,0,0.0,2.608,,
YWjTWl0oNLk,1,1.608,4.833,,
YWjTWl0oNLk,2,53.28,57.393,,
YWjTWl0oNLk,3,56.503,58.381,,
YWjTWl0oNLk,4,6.447,9.662,,
YWjTWl0oNLk,5,8.861,14.301,,
YWjTWl0oNLk,6,13.441,21.874,,
YWjTWl0oNLk,7,21.193,25.176,,
YWjTWl0oNLk,8,24.516,30.045,,
YWjTWl0oNLk,9,29.075,31.422,,
YWjTWl0oNLk,10,30.771,38.436,,
YWxvIFmYnNU,0,37.746,44.293,,
YWxvIFmYnNU,1,44.351,50.968,,
YWxvIFmYnNU,2,50.407,59.369,,
YWxvIFmYnNU,3,61.541,68.628,,
YWxvIFmYnNU,4,69.613,74.025,,
YWxvIFmYnNU,5,73.025,77.118,,
YWxvIFmYnNU,6,78.104,89.51,,
YWxvIFmYnNU,7,91.184,99.398,,
YWxvIFmYnNU,8,101.301,106.152,,
YWxvIFmYnNU,9,105.601,112.558,,
YWxvIFmYnNU,10,114.052,132.203,,
YWxvIFmYnNU,11,131.483,135.296,,
YWxvIFmYnNU,12,134.566,138.01,,
YWxvIFmYnNU,13,151.497,155.909,,
YWxvIFmYnNU,14,158.601,162.993,,
YWxvIFmYnNU,15,173.387,183.976,,
YWxvIFmYnNU,16,196.335,203.591,,
YWxvIFmYnNU,17,11.306,17.015,,
YWxvIFmYnNU,18,16.384,27.082,,
YWxvIFmYnNU,19,32.188,36.69,,
YY2yjEEoB3U,0,1.7074829932,13.4131519274,,
YY2yjEEoB3U,1,12.9718820862,19.8884353741,,
YY2yjEEoB3U,2,18.8884353741,28.5387755102,,
YY2yjEEoB3U,3,27.6185941043,33.347845805,,
YbuG8xyUO-o,0,2.715,6.479,,
YbuG8xyUO-o,1,5.708,9.253,,
YbuG8xyUO-o,2,12.303,19.629,,
YbuG8xyUO-o,3,19.028,23.53,,
YcJ5RJYUr7Y,0,47.673,54.061,,
YcJ5RJYUr7Y,1,55.944,72.848,,
YcJ5RJYUr7Y,2,3.134,11.049,,
YcJ5RJYUr7Y,3,75.53,80.79,,
YcJ5RJYUr7Y,4,82.284,92.643,,
YcJ5RJYUr7Y,5,92.85,95.985,,
YcJ5RJYUr7Y,6,99.555,103.828,,
YcJ5RJYUr7Y,7,103.067,107.12,,
YcJ5RJYUr7Y,8,106.26,114.054,,
YcJ5RJYUr7Y,9,10.328,15.588,,
YcJ5RJYUr7Y,10,135.513,139.826,,
YcJ5RJYUr7Y,11,170.065,176.542,,
YcJ5RJYUr7Y,12,176.311,179.705,,
YcJ5RJYUr7Y,13,191.456,196.617,,
YcJ5RJYUr7Y,14,18.908,26.074,,
YcJ5RJYUr7Y,15,27.16,31.173,,
YcyHQQXGXWA,0,0.450340136054,3.92471655329,,
YcyHQQXGXWA,1,15.506122449,19.4893424036,,
YcyHQQXGXWA,2,18.8385487528,22.9215419501,,
YcyHQQXGXWA,3,21.9215419501,25.8249433107,,
YcyHQQXGXWA,4,24.8249433107,29.0077097506,,
YcyHQQXGXWA,5,54.0185941043,57.852154195,,
YfxtwXXkCmc,0,0.0,2.239,,
YfxtwXXkCmc,1,1.648,3.825,,
YfxtwXXkCmc,2,2.875,7.596,,
YfxtwXXkCmc,3,7.235,11.657,,
YfxtwXXkCmc,4,11.116,17.673,,
YfxtwXXkCmc,5,17.721,21.475,,
YgyeyooSz0g,0,34.204,58.321,,
YgyqX4aZ4tE,0,54.248,58.68,,
YgyqX4aZ4tE,1,58.0,63.1,,
YgyqX4aZ4tE,2,74.043,80.74,,
YgyqX4aZ4tE,3,84.509,90.757,,
YgyqX4aZ4tE,4,6.227,12.715,,
YgyqX4aZ4tE,5,105.132,109.305,,
YgyqX4aZ4tE,6,12.383,18.811,,
YgyqX4aZ4tE,7,18.1,22.981,,
YgyqX4aZ4tE,8,33.266,41.459,,
Yi6Qyn4X8is,0,84.699,93.701,,
Yi6Qyn4X8is,1,101.361,108.078,,
Yi6Qyn4X8is,2,107.158,116.778,,
Yi6Qyn4X8is,3,120.029,140.624,,
Yi6Qyn4X8is,4,19.208,27.501,,
Yi6Qyn4X8is,5,26.501,30.814,,
Yi6Qyn4X8is,6,29.814,49.312,,
Yi6Qyn4X8is,7,69.384,74.614,,
Yi6Qyn4X8is,8,73.614,82.506,,
YjNYBBs1AZw,0,50.676,58.341,,
YmGfjU5PGyE,0,79.381,93.252,,
YmGfjU5PGyE,1,25.284,31.911,,
Yn8vNC41UMg,0,54.059,74.963,,
Yn8vNC41UMg,1,162.113,170.167,,
Yn8vNC41UMg,2,26.541,38.297,,
YodtMIsjM0c,0,-0.487528344671,1.58004535147,,
YodtMIsjM0c,1,1.26848072562,5.77052154195,,
YodtMIsjM0c,2,33.1560090703,36.380952381,,
YodtMIsjM0c,3,36.0394557823,44.0136054422,,
YodtMIsjM0c,4,43.2131519274,47.6752834467,,
YodtMIsjM0c,5,48.2317460317,52.3047619048,,
YodtMIsjM0c,6,5.03990929705,8.88344671202,,
YodtMIsjM0c,7,8.55192743764,13.6126984127,,
YodtMIsjM0c,8,14.1092970522,20.1079365079,,
YodtMIsjM0c,9,20.2952380952,24.3283446712,,
YodtMIsjM0c,10,24.2462585034,27.241723356,,
YodtMIsjM0c,11,28.8158730159,32.0907029478,,
YqHEmUKUy-E,0,84.24,104.127,,
YqHEmUKUy-E,1,103.616,119.921,,
YrPXbGBvqGo,0,0.0,5.242,,
YrPXbGBvqGo,1,47.673,54.62,,
YrPXbGBvqGo,2,54.218,61.973,,
YrPXbGBvqGo,3,14.049,22.243,,
YsMM_1R1vtw,0,0.0,5.132,,
YsMM_1R1vtw,1,51.694,56.425,,
YsMM_1R1vtw,2,8.063,16.935,,
YsMM_1R1vtw,3,22.66,29.656,,
YsMM_1R1vtw,4,34.892,41.908,,
Z-26eyME6Co,0,0.0,11.328,,
Z-26eyME6Co,1,89.448,93.9,,
Z-26eyME6Co,2,99.705,108.497,,
Z-26eyME6Co,3,110.55,120.999,,
Z-26eyME6Co,4,27.299,38.137,,
Z-26eyME6Co,5,68.556,82.885,,
Z-26eyME6Co,6,82.344,89.959,,
Z3fcd1wdzr0,0,0.64988662132,6.51882086168,,
Z3fcd1wdzr0,1,5.68843537415,14.1115646259,,
Z3fcd1wdzr0,2,13.2412698413,22.7519274376,,
Z3fcd1wdzr0,3,21.7519274376,28.7482993197,,
Z3fcd1wdzr0,4,27.9378684807,30.9034013605,,
Z3fcd1wdzr0,5,29.9034013605,41.4095238095,,
Z3fcd1wdzr0,6,41.1079365079,43.70430839,,
Z3fcd1wdzr0,7,43.0235827664,50.4689342404,,
Z4iYSMMMycQ,0,0.0,3.386,,
Z4iYSMMMycQ,1,8.562,24.837,,
Z7L3V5bwzI0,0,0.0,6.479,,
Z7L3V5bwzI0,1,7.604,13.154,,
ZDz8Qr-sJ3E,0,80.728,90.987,,
ZDz8Qr-sJ3E,1,14.159,23.041,,
ZDz8Qr-sJ3E,2,22.041,26.483,,
ZDz8Qr-sJ3E,3,67.638,73.217,,
ZHUFlEgKk-w,0,0.0,6.13,,
ZHUFlEgKk-w,1,5.439,8.754,,
ZHUFlEgKk-w,2,20.285,24.278,,
ZHUFlEgKk-w,3,23.278,31.083,,
ZJGzEeDXbyM,0,0.0,1.76,,
ZJGzEeDXbyM,1,2.027,6.09,,
ZKErPftd--w,0,-0.487528344671,2.33832199546,,
ZKErPftd--w,1,1.55782312925,6.59863945578,,
ZKErPftd--w,2,47.3337868481,55.8866213152,,
ZKErPftd--w,3,55.1160997732,57.7823129252,,
ZKErPftd--w,4,15.6058956916,19.8984126984,,
ZKErPftd--w,5,18.9782312925,21.135600907,,
ZKErPftd--w,6,20.4648526077,25.2263038549,,
ZKErPftd--w,7,25.5433106576,33.0385487528,,
ZKErPftd--w,8,32.1283446712,34.3455782313,,
ZKErPftd--w,9,45.0290249433,48.0444444444,,
ZKKNd0zR8Io,0,14.588,19.15,,
ZKZ8UjaQQT4,0,44.42,58.311,,
ZKZ8UjaQQT4,1,57.94,67.62,,
ZLCK8WX6qFQ,0,51.594,55.877,,
ZLCK8WX6qFQ,1,20.445,30.933,,
ZMAoUt0SD7E,0,4.451,9.412,,
ZQaGGpcIPHM,0,12.992,17.554,,
ZQaGGpcIPHM,1,22.77,27.8,,
ZQuGizjoCTY,0,1.46802721088,4.15419501134,,
ZQuGizjoCTY,1,3.15419501134,6.75827664399,,
ZQuGizjoCTY,2,5.75827664399,11.0285714286,,
ZQuGizjoCTY,3,10.4077097506,13.2734693878,,
ZQuGizjoCTY,4,36.977324263,39.2743764172,,
ZQuGizjoCTY,5,40.6589569161,44.4426303855,,
ZQuGizjoCTY,6,44.1609977324,49.4712018141,,
ZRic9ygn9f8,0,5.768,11.667,,
ZRic9ygn9f8,1,16.314,26.284,,
ZRic9ygn9f8,2,25.932,34.066,,
ZS1Nb0OWYNE,0,0.131065759637,4.52335600907,,
ZS1Nb0OWYNE,1,4.5410430839,7.48662131519,,
ZS1Nb0OWYNE,2,56.3034013605,62.7510204082,,
ZS1Nb0OWYNE,3,62.6090702948,69.2961451247,,
ZS1Nb0OWYNE,4,69.2739229025,84.3419501134,,
ZS1Nb0OWYNE,5,84.4095238095,95.0276643991,,
ZS1Nb0OWYNE,6,94.9555555556,101.223582766,,
ZS1Nb0OWYNE,7,100.98185941,113.086621315,,
ZS1Nb0OWYNE,8,113.054421769,122.864399093,,
ZS1Nb0OWYNE,9,6.61632653061,16.546031746,,
ZS1Nb0OWYNE,10,16.5936507937,22.5523809524,,
ZS1Nb0OWYNE,11,22.6199546485,30.2049886621,,
ZS1Nb0OWYNE,12,30.5419501134,32.8689342404,,
ZS1Nb0OWYNE,13,35.0816326531,39.5038548753,,
ZS1Nb0OWYNE,14,39.3818594104,50.6585034014,,
ZS1Nb0OWYNE,15,49.6585034014,56.3056689342,,
ZSBoSJaD2tQ,0,0.879,5.581,,
ZSBoSJaD2tQ,1,4.91,13.543,,
ZSBoSJaD2tQ,2,12.902,21.884,,
ZSBoSJaD2tQ,3,21.283,33.188,,
ZSBoSJaD2tQ,4,32.607,41.429,,
ZSBoSJaD2tQ,5,40.569,52.854,,
ZSBoSJaD2tQ,6,52.771,56.565,,
ZSBoSJaD2tQ,7,56.154,61.893,,
ZSBoSJaD2tQ,8,61.292,66.842,,
ZUqTWOx9jYU,0,18.589,24.099,,
ZUqTWOx9jYU,1,23.847,40.172,,
ZUqTWOx9jYU,2,39.601,45.57,,
ZUqTWOx9jYU,3,45.039,54.899,,
ZUqTWOx9jYU,4,54.617,63.859,,
ZUqTWOx9jYU,5,63.377,68.239,,
ZW4Oe_fKJM0,0,0.0,5.142,,
ZW4Oe_fKJM0,1,4.531,8.424,,
ZW4Oe_fKJM0,2,13.171,20.138,,
ZW4Oe_fKJM0,3,19.677,30.005,,
ZW4Oe_fKJM0,4,29.604,36.71,,
ZW4Oe_fKJM0,5,36.01,43.305,,
ZW4Oe_fKJM0,6,42.595,46.747,,
ZXHX_e6HCI0,0,0.0,11.907,,
ZXHX_e6HCI0,1,11.196,17.733,,
ZXHX_e6HCI0,2,17.053,26.064,,
ZXHX_e6HCI0,3,25.663,37.389,,
ZXQkyX6prBQ,0,4.92,12.206,,
ZXQkyX6prBQ,1,12.932,17.294,,
ZXQkyX6prBQ,2,16.364,21.305,,
ZXQkyX6prBQ,3,21.163,26.005,,
ZXQkyX6prBQ,4,27.14,31.602,,
ZXQkyX6prBQ,5,33.785,41.28,,
ZXQkyX6prBQ,6,45.378,51.297,,
ZZ1IyZaMTWQ,0,0.0,4.863,,
ZZ1IyZaMTWQ,1,28.487,43.295,,
ZZ1IyZaMTWQ,2,42.834,52.734,,
ZZ1IyZaMTWQ,3,57.012,60.606,,
ZZ1IyZaMTWQ,4,63.707,72.589,,
ZZzdvUdOTww,0,-0.487528344671,5.53106575964,,
ZZzdvUdOTww,1,6.77596371882,10.0707482993,,
ZZzdvUdOTww,2,9.07074829932,13.8820861678,,
ZZzdvUdOTww,3,12.8820861678,17.873015873,,
ZZzdvUdOTww,4,17.3020408163,20.337414966,,
ZZzdvUdOTww,5,19.337414966,29.0575963719,,
Zae-zQ3VBpY,0,11.795,17.434,,
Zae-zQ3VBpY,1,17.272,34.106,,
ZaoFHcbRM9g,0,0.0,5.262,,
ZaoFHcbRM9g,1,4.262,6.529,,
ZaoFHcbRM9g,2,5.529,7.327,,
ZaoFHcbRM9g,3,6.327,15.858,,
ZaoFHcbRM9g,4,38.444,42.587,,
ZaoFHcbRM9g,5,41.587,45.341,,
ZaoFHcbRM9g,6,44.341,46.827,,
ZaoFHcbRM9g,7,45.827,49.84,,
ZaoFHcbRM9g,8,48.84,53.801,,
Zb7bdrjWyEY,0,36.548,45.351,,
ZbVa-a2tNFM,0,0.0,7.457,,
ZbVa-a2tNFM,1,15.017,20.377,,
ZbVa-a2tNFM,2,19.836,24.488,,
ZcFzcd4ZoMg,0,-0.487528344671,5.31156462585,,
ZcFzcd4ZoMg,1,48.5709750567,51.2272108844,,
ZcFzcd4ZoMg,2,8.08299319728,17.643537415,,
ZcFzcd4ZoMg,3,17.6911564626,21.6344671202,,
ZcFzcd4ZoMg,4,21.2031746032,28.2095238095,,
ZcFzcd4ZoMg,5,27.2095238095,31.2925170068,,
ZcFzcd4ZoMg,6,30.2925170068,42.1977324263,,
ZcFzcd4ZoMg,7,41.2476190476,47.9546485261,,
ZdX9sUd3bAI,0,1.398,17.185,,
ZdX9sUd3bAI,1,16.185,28.319,,
ZdX9sUd3bAI,2,27.319,42.527,,
ZdX9sUd3bAI,3,41.527,62.941,,
ZeH7gZw94k0,0,43.542,51.736,,
ZfQYEa2fHGo,0,0.0,8.784,,
ZfQYEa2fHGo,1,13.052,26.553,,
ZfQYEa2fHGo,2,31.081,48.922,,
Zg9DKOHJdw8,0,13.521,22.971,,
Zg9DKOHJdw8,1,39.681,49.601,,
ZiM_gkdFGJk,0,95.734,100.994,,
ZiM_gkdFGJk,1,21.283,30.265,,
Zj_4YmbMWtg,0,46.087755102,49.8990929705,,
Zj_4YmbMWtg,1,13.0927437642,19.2287981859,,
Zj_4YmbMWtg,2,21.8528344671,27.0111111111,,
Zj_4YmbMWtg,3,28.2782312925,33.9054421769,,
ZjsQqd6KZIg,0,2.486,10.051,,
ZjsQqd6KZIg,1,79.97,89.051,,
ZjsQqd6KZIg,2,94.417,100.226,,
ZjsQqd6KZIg,3,123.521,139.806,,
ZjsQqd6KZIg,4,9.43,16.706,,
ZjsQqd6KZIg,5,30.592,40.292,,
ZjsQqd6KZIg,6,40.06,45.251,,
ZjsQqd6KZIg,7,44.75,50.259,,
ZjsQqd6KZIg,8,50.167,57.593,,
ZjsQqd6KZIg,9,57.431,66.153,,
ZjsQqd6KZIg,10,65.712,70.024,,
ZltpfWh2aIw,0,0.0,14.371,,
ZmAIDJ_gcXM,0,35.281,44.463,,
ZmAIDJ_gcXM,1,44.041,50.21,,
ZmAIDJ_gcXM,2,55.206,66.562,,
Zo8jCDGMWjw,0,0.0,4.284,,
Zr3psuFQoDY,0,32.068,38.167,,
Zs8x712Y-CM,0,-0.487528344671,1.5201814059,,
Zs8x712Y-CM,1,25.7628117914,28.2394557823,,
Zs8x712Y-CM,2,28.2870748299,36.8299319728,,
Zs8x712Y-CM,3,35.8299319728,42.2077097506,,
Zs8x712Y-CM,4,41.2077097506,53.0929705215,,
Zs8x712Y-CM,5,0.99909297052,3.72517006803,,
Zs8x712Y-CM,6,2.72517006803,7.39682539683,,
Zs8x712Y-CM,7,6.72607709751,11.4176870748,,
Zs8x712Y-CM,8,10.5573696145,13.1337868481,,
Zs8x712Y-CM,9,12.4031746032,16.9551020408,,
Zs8x712Y-CM,10,15.9750566893,21.1655328798,,
Zs8x712Y-CM,11,20.3451247166,26.4535147392,,
ZsLrKF7_Oos,0,0.0,16.466,,
ZsLrKF7_Oos,1,15.656,22.862,,
ZtocGyL3Tfc,0,5.239,17.654,,
ZtocGyL3Tfc,1,79.301,89.55,,
ZtocGyL3Tfc,2,88.999,105.913,,
ZtocGyL3Tfc,3,104.913,112.857,,
ZtocGyL3Tfc,4,111.967,117.098,,
ZtocGyL3Tfc,5,116.656,126.935,,
ZtocGyL3Tfc,6,135.154,143.677,,
ZtocGyL3Tfc,7,17.402,21.475,,
ZtocGyL3Tfc,8,147.975,156.398,,
ZtocGyL3Tfc,9,164.088,176.373,,
ZtocGyL3Tfc,10,20.924,34.874,,
ZtocGyL3Tfc,11,39.162,54.46,,
ZtocGyL3Tfc,12,54.248,63.28,,
ZtocGyL3Tfc,13,62.888,72.688,,
ZtocGyL3Tfc,14,72.078,80.241,,
ZtuTCuh9C1M,0,32.0596371882,44.1421768707,,
ZtuTCuh9C1M,1,44.7108843537,48.322675737,,
ZtuTCuh9C1M,2,93.6396825397,98.0596371882,,
ZtuTCuh9C1M,3,99.416553288,103.936281179,,
ZtuTCuh9C1M,4,117.93446712,120.64829932,,
ZtuTCuh9C1M,5,22.3716553288,25.983446712,,
Zvisaa77Cng,0,4.192,9.821,,
Zvisaa77Cng,1,9.34,17.893,,
Zvisaa77Cng,2,23.588,27.751,,
ZzL2sHtTWRc,0,0.0,6.299,,
ZzL2sHtTWRc,1,5.589,11.927,,
ZznoGQVwTtw,0,2.49569160998,5.39138321995,,
ZznoGQVwTtw,1,5.15963718821,12.4353741497,,
ZznoGQVwTtw,2,11.7446712018,21.3650793651,,
ZznoGQVwTtw,3,20.9537414966,24.2285714286,,
ZznoGQVwTtw,4,23.8571428571,28.5886621315,,
ZznoGQVwTtw,5,28.0875283447,33.7369614512,,
ZznoGQVwTtw,6,33.4253968254,42.9859410431,,
ZznoGQVwTtw,7,42.4249433107,47.5555555556,,
_0efYOjQYRc,0,20.215,30.424,,
_0efYOjQYRc,1,30.342,34.565,,
_1nvuNk7EFY,0,79.7811791383,89.3893424036,,
_1nvuNk7EFY,1,91.225170068,96.8723356009,,
_1nvuNk7EFY,2,97.7503401361,110.900453515,,
_1nvuNk7EFY,3,110.900453515,118.333560091,,
_1nvuNk7EFY,4,142.398866213,151.019274376,,
_1nvuNk7EFY,5,153.06462585,158.911337868,,
_1nvuNk7EFY,6,159.759410431,169.836507937,,
_1nvuNk7EFY,7,171.213378685,177.03015873,,
_1nvuNk7EFY,8,179.005668934,188.184807256,,
_1nvuNk7EFY,9,188.184807256,188.623809524,,
_1nvuNk7EFY,10,36.8786848073,42.7353741497,,
_1nvuNk7EFY,11,42.7353741497,46.6963718821,,
_1nvuNk7EFY,12,60.6247165533,69.3049886621,,
_26JmJnPKfM,0,-0.487528344671,10.629478458,,
_26JmJnPKfM,1,10.4176870748,21.9337868481,,
_26JmJnPKfM,2,86.2653061224,95.0476190476,,
_26JmJnPKfM,3,94.8058956916,101.98185941,,
_26JmJnPKfM,4,101.700226757,112.627664399,,
_26JmJnPKfM,5,112.166439909,118.424489796,,
_26JmJnPKfM,6,117.773696145,120.080725624,,
_26JmJnPKfM,7,119.559637188,127.613605442,,
_26JmJnPKfM,8,126.992743764,133.041269841,,
_26JmJnPKfM,9,132.799546485,145.273469388,,
_26JmJnPKfM,10,145.211337868,150.38185941,,
_26JmJnPKfM,11,149.511564626,155.270748299,,
_26JmJnPKfM,12,21.7120181406,42.6866213152,,
_26JmJnPKfM,13,155.048979592,160.81814059,,
_26JmJnPKfM,14,160.526530612,167.802267574,,
_26JmJnPKfM,15,167.520634921,176.741950113,,
_26JmJnPKfM,16,176.320634921,178.717460317,,
_26JmJnPKfM,17,178.256235828,180.702947846,,
_26JmJnPKfM,18,41.6866213152,54.3201814059,,
_26JmJnPKfM,19,54.1083900227,58.8598639456,,
_26JmJnPKfM,20,58.3387755102,70.8725623583,,
_26JmJnPKfM,21,70.3814058957,73.4666666667,,
_26JmJnPKfM,22,73.2947845805,77.9664399093,,
_26JmJnPKfM,23,77.7546485261,86.0480725624,,
_2u0MkRqpjA,0,40.988,56.745,,
_4K620KW_Is,0,30.502,36.062,,
_4K620KW_Is,1,50.038,62.342,,
_4K620KW_Is,2,80.01,94.459,,
_4PNh8dIILI,0,10.857,21.185,,
_4PNh8dIILI,1,20.385,30.883,,
_7HVhnSYX1Y,0,0.0,7.736,,
_7HVhnSYX1Y,1,7.235,11.996,,
_7HVhnSYX1Y,2,82.444,87.794,,
_7HVhnSYX1Y,3,96.273,101.862,,
_7HVhnSYX1Y,4,105.362,114.793,,
_7HVhnSYX1Y,5,114.092,120.041,,
_7HVhnSYX1Y,6,120.837,125.449,,
_7HVhnSYX1Y,7,137.718,142.789,,
_7HVhnSYX1Y,8,15.147,23.231,,
_7HVhnSYX1Y,9,154.57,161.307,,
_7HVhnSYX1Y,10,160.616,164.959,,
_7HVhnSYX1Y,11,39.013,56.395,,
_8pvMpMdGM4,0,0.0,5.401,,
_8pvMpMdGM4,1,4.601,8.415,,
_8pvMpMdGM4,2,80.568,106.282,,
_8pvMpMdGM4,3,105.591,117.636,,
_8pvMpMdGM4,4,116.736,124.78,,
_8pvMpMdGM4,5,124.209,137.142,,
_8pvMpMdGM4,6,136.252,152.617,,
_8pvMpMdGM4,7,151.876,164.59,,
_8pvMpMdGM4,8,163.779,182.858,,
_8pvMpMdGM4,9,182.227,195.23,,
_8pvMpMdGM4,10,194.27,201.995,,
_8pvMpMdGM4,11,200.995,208.27,,
_8pvMpMdGM4,12,7.415,16.746,,
_8pvMpMdGM4,13,207.27,220.253,,
_8pvMpMdGM4,14,15.955,24.608,,
_8pvMpMdGM4,15,24.087,31.791,,
_8pvMpMdGM4,16,31.36,47.516,,
_8pvMpMdGM4,17,46.516,57.363,,
_8pvMpMdGM4,18,56.413,64.587,,
_8pvMpMdGM4,19,63.707,77.298,,
_8pvMpMdGM4,20,76.298,81.359,,
_BMdEKNF5Js,0,0.0,7.966,,
_BXmhCPTQmA,0,2.097,10.679,,
_BXmhCPTQmA,1,13.122,22.922,,
_BtdwH6mfWg,0,0.0,5.81,,
_BtdwH6mfWg,1,73.973,98.45,,
_BvNNdEkhZA,0,0.0,6.339,,
_BvNNdEkhZA,1,45.298,51.487,,
_BvNNdEkhZA,2,56.154,67.121,,
_BvNNdEkhZA,3,66.49,70.613,,
_BvNNdEkhZA,4,70.002,85.878,,
_BvNNdEkhZA,5,85.268,88.672,,
_BvNNdEkhZA,6,94.117,102.86,,
_BvNNdEkhZA,7,17.921,24.009,,
_BvNNdEkhZA,8,23.558,28.808,,
_BvNNdEkhZA,9,29.664,33.727,,
_HabvL0VnrQ,0,0.0,7.556,,
_HabvL0VnrQ,1,64.006,73.956,,
_HabvL0VnrQ,2,101.161,112.558,,
_HabvL0VnrQ,3,126.933,136.902,,
_HabvL0VnrQ,4,160.716,165.078,,
_HabvL0VnrQ,5,27.968,33.867,,
_HabvL0VnrQ,6,33.575,41.31,,
_HabvL0VnrQ,7,40.928,48.813,,
_HabvL0VnrQ,8,48.481,63.579,,
_HanACduNJk,0,62.429,70.005,,
_HanACduNJk,1,69.005,79.742,,
_HanACduNJk,2,78.742,87.664,,
_HanACduNJk,3,86.664,97.572,,
_HanACduNJk,4,9.101,15.997,,
_HanACduNJk,5,27.359,36.401,,
_HanACduNJk,6,39.462,46.568,,
_HanACduNJk,7,46.336,53.602,,
_HanACduNJk,8,52.602,58.401,,
_JcML8u5Wes,0,3.833,11.088,,
_JcML8u5Wes,1,10.507,17.584,,
_JcML8u5Wes,2,17.252,30.634,,
_K0okiLaF9I,0,5.539,17.963,,
_K0okiLaF9I,1,16.963,32.679,,
_KGd7IpX3B4,0,10.108,35.603,,
_MGd6t9eZP8,0,7.594,16.516,,
_OmWVs0-6UM,0,0.0,6.688,,
_OmWVs0-6UM,1,15.606,27.611,,
_OmWVs0-6UM,2,27.399,35.722,,
_OmWVs0-6UM,3,42.595,52.574,,
_PJ26YwqRJE,0,62.699,68.448,,
_PJ26YwqRJE,1,67.807,74.395,,
_PJ26YwqRJE,2,85.846,101.573,,
_PJ26YwqRJE,3,6.846,13.503,,
_PJ26YwqRJE,4,27.269,30.824,,
_PJ26YwqRJE,5,31.889,40.571,,
_PKP676ez2c,0,76.9176870748,82.2954648526,,
_PKP676ez2c,1,87.8029478458,94.1485260771,,
_PKP676ez2c,2,98.1793650794,108.974829932,,
_PKP676ez2c,3,109.553514739,114.881405896,,
_PKP676ez2c,4,117.156235828,126.654648526,,
_PKP676ez2c,5,25.5444444444,32.9476190476,,
_PKP676ez2c,6,47.8637188209,55.9353741497,,
_PKP676ez2c,7,56.7634920635,64.5657596372,,
_UNQDdiAbWI,0,0.0,6.958,,
_UNQDdiAbWI,1,28.976,35.313,,
_UNQDdiAbWI,2,37.067,44.802,,
_UNQDdiAbWI,3,43.852,56.126,,
_Vp4SDp_knI,0,16.045,33.168,,
_Vp4SDp_knI,1,57.112,64.447,,
_WA0HtVEe8U,0,0.0,6.229,,
_WkXQNVLQXs,0,32.128,42.208,,
_WkXQNVLQXs,1,48.96,61.354,,
_WkXQNVLQXs,2,60.853,66.832,,
_WkXQNVLQXs,3,66.181,71.361,,
_XWUKMkxa-Q,0,26.371,32.959,,
_YzIvwvyIq4,0,38.703,48.813,,
_ZlF5Q9W1DM,0,0.0,7.846,,
_ZlF5Q9W1DM,1,39.522,47.935,,
_aJghSQmxD8,0,85.707,95.167,,
_aJghSQmxD8,1,26.122,41.4,,
_aJghSQmxD8,2,40.878,56.385,,
_aZDaIfGfPo,0,0.0124716553288,7.96439909297,,
_aZDaIfGfPo,1,8.67278911565,17.5027210884,,
_aZDaIfGfPo,2,17.5027210884,17.8818594104,,
_bIJOxiIJFk,0,0.0,16.486,,
_bIJOxiIJFk,1,15.586,27.9,,
_bIJOxiIJFk,2,27.11,32.829,,
_bIJOxiIJFk,3,32.128,45.051,,
_bIJOxiIJFk,4,44.051,52.834,,
_bIJOxiIJFk,5,51.973,58.032,,
_gr7o5ynhnw,0,2.176,14.95,,
_gr7o5ynhnw,1,77.894,82.855,,
_gr7o5ynhnw,2,82.035,90.678,,
_gr7o5ynhnw,3,90.376,97.861,,
_gr7o5ynhnw,4,97.2,107.649,,
_gr7o5ynhnw,5,14.419,19.809,,
_gr7o5ynhnw,6,20.126,35.613,,
_gr7o5ynhnw,7,35.002,47.166,,
_gr7o5ynhnw,8,48.242,57.154,,
_gr7o5ynhnw,9,56.912,62.99,,
_gr7o5ynhnw,10,61.99,66.363,,
_gzYkdjNvPc,0,1.189,8.325,,
_gzYkdjNvPc,1,7.614,16.606,,
_gzYkdjNvPc,2,60.703,70.743,,
_gzYkdjNvPc,3,71.22,92.364,,
_gzYkdjNvPc,4,92.96,98.829,,
_gzYkdjNvPc,5,98.877,106.951,,
_gzYkdjNvPc,6,106.948,120.699,,
_gzYkdjNvPc,7,119.939,133.291,,
_gzYkdjNvPc,8,134.885,159.262,,
_gzYkdjNvPc,9,159.309,165.108,,
_gzYkdjNvPc,10,16.105,18.053,,
_gzYkdjNvPc,11,17.122,23.7,,
_gzYkdjNvPc,12,23.618,29.018,,
_gzYkdjNvPc,13,28.018,33.867,,
_gzYkdjNvPc,14,32.867,41.21,,
_gzYkdjNvPc,15,40.998,47.576,,
_gzYkdjNvPc,16,46.965,53.073,,
_gzYkdjNvPc,17,53.24,60.965,,
_iRAn6feOmw,0,95.105,104.646,,
_iRAn6feOmw,1,103.935,114.813,,
_iRAn6feOmw,2,128.689,133.849,,
_iRAn6feOmw,3,181.848,188.775,,
_iRAn6feOmw,4,188.194,198.303,,
_iy7ftq27xE,0,0.430385487528,5.91020408163,,
_iy7ftq27xE,1,57.9696145125,76.6494331066,,
_iy7ftq27xE,2,76.1083900227,82.0272108844,,
_iy7ftq27xE,3,81.7555555556,85.4195011338,,
_iy7ftq27xE,4,84.4195011338,92.8526077098,,
_iy7ftq27xE,5,92.6108843537,104.406349206,,
_iy7ftq27xE,6,8.33242630385,13.0439909297,,
_iy7ftq27xE,7,13.3709750567,25.3659863946,,
_iy7ftq27xE,8,24.9346938776,36.3011337868,,
_iy7ftq27xE,9,36.2888888889,45.8394557823,,
_iy7ftq27xE,10,45.1487528345,52.2947845805,,
_iy7ftq27xE,11,51.883446712,58.8598639456,,
_on_E-ZWy0I,0,0.081,12.445,,
_on_E-ZWy0I,1,12.453,22.173,,
_on_E-ZWy0I,2,98.807,106.212,,
_on_E-ZWy0I,3,105.661,124.7,,
_on_E-ZWy0I,4,123.78,139.058,,
_on_E-ZWy0I,5,138.088,149.224,,
_on_E-ZWy0I,6,148.624,162.434,,
_on_E-ZWy0I,7,161.434,168.291,,
_on_E-ZWy0I,8,167.86,177.51,,
_on_E-ZWy0I,9,177.009,185.931,,
_on_E-ZWy0I,10,185.24,189.902,,
_on_E-ZWy0I,11,189.361,199.59,,
_on_E-ZWy0I,12,21.383,30.295,,
_on_E-ZWy0I,13,199.029,209.478,,
_on_E-ZWy0I,14,208.817,218.806,,
_on_E-ZWy0I,15,218.585,227.467,,
_on_E-ZWy0I,16,29.624,45.4,,
_on_E-ZWy0I,17,44.939,54.36,,
_on_E-ZWy0I,18,53.36,58.68,,
_on_E-ZWy0I,19,57.82,62.841,,
_on_E-ZWy0I,20,62.839,76.28,,
_on_E-ZWy0I,21,75.52,82.127,,
_on_E-ZWy0I,22,81.636,99.049,,
_q7DM8WkzAQ,0,122.982,130.587,,
_q7DM8WkzAQ,1,137.12,149.464,,
_q7DM8WkzAQ,2,12.503,17.713,,
_q7DM8WkzAQ,3,17.073,30.065,,
_q7DM8WkzAQ,4,29.614,36.211,,
_q7DM8WkzAQ,5,70.232,86.697,,
_qVgNLJCYdA,0,0.0,11.498,,
_qVgNLJCYdA,1,12.194,20.148,,
_qVgNLJCYdA,2,38.175,53.103,,
_qVgNLJCYdA,3,52.273,57.722,,
_qVgNLJCYdA,4,58.039,67.849,,
_t8ETpf2LnM,0,0.4,3.077,,
_tBaGXNwlp0,0,0.0,9.941,,
_tBaGXNwlp0,1,9.43,17.923,,
_tBaGXNwlp0,2,18.24,27.202,,
_tBaGXNwlp0,3,27.429,33.817,,
_tBaGXNwlp0,4,32.817,38.406,,
_tBaGXNwlp0,5,38.055,48.663,,
_v8c7iWkYz0,0,15.476,30.774,,
_v8c7iWkYz0,1,30.362,36.77,,
_v8c7iWkYz0,2,36.369,45.73,,
_v8c7iWkYz0,3,50.936,61.823,,
_v8c7iWkYz0,4,60.823,69.346,,
_v8c7iWkYz0,5,69.015,82.875,,
_xjBqNfiEY4,0,0.0,18.083,,
_xjBqNfiEY4,1,17.083,22.652,,
_xjBqNfiEY4,2,21.722,32.999,,
_xjBqNfiEY4,3,32.078,41.36,,
_xjBqNfiEY4,4,40.799,48.793,,
_xjBqNfiEY4,5,50.846,61.394,,
a-WihYDk6vc,0,0.0,6.289,,
a-WihYDk6vc,1,24.186,36.7,,
a-WihYDk6vc,2,35.7,43.924,,
a4PHWxILDp0,0,0.0,6.748,,
a4PHWxILDp0,1,117.554,125.838,,
a4PHWxILDp0,2,124.838,131.794,,
a4PHWxILDp0,3,154.62,160.429,,
a4PHWxILDp0,4,166.214,170.556,,
a4PHWxILDp0,5,169.556,176.024,,
a4PHWxILDp0,6,175.063,181.541,,
a4PHWxILDp0,7,184.243,192.017,,
a4PHWxILDp0,8,18.779,33.228,,
a4PHWxILDp0,9,66.72,86.577,,
a4PHWxILDp0,10,86.744,98.62,,
a4PHWxILDp0,11,98.288,103.109,,
a4PHWxILDp0,12,102.109,112.239,,
a4PHWxILDp0,13,111.318,118.554,,
a4vRa-_nuJw,0,0.0,13.712,,
a4vRa-_nuJw,1,13.96,19.41,,
a4vRa-_nuJw,2,82.663,93.322,,
a4vRa-_nuJw,3,93.788,105.484,,
a4vRa-_nuJw,4,33.834,42.387,,
a4vRa-_nuJw,5,43.063,58.73,,
a5CSKvCAhbs,0,-0.377777777778,3.19637188209,,
a5CSKvCAhbs,1,2.37596371882,5.5410430839,,
a5CSKvCAhbs,2,24.306122449,34.4952380952,,
a5CSKvCAhbs,3,33.7845804989,41.9083900227,,
a5CSKvCAhbs,4,5.379138322,7.99546485261,,
a5CSKvCAhbs,5,7.40453514739,11.6970521542,,
a5CSKvCAhbs,6,11.0562358277,14.8997732426,,
a5CSKvCAhbs,7,14.3886621315,20.187755102,,
a5CSKvCAhbs,8,19.337414966,21.6843537415,,
a5CSKvCAhbs,9,21.1532879819,24.7274376417,,
a5FKWiI90hk,0,15.676,21.156,,
a5FKWiI90hk,1,24.895,31.352,,
a5FKWiI90hk,2,37.207,45.939,,
a7HHg_JygJo,0,5.948,15.728,,
a7HHg_JygJo,1,76.188,85.529,,
a7HHg_JygJo,2,90.965,98.839,,
a7HHg_JygJo,3,20.884,35.543,,
a7HHg_JygJo,4,34.742,40.541,,
a7HHg_JygJo,5,39.541,44.532,,
a7HHg_JygJo,6,43.662,50.449,,
a8UMRrUjavI,0,43.422675737,48.2240362812,,
a8UMRrUjavI,1,9.819047619,16.7655328798,,
a8UMRrUjavI,2,16.1845804989,22.9215419501,,
a8UMRrUjavI,3,32.9963718821,37.3886621315,,
a8UMRrUjavI,4,36.8875283447,41.9482993197,,
a8UMRrUjavI,5,40.9482993197,44.422675737,,
a8WV5KEMKSw,0,-0.487528344671,10.7990929705,,
a8WV5KEMKSw,1,10.3578231293,21.0857142857,,
a8WV5KEMKSw,2,20.3451247166,30.2648526077,,
a8WV5KEMKSw,3,30.073015873,37.8176870748,,
a8WV5KEMKSw,4,37.5560090703,45.0911564626,,
aCwLQrJz4Bo,0,-0.487528344671,5.19183673469,,
aCwLQrJz4Bo,1,4.25170068027,11.158276644,,
aCwLQrJz4Bo,2,50.3469387755,53.1827664399,,
aCwLQrJz4Bo,3,10.158276644,18.212244898,,
aCwLQrJz4Bo,4,26.8802721088,29.4965986395,,
aDvgbBqTWWE,0,50.197,54.989,,
aDvgbBqTWWE,1,53.989,61.254,,
aDvgbBqTWWE,2,9.59,13.892,,
aDvgbBqTWWE,3,101.311,108.068,,
aDvgbBqTWWE,4,127.801,133.7,,
aDvgbBqTWWE,5,136.96,142.51,,
aE-X_QdDaqQ,0,4.93129251701,10.319047619,,
aE-X_QdDaqQ,1,10.6782312925,26.9013605442,,
aE-X_QdDaqQ,2,26.9013605442,27.5698412698,,
aE7sckIAWuw,0,1.12879818594,7.22721088435,,
aE7sckIAWuw,1,8.31247165533,13.6326530612,,
aE7sckIAWuw,2,13.231292517,16.5859410431,,
aE7sckIAWuw,3,15.5859410431,20.5369614512,,
aE7sckIAWuw,4,20.0458049887,24.8072562358,,
aE7sckIAWuw,5,24.7052154195,35.093877551,,
aEaM_LOI-BM,0,0.0,10.32,,
aEaM_LOI-BM,1,71.698,76.45,,
aEaM_LOI-BM,2,40.33,51.237,,
aEaM_LOI-BM,3,50.237,57.593,,
aEaM_LOI-BM,4,56.593,68.528,,
aEaM_LOI-BM,5,67.528,72.698,,
aFZIvp3SgHY,0,58.997,64.268,,
aFZIvp3SgHY,1,63.617,70.713,,
aFZIvp3SgHY,2,70.082,75.273,,
aFZIvp3SgHY,3,37.366,49.062,,
aFhT0px8AMw,0,0.0,6.569,,
aFhT0px8AMw,1,20.335,32.34,,
aFhc2ddipoM,0,0.0,6.808,,
aFhc2ddipoM,1,6.507,16.925,,
aFhc2ddipoM,2,65.103,73.337,,
aFhc2ddipoM,3,75.54,88.123,,
aFhc2ddipoM,4,91.513,97.911,,
aFhc2ddipoM,5,96.911,103.399,,
aFhc2ddipoM,6,43.024,49.142,,
aFjMWlR1QAY,0,0.0,4.084,,
aFjMWlR1QAY,1,3.394,5.731,,
aFjMWlR1QAY,2,34.513,41.09,,
aFjMWlR1QAY,3,40.09,47.166,,
aFjMWlR1QAY,4,46.795,54.33,,
aFjMWlR1QAY,5,5.09,9.801,,
aFjMWlR1QAY,6,8.801,13.074,,
aFjMWlR1QAY,7,13.122,16.396,,
aFjMWlR1QAY,8,15.596,17.743,,
aFjMWlR1QAY,9,16.743,20.537,,
aFjMWlR1QAY,10,19.537,23.879,,
aFjMWlR1QAY,11,23.707,32.819,,
aFjMWlR1QAY,12,31.819,35.513,,
aI1tdJPHz2I,0,0.0,10.939,,
aI1tdJPHz2I,1,10.158,21.624,,
aI1tdJPHz2I,2,20.624,37.718,,
aI1tdJPHz2I,3,36.718,53.791,,
aIUF3QJJOF4,0,0.0,8.754,,
aIUF3QJJOF4,1,144.373,161.217,,
aIUF3QJJOF4,2,160.217,170.077,,
aIUF3QJJOF4,3,11.655,26.214,,
aIUF3QJJOF4,4,25.214,38.147,,
aIUF3QJJOF4,5,43.433,57.573,,
aIUF3QJJOF4,6,57.68,82.506,,
aIUF3QJJOF4,7,83.472,106.202,,
aIUF3QJJOF4,8,108.156,121.438,,
aK5tRCXjUvU,0,0.0,5.93,,
aKPfbyW-Qxw,0,0.0,15.249,,
aKPfbyW-Qxw,1,14.758,22.822,,
aKPfbyW-Qxw,2,102.199,113.935,,
aKPfbyW-Qxw,3,113.703,123.064,,
aKPfbyW-Qxw,4,22.271,32.829,,
aKPfbyW-Qxw,5,32.198,39.703,,
aKPfbyW-Qxw,6,39.412,56.615,,
aKPfbyW-Qxw,7,66.72,76.001,,
aKPfbyW-Qxw,8,81.247,88.862,,
aMtFBGh2wKI,0,49.948,61.993,,
aMtFBGh2wKI,1,60.993,73.207,,
aMtFBGh2wKI,2,72.487,76.659,,
aMtFBGh2wKI,3,8.412,14.521,,
aMtFBGh2wKI,4,13.7,19.07,,
aMtFBGh2wKI,5,22.839,30.863,,
aNOuoSVlunM,0,-0.268027210884,3.10657596372,,
aNOuoSVlunM,1,2.2462585034,4.61315192744,,
aNOuoSVlunM,2,10.5573696145,46.587755102,,
aNOuoSVlunM,3,47.3337868481,53.6517006803,,
aNOuoSVlunM,4,52.6517006803,56.3056689342,,
aWwjhcYLbRw,0,5.229,15.109,,
aWwjhcYLbRw,1,29.684,50.2,,
aWwjhcYLbRw,2,49.918,64.687,,
aXla94xd_AQ,0,0.0,9.831,,
aXla94xd_AQ,1,8.831,15.0,,
aXla94xd_AQ,2,22.45,37.02,,
aXla94xd_AQ,3,52.901,62.152,,
aYdMtEO0cbI,0,4.8,12.116,,
aYdMtEO0cbI,1,11.894,16.376,,
aZjCq_hv2Pk,0,53.6,67.38,,
aZjCq_hv2Pk,1,67.159,88.912,,
aZjCq_hv2Pk,2,12.802,27.431,,
aa0J1AXSseY,0,-0.487528344671,3.07664399093,,
aa0J1AXSseY,1,2.52562358277,5.55102040816,,
aa0J1AXSseY,2,5.03990929705,9.96099773243,,
aa0J1AXSseY,3,9.41995464853,18.5115646259,,
aa0J1AXSseY,4,17.8009070295,20.3074829932,,
aa0J1AXSseY,5,19.6167800454,25.1664399093,,
aa0J1AXSseY,6,24.7052154195,30.1151927438,,
aa2MEQ6FL7k,0,0.0,7.237,,
aa2MEQ6FL7k,1,7.534,16.097,,
aa2MEQ6FL7k,2,16.604,20.886,,
aa2MEQ6FL7k,3,21.203,28.878,,
aa2MEQ6FL7k,4,29.405,34.815,,
aa2MEQ6FL7k,5,34.842,47.915,,
absh1hsZeF0,0,40.19,48.823,,
absh1hsZeF0,1,51.514,70.244,,
absh1hsZeF0,2,69.294,80.022,,
absh1hsZeF0,3,79.022,83.484,,
absh1hsZeF0,4,82.813,93.621,,
afCsKTHteg4,0,0.0,13.074,,
afCsKTHteg4,1,13.191,25.615,,
afCsKTHteg4,2,38.863,50.369,,
afCsKTHteg4,3,56.742,68.169,,
afDJvn5nmtY,0,30.871,42.976,,
ahG9c_uaf8s,0,0.0,11.507,,
ahG9c_uaf8s,1,10.667,34.196,,
ahG9c_uaf8s,2,53.709,59.808,,
ahG9c_uaf8s,3,58.967,73.307,,
ahcAFnY6iAY,0,22.8893424036,25.6253968254,,
ahcAFnY6iAY,1,25.4335600907,34.29569161,,
ai7G98thPpk,0,0.0124716553288,3.2052154195,,
ai7G98thPpk,1,3.51451247166,7.36575963719,,
ai7G98thPpk,2,15.477324263,18.1911564626,,
aiJg0jtIHOM,0,51.953,62.891,,
aiUq5xksJy0,0,9.49,15.459,,
aiUq5xksJy0,1,14.758,22.203,,
aiUq5xksJy0,2,21.203,25.196,,
aiUq5xksJy0,3,24.416,26.693,,
aiUq5xksJy0,4,25.763,31.412,,
aiUq5xksJy0,5,30.412,38.686,,
aiUq5xksJy0,6,37.686,43.116,,
aiUq5xksJy0,7,42.116,46.448,,
ak7N0BqMluI,0,0.0,6.589,,
ak7N0BqMluI,1,6.247,13.463,,
ak7N0BqMluI,2,59.057,64.776,,
ak7N0BqMluI,3,64.764,72.718,,
ak7N0BqMluI,4,13.191,19.569,,
ak7N0BqMluI,5,19.228,23.65,,
ak7N0BqMluI,6,26.062,31.612,,
ak7N0BqMluI,7,31.141,40.322,,
ak7N0BqMluI,8,39.941,49.112,,
amem5EmRG3s,0,1.588,17.683,,
amem5EmRG3s,1,17.122,26.643,,
amem5EmRG3s,2,25.733,35.323,,
amem5EmRG3s,3,35.6,63.34,,
amem5EmRG3s,4,62.868,70.054,,
amem5EmRG3s,5,69.713,95.427,,
an_GzG40hcE,0,0.0,6.01,,
an_GzG40hcE,1,64.704,70.164,,
an_GzG40hcE,2,74.552,85.509,,
an_GzG40hcE,3,7.943,14.191,,
an_GzG40hcE,4,35.84,42.298,,
ap465Tlzf88,0,2.975,8.754,,
ap465Tlzf88,1,11.286,22.004,,
aqmRPNfeOy8,0,0.0,11.278,,
aqmRPNfeOy8,1,20.575,29.147,,
aqmRPNfeOy8,2,41.218,53.332,,
aqmRPNfeOy8,3,52.562,60.297,,
asWraTfIqq0,0,1.119,9.083,,
asWraTfIqq0,1,54.867,57.254,,
asWraTfIqq0,2,8.901,15.389,,
asWraTfIqq0,3,15.147,22.532,,
asWraTfIqq0,4,22.191,29.417,,
asWraTfIqq0,5,29.005,36.531,,
asWraTfIqq0,6,35.97,38.446,,
asWraTfIqq0,7,37.676,40.931,,
asWraTfIqq0,8,40.29,50.399,,
asWraTfIqq0,9,49.888,53.552,,
assx_NKo-L8,0,2.695,9.123,,
assx_NKo-L8,1,9.23,15.758,,
assx_NKo-L8,2,76.128,82.756,,
assx_NKo-L8,3,82.444,93.092,,
assx_NKo-L8,4,93.2,98.879,,
assx_NKo-L8,5,98.917,104.666,,
assx_NKo-L8,6,105.472,108.487,,
assx_NKo-L8,7,107.886,114.264,,
assx_NKo-L8,8,114.142,127.863,,
assx_NKo-L8,9,129.088,131.595,,
assx_NKo-L8,10,131.133,142.24,,
assx_NKo-L8,11,142.946,147.389,,
assx_NKo-L8,12,15.277,24.518,,
assx_NKo-L8,13,146.967,162.594,,
assx_NKo-L8,14,25.005,28.579,,
assx_NKo-L8,15,28.147,33.976,,
assx_NKo-L8,16,33.735,44.383,,
assx_NKo-L8,17,44.67,50.698,,
assx_NKo-L8,18,50.347,58.8,,
assx_NKo-L8,19,59.606,67.829,,
assx_NKo-L8,20,67.428,76.36,,
atxoi7pB5TM,0,56.094,69.925,,
atxoi7pB5TM,1,6.896,11.408,,
atxoi7pB5TM,2,46.107,51.277,,
auTpzciNgls,0,0.0,4.324,,
auTpzciNgls,1,3.493,8.724,,
auTpzciNgls,2,8.013,24.089,,
auTpzciNgls,3,23.807,39.843,,
auTpzciNgls,4,86.126,100.525,,
avW2m6VHTyg,0,0.0,5.421,,
avW2m6VHTyg,1,4.761,10.54,,
avW2m6VHTyg,2,10.188,17.324,,
avW2m6VHTyg,3,16.663,20.956,,
avW2m6VHTyg,4,20.325,25.466,,
avW2m6VHTyg,5,30.153,36.78,,
avW2m6VHTyg,6,35.88,45.829,,
avW2m6VHTyg,7,45.229,54.979,,
axQ5CDRawO0,0,9.131,17.474,,
axQ5CDRawO0,1,22.929,27.98,,
b-FX9NOVQOM,0,0.0,3.037,,
b-FX9NOVQOM,1,2.037,10.979,,
b-FX9NOVQOM,2,23.039,26.044,,
b-FX9NOVQOM,3,25.334,33.019,,
b-FX9NOVQOM,4,32.019,42.188,,
b1Il3Nf6BrU,0,13.471,29.616,,
b1Il3Nf6BrU,1,54.537,68.179,,
b1Il3Nf6BrU,2,67.538,83.394,,
b1LEcg6z66g,0,0.0,6.339,,
b1LEcg6z66g,1,77.435,94.469,,
b1LEcg6z66g,2,106.38,116.808,,
b1LEcg6z66g,3,7.584,16.835,,
b1LEcg6z66g,4,23.787,35.024,,
b1LEcg6z66g,5,39.332,43.624,,
b1LEcg6z66g,6,42.984,54.47,,
b1LEcg6z66g,7,53.779,60.506,,
b1LEcg6z66g,8,59.746,70.633,,
b7DK08bWU6c,0,32.238,37.648,,
b86B3hP8ARM,0,65.143,71.002,,
b86B3hP8ARM,1,41.966,52.504,,
b8xmgi4VV0M,0,33.126,48.942,,
b8xmgi4VV0M,1,138.008,146.132,,
b8xmgi4VV0M,2,145.132,152.377,,
b8xmgi4VV0M,3,48.721,55.268,,
b8xmgi4VV0M,4,55.655,63.699,,
b8xmgi4VV0M,5,63.647,70.763,,
b8xmgi4VV0M,6,97.24,116.938,,
b8xmgi4VV0M,7,116.686,127.434,,
b8xmgi4VV0M,8,135.663,139.008,,
b92iw0OAnI4,0,5.758,16.237,,
b92iw0OAnI4,1,30.143,38.516,,
b92iw0OAnI4,2,63.667,75.722,,
bAkUEnPoucg,0,0.0,16.017,,
bAkUEnPoucg,1,21.473,29.926,,
bBJ0BxmIocQ,0,0.0,20.597,,
bBJ0BxmIocQ,1,19.677,28.22,,
bBJ0BxmIocQ,2,82.364,93.421,,
bBJ0BxmIocQ,3,92.751,101.702,,
bBJ0BxmIocQ,4,100.702,107.41,,
bBJ0BxmIocQ,5,106.739,116.828,,
bBJ0BxmIocQ,6,116.068,121.418,,
bBJ0BxmIocQ,7,120.677,125.468,,
bBJ0BxmIocQ,8,124.848,140.574,,
bBJ0BxmIocQ,9,139.734,151.37,,
bBJ0BxmIocQ,10,150.37,161.966,,
bBJ0BxmIocQ,11,161.015,172.172,,
bBJ0BxmIocQ,12,27.359,34.226,,
bBJ0BxmIocQ,13,171.262,182.389,,
bBJ0BxmIocQ,14,181.499,192.446,,
bBJ0BxmIocQ,15,33.296,39.264,,
bBJ0BxmIocQ,16,38.264,43.235,,
bBJ0BxmIocQ,17,42.265,52.644,,
bBJ0BxmIocQ,18,51.854,60.576,,
bBJ0BxmIocQ,19,59.576,72.389,,
bBJ0BxmIocQ,20,71.389,79.164,,
bBJ0BxmIocQ,21,78.164,83.145,,
bCBMKwafZKY,0,36.997,44.353,,
bCDfIJ12oqM,0,0.0,9.053,,
bCDfIJ12oqM,1,33.665,43.086,,
bD0FqMn1KXw,0,0.0,9.422,,
bD0FqMn1KXw,1,65.742,78.286,,
bD0FqMn1KXw,2,12.673,18.911,,
bD0FqMn1KXw,3,18.868,25.476,,
bD0FqMn1KXw,4,24.476,29.457,,
bD0FqMn1KXw,5,29.075,40.292,,
bD0FqMn1KXw,6,57.72,64.347,,
bDwAuRFciJM,0,0.0,2.388,,
bDwAuRFciJM,1,1.598,3.885,,
bDwAuRFciJM,2,50.457,54.5,,
bDwAuRFciJM,3,53.5,56.615,,
bDwAuRFciJM,4,3.134,6.918,,
bDwAuRFciJM,5,17.053,20.008,,
bDwAuRFciJM,6,19.337,24.318,,
bDwAuRFciJM,7,32.946,39.274,,
bEXCrGIOoWU,0,8.562,21.984,,
bEXCrGIOoWU,1,88.251,95.217,,
bEXCrGIOoWU,2,94.636,102.85,,
bI3DTH2yTbM,0,49.269,54.729,,
bI3DTH2yTbM,1,54.468,64.786,,
bJI7-LnKPH4,0,-0.347845804989,7.51655328798,,
bJI7-LnKPH4,1,49.3192743764,55.1882086168,,
bJI7-LnKPH4,2,13.8498866213,18.7210884354,,
bJI7-LnKPH4,3,17.7210884354,19.4394557823,,
bJI7-LnKPH4,4,37.8054421769,40.9206349206,,
bJI7-LnKPH4,5,40.0702947846,47.1764172336,,
bMuoPr5-Yt4,0,47.344,55.737,,
bNQOeiAotbk,0,0.52,7.347,,
bNQOeiAotbk,1,6.347,11.168,,
bNQOeiAotbk,2,80.638,86.746,,
bNQOeiAotbk,3,10.657,21.166,,
bNQOeiAotbk,4,20.205,35.373,,
bNQOeiAotbk,5,34.962,46.179,,
bNQOeiAotbk,6,45.179,53.791,,
bNQOeiAotbk,7,52.951,71.461,,
bNQOeiAotbk,8,70.731,73.676,,
bNQOeiAotbk,9,72.776,75.911,,
bNQOeiAotbk,10,75.33,81.049,,
bNQkb4K5DX0,0,2.805,18.881,,
bNQkb4K5DX0,1,27.569,36.461,,
bNQkb4K5DX0,2,43.832,48.414,,
bNQkb4K5DX0,3,57.74,65.086,,
bNQkb4K5DX0,4,64.435,75.901,,
bQ8QteHvrEk,0,0.0,20.896,,
bQcJVJcpgAs,0,0.0,18.801,,
bQcJVJcpgAs,1,18.28,33.108,,
bQcJVJcpgAs,2,69.444,87.265,,
bQcJVJcpgAs,3,87.004,100.366,,
bU6CgE_kMRY,0,49.788,73.307,,
bU6CgE_kMRY,1,159.21,180.404,,
bU6CgE_kMRY,2,179.404,200.867,,
bU6CgE_kMRY,3,199.867,207.712,,
bUFAN2TgPaU,0,-0.467573696145,2.18866213152,,
bUFAN2TgPaU,1,50.4766439909,53.7614512472,,
bUFAN2TgPaU,2,4.85034013605,8.07528344671,,
bUFAN2TgPaU,3,7.81360544218,19.4993197279,,
bUFAN2TgPaU,4,18.4993197279,24.6376417234,,
bUFAN2TgPaU,5,23.6376417234,28.0698412698,,
bUFAN2TgPaU,6,31.5297052154,37.40861678,,
bUFAN2TgPaU,7,36.5882086168,43.0857142857,,
bUFAN2TgPaU,8,42.0857142857,49.012244898,,
bVhWpCvpSs4,0,0.0,1.64,,
bVhWpCvpSs4,1,0.899,6.329,,
bVhWpCvpSs4,2,5.329,12.625,,
bVhWpCvpSs4,3,12.214,16.915,,
bVhWpCvpSs4,4,15.995,20.327,,
bVhWpCvpSs4,5,19.896,24.568,,
bVhWpCvpSs4,6,23.797,32.42,,
bVhWpCvpSs4,7,51.844,55.717,,
bWmrrWQOVCM,0,80.01,94.369,,
bWmrrWQOVCM,1,105.382,114.912,,
bWmrrWQOVCM,2,13.6,20.437,,
bWunvAd96zI,0,0.0,3.745,,
bWunvAd96zI,1,3.733,10.659,,
bWunvAd96zI,2,10.288,22.063,,
bWunvAd96zI,3,22.071,29.656,,
bWunvAd96zI,4,29.674,34.874,,
bWunvAd96zI,5,34.653,38.067,,
bWunvAd96zI,6,37.327,47.995,,
bWunvAd96zI,7,47.912,51.876,,
bYt4wybVLRQ,0,60.344,65.864,,
bYt4wybVLRQ,1,64.864,69.496,,
bYt4wybVLRQ,2,70.501,75.093,,
bYt4wybVLRQ,3,13.501,23.081,,
bYt4wybVLRQ,4,38.404,41.799,,
bZ2ytqPtyK4,0,86.545,93.042,,
b_SffSbPVJM,0,137.779365079,148.095918367,,
b_SffSbPVJM,1,36.0605442177,46.2473922902,,
b_SffSbPVJM,2,46.5965986395,58.3698412698,,
b_SffSbPVJM,3,75.4011337868,101.382086168,,
b_SffSbPVJM,4,108.785260771,120.668253968,,
b_SffSbPVJM,5,121.2569161,137.779365079,,
babuyKl7EAw,0,0.0,5.8,,
babuyKl7EAw,1,4.8,9.781,,
babuyKl7EAw,2,87.243,106.003,,
babuyKl7EAw,3,105.751,112.737,,
babuyKl7EAw,4,8.821,15.768,,
babuyKl7EAw,5,14.768,21.495,,
babuyKl7EAw,6,21.173,29.048,,
babuyKl7EAw,7,28.586,42.178,,
babuyKl7EAw,8,42.315,50.06,,
babuyKl7EAw,9,49.529,71.431,,
babuyKl7EAw,10,70.89,84.352,,
babuyKl7EAw,11,84.04,87.844,,
badtXoOJaf8,0,0.0,6.938,,
badtXoOJaf8,1,19.956,25.336,,
badtXoOJaf8,2,41.367,47.655,,
badtXoOJaf8,3,48.521,50.748,,
badtXoOJaf8,4,49.748,55.019,,
bcns0Gu66D8,0,0.0,2.867,,
bcns0Gu66D8,1,11.735,14.87,,
bcns0Gu66D8,2,13.87,20.088,,
bcns0Gu66D8,3,19.507,23.201,,
bcns0Gu66D8,4,32.507,43.754,,
bdFCD-3BCRg,0,3.893,9.931,,
bdFCD-3BCRg,1,8.931,13.104,,
bdFCD-3BCRg,2,62.928,73.227,,
bdFCD-3BCRg,3,72.646,82.107,,
bdFCD-3BCRg,4,82.045,86.627,,
bdFCD-3BCRg,5,86.106,90.987,,
bdFCD-3BCRg,6,90.835,95.556,,
bdFCD-3BCRg,7,95.145,103.149,,
bdFCD-3BCRg,8,103.456,106.851,,
bdFCD-3BCRg,9,106.28,114.374,,
bdFCD-3BCRg,10,113.374,120.719,,
bdFCD-3BCRg,11,119.719,125.758,,
bdFCD-3BCRg,12,12.732,20.467,,
bdFCD-3BCRg,13,125.536,129.878,,
bdFCD-3BCRg,14,130.026,137.601,,
bdFCD-3BCRg,15,137.299,141.891,,
bdFCD-3BCRg,16,141.45,150.971,,
bdFCD-3BCRg,17,149.971,164.22,,
bdFCD-3BCRg,18,163.959,169.488,,
bdFCD-3BCRg,19,21.044,26.962,,
bdFCD-3BCRg,20,26.411,31.572,,
bdFCD-3BCRg,21,31.051,38.526,,
bdFCD-3BCRg,22,38.584,45.331,,
bdFCD-3BCRg,23,44.869,50.659,,
bdFCD-3BCRg,24,50.257,56.376,,
bdFCD-3BCRg,25,56.503,63.928,,
bdtwQxwySN0,0,0.0,10.041,,
bdtwQxwySN0,1,10.737,19.11,,
bdtwQxwySN0,2,93.239,99.108,,
bdtwQxwySN0,3,109.932,119.123,,
bdtwQxwySN0,4,126.654,133.031,,
bdtwQxwySN0,5,19.717,28.19,,
bdtwQxwySN0,6,28.247,39.484,,
bdtwQxwySN0,7,46.366,57.044,,
bdtwQxwySN0,8,67.807,80.032,,
bfy28AlY-TQ,0,27.459,33.138,,
bfy28AlY-TQ,1,32.138,56.405,,
bfy28AlY-TQ,2,73.993,96.375,,
bfy28AlY-TQ,3,98.019,115.401,,
bfy28AlY-TQ,4,114.401,126.406,,
bge5PUG3G4A,0,5.629,15.029,,
bge5PUG3G4A,1,14.389,19.07,,
bge5PUG3G4A,2,24.356,36.68,,
bge5PUG3G4A,3,36.209,47.137,,
bh4_Kd4hhd4,0,12.782,36.6,,
bhFK-xy76U4,0,19.906,26.054,,
bhFK-xy76U4,1,25.434,30.834,,
bhPB19tr-JY,0,0.0,6.878,,
bhPB19tr-JY,1,6.467,23.251,,
bhPB19tr-JY,2,22.71,29.247,,
bhPB19tr-JY,3,35.151,48.503,,
bhPB19tr-JY,4,53.001,63.669,,
bhPB19tr-JY,5,63.188,70.234,,
bj9e8w4vNxo,0,0.0,2.917,,
bj9e8w4vNxo,1,67.199,79.643,,
bj9e8w4vNxo,2,85.138,93.471,,
bj9e8w4vNxo,3,96.761,105.713,,
bkP-BNW4oMg,0,0.051,9.043,,
bkP-BNW4oMg,1,8.043,14.321,,
bkP-BNW4oMg,2,22.859,27.262,,
bkP-BNW4oMg,3,27.14,35.204,,
bkP-BNW4oMg,4,34.204,39.574,,
bkP-BNW4oMg,5,38.574,49.98,,
bkX5FOX22Tw,0,0.27074829932,5.42131519274,,
bkX5FOX22Tw,1,5.50884353741,8.62403628118,,
bkX5FOX22Tw,2,7.96326530612,11.0984126984,,
bkX5FOX22Tw,3,26.8204081633,36.0816326531,,
bkX5FOX22Tw,4,35.4308390023,41.7088435374,,
bkX5FOX22Tw,5,40.768707483,47.2462585034,,
bkX5FOX22Tw,6,46.7052154195,50.0897959184,,
bnzVR2ETQQ8,0,0.0,11.976,,
bnzVR2ETQQ8,1,37.037,49.98,,
bnzVR2ETQQ8,2,49.629,54.949,,
bpvYdXVlgvc,0,0.0,5.092,,
bpvYdXVlgvc,1,4.611,8.644,,
bpvYdXVlgvc,2,30.751,35.303,,
bpvYdXVlgvc,3,34.513,39.813,,
bpvYdXVlgvc,4,39.621,43.704,,
bpvYdXVlgvc,5,42.704,51.646,,
bvycs3BXtx0,0,46.426,66.213,,
bvycs3BXtx0,1,65.782,85.41,,
bzPFUVGPS3c,0,13.361,22.592,,
bzPFUVGPS3c,1,33.216,45.81,,
bzPFUVGPS3c,2,44.81,55.996,,
bzPFUVGPS3c,3,80.888,93.292,,
bzPFUVGPS3c,4,92.292,111.52,,
c1a1y9ytHH0,0,0.0124716553288,9.72040816327,,
c1a1y9ytHH0,1,9.72040816327,16.4850340136,,
c1a1y9ytHH0,2,69.4845804989,79.1326530612,,
c1a1y9ytHH0,3,25.0056689342,35.8510204082,,
c1a1y9ytHH0,4,53.0020408163,57.6514739229,,
c1a1y9ytHH0,5,58.1204081633,62.0714285714,,
c5-L8vC6_sk,0,64.774,87.694,,
c5-L8vC6_sk,1,7.933,13.972,,
c5-L8vC6_sk,2,18.918,27.471,,
c5-L8vC6_sk,3,29.255,45.999,,
c5-L8vC6_sk,4,54.697,62.651,,
c5AJbOd794U,0,-0.487528344671,5.42131519274,,
c5AJbOd794U,1,4.61088435374,10.0009070295,,
c5AJbOd794U,2,11.9641723356,17.1047619048,,
c5AJbOd794U,3,25.9324263039,28.4789115646,,
c5AJbOd794U,4,27.947845805,30.9931972789,,
c5AJbOd794U,5,30.5319727891,32.7891156463,,
c5AJbOd794U,6,31.968707483,36.5505668934,,
c5VEvmutmVg,0,0.0,8.634,,
c5VEvmutmVg,1,8.193,10.979,,
c5VEvmutmVg,2,26.461,30.494,,
c5VEvmutmVg,3,29.494,32.55,,
c5VEvmutmVg,4,32.986,44.722,,
c5VEvmutmVg,5,44.221,49.262,,
c5VEvmutmVg,6,48.741,51.686,,
c5VEvmutmVg,7,50.766,52.794,,
c5VEvmutmVg,8,52.203,55.418,,
c5VEvmutmVg,9,54.777,60.566,,
c5VEvmutmVg,10,60.075,63.859,,
c5VEvmutmVg,11,63.298,72.05,,
c5VEvmutmVg,12,10.797,15.738,,
c5VEvmutmVg,13,14.957,18.482,,
c5VEvmutmVg,14,17.482,20.317,,
c5VEvmutmVg,15,19.846,22.333,,
c5VEvmutmVg,16,21.672,23.42,,
c5VEvmutmVg,17,22.53,24.448,,
c5VEvmutmVg,18,23.448,25.835,,
c5VEvmutmVg,19,25.234,27.401,,
c5cB7AfVgcE,0,79.63,89.281,,
c5cB7AfVgcE,1,88.281,93.082,,
c5cB7AfVgcE,2,28.666,34.815,,
c5cB7AfVgcE,3,33.874,44.502,,
c5zxqITn3ZM,0,6.337,13.722,,
c5zxqITn3ZM,1,24.566,29.876,,
c5zxqITn3ZM,2,29.255,35.902,,
c5zxqITn3ZM,3,34.902,39.324,,
c5zxqITn3ZM,4,38.324,54.011,,
c5zxqITn3ZM,5,55.485,59.039,,
c5zxqITn3ZM,6,58.229,71.641,,
c6wuh0NRG1s,0,-0.487528344671,4.4335600907,,
c6wuh0NRG1s,1,3.76281179138,11.7868480726,,
c6wuh0NRG1s,2,52.2925170068,57.3732426304,,
c6wuh0NRG1s,3,11.3555555556,14.5505668934,,
c6wuh0NRG1s,4,16.114739229,29.0276643991,,
c6wuh0NRG1s,5,28.8158730159,35.1038548753,,
c6wuh0NRG1s,6,39.0326530612,45.6997732426,,
c6wuh0NRG1s,7,44.6997732426,52.9632653061,,
c7xUcM68IFE,0,38.7433106576,46.4480725624,,
c7xUcM68IFE,1,45.8571428571,51.9954648526,,
c7xUcM68IFE,2,51.1750566893,56.4653061224,,
c7xUcM68IFE,3,2.22630385488,9.57188208617,,
c7xUcM68IFE,4,9.5995464853,12.7446712018,,
c7xUcM68IFE,5,12.1437641723,19.2798185941,,
c7xUcM68IFE,6,31.6993197279,36.1814058957,,
c7xUcM68IFE,7,35.2612244898,38.6258503401,,
c805Td8A_Ek,0,65.063,70.643,,
c805Td8A_Ek,1,69.962,75.572,,
c805Td8A_Ek,2,74.572,79.633,,
c805Td8A_Ek,3,78.633,91.466,,
c805Td8A_Ek,4,90.805,97.043,,
c805Td8A_Ek,5,13.82,26.264,,
c805Td8A_Ek,6,96.592,107.27,,
c805Td8A_Ek,7,123.98,134.717,,
c805Td8A_Ek,8,25.883,31.672,,
c9hE1ghElrM,0,0.0,8.105,,
c9hE1ghElrM,1,7.554,14.62,,
c9hE1ghElrM,2,14.089,18.931,,
c9hE1ghElrM,3,18.459,23.53,,
c9hE1ghElrM,4,22.999,26.214,,
c9jD33baJ60,0,-0.487528344671,14.3210884354,,
c9jD33baJ60,1,14.0793650794,19.7287981859,,
c9jD33baJ60,2,19.0979591837,25.2263038549,,
c9jD33baJ60,3,25.2240362812,30.2848072562,,
c9jD33baJ60,4,29.7537414966,36.2911564626,,
c9jD33baJ60,5,35.7102040816,44.7219954649,,
c9jD33baJ60,6,44.220861678,47.4757369615,,
cAA2mONG98w,0,0.0,16.237,,
cAA2mONG98w,1,21.163,31.961,,
cEXJ2zFbC9I,0,0.839,5.641,,
cEXJ2zFbC9I,1,5.04,29.407,,
cEXJ2zFbC9I,2,64.056,75.482,,
cEXJ2zFbC9I,3,75.141,89.39,,
cEXJ2zFbC9I,4,88.969,102.351,,
cHBRDdSXLtU,0,0.0,11.787,,
cHBRDdSXLtU,1,32.158,46.468,,
cHrOisasWLU,0,0.91927437642,6.12970521542,,
cHrOisasWLU,1,17.6712018141,24.9768707483,,
cHrOisasWLU,2,24.0467120181,32.3401360544,,
cKUPgzZu-Fk,0,87.453,93.631,,
cKUPgzZu-Fk,1,18.898,39.065,,
cKUPgzZu-Fk,2,62.729,70.334,,
cKldvZeyRDA,0,3.843,13.273,,
cKxNJY7sA8s,0,0.0,19.679,,
cKxNJY7sA8s,1,19.178,33.717,,
cM1Zuji24dI,0,71.0609977324,93.8092970522,,
cM1Zuji24dI,1,93.8092970522,105.502721088,,
cMUS4nhcKCQ,0,0.0124716553288,2.53673469388,,
cMsTvqU_-rc,0,0.0,22.862,,
cMsTvqU_-rc,1,37.227,55.777,,
cOcNe3L4VAg,0,0.0,6.01,,
cOcNe3L4VAg,1,5.449,21.395,,
cOcNe3L4VAg,2,65.692,70.703,,
cOcNe3L4VAg,3,70.112,82.925,,
cOcNe3L4VAg,4,82.095,86.717,,
cOcNe3L4VAg,5,85.717,93.691,,
cOcNe3L4VAg,6,93.03,104.396,,
cOcNe3L4VAg,7,103.396,111.909,,
cOcNe3L4VAg,8,20.395,24.638,,
cOcNe3L4VAg,9,23.638,30.085,,
cOcNe3L4VAg,10,29.674,38.087,,
cOcNe3L4VAg,11,37.776,42.158,,
cOcNe3L4VAg,12,41.208,45.58,,
cOcNe3L4VAg,13,44.58,55.976,,
cOcNe3L4VAg,14,55.226,58.68,,
cOcNe3L4VAg,15,57.68,66.652,,
cRFiXLzcCOA,0,0.0,4.394,,
cRFiXLzcCOA,1,6.187,17.673,,
cRFiXLzcCOA,2,17.132,25.356,,
cRFiXLzcCOA,3,24.356,28.18,,
cR_KQlNhoNE,0,56.533,61.424,,
cR_KQlNhoNE,1,76.996,84.342,,
cR_KQlNhoNE,2,84.05,88.922,,
cR_KQlNhoNE,3,111.668,116.549,,
cR_KQlNhoNE,4,116.187,122.306,,
cR_KQlNhoNE,5,121.715,129.19,,
cR_KQlNhoNE,6,132.919,145.114,,
cR_KQlNhoNE,7,144.114,160.539,,
cR_KQlNhoNE,8,17.232,22.842,,
cR_KQlNhoNE,9,22.62,27.391,,
cS3BDGNDu_8,0,72.517,81.688,,
cS3BDGNDu_8,1,15.855,29.676,,
cSrM5mHACmA,0,11.1770975057,27.9390022676,,
cSrM5mHACmA,1,32.4487528345,42.0369614512,,
cSrM5mHACmA,2,45.858276644,47.5145124717,,
cSraseCDilY,0,0.0,16.785,,
cSraseCDilY,1,16.135,32.42,,
cUm0TN3vXRc,0,5.329,15.349,,
cUm0TN3vXRc,1,103.716,109.575,,
cUm0TN3vXRc,2,14.349,23.5,,
cUm0TN3vXRc,3,23.298,33.697,,
cUm0TN3vXRc,4,32.697,44.872,,
cUm0TN3vXRc,5,62.958,72.14,,
cW-aX4dPVfk,0,-0.487528344671,2.69750566893,,
cW-aX4dPVfk,1,2.03673469388,11.1782312925,,
cW-aX4dPVfk,2,50.1873015873,55.00861678,,
cW-aX4dPVfk,3,54.1183673469,65.0358276644,,
cW-aX4dPVfk,4,64.1655328798,74.4045351474,,
cW-aX4dPVfk,5,74.0231292517,84.4616780045,,
cW-aX4dPVfk,6,84.1900226757,89.3605442177,,
cW-aX4dPVfk,7,88.3605442177,92.9823129252,,
cW-aX4dPVfk,8,93.6185941043,99.6471655329,,
cW-aX4dPVfk,9,10.6770975057,20.0480725624,,
cW-aX4dPVfk,10,99.604988662,102.271201814,,
cW-aX4dPVfk,11,101.520634921,115.820408163,,
cW-aX4dPVfk,12,115.618594104,123.423129252,,
cW-aX4dPVfk,13,122.423129252,130.107936508,,
cW-aX4dPVfk,14,129.526984127,133.330612245,,
cW-aX4dPVfk,15,132.879365079,137.161904762,,
cW-aX4dPVfk,16,136.720634921,145.343310658,,
cW-aX4dPVfk,17,144.852154195,149.144671202,,
cW-aX4dPVfk,18,150.229931973,154.791836735,,
cW-aX4dPVfk,19,19.1777777778,22.652154195,,
cW-aX4dPVfk,20,153.791836735,155.859410431,,
cW-aX4dPVfk,21,155.318367347,159.151927438,,
cW-aX4dPVfk,22,158.151927438,164.819047619,,
cW-aX4dPVfk,23,163.948752834,173.379591837,,
cW-aX4dPVfk,24,172.379591837,176.811791383,,
cW-aX4dPVfk,25,175.85170068,180.094331066,,
cW-aX4dPVfk,26,179.094331066,182.728344671,,
cW-aX4dPVfk,27,182.177324263,190.420861678,,
cW-aX4dPVfk,28,189.700226757,195.010430839,,
cW-aX4dPVfk,29,194.239909297,200.857142857,,
cW-aX4dPVfk,30,22.2707482993,27.5011337868,,
cW-aX4dPVfk,31,200.116553288,208.978684807,,
cW-aX4dPVfk,32,208.637188209,211.303401361,,
cW-aX4dPVfk,33,27.2594104308,31.4421768707,,
cW-aX4dPVfk,34,30.7514739229,33.347845805,,
cW-aX4dPVfk,35,33.0861678005,41.1201814059,,
cW-aX4dPVfk,36,40.5591836735,47.2562358277,,
cW-aX4dPVfk,37,46.6353741497,51.1873015873,,
cWN1bibicHc,0,54.517,63.509,,
cWN1bibicHc,1,21.303,32.779,,
cX8FScpsfLE,0,0.0,44.642,,
cX8FScpsfLE,1,44.71,55.677,,
cXu56oK462o,0,148.544,155.989,,
cXu56oK462o,1,100.892,106.601,,
cY8DcaHXNNs,0,19.467,33.627,,
cY8DcaHXNNs,1,32.737,43.834,,
cY8DcaHXNNs,2,60.264,69.276,,
cZDAM6NjBzE,0,44.061,49.98,,
cZDAM6NjBzE,1,49.299,54.24,,
cZDAM6NjBzE,2,67.438,71.501,,
cZDAM6NjBzE,3,8.123,15.089,,
cZVM4svwE90,0,1.56780045351,4.19410430839,,
cZVM4svwE90,1,34.5528344671,40.3319727891,,
cZVM4svwE90,2,39.5215419501,46.1587301587,,
cZVM4svwE90,3,45.2185941043,51.6462585034,,
cZVM4svwE90,4,50.7560090703,58.4707482993,,
cZVM4svwE90,5,57.8099773243,61.1047619048,,
cZVM4svwE90,6,60.2843537415,74.1351473923,,
cZVM4svwE90,7,73.6439909297,81.9074829932,,
cZVM4svwE90,8,81.4462585034,85.8684807256,,
cZVM4svwE90,9,84.8684807256,118.624036281,,
cZVM4svwE90,10,117.903401361,127.98276644,,
cZVM4svwE90,11,3.42358276644,5.82040816327,,
cZVM4svwE90,12,127.331972789,143.896598639,,
cZVM4svwE90,13,143.774603175,151.728798186,,
cZVM4svwE90,14,151.477097506,160.329251701,,
cZVM4svwE90,15,159.708390023,164.958730159,,
cZVM4svwE90,16,164.577324263,166.83446712,,
cZVM4svwE90,17,167.59047619,177.151020408,,
cZVM4svwE90,18,176.649886621,185.262585034,,
cZVM4svwE90,19,184.611791383,187.996371882,,
cZVM4svwE90,20,5.08979591837,9.74149659864,,
cZVM4svwE90,21,9.30022675737,15.9573696145,,
cZVM4svwE90,22,14.9573696145,19.5392290249,,
cZVM4svwE90,23,19.1578231293,26.1741496599,,
cZVM4svwE90,24,25.7628117914,31.0630385488,,
cZVM4svwE90,25,30.452154195,33.2081632653,,
cZVM4svwE90,26,32.5074829932,35.1936507937,,
c_FJuhSte8Q,0,4.222,10.769,,
c_FJuhSte8Q,1,93.609,105.155,,
c_FJuhSte8Q,2,104.504,109.305,,
c_FJuhSte8Q,3,108.774,116.289,,
c_FJuhSte8Q,4,10.418,17.494,,
c_FJuhSte8Q,5,17.152,33.677,,
c_FJuhSte8Q,6,40.529,47.107,,
c_FJuhSte8Q,7,46.625,55.448,,
c_FJuhSte8Q,8,55.236,65.874,,
c_FJuhSte8Q,9,65.243,77.717,,
c_FJuhSte8Q,10,77.495,94.609,,
caLWajc18Y4,0,5.25941043084,9.62176870748,,
caLWajc18Y4,1,65.2630385488,75.0231292517,,
caLWajc18Y4,2,74.0231292517,82.9052154195,,
caLWajc18Y4,3,9.4,19.7287981859,,
caLWajc18Y4,4,19.1179138322,27.5111111111,,
caLWajc18Y4,5,27.1097505669,33.6970521542,,
caLWajc18Y4,6,33.2258503401,39.7133786848,,
caLWajc18Y4,7,39.4716553288,44.9414965986,,
caLWajc18Y4,8,44.4303854875,49.8802721088,,
caLWajc18Y4,9,49.4589569161,57.0240362812,,
caLWajc18Y4,10,56.243537415,65.4448979592,,
ce1ObTPlI38,0,4.53219954649,12.0850340136,,
ce1ObTPlI38,1,19.4682539683,29.4755102041,,
cfX_iuhCbRY,0,3.962,8.983,,
cfX_iuhCbRY,1,8.093,16.486,,
cfX_iuhCbRY,2,15.795,29.347,,
cfX_iuhCbRY,3,31.24,38.237,,
cfX_iuhCbRY,4,40.539,48.114,,
cfX_iuhCbRY,5,55.166,58.381,,
cia8OM3Oe7Q,0,0.0,12.675,,
cjgq9d8Zn9g,0,0.0,5.84,,
cjgq9d8Zn9g,1,5.16,17.274,,
cjgq9d8Zn9g,2,16.773,22.073,,
cjgq9d8Zn9g,3,21.193,33.049,,
cjgq9d8Zn9g,4,32.887,37.688,,
cjgq9d8Zn9g,5,37.097,48.883,,
cjgq9d8Zn9g,6,47.883,54.33,,
cl1DNRGX578,0,13.62,26.034,,
cl1DNRGX578,1,45.488,54.629,,
cl1DNRGX578,2,63.637,72.06,,
cmJW6mkspkI,0,0.0,7.806,,
cmJW6mkspkI,1,6.806,11.946,,
cml9rShionM,0,77.7757369615,91.6641723356,,
cml9rShionM,1,91.6641723356,103.457369615,,
cml9rShionM,2,114.991156463,136.093197279,,
cml9rShionM,3,26.8614512472,31.0619047619,,
cml9rShionM,4,45.8383219955,54.50861678,,
cml9rShionM,5,59.5770975057,65.4637188209,,
cml9rShionM,6,65.4637188209,73.4755102041,,
cn0WZ8-0Z1Y,0,49.22,54.36,,
cn0WZ8-0Z1Y,1,11.455,14.59,,
cn0WZ8-0Z1Y,2,13.59,18.841,,
cn0WZ8-0Z1Y,3,17.841,21.834,,
cn0WZ8-0Z1Y,4,20.834,29.926,,
cn0WZ8-0Z1Y,5,28.926,37.518,,
cn0WZ8-0Z1Y,6,36.518,40.591,,
cn0WZ8-0Z1Y,7,39.591,42.337,,
cn0WZ8-0Z1Y,8,41.367,50.22,,
cnllFPRyBFs,0,-0.487528344671,8.03537414966,,
cnllFPRyBFs,1,37.7256235828,40.0027210884,,
cnllFPRyBFs,2,39.8408163265,50.9378684807,,
ctAZf4sMBUQ,0,0.0,11.946,,
ctAZf4sMBUQ,1,11.455,26.074,,
ctAZf4sMBUQ,2,83.831,110.493,,
ctMCSUT2LlQ,0,0.0,2.458,,
ctMCSUT2LlQ,1,1.987,8.933,,
ctMCSUT2LlQ,2,8.732,12.316,,
ctMCSUT2LlQ,3,22.68,28.12,,
ctMCSUT2LlQ,4,27.539,31.522,,
ctMCSUT2LlQ,5,30.602,43.036,,
ctMCSUT2LlQ,6,42.066,47.536,,
ctMCSUT2LlQ,7,47.164,54.639,,
cuR-l2qCxBc,0,0.0,6.319,,
cuR-l2qCxBc,1,5.319,10.081,,
cuR-l2qCxBc,2,9.909,18.023,,
cuR-l2qCxBc,3,17.601,22.902,,
cuR-l2qCxBc,4,22.74,29.068,,
cuR-l2qCxBc,5,28.806,40.671,,
cuR-l2qCxBc,6,40.2,44.752,,
cuR-l2qCxBc,7,44.371,49.192,,
cuR-l2qCxBc,8,48.701,52.165,,
cyOSDKOxb1o,0,11.156,16.446,,
cyOSDKOxb1o,1,18.25,28.299,,
cyOSDKOxb1o,2,27.389,42.088,,
cyu1HhakSaQ,0,23.268,37.159,,
d-Uw_uZyUys,0,1.64761904762,8.25487528345,,
d-Uw_uZyUys,1,8.65170068027,53.0630385488,,
d-Uw_uZyUys,2,52.0630385488,101.213605442,,
d-Uw_uZyUys,3,102.687981859,128.411791383,,
d-Uw_uZyUys,4,128.579138322,139.516553288,,
d0QNH2vcDgU,0,-0.487528344671,12.9442176871,,
d0QNH2vcDgU,1,11.9442176871,18.1124716553,,
d0QNH2vcDgU,2,47.0344671202,49.7206349206,,
d0QNH2vcDgU,3,49.189569161,54.7192743764,,
d0QNH2vcDgU,4,55.0662131519,60.5160997732,,
d0QNH2vcDgU,5,59.8353741497,72.8081632653,,
d0QNH2vcDgU,6,71.8580498866,96.9832199546,,
d0QNH2vcDgU,7,97.7492063492,113.63537415,,
d0QNH2vcDgU,8,112.89478458,124.071655329,,
d0QNH2vcDgU,9,123.071655329,127.414058957,,
d0QNH2vcDgU,10,17.6013605442,20.6068027211,,
d0QNH2vcDgU,11,126.414058957,130.946031746,,
d0QNH2vcDgU,12,130.604535147,137.092063492,,
d0QNH2vcDgU,13,136.521088435,145.482993197,,
d0QNH2vcDgU,14,145.041723356,154.123356009,,
d0QNH2vcDgU,15,19.6068027211,22.3029478458,,
d0QNH2vcDgU,16,21.3029478458,28.6684807256,,
d0QNH2vcDgU,17,27.6684807256,36.1814058957,,
d0QNH2vcDgU,18,35.1814058957,38.2666666667,,
d0QNH2vcDgU,19,37.2666666667,42.187755102,,
d0QNH2vcDgU,20,41.8761904762,44.7020408163,,
d0QNH2vcDgU,21,43.7020408163,47.3360544218,,
d1CDP6sMuLA,0,0.899,14.71,,
d1CDP6sMuLA,1,72.527,79.014,,
d1CDP6sMuLA,2,78.593,89.171,,
d1CDP6sMuLA,3,88.5,93.681,,
d1CDP6sMuLA,4,120.338,129.3,,
d1CDP6sMuLA,5,128.948,146.82,,
d1CDP6sMuLA,6,153.642,169.898,,
d1CDP6sMuLA,7,169.267,173.25,,
d1CDP6sMuLA,8,22.031,31.791,,
d1CDP6sMuLA,9,31.3,40.162,,
d1CDP6sMuLA,10,41.986,48.683,,
d1CDP6sMuLA,11,61.142,67.929,,
d1CDP6sMuLA,12,67.558,73.117,,
d38u9n5GOLM,0,0.311,6.469,,
d38u9n5GOLM,1,44.38,57.563,,
d38u9n5GOLM,2,56.623,61.843,,
d38u9n5GOLM,3,66.241,78.086,,
d38u9n5GOLM,4,77.685,87.006,,
d38u9n5GOLM,5,90.196,97.991,,
d38u9n5GOLM,6,113.074,118.484,,
d38u9n5GOLM,7,133.229,138.369,,
d38u9n5GOLM,8,137.718,143.418,,
d38u9n5GOLM,9,142.707,150.242,,
d38u9n5GOLM,10,149.282,156.139,,
d38u9n5GOLM,11,10.687,19.629,,
d38u9n5GOLM,12,155.438,164.949,,
d38u9n5GOLM,13,18.629,25.506,,
d38u9n5GOLM,14,26.142,32.081,,
d3EeIRaMbbk,0,120.727,127.544,,
d3EeIRaMbbk,1,51.674,60.945,,
d3I7Ug-_3L0,0,0.0,9.652,,
d3I7Ug-_3L0,1,9.26,18.581,,
d3I7Ug-_3L0,2,65.173,75.203,,
d3I7Ug-_3L0,3,112.905,118.564,,
d3I7Ug-_3L0,4,125.706,134.807,,
d3I7Ug-_3L0,5,134.087,149.105,,
d3I7Ug-_3L0,6,18.06,25.107,,
d3I7Ug-_3L0,7,30.193,41.36,,
d3I7Ug-_3L0,8,40.888,45.829,,
d3I7Ug-_3L0,9,45.398,51.576,,
d3I7Ug-_3L0,10,58.119,65.744,,
d7Dz34-cZ74,0,0.0,5.89,,
d7Dz34-cZ74,1,154.001,164.759,,
d7Dz34-cZ74,2,164.527,175.355,,
d89Z_olwc2Y,0,46.985,59.179,,
d89Z_olwc2Y,1,82.624,88.652,,
d89Z_olwc2Y,2,87.652,94.08,,
d89Z_olwc2Y,3,96.811,101.313,,
d89Z_olwc2Y,4,109.662,125.568,,
d89Z_olwc2Y,5,31.669,38.686,,
d8BR6hsvzoY,0,0.0,2.797,,
d8BR6hsvzoY,1,1.797,8.594,,
d8BR6hsvzoY,2,7.883,14.092,,
d8BR6hsvzoY,3,13.092,19.27,,
d8BR6hsvzoY,4,18.27,23.79,,
d8BR6hsvzoY,5,22.79,27.97,,
d8BR6hsvzoY,6,26.97,32.709,,
d8BR6hsvzoY,7,31.859,36.511,,
d8BR6hsvzoY,8,35.78,44.872,,
d8BR6hsvzoY,9,43.941,50.249,,
d99mfGIenCo,0,1.17868480726,5.18185941043,,
d99mfGIenCo,1,4.52108843537,9.51201814059,,
d99mfGIenCo,2,47.862585034,54.1904761905,,
d99mfGIenCo,3,53.9487528345,69.9746031746,,
d99mfGIenCo,4,69.5133786848,77.2680272109,,
d99mfGIenCo,5,76.8866213152,86.6965986395,,
d99mfGIenCo,6,86.4448979592,101.802267574,,
d99mfGIenCo,7,100.802267574,111.520181406,,
d99mfGIenCo,8,111.148752834,121.088435374,,
d99mfGIenCo,9,120.357823129,122.844444444,,
d99mfGIenCo,10,8.90113378685,12.8943310658,,
d99mfGIenCo,11,11.9242630385,23.370521542,,
d99mfGIenCo,12,22.8594104308,29.5365079365,,
d99mfGIenCo,13,29.2149659864,39.8131519274,,
d99mfGIenCo,14,39.252154195,45.1410430839,,
d99mfGIenCo,15,44.1410430839,47.8648526077,,
dBWvtPeHpWM,0,0.0,5.85,,
dBWvtPeHpWM,1,5.948,8.963,,
dBWvtPeHpWM,2,40.699,48.863,,
dBWvtPeHpWM,3,48.092,60.217,,
dBWvtPeHpWM,4,8.392,11.088,,
dBWvtPeHpWM,5,10.088,12.625,,
dBWvtPeHpWM,6,11.785,13.832,,
dBWvtPeHpWM,7,12.832,18.432,,
dBWvtPeHpWM,8,17.721,24.508,,
dBWvtPeHpWM,9,23.538,30.355,,
dBWvtPeHpWM,10,29.893,39.743,,
dBWvtPeHpWM,11,39.033,41.699,,
dCDAcBR505Q,0,59.167,65.405,,
dCDAcBR505Q,1,73.045,80.71,,
dCDAcBR505Q,2,114.062,123.224,,
dDFyJp_OkeA,0,14.568,34.595,,
dDFyJp_OkeA,1,33.745,38.526,,
dDFyJp_OkeA,2,37.526,50.698,,
dDFyJp_OkeA,3,49.698,63.589,,
dDFyJp_OkeA,4,71.03,75.602,,
dEBug0QYayY,0,0.0,12.036,,
dEDbm2ubVRQ,0,0.0,3.466,,
dEDbm2ubVRQ,1,4.322,9.033,,
dEDbm2ubVRQ,2,8.033,16.037,,
dEDbm2ubVRQ,3,29.654,39.404,,
dEDbm2ubVRQ,4,38.644,44.373,,
dEDbm2ubVRQ,5,43.672,60.426,,
dEXSb0CfodU,0,4.002,8.015,,
dH0FmwvOzs0,0,29.185,35.054,,
dH0FmwvOzs0,1,34.054,41.1,,
dHk--ExZbHs,0,0.0124716553288,8.94217687075,,
dHk--ExZbHs,1,57.3621315193,71.1507936508,,
dHk--ExZbHs,2,72.0088435374,96.6827664399,,
dHk--ExZbHs,3,96.6827664399,109.95260771,,
dJ5MXl66-UQ,0,0.0,15.119,,
dJ5MXl66-UQ,1,15.067,20.876,,
dJ5MXl66-UQ,2,27.948,32.23,,
dJ5MXl66-UQ,3,72.786,86.417,,
dLmtsRyRH4s,0,6.137,12.186,,
dLzsNc_hzkQ,0,0.0,20.627,,
dLzsNc_hzkQ,1,19.846,27.461,,
dOSyvhYsfFo,0,17.142,33.428,,
dQ56b0bqmc8,1,107.975963719,117.057596372,,
dQ56b0bqmc8,2,116.057596372,200.907029478,,
dQ56b0bqmc8,3,201.134240363,211.812244898,,
dR68gbeOWOc,0,0.939,13.273,,
dR68gbeOWOc,1,16.075,21.734,,
dSax_7klbfE,0,0.0,6.928,,
dSax_7klbfE,1,6.347,22.672,,
dSax_7klbfE,2,101.291,115.81,,
dSax_7klbfE,3,115.22,119.402,,
dSax_7klbfE,4,118.402,129.649,,
dSax_7klbfE,5,31.39,37.927,,
dSax_7klbfE,6,37.217,47.346,,
dTcz1am1eUw,0,0.0,6.529,,
dTcz1am1eUw,1,11.745,16.426,,
dTcz1am1eUw,2,15.426,40.342,,
dWfgSGnd9zM,0,0.0,9.652,,
dWfgSGnd9zM,1,18.4,24.398,,
dWfgSGnd9zM,2,24.067,29.417,,
dWfgSGnd9zM,3,29.075,37.738,,
dWfgSGnd9zM,4,37.506,41.36,,
dWfgSGnd9zM,5,41.068,47.825,,
dXMAS2tIknw,0,-0.487528344671,5.49115646259,,
dXMAS2tIknw,1,8.77142857143,16.0272108844,,
dXMAS2tIknw,2,16.4240362812,27.0321995465,,
dXMAS2tIknw,3,26.9800453515,32.6693877551,,
dXMAS2tIknw,4,33.4353741497,41.9283446712,,
dXMAS2tIknw,5,41.7963718821,46.1587301587,,
dXMAS2tIknw,6,45.4780045351,49.4612244898,,
dYgmvmFegkQ,0,0.330612244898,4.17414965986,,
dYgmvmFegkQ,1,4.70068027211,13.1337868481,,
dYgmvmFegkQ,2,14.4984126984,22.422675737,,
dYgmvmFegkQ,3,22.1709750567,25.1764172336,,
dYgmvmFegkQ,4,34.4929705215,40.1823129252,,
dYgmvmFegkQ,5,39.9605442177,44.0235827664,,
dYgmvmFegkQ,6,43.5723356009,54.6394557823,,
dYyg91d7zjY,0,18.05,24.448,,
dYyg91d7zjY,1,23.448,28.2,,
dZK01jhM27k,0,0.0,6.988,,
dZK01jhM27k,1,8.931,20.437,,
dZK01jhM27k,2,43.273,53.572,,
dZolFNqR-hA,0,0.0,3.087,,
damyXH7mBic,0,54.837,65.565,,
damyXH7mBic,1,17.821,23.7,,
dbH51F5Zqi4,0,0.0,22.812,,
dbpGH5iP0GE,0,11.416553288,17.3131519274,,
dbpGH5iP0GE,1,17.712244898,22.9603174603,,
dbpGH5iP0GE,2,23.6886621315,37.7167800454,,
dcUlt6zk_S0,0,8.223,17.254,,
dcUlt6zk_S0,1,29.634,38.855,,
dcUlt6zk_S0,2,38.504,44.842,,
ddWHTdJz2O8,0,0.0,16.546,,
ddWHTdJz2O8,1,16.065,29.187,,
ddWHTdJz2O8,2,28.796,42.986,,
ddix4XuaUlY,0,29.015,45.56,,
dlE05KC95uk,0,50.307,57.074,,
dlE05KC95uk,1,56.832,63.579,,
dlE05KC95uk,2,66.5,83.933,,
dlE05KC95uk,3,84.569,104.247,,
dlE05KC95uk,4,105.941,115.78,,
dlE05KC95uk,5,115.239,130.218,,
dlE05KC95uk,6,6.846,13.064,,
dlE05KC95uk,7,22.7,30.804,,
dlE05KC95uk,8,38.474,46.079,,
dqragS38hCk,0,8.30249433107,15.937414966,,
dqragS38hCk,1,53.4698412698,56.3256235828,,
dqragS38hCk,2,15.1868480726,21.9836734694,,
dqragS38hCk,3,21.1233560091,25.8049886621,,
dqragS38hCk,4,39.780952381,43.2054421769,,
dqragS38hCk,5,44.1011337868,48.3038548753,,
dqragS38hCk,6,47.6829931973,50.1197278912,,
dqragS38hCk,7,49.189569161,52.6439909297,,
dqragS38hCk,8,51.6439909297,54.4698412698,,
dsob2MgUPpA,0,0.77959183673,4.17414965986,,
dsob2MgUPpA,1,3.82267573696,8.39455782313,,
dsob2MgUPpA,2,36.7777777778,40.1424036281,,
dsob2MgUPpA,3,39.5714285714,42.0879818594,,
dsob2MgUPpA,4,41.0879818594,44.7818594104,,
dsob2MgUPpA,5,43.7818594104,46.547845805,,
dsob2MgUPpA,6,45.547845805,47.9247165533,,
dsob2MgUPpA,7,47.2839002268,56.3655328798,,
dsob2MgUPpA,8,56.4829931973,60.1968253968,,
dsob2MgUPpA,9,59.7555555556,61.6634920635,,
dsob2MgUPpA,10,7.9433106576,15.9074829932,,
dsob2MgUPpA,11,15.1569160998,17.453968254,,
dsob2MgUPpA,12,18.5990929705,28.0897959184,,
dsob2MgUPpA,13,27.0897959184,29.1473922902,,
dsob2MgUPpA,14,28.7959183673,31.5120181406,,
dsob2MgUPpA,15,31.3800453515,36.2113378685,,
dt641WxonBI,0,1.408,9.013,,
dt641WxonBI,1,11.755,23.361,,
dxsPkcG-Q30,0,0.0,5.072,,
dxsPkcG-Q30,1,17.292,30.195,,
dyZdiWNflko,0,0.0,7.417,,
dyZdiWNflko,1,6.985,12.535,,
dyZdiWNflko,2,11.974,16.985,,
dyZdiWNflko,3,16.604,18.621,,
dyZdiWNflko,4,18.06,23.45,,
dyZdiWNflko,5,22.75,25.117,,
dyZdiWNflko,6,24.516,28.469,,
dyZdiWNflko,7,27.798,30.824,,
dyZdiWNflko,8,30.223,39.085,,
dyZdiWNflko,9,38.693,42.597,,
dzSv6GwfF-0,0,16.414,22.522,,
e-2QlzFeyNU,0,30.722,37.578,,
e-2QlzFeyNU,1,78.483,85.599,,
e0hYEr848TE,0,0.0,4.384,,
e0ltF8zpEcw,0,0.041,6.948,,
e0ltF8zpEcw,1,7.824,13.443,,
e0ltF8zpEcw,2,13.201,23.8,,
e0ltF8zpEcw,3,23.239,26.932,,
e0ltF8zpEcw,4,26.501,29.616,,
e0ltF8zpEcw,5,28.616,37.798,,
e0ltF8zpEcw,6,38.524,45.62,,
e0ltF8zpEcw,7,46.825,51.277,,
e0ltF8zpEcw,8,51.454,55.228,,
e1E5W_ZefmY,0,0.0,22.193,,
e1E5W_ZefmY,1,80.788,88.443,,
e1E5W_ZefmY,2,24.226,29.626,,
e1E5W_ZefmY,3,29.474,35.693,,
e1E5W_ZefmY,4,35.491,47.156,,
e1E5W_ZefmY,5,65.233,70.753,,
e1E5W_ZefmY,6,75.48,81.059,,
e7_2U4lm6TE,0,0.0,2.428,,
e7_2U4lm6TE,1,56.383,64.437,,
e7_2U4lm6TE,2,63.437,70.104,,
e7_2U4lm6TE,3,69.104,72.259,,
e7_2U4lm6TE,4,72.826,79.683,,
e7_2U4lm6TE,5,85.427,91.825,,
e7_2U4lm6TE,6,6.806,14.541,,
e7_2U4lm6TE,7,101.97,106.561,,
e7_2U4lm6TE,8,107.617,116.249,,
e7_2U4lm6TE,9,124.608,130.188,,
e7_2U4lm6TE,10,129.188,136.723,,
e7_2U4lm6TE,11,13.541,21.185,,
e7_2U4lm6TE,12,143.894,152.467,,
e7_2U4lm6TE,13,151.926,162.654,,
e7_2U4lm6TE,14,186.707,192.805,,
e7_2U4lm6TE,15,20.185,32.4,,
e7_2U4lm6TE,16,32.328,45.45,,
e7_2U4lm6TE,17,45.807,51.457,,
eD5cScqaf6c,0,0.0,11.248,,
eD5cScqaf6c,1,10.837,19.928,,
eD5cScqaf6c,2,26.002,37.029,,
eE8Qr9fOvVA,0,3.20408163265,7.96553287982,,
eE8Qr9fOvVA,1,8.16281179138,16.5659863946,,
eE8Qr9fOvVA,2,30.1229024943,35.852154195,,
eE8Qr9fOvVA,3,34.8721088435,43.1854875283,,
eFV7iFPYZB4,0,0.300680272109,4.01451247166,,
eFV7iFPYZB4,1,32.2879818594,34.8843537415,,
eFV7iFPYZB4,2,45.0689342404,47.5755102041,,
eFV7iFPYZB4,3,46.6253968254,52.0453514739,,
eFV7iFPYZB4,4,51.4045351474,55.6371882086,,
eFV7iFPYZB4,5,3.84263038549,7.39682539683,,
eFV7iFPYZB4,6,6.39682539683,14.7401360544,,
eFV7iFPYZB4,7,13.8498866213,20.6467120181,,
eFV7iFPYZB4,8,19.6467120181,24.6675736961,,
eFV7iFPYZB4,9,23.6675736961,30.0553287982,,
eFV7iFPYZB4,10,29.0553287982,31.5718820862,,
eFV7iFPYZB4,11,30.5718820862,33.2879818594,,
eJfT7-dDqzA,0,2.66530612245,9.01315192744,,
eJfT7-dDqzA,1,9.19047619048,15.937414966,,
eJfT7-dDqzA,2,16.5736961451,19.8684807256,,
eJfT7-dDqzA,3,19.9160997732,23.829478458,,
eJfT7-dDqzA,4,22.829478458,28.2494331066,,
eJfT7-dDqzA,5,27.2993197279,34.0961451247,,
eJfT7-dDqzA,6,33.0961451247,41.9083900227,,
eJwZfdtlks8,0,58.878,65.974,,
eJwZfdtlks8,1,11.824,20.637,,
eKQKEi2-0Ws,0,0.0,6.838,,
eKRWfaizBO0,0,2.226,9.153,,
eKRWfaizBO0,1,8.771,14.98,,
eMa6gbD7id0,0,9.699,21.066,,
eOU_40p9RpA,0,0.0,4.015,,
eOU_40p9RpA,1,28.786,42.228,,
eOU_40p9RpA,2,41.228,49.97,,
eOiC1kb17P4,0,0.390476190476,12.8943310658,,
eOiC1kb17P4,1,12.2535147392,34.1759637188,,
eOiC1kb17P4,2,33.1959183673,38.885260771,,
eOiC1kb17P4,3,37.885260771,49.7505668934,,
eOiC1kb17P4,4,48.9600907029,61.264399093,,
ePiz4zU6crI,0,0.0,6.509,,
ePiz4zU6crI,1,25.234,43.106,,
ePtlUYCdrNM,0,-0.487528344671,6.06984126984,,
ePtlUYCdrNM,1,5.16961451247,14.8598639456,,
ePtlUYCdrNM,2,14.5283446712,20.4770975057,,
ePtlUYCdrNM,3,19.7464852608,30.6340136054,,
ePtlUYCdrNM,4,30.3124716553,37.7977324263,,
ePtlUYCdrNM,5,37.4362811791,48.5632653061,,
ePtlUYCdrNM,6,48.0022675737,52.085260771,,
eQc5uI7FKCU,0,0.0,5.152,,
eQc5uI7FKCU,1,4.391,8.544,,
eQc5uI7FKCU,2,17.851,27.94,,
eQc5uI7FKCU,3,28.327,33.807,,
eQc5uI7FKCU,4,33.246,42.218,,
eQc5uI7FKCU,5,41.218,53.492,,
eREud0qYR3s,0,12.403,18.093,,
eREud0qYR3s,1,21.632,26.044,,
eSHOcLD5T58,0,41.397,46.019,,
eSHOcLD5T58,1,57.73,62.781,,
eSHOcLD5T58,2,75.141,81.838,,
eSHOcLD5T58,3,81.356,87.225,,
eSHOcLD5T58,4,13.261,18.901,,
eSHOcLD5T58,5,26.751,31.342,,
eSHOcLD5T58,6,30.672,34.326,,
eSHOcLD5T58,7,37.486,42.108,,
eTCnM472-cQ,0,0.0,20.178,,
eTCnM472-cQ,1,37.865,43.385,,
eTCnM472-cQ,2,42.784,64.447,,
eTCnM472-cQ,3,64.136,69.546,,
eTn2P4wmFr4,0,67.508,75.452,,
eTn2P4wmFr4,1,75.171,84.352,,
eTn2P4wmFr4,2,83.601,87.146,,
eTn2P4wmFr4,3,93.449,97.342,,
eTn2P4wmFr4,4,96.342,102.84,,
eTn2P4wmFr4,5,102.0,105.983,,
eTn2P4wmFr4,6,11.645,18.891,,
eTn2P4wmFr4,7,108.664,114.254,,
eTn2P4wmFr4,8,117.035,129.729,,
eTn2P4wmFr4,9,18.4,24.458,,
eTn2P4wmFr4,10,23.658,36.68,,
eTn2P4wmFr4,11,42.056,48.583,,
eTn2P4wmFr4,12,48.262,54.38,,
eTn2P4wmFr4,13,54.458,58.341,,
eUwbRLhV1vs,0,0.0,4.424,,
eW1vgHE6FRM,0,0.0,3.306,,
eW1vgHE6FRM,1,2.396,15.798,,
eW1vgHE6FRM,2,82.993,94.888,,
eW1vgHE6FRM,3,109.313,123.683,,
eW1vgHE6FRM,4,129.028,146.8,,
eW1vgHE6FRM,5,146.648,167.273,,
eW1vgHE6FRM,6,22.161,29.736,,
eW1vgHE6FRM,7,29.534,37.898,,
eY64P27khzk,0,-0.487528344671,10.7891156463,,
eY64P27khzk,1,10.1482993197,22.3927437642,,
eY64P27khzk,2,35.9097505669,39.6136054422,,
eY64P27khzk,3,39.1723356009,49.0421768707,,
eY64P27khzk,4,48.3814058957,52.9433106576,,
eYCiRWf2NHE,0,16.095,24.618,,
eYCiRWf2NHE,1,24.027,33.587,,
eZVcshSUD3Q,0,0.0,5.751,,
eZVcshSUD3Q,1,8.163,15.189,,
eZVcshSUD3Q,2,14.299,20.647,,
eZVcshSUD3Q,3,20.195,35.164,,
eaXDCknxPrU,0,0.0,7.297,,
eaXDCknxPrU,1,22.77,27.252,,
eeN7l4R3nPc,0,85.317,97.382,,
eeN7l4R3nPc,1,20.764,29.237,,
eeN7l4R3nPc,2,28.686,39.185,,
eeN7l4R3nPc,3,50.068,72.808,,
efLrpnuLwyU,0,0.0124716553288,6.1485260771,,
efLrpnuLwyU,1,6.29818594104,11.1172335601,,
efLrpnuLwyU,2,67.5589569161,73.5553287982,,
efLrpnuLwyU,3,84.510430839,89.3993197279,,
efLrpnuLwyU,4,97.0718820862,100.653741497,,
efLrpnuLwyU,5,100.703628118,106.16122449,,
efLrpnuLwyU,6,11.266893424,19.7176870748,,
efLrpnuLwyU,7,19.8274376417,24.9258503401,,
efLrpnuLwyU,8,34.1648526077,39.4927437642,,
efLrpnuLwyU,9,39.7022675737,43.5535147392,,
efLrpnuLwyU,10,50.5176870748,63.2587301587,,
efLrpnuLwyU,11,63.4782312925,67.4492063492,,
ehZrOdw6PhA,0,0.0,4.434,,
ehZrOdw6PhA,1,3.434,10.18,,
ehZrOdw6PhA,2,40.839,47.665,,
ejDe6hQWZOk,0,5.2,9.562,,
ejDe6hQWZOk,1,22.41,30.963,,
ejDe6hQWZOk,2,45.039,50.878,,
emtvrtk-jsU,0,6.417,28.349,,
emtvrtk-jsU,1,32.757,40.172,,
emtvrtk-jsU,2,64.575,74.644,,
eo8L7lCTjDQ,0,0.0,8.774,,
eo8L7lCTjDQ,1,16.534,27.531,,
eo8L7lCTjDQ,2,36.748,46.907,,
ep3IasggD3k,0,49.728,53.342,,
ep3IasggD3k,1,2.007,5.361,,
ep3IasggD3k,2,4.571,13.084,,
ep3IasggD3k,3,24.216,32.989,,
ep3IasggD3k,4,32.098,37.039,,
ep3IasggD3k,5,45.967,48.823,,
ep3IasggD3k,6,47.823,50.499,,
erBIIKA6r5Y,0,22.999,27.242,,
erNDEjQeox8,0,47.444,53.183,,
erNDEjQeox8,1,58.668,74.714,,
esR-tOjT6KM,0,0.8,8.305,,
esR-tOjT6KM,1,8.841,28.01,,
esR-tOjT6KM,2,27.868,39.105,,
esR-tOjT6KM,3,41.108,47.825,,
esR-tOjT6KM,4,46.825,59.688,,
esR-tOjT6KM,5,59.935,63.429,,
esR-tOjT6KM,6,63.188,87.734,,
esnOE1LefKA,0,3.5843537415,9.21156462585,,
esnOE1LefKA,1,9.21156462585,15.0383219955,,
etPDgRjrnJ8,0,0.0,16.636,,
etPDgRjrnJ8,1,15.636,22.852,,
etPDgRjrnJ8,2,21.852,33.328,,
etPDgRjrnJ8,3,32.328,43.415,,
evAswZ6m3hg,0,0.0,5.451,,
evAswZ6m3hg,1,4.451,11.767,,
evAswZ6m3hg,2,44.39,53.482,,
ewBrNsyY82Q,0,20.295,31.991,,
ex-dKshlXoY,0,61.741,67.82,,
ex-dKshlXoY,1,22.58,29.527,,
ex-dKshlXoY,2,31.071,44.303,,
ey1lr8wFFDc,0,0.0,6.878,,
ey1lr8wFFDc,1,6.586,18.142,,
ey1lr8wFFDc,2,17.551,28.319,,
ey1lr8wFFDc,3,27.778,41.649,,
ezuWKsxPRSM,0,0.0,5.85,,
ezuWKsxPRSM,1,5.279,13.014,,
ezuWKsxPRSM,2,12.653,20.786,,
ezuWKsxPRSM,3,38.823,43.904,,
f-VdKweez2U,0,0.0,8.415,,
f-VdKweez2U,1,19.228,23.76,,
f-VdKweez2U,2,27.958,39.963,,
f-VdKweez2U,3,50.956,56.824,,
f-VdKweez2U,4,56.064,62.003,,
f-ZNjqLlrm4,0,0.0,12.525,,
f-ZNjqLlrm4,1,12.254,20.587,,
f-ZNjqLlrm4,2,166.663,188.106,,
f-ZNjqLlrm4,3,40.08,49.88,,
f-ZNjqLlrm4,4,118.672,139.197,,
f-ZNjqLlrm4,5,138.197,166.775,,
f47bnEUrOvA,0,29.295,44.313,,
f49boM5fb8U,0,0.0,5.302,,
f49boM5fb8U,1,4.79,12.585,,
f49boM5fb8U,2,11.795,17.484,,
f49boM5fb8U,3,16.793,25.087,,
f49boM5fb8U,4,24.087,43.475,,
f49boM5fb8U,5,56.932,63.589,,
f5k5cF80aUE,0,11.685,18.352,,
f5k5cF80aUE,1,27.688,32.989,,
f5k5cF80aUE,2,32.448,38.736,,
f5k5cF80aUE,3,38.374,45.201,,
f6S2XNPIiFk,0,0.0,8.155,,
f6S2XNPIiFk,1,8.093,14.112,,
f6S2XNPIiFk,2,71.848,82.037,,
f6S2XNPIiFk,3,87.223,103.987,,
f6S2XNPIiFk,4,115.01,129.549,,
f6S2XNPIiFk,5,150.789,160.659,,
f6S2XNPIiFk,6,160.127,172.073,,
f6S2XNPIiFk,7,13.62,21.425,,
f6S2XNPIiFk,8,27.409,33.837,,
f6S2XNPIiFk,9,33.585,43.585,,
f6S2XNPIiFk,10,62.03,70.054,,
f8Puta8k8fU,0,24.685260771,28.0498866213,,
fB816aeHRFk,0,0.0,15.049,,
fDYZINwIs_A,0,59.696,65.405,,
fEm9AdLNrjk,0,2.166,10.699,,
fEm9AdLNrjk,1,15.267,20.298,,
fEm9AdLNrjk,2,38.494,58.102,,
fGYbbP8RDLQ,0,15.975,39.035,,
fGYbbP8RDLQ,1,38.324,54.61,,
fGYbbP8RDLQ,2,53.769,63.479,,
fI9KptYFZeg,0,0.0,6.768,,
fI9KptYFZeg,1,5.958,9.103,,
fI9KptYFZeg,2,20.086,28.339,,
fI9KptYFZeg,3,50.886,58.86,,
fMUmdlzuc94,0,-0.28798185941,4.74285714286,,
fMUmdlzuc94,1,3.91247165533,9.58185941043,,
fMUmdlzuc94,2,8.58185941043,12.1160997732,,
fMUmdlzuc94,3,11.4154195011,21.7741496599,,
fMUmdlzuc94,4,21.2829931973,25.2961451247,,
fMUmdlzuc94,5,25.8126984127,32.6195011338,,
fOxg1NstCHA,0,30.761,36.361,,
fPsy1co_nuw,0,47.144,58.68,,
fSOVk2cS-sY,0,0.051,6.379,,
fSOVk2cS-sY,1,24.705,36.161,,
fSOVk2cS-sY,2,35.351,40.741,,
fSOVk2cS-sY,3,41.148,48.444,,
fSOVk2cS-sY,4,48.262,52.345,,
fT6SrlsWV7M,0,0.0,14.9,,
fT6SrlsWV7M,1,14.927,24.438,,
fT6SrlsWV7M,2,83.601,91.246,,
fT6SrlsWV7M,3,91.194,96.993,,
fT6SrlsWV7M,4,97.819,106.202,,
fT6SrlsWV7M,5,105.98,114.064,,
fT6SrlsWV7M,6,24.556,33.088,,
fT6SrlsWV7M,7,33.435,39.454,,
fT6SrlsWV7M,8,38.943,44.163,,
fT6SrlsWV7M,9,51.215,60.835,,
fT6SrlsWV7M,10,60.334,71.94,,
fTKe7E_4OCQ,0,0.0124716553288,20.7054421769,,
fTKe7E_4OCQ,1,55.3068027211,60.5947845805,,
fTNOAssiTYk,0,0.0,5.192,,
fTNOAssiTYk,1,4.561,10.091,,
fTNOAssiTYk,2,15.087,24.967,,
fTNOAssiTYk,3,23.967,33.288,,
fTNOAssiTYk,4,41.078,47.585,,
fTNOAssiTYk,5,46.585,51.746,,
fU5AYkq0m9k,0,0.0,9.941,,
fU5AYkq0m9k,1,8.941,14.61,,
fU5AYkq0m9k,2,35.151,40.801,,
fU5AYkq0m9k,3,40.19,45.151,,
fVCDn6SdtVM,0,16.354,24.817,,
fVCDn6SdtVM,1,24.665,41.22,,
fVCDn6SdtVM,2,49.908,57.363,,
fW1pK2L6RgM,0,42.864,49.351,,
fW1pK2L6RgM,1,48.771,59.159,,
fW1pK2L6RgM,2,58.937,66.034,,
fW1pK2L6RgM,3,65.762,83.095,,
fW1pK2L6RgM,4,83.172,90.787,,
fW1pK2L6RgM,5,91.304,99.039,,
fW1pK2L6RgM,6,98.996,112.099,,
fW1pK2L6RgM,7,112.097,125.399,,
fWAKek8jA5M,0,-0.487528344671,1.68979591837,,
fWAKek8jA5M,1,14.4585034014,17.1646258503,,
fWAKek8jA5M,2,16.7433106576,23.5501133787,,
fWAKek8jA5M,3,22.9292517007,28.3591836735,,
fWAKek8jA5M,4,27.5487528345,36.8598639456,,
fWAKek8jA5M,5,37.4861678005,40.3020408163,,
fWAKek8jA5M,6,39.3519274376,42.8961451247,,
fWAKek8jA5M,7,41.8961451247,47.7351473923,,
fWOIAxzBQFY,0,15.805,25.506,,
fWOIAxzBQFY,1,70.371,84.731,,
fWOIAxzBQFY,2,89.927,100.615,,
fWOIAxzBQFY,3,104.404,113.346,,
fWOIAxzBQFY,4,112.406,119.702,,
fWOIAxzBQFY,5,126.554,132.243,,
fWOIAxzBQFY,6,137.838,162.095,,
fWOIAxzBQFY,7,175.732,185.293,,
fWOIAxzBQFY,8,184.293,190.87,,
fWOIAxzBQFY,9,42.415,47.416,,
fWOIAxzBQFY,10,57.231,62.013,,
fWOIAxzBQFY,11,61.013,66.093,,
f_ZJ7L14oYQ,0,1.648,6.15,,
f_ZJ7L14oYQ,1,42.595,49.521,,
f_ZJ7L14oYQ,2,58.738,63.38,,
f_ZJ7L14oYQ,3,62.739,66.632,,
f_ZJ7L14oYQ,4,65.902,69.765,,
f_ZJ7L14oYQ,5,5.509,13.413,,
f_ZJ7L14oYQ,6,74.921,81.618,,
f_ZJ7L14oYQ,7,80.947,85.819,,
f_ZJ7L14oYQ,8,87.113,98.161,,
f_ZJ7L14oYQ,9,107.148,112.628,,
f_ZJ7L14oYQ,10,111.628,118.115,,
f_ZJ7L14oYQ,11,120.857,128.641,,
f_ZJ7L14oYQ,12,130.904,134.268,,
f_ZJ7L14oYQ,13,29.814,34.435,,
f_ZJ7L14oYQ,14,33.775,40.102,,
faMq0C_wTpU,0,58.409,69.057,,
faUvT7zfsyk,0,27.559,35.403,,
faUvT7zfsyk,1,36.119,52.674,,
faUvT7zfsyk,2,96.901,101.573,,
faXGVcVcVsE,0,0.0,2.259,,
faXGVcVcVsE,1,1.348,30.474,,
faXGVcVcVsE,2,131.193,136.493,,
faXGVcVcVsE,3,136.521,144.445,,
faXGVcVcVsE,4,144.303,160.349,,
faXGVcVcVsE,5,160.008,166.874,,
faXGVcVcVsE,6,166.762,170.187,,
faXGVcVcVsE,7,169.406,183.926,,
faXGVcVcVsE,8,30.133,38.556,,
faXGVcVcVsE,9,38.055,56.595,,
faXGVcVcVsE,10,55.964,68.837,,
faXGVcVcVsE,11,68.236,76.829,,
faXGVcVcVsE,12,76.398,82.506,,
faXGVcVcVsE,13,82.075,107.05,,
faXGVcVcVsE,14,106.609,124.59,,
faXGVcVcVsE,15,123.91,131.784,,
fbHlBmq7Ipo,0,-0.467573696145,4.67301587302,,
fbHlBmq7Ipo,1,3.8126984127,12.106122449,,
fbHlBmq7Ipo,2,42.7941043084,45.6399092971,,
fbHlBmq7Ipo,3,44.6399092971,48.4136054422,,
fbHlBmq7Ipo,4,47.5034013605,59.4585034014,,
fbHlBmq7Ipo,5,11.2158730159,18.0126984127,,
fbHlBmq7Ipo,6,17.1324263039,20.3673469388,,
fbHlBmq7Ipo,7,19.3673469388,21.9038548753,,
fbHlBmq7Ipo,8,21.2131519274,24.7873015873,,
fbHlBmq7Ipo,9,23.7873015873,35.3233560091,,
fbHlBmq7Ipo,10,34.6126984127,41.0403628118,,
fbHlBmq7Ipo,11,40.4893424036,43.5346938776,,
fbSxct2JcKU,0,4.102,9.123,,
fbSxct2JcKU,1,9.21,18.591,,
fbSxct2JcKU,2,27.419,40.043,,
fbSxct2JcKU,3,39.043,47.306,,
fbSxct2JcKU,4,62.918,79.084,,
fcxbB7ybUfs,0,32.009,46.259,,
fcxbB7ybUfs,1,54.188,66.163,,
fcxbB7ybUfs,2,119.36,126.157,,
fdK_tsvBXJ8,0,0.0,21.525,,
fdK_tsvBXJ8,1,81.297,95.786,,
fdK_tsvBXJ8,2,94.786,112.688,,
fdK_tsvBXJ8,3,111.688,136.912,,
fdc7iyzKvFQ,0,0.0,4.304,,
fdc7iyzKvFQ,1,17.272,26.673,,
fdc7iyzKvFQ,2,26.332,31.522,,
fe2CWCpdTF8,0,0.0,6.18,,
fe2CWCpdTF8,1,86.295,95.397,,
ffrJ91swyq0,0,3.384,15.468,,
ffrJ91swyq0,1,14.838,24.099,,
fhADeWE5VgU,0,1.598,15.229,,
fhADeWE5VgU,1,14.898,25.306,,
fhADeWE5VgU,2,24.965,32.54,,
fhADeWE5VgU,3,36.309,53.991,,
fhY2vbnjuWY,0,-0.487528344671,5.78049886621,,
fhY2vbnjuWY,1,14.4984126984,16.6458049887,,
fhY2vbnjuWY,2,19.8562358277,25.9047619048,,
fhY2vbnjuWY,3,25.3637188209,35.0739229025,,
fi7g4GoK-z4,0,2.775,12.096,,
fi7g4GoK-z4,1,26.361,36.98,,
fiXZqpbRYKk,0,-0.347845804989,4.91247165533,,
fiXZqpbRYKk,1,4.47120181406,10.9287981859,,
fiXZqpbRYKk,2,46.725170068,50.5886621315,,
fiXZqpbRYKk,3,49.5886621315,56.4054421769,,
fiXZqpbRYKk,4,10.1482993197,14.4009070295,,
fiXZqpbRYKk,5,13.6702947846,18.9605442177,,
fiXZqpbRYKk,6,18.2498866213,23.5900226757,,
fiXZqpbRYKk,7,22.9492063492,30.5242630385,,
fiXZqpbRYKk,8,30.9709750567,36.380952381,,
fiXZqpbRYKk,9,35.7301587302,39.4340136054,,
fiXZqpbRYKk,10,38.4340136054,42.6068027211,,
fiXZqpbRYKk,11,41.9560090703,47.2861678005,,
fjE2EZKgQm8,0,0.0,2.298,,
fjE2EZKgQm8,1,1.298,4.154,,
fjE2EZKgQm8,2,3.154,8.744,,
fjE2EZKgQm8,3,18.33,26.663,,
fjE2EZKgQm8,4,26.441,31.302,,
fjE2EZKgQm8,5,30.732,33.946,,
fjE2EZKgQm8,6,42.305,45.57,,
flBtk736di4,0,0.0,6.788,,
flBtk736di4,1,6.447,19.429,,
flBtk736di4,2,78.702,84.332,,
flBtk736di4,3,89.777,100.266,,
flBtk736di4,4,19.607,29.008,,
flBtk736di4,5,50.796,62.801,,
flBtk736di4,6,62.489,70.194,,
flBtk736di4,7,69.523,75.512,,
flGZteJUNYU,0,141.899,147.039,,
flv4by3RYVk,0,0.0,4.134,,
flv4by3RYVk,1,3.593,7.367,,
flv4by3RYVk,2,44.53,47.216,,
flv4by3RYVk,3,46.216,51.686,,
flv4by3RYVk,4,6.367,10.33,,
flv4by3RYVk,5,9.659,12.036,,
flv4by3RYVk,6,11.585,19.729,,
flv4by3RYVk,7,18.729,22.582,,
flv4by3RYVk,8,22.251,28.389,,
flv4by3RYVk,9,27.678,29.556,,
flv4by3RYVk,10,28.676,38.825,,
flv4by3RYVk,11,37.825,45.371,,
fnFoRPqkQeo,0,16.554,36.471,,
fnFoRPqkQeo,1,35.95,44.762,,
fnFoRPqkQeo,2,44.361,55.677,,
foXArPhK0xY,0,0.0,4.244,,
foXArPhK0xY,1,3.244,12.924,,
foXArPhK0xY,2,12.663,25.536,,
foXArPhK0xY,3,24.536,33.837,,
foXArPhK0xY,4,32.907,39.195,,
foXArPhK0xY,5,38.195,42.417,,
foXArPhK0xY,6,41.667,46.488,,
frCWtiam4tE,0,0.0,8.863,,
frCWtiam4tE,1,8.013,11.637,,
frCWtiam4tE,2,10.637,16.716,,
frCWtiam4tE,3,36.299,41.968,,
frNJdG0GkYw,0,0.0,2.488,,
frNJdG0GkYw,1,1.488,13.583,,
fsBzpr4k3rY,0,-0.337868480726,103.099319728,,
fsd1qPLA3kY,0,3.064,10.061,,
fsd1qPLA3kY,1,55.076,64.717,,
fsd1qPLA3kY,2,24.635,29.576,,
fz-MzQcOBwQ,0,0.57,5.162,,
fz-MzQcOBwQ,1,5.16,15.748,,
fz-MzQcOBwQ,2,75.659,82.317,,
fz-MzQcOBwQ,3,81.376,88.453,,
fz-MzQcOBwQ,4,88.061,93.332,,
fz-MzQcOBwQ,5,15.556,23.41,,
fz-MzQcOBwQ,6,23.089,26.803,,
fz-MzQcOBwQ,7,25.833,30.883,,
fz-MzQcOBwQ,8,30.452,34.026,,
fz-MzQcOBwQ,9,33.256,54.669,,
fz-MzQcOBwQ,10,53.779,62.971,,
fz-MzQcOBwQ,11,61.971,71.9,,
fz-MzQcOBwQ,12,70.98,75.931,,
fzuTEKwNS94,0,0.061224489796,5.13197278912,,
fzuTEKwNS94,1,4.68072562358,18.1024943311,,
fzuTEKwNS94,2,59.7854875283,66.9714285714,,
fzuTEKwNS94,3,67.2684807256,80.6702947846,,
fzuTEKwNS94,4,80.2589569161,87.0557823129,,
fzuTEKwNS94,5,86.4947845805,93.7405895692,,
fzuTEKwNS94,6,93.6784580499,100.604988662,,
fzuTEKwNS94,7,100.762358277,105.793197279,,
fzuTEKwNS94,8,105.132426304,113.186394558,,
fzuTEKwNS94,9,112.70521542,121.796825397,,
fzuTEKwNS94,10,120.796825397,127.324263039,,
fzuTEKwNS94,11,126.98276644,130.586848073,,
fzuTEKwNS94,12,18.010430839,27.4612244898,,
fzuTEKwNS94,13,129.656689342,136.613151927,,
fzuTEKwNS94,14,136.221768707,140.913378685,,
fzuTEKwNS94,15,140.462131519,145.572789116,,
fzuTEKwNS94,16,145.001814059,152.217687075,,
fzuTEKwNS94,17,151.736507937,155.590022676,,
fzuTEKwNS94,18,26.9501133787,34.2458049887,,
fzuTEKwNS94,19,33.5950113379,36.5206349206,,
fzuTEKwNS94,20,35.7700680272,45.3804988662,,
fzuTEKwNS94,21,44.7795918367,48.2739229025,,
fzuTEKwNS94,22,47.6530612245,60.1868480726,,
g6VJg6ycUk0,0,3.613,9.193,,
g8Cl74tS3oY,0,3.753,11.049,,
g8Cl74tS3oY,1,10.577,20.048,,
g8Cl74tS3oY,2,19.796,25.865,,
g8Cl74tS3oY,3,32.408,45.151,,
g8Cl74tS3oY,4,44.7,53.163,,
g8NBNtY3cpU,0,4.052,11.039,,
g99kISQbyuI,0,0.0,3.346,,
g99kISQbyuI,1,48.032,53.811,,
g99kISQbyuI,2,4.162,6.659,,
g99kISQbyuI,3,5.659,9.562,,
g99kISQbyuI,4,8.562,11.368,,
g99kISQbyuI,5,10.368,16.965,,
g99kISQbyuI,6,15.965,18.262,,
g99kISQbyuI,7,17.302,24.109,,
g99kISQbyuI,8,32.677,37.937,,
g9rNhtFG9aU,0,0.0,6.958,,
g9rNhtFG9aU,1,56.363,62.561,,
g9rNhtFG9aU,2,62.07,74.844,,
g9rNhtFG9aU,3,26.471,33.937,,
g9rNhtFG9aU,4,33.176,42.996,,
g9rNhtFG9aU,5,45.119,51.477,,
gAMbkJk6gnE,0,0.0,8.444,,
gAMbkJk6gnE,1,22.49,33.867,,
gAMbkJk6gnE,2,32.867,39.963,,
gAMbkJk6gnE,3,38.963,45.7,,
gAMbkJk6gnE,4,44.7,54.869,,
gC_wF3uKFW0,0,0.0,9.402,,
gC_wF3uKFW0,1,8.402,14.062,,
gC_wF3uKFW0,2,13.062,16.955,,
gC_wF3uKFW0,3,15.955,20.038,,
gC_wF3uKFW0,4,19.198,26.364,,
gC_wF3uKFW0,5,25.613,29.257,,
gE7kUqMqQ9g,0,15.686,28.559,,
gE7kUqMqQ9g,1,28.287,32.849,,
gEgcpVY8WK4,0,0.0,3.226,,
gEgcpVY8WK4,1,2.576,8.305,,
gEgcpVY8WK4,2,43.672,46.737,,
gEgcpVY8WK4,3,46.107,50.968,,
gEgcpVY8WK4,4,50.337,59.349,,
gEgcpVY8WK4,5,58.808,67.011,,
gEgcpVY8WK4,6,66.321,75.312,,
gEgcpVY8WK4,7,74.642,77.617,,
gEgcpVY8WK4,8,76.976,82.785,,
gEgcpVY8WK4,9,82.554,86.667,,
gEgcpVY8WK4,10,85.996,92.304,,
gEgcpVY8WK4,11,91.683,97.133,,
gEgcpVY8WK4,12,7.734,15.049,,
gEgcpVY8WK4,13,96.712,102.201,,
gEgcpVY8WK4,14,101.7,106.641,,
gEgcpVY8WK4,15,106.819,114.912,,
gEgcpVY8WK4,16,114.551,120.929,,
gEgcpVY8WK4,17,120.438,129.26,,
gEgcpVY8WK4,18,128.629,133.829,,
gEgcpVY8WK4,19,133.179,138.868,,
gEgcpVY8WK4,20,138.307,144.256,,
gEgcpVY8WK4,21,143.675,150.571,,
gEgcpVY8WK4,22,150.18,151.938,,
gEgcpVY8WK4,23,14.498,18.891,,
gEgcpVY8WK4,24,150.938,154.263,,
gEgcpVY8WK4,25,153.542,156.747,,
gEgcpVY8WK4,26,18.26,24.508,,
gEgcpVY8WK4,27,23.688,30.714,,
gEgcpVY8WK4,28,29.983,33.488,,
gEgcpVY8WK4,29,32.956,38.317,,
gEgcpVY8WK4,30,37.676,41.13,,
gEgcpVY8WK4,31,40.749,44.612,,
gFAOKuqpUq4,0,0.0,9.951,,
gFAOKuqpUq4,1,91.174,98.011,,
gFAOKuqpUq4,2,98.148,103.668,,
gFAOKuqpUq4,3,13.92,19.31,,
gFAOKuqpUq4,4,123.541,135.705,,
gFAOKuqpUq4,5,141.38,145.373,,
gJdSxPhf85M,0,0.0,12.525,,
gJdSxPhf85M,1,31.29,39.354,,
gJdSxPhf85M,2,46.925,52.375,,
gJdSxPhf85M,3,51.913,66.004,,
gJjkCPO7iXg,0,0.321,9.821,,
gJjkCPO7iXg,1,9.4,20.268,,
gJjkCPO7iXg,2,19.836,25.476,,
gJjkCPO7iXg,3,24.945,32.639,,
gKojBrXHhUc,0,65.103,70.254,,
gKojBrXHhUc,1,75.46,82.965,,
gL8h7lOPv1Q,0,60.843,66.722,,
gL8h7lOPv1Q,1,65.941,71.85,,
gL8h7lOPv1Q,2,81.067,89.141,,
gL8h7lOPv1Q,3,88.141,94.948,,
gL8h7lOPv1Q,4,93.948,98.699,,
gL8h7lOPv1Q,5,14.498,29.756,,
gL8h7lOPv1Q,6,140.692,150.013,,
gL8h7lOPv1Q,7,41.427,46.678,,
gL8h7lOPv1Q,8,46.067,54.36,,
gL8h7lOPv1Q,9,54.388,61.843,,
gLTxaEcx41E,0,0.80952380952,4.87256235828,,
gLTxaEcx41E,1,161.933333333,192.236734694,,
gLTxaEcx41E,2,192.5138322,208.689342404,,
gLTxaEcx41E,3,208.916553288,215.364172336,,
gLTxaEcx41E,4,4.70068027211,9.82131519274,,
gLTxaEcx41E,5,9.43990929705,53.5219954649,,
gLTxaEcx41E,6,54.4675736961,73.7160997732,,
gLTxaEcx41E,7,72.7160997732,81.1891156463,,
gLTxaEcx41E,8,81.4263038549,104.476190476,,
gLTxaEcx41E,9,104.074829932,129.479365079,,
gLTxaEcx41E,10,129.946031746,145.812244898,,
gLTxaEcx41E,11,145.271201814,161.775963719,,
gLdRUsLw4CA,0,0.0,5.561,,
gLdRUsLw4CA,1,5.459,26.064,,
gLdRUsLw4CA,2,49.439,56.176,,
gLdRUsLw4CA,3,56.004,60.596,,
gPWyANEm0eE,0,0.0,12.924,,
gPWyANEm0eE,1,90.975,110.433,,
gPWyANEm0eE,2,110.261,131.136,,
gPWyANEm0eE,3,131.233,139.507,,
gPWyANEm0eE,4,139.015,151.439,,
gPWyANEm0eE,5,13.87,18.232,,
gPWyANEm0eE,6,23.249,30.963,,
gPWyANEm0eE,7,42.116,62.512,,
gPWyANEm0eE,8,62.569,72.748,,
gPWyANEm0eE,9,72.217,90.857,,
gR3igiwaeyc,0,-0.487528344671,5.88027210884,,
gR3igiwaeyc,1,5.00997732426,8.09523809524,,
gR3igiwaeyc,2,46.4058956916,53.9210884354,,
gR3igiwaeyc,3,7.09523809524,8.7537414966,,
gR3igiwaeyc,4,8.38231292517,13.2136054422,,
gR3igiwaeyc,5,12.2136054422,19.5492063492,,
gR3igiwaeyc,6,27.0498866213,31.6816326531,,
gR3igiwaeyc,7,30.6816326531,34.6349206349,,
gR3igiwaeyc,8,43.612244898,47.4058956916,,
gR4gM_WXesQ,0,0.0,5.97,,
gR4gM_WXesQ,1,66.959,74.265,,
gR4gM_WXesQ,2,73.514,80.66,,
gR4gM_WXesQ,3,91.094,98.5,,
gR4gM_WXesQ,4,97.849,113.216,,
gR4gM_WXesQ,5,118.881,128.302,,
gR4gM_WXesQ,6,11.974,18.581,,
gR4gM_WXesQ,7,138.886,151.509,,
gR4gM_WXesQ,8,150.559,158.883,,
gR4gM_WXesQ,9,166.403,171.394,,
gR4gM_WXesQ,10,170.594,176.373,,
gR4gM_WXesQ,11,175.922,181.631,,
gR4gM_WXesQ,12,185.151,189.493,,
gR4gM_WXesQ,13,18.36,25.945,,
gR4gM_WXesQ,14,25.084,31.971,,
gR4gM_WXesQ,15,35.361,41.958,,
gR4gM_WXesQ,16,55.256,62.861,,
gRAmIaSlm80,0,0.0,8.564,,
gU7McujYYPY,0,0.0,8.265,,
gU7McujYYPY,1,7.335,15.888,,
gU7McujYYPY,2,16.025,23.859,,
gU7McujYYPY,3,23.169,29.377,,
gU7McujYYPY,4,40.978,48.673,,
gU7McujYYPY,5,50.187,54.43,,
gU7McujYYPY,6,53.729,56.834,,
gVqs4TzqySw,0,0.87936507937,11.3678004535,,
gVqs4TzqySw,1,10.7968253968,19.6489795918,,
gVqs4TzqySw,2,18.998185941,27.7106575964,,
gVqs4TzqySw,3,26.8303854875,29.7160997732,,
gVqs4TzqySw,4,31.7990929705,39.5337868481,,
gVqs4TzqySw,5,38.9428571429,43.325170068,,
gXDRWhJbfFU,0,0.0,15.868,,
gXDRWhJbfFU,1,15.696,32.141,,
gXDRWhJbfFU,2,139.454,144.715,,
gXDRWhJbfFU,3,31.649,40.99,,
gXDRWhJbfFU,4,40.629,52.973,,
gXDRWhJbfFU,5,52.312,64.437,,
gXDRWhJbfFU,6,64.265,72.489,,
gXDRWhJbfFU,7,72.207,102.062,,
gXDRWhJbfFU,8,101.74,123.623,,
gXDRWhJbfFU,9,122.693,136.543,,
gXDRWhJbfFU,10,135.863,140.454,,
gXuiIWRxrw4,0,0.0,2.678,,
gXuiIWRxrw4,1,1.678,15.808,,
gXuiIWRxrw4,2,82.743,89.351,,
gXuiIWRxrw4,3,89.089,93.391,,
gXuiIWRxrw4,4,92.89,120.051,,
gXuiIWRxrw4,5,119.46,135.815,,
gXuiIWRxrw4,6,135.005,158.024,,
gXuiIWRxrw4,7,157.024,168.521,,
gXuiIWRxrw4,8,168.119,174.327,,
gXuiIWRxrw4,9,173.327,183.507,,
gXuiIWRxrw4,10,182.507,188.306,,
gXuiIWRxrw4,11,187.306,192.935,,
gXuiIWRxrw4,12,14.808,23.301,,
gXuiIWRxrw4,13,22.69,30.405,,
gXuiIWRxrw4,14,29.405,37.957,,
gXuiIWRxrw4,15,36.957,46.229,,
gXuiIWRxrw4,16,45.428,55.428,,
gXuiIWRxrw4,17,54.428,57.952,,
gXuiIWRxrw4,18,57.241,76.699,,
gXuiIWRxrw4,19,75.699,83.743,,
gZDyk95Xob4,0,53.649,57.323,,
gZDyk95Xob4,1,56.752,69.107,,
gZDyk95Xob4,2,68.755,74.415,,
gZDyk95Xob4,3,74.293,82.207,,
gZDyk95Xob4,4,81.626,102.241,,
gZDyk95Xob4,5,101.241,106.432,,
gZDyk95Xob4,6,105.661,111.031,,
gZDyk95Xob4,7,115.858,123.433,,
gZDyk95Xob4,8,4.122,11.088,,
gZDyk95Xob4,9,122.702,126.436,,
gZDyk95Xob4,10,10.088,14.531,,
gZDyk95Xob4,11,13.531,19.589,,
gZDyk95Xob4,12,18.799,27.441,,
gZDyk95Xob4,13,27.389,37.608,,
gZDyk95Xob4,14,38.254,54.649,,
gZF-YNQHqwI,0,-0.327891156463,3.28616780045,,
gZF-YNQHqwI,1,2.28616780045,6.46893424036,,
gZF-YNQHqwI,2,37.2766439909,40.3120181406,,
gZF-YNQHqwI,3,39.3519274376,44.4426303855,,
gZF-YNQHqwI,4,44.2009070295,50.6984126984,,
gZF-YNQHqwI,5,49.6984126984,52.1151927438,,
gZF-YNQHqwI,6,10.387755102,12.6947845805,,
gZF-YNQHqwI,7,23.6077097506,27.9201814059,,
gZF-YNQHqwI,8,26.9201814059,30.6140589569,,
gZF-YNQHqwI,9,29.6839002268,34.674829932,,
gZF-YNQHqwI,10,34.6526077098,37.6979591837,,
gcFECfN4BCU,0,-0.437641723356,11.0884353741,,
gcFECfN4BCU,1,10.4077097506,13.3931972789,,
gcFECfN4BCU,2,78.3133786848,87.9836734694,,
gcFECfN4BCU,3,87.3827664399,94.4689342404,,
gcFECfN4BCU,4,93.8580498866,102.859863946,,
gcFECfN4BCU,5,102.937414966,108.457142857,,
gcFECfN4BCU,6,107.526984127,112.13877551,,
gcFECfN4BCU,7,111.647619048,124.211337868,,
gcFECfN4BCU,8,123.211337868,128.232199546,,
gcFECfN4BCU,9,127.45170068,136.593197279,,
gcFECfN4BCU,10,135.593197279,153.973696145,,
gcFECfN4BCU,11,152.973696145,158.433560091,,
gcFECfN4BCU,12,157.433560091,165.966439909,,
gcFECfN4BCU,13,165.22585034,169.568253968,,
gcFECfN4BCU,14,168.568253968,173.369614512,,
gcFECfN4BCU,15,172.389569161,177.480272109,,
gcFECfN4BCU,16,176.480272109,184.703854875,,
gcFECfN4BCU,17,12.5428571429,15.3188208617,,
gcFECfN4BCU,18,14.4285714286,21.5247165533,,
gcFECfN4BCU,19,21.1333333333,26.1741496599,,
gcFECfN4BCU,20,25.1741496599,33.9365079365,,
gcFECfN4BCU,21,33.1160997732,40.3619047619,,
gcFECfN4BCU,22,39.6811791383,59.5283446712,,
gcFECfN4BCU,23,58.9074829932,79.3133786848,,
gcGZp9JX_qE,0,144.792,154.951,,
gcGZp9JX_qE,1,67.747,81.688,,
gcGZp9JX_qE,2,95.165,104.736,,
gcGZp9JX_qE,3,118.612,125.169,,
gcpsSao7kHM,0,4.421,10.57,,
gcpsSao7kHM,1,88.859,93.94,,
gcpsSao7kHM,2,9.889,27.012,,
gcpsSao7kHM,3,65.103,72.908,,
gcpsSao7kHM,4,74.532,82.097,,
gcpsSao7kHM,5,81.317,86.198,,
ge071m9bGeY,0,0.0,4.563,,
ge071m9bGeY,1,4.042,11.498,,
ge071m9bGeY,2,10.867,19.559,,
ge071m9bGeY,3,19.756,26.583,,
ge071m9bGeY,4,25.843,32.41,,
ge071m9bGeY,5,31.769,40.112,,
ge071m9bGeY,6,39.681,44.323,,
ge071m9bGeY,7,43.752,50.309,,
ge071m9bGeY,8,49.718,54.689,,
gfHrSg3BwiQ,0,0.0,4.793,,
gfHrSg3BwiQ,1,4.411,14.221,,
gfHrSg3BwiQ,2,39.073,43.555,,
ggbV7YeSl7k,0,22.53,39.454,,
ggbV7YeSl7k,1,38.853,49.272,,
ggbV7YeSl7k,2,87.343,99.507,,
gjEYmdWrBLM,0,-0.18820861678,1.44036281179,,
gjEYmdWrBLM,1,60.8530612245,68.5179138322,,
gjEYmdWrBLM,2,68.1664399093,71.2816326531,,
gjEYmdWrBLM,3,70.5310657596,73.9156462585,,
gjEYmdWrBLM,4,73.0353741497,89.4702947846,,
gjEYmdWrBLM,5,88.6498866213,95.8657596372,,
gjEYmdWrBLM,6,95.1750566893,101.502947846,,
gjEYmdWrBLM,7,100.65260771,103.94739229,,
gjEYmdWrBLM,8,103.1569161,106.202267574,,
gjEYmdWrBLM,9,105.341950113,113.196371882,,
gjEYmdWrBLM,10,112.765079365,116.728344671,,
gjEYmdWrBLM,11,2.59546485261,5.60090702948,,
gjEYmdWrBLM,12,116.396825397,127.254421769,,
gjEYmdWrBLM,13,126.613605442,131.484807256,,
gjEYmdWrBLM,14,130.834013605,133.170975057,,
gjEYmdWrBLM,15,132.580045351,135.016780045,,
gjEYmdWrBLM,16,134.016780045,164.789115646,,
gjEYmdWrBLM,17,164.14829932,168.969614512,,
gjEYmdWrBLM,18,168.368707483,175.794104308,,
gjEYmdWrBLM,19,175.043537415,182.089795918,,
gjEYmdWrBLM,20,181.758276644,186.200453515,,
gjEYmdWrBLM,21,185.200453515,188.555102041,,
gjEYmdWrBLM,22,4.96009070295,20.4471655329,,
gjEYmdWrBLM,23,19.8961451247,25.9746031746,,
gjEYmdWrBLM,24,25.3337868481,31.2825396825,,
gjEYmdWrBLM,25,30.601814059,38.1070294785,,
gjEYmdWrBLM,26,37.3065759637,39.7931972789,,
gjEYmdWrBLM,27,39.1424036281,44.4027210884,,
gjEYmdWrBLM,28,43.422675737,61.6535147392,,
gjGL6YY6oMs,0,0.0,3.675,,
gjGL6YY6oMs,1,2.885,6.279,,
gjGL6YY6oMs,2,5.629,11.208,,
gjGL6YY6oMs,3,10.597,14.66,,
gjGL6YY6oMs,4,27.639,34.445,,
gjGL6YY6oMs,5,34.144,39.963,,
gjSyl6evrWk,0,0.0,11.647,,
gjSyl6evrWk,1,10.647,17.494,,
gjSyl6evrWk,2,69.523,77.777,,
gjSyl6evrWk,3,77.326,86.637,,
gjSyl6evrWk,4,23.229,28.758,,
gjSyl6evrWk,5,36.898,46.468,,
gjSyl6evrWk,6,46.406,51.896,,
gjSyl6evrWk,7,51.734,57.363,,
gm4l099casQ,0,0.0,3.765,,
gm4l099casQ,1,3.553,10.58,,
goMtnNHQ_z4,0,5.529,10.52,,
goMtnNHQ_z4,1,67.877,75.662,,
goMtnNHQ_z4,2,75.699,81.508,,
goMtnNHQ_z4,3,10.787,15.868,,
gpn71-aKWwQ,0,0.0,4.553,,
gpn71-aKWwQ,1,3.583,11.278,,
gpn71-aKWwQ,2,10.607,18.023,,
gr8mzv2xZ2s,0,0.0,14.032,,
gr9YU-UTJzQ,0,95.285,100.086,,
gr9YU-UTJzQ,1,6.846,16.117,,
grePRQ8zonA,0,13.541,31.602,,
grePRQ8zonA,1,31.22,43.505,,
grePRQ8zonA,2,47.932,55.009,,
grePRQ8zonA,3,55.226,68.907,,
grePRQ8zonA,4,68.895,81.618,,
grsV1YN1z5s,0,24.047,31.472,,
guRD0zQC6Q0,0,0.0,5.152,,
guRD0zQC6Q0,1,63.258,74.335,,
guRD0zQC6Q0,2,73.854,83.654,,
guRD0zQC6Q0,3,83.172,94.828,,
gv43BPYYxKQ,0,21.961,29.995,,
gv43BPYYxKQ,1,29.385,37.219,,
gvjQ1XfMA_g,0,14.838,20.687,,
gvjQ1XfMA_g,1,21.752,37.399,,
gvjQ1XfMA_g,2,36.728,49.8,,
gvjQ1XfMA_g,3,49.11,60.307,,
gvrfI9e5xHQ,0,51.375,67.73,,
gzZ8NTeTzRs,0,5.389,11.308,,
gzZ8NTeTzRs,1,10.607,19.759,,
h1ZZHUU4j0k,0,-0.487528344671,10.8090702948,,
h1ZZHUU4j0k,1,49.2893424036,54.2004535147,,
h1ZZHUU4j0k,2,53.5197278912,60.2866213152,,
h1ZZHUU4j0k,3,60.0848072562,71.5909297052,,
h1ZZHUU4j0k,4,70.5909297052,77.5174603175,,
h1ZZHUU4j0k,5,76.9065759637,82.8453514739,,
h1ZZHUU4j0k,6,82.2145124717,87.0857142857,,
h1ZZHUU4j0k,7,86.6743764172,90.6675736961,,
h1ZZHUU4j0k,8,90.116553288,97.033106576,,
h1ZZHUU4j0k,9,96.5918367347,99.7968253968,,
h1ZZHUU4j0k,10,99.0761904762,102.809977324,,
h1ZZHUU4j0k,11,11.0761904762,13.5229024943,,
h1ZZHUU4j0k,12,101.809977324,110.771882086,,
h1ZZHUU4j0k,13,109.771882086,111.510204082,,
h1ZZHUU4j0k,14,110.729705215,113.266213152,,
h1ZZHUU4j0k,15,112.974603175,118.853514739,,
h1ZZHUU4j0k,16,13.2013605442,26.9623582766,,
h1ZZHUU4j0k,17,26.3015873016,35.6925170068,,
h1ZZHUU4j0k,18,35.4308390023,37.6380952381,,
h1ZZHUU4j0k,19,37.0272108844,45.7297052154,,
h1ZZHUU4j0k,20,45.4979591837,47.4058956916,,
h1ZZHUU4j0k,21,46.8149659864,50.2893424036,,
h4LrwMn94ss,0,0.0,5.351,,
h4LrwMn94ss,1,15.616,30.624,,
h4LrwMn94ss,2,29.754,44.443,,
h4LrwMn94ss,3,97.4,114.124,,
h7p5URoookk,0,-0.487528344671,1.77959183673,,
h7p5URoookk,1,1.02902494331,5.37142857143,,
h7p5URoookk,2,63.9260770975,70.2739229025,,
h7p5URoookk,3,69.2739229025,73.3968253968,,
h7p5URoookk,4,72.3968253968,75.7814058957,,
h7p5URoookk,5,76.0784580499,81.3587301587,,
h7p5URoookk,6,80.4185941043,90.1986394558,,
h7p5URoookk,7,90.3260770975,107.678911565,,
h7p5URoookk,8,108.225396825,112.996825397,,
h7p5URoookk,9,111.996825397,115.580952381,,
h7p5URoookk,10,114.580952381,116.688435374,,
h7p5URoookk,11,4.47120181406,10.6893424036,,
h7p5URoookk,12,115.688435374,124.720181406,,
h7p5URoookk,13,123.720181406,129.379591837,,
h7p5URoookk,14,128.379591837,130.297505669,,
h7p5URoookk,15,129.357369615,132.342857143,,
h7p5URoookk,16,131.342857143,133.550113379,,
h7p5URoookk,17,132.550113379,135.146485261,,
h7p5URoookk,18,134.146485261,137.800453515,,
h7p5URoookk,19,10.2879818594,21.0857142857,,
h7p5URoookk,20,136.960090703,140.7138322,,
h7p5URoookk,21,139.7138322,148.925170068,,
h7p5URoookk,22,147.985034014,149.723356009,,
h7p5URoookk,23,20.2752834467,37.40861678,,
h7p5URoookk,24,36.5482993197,39.8430839002,,
h7p5URoookk,25,38.8430839002,41.3696145125,,
h7p5URoookk,26,40.3696145125,46.547845805,,
h7p5URoookk,27,45.7972789116,55.7469387755,,
h7p5URoookk,28,55.3755102041,64.1079365079,,
hASTLbFHrEs,0,0.0,3.047,,
hASTLbFHrEs,1,2.695,8.794,,
hASTLbFHrEs,2,7.873,14.141,,
hASTLbFHrEs,3,13.461,17.215,,
hASTLbFHrEs,4,16.793,24.159,,
hASTLbFHrEs,5,23.229,30.195,,
hASTLbFHrEs,6,29.614,39.913,,
hASTLbFHrEs,7,39.362,47.107,,
hASTLbFHrEs,8,46.366,49.511,,
hBzw4r0kfjA,0,27.469,35.523,,
hBzw4r0kfjA,1,88.131,97.193,,
hCFV5VLgS0A,0,0.1410430839,2.60770975057,,
hCFV5VLgS0A,1,47.1741496599,49.1519274376,,
hCFV5VLgS0A,2,48.1519274376,52.8634920635,,
hCFV5VLgS0A,3,51.8634920635,54.4498866213,,
hCFV5VLgS0A,4,12.9020408163,19.5891156463,,
hCFV5VLgS0A,5,34.8820861678,37.6580498866,,
hCFV5VLgS0A,6,37.5759637188,41.1600907029,,
hCFV5VLgS0A,7,40.3795918367,47.0167800454,,
hCFV5VLgS0A,8,46.0467120181,48.1442176871,,
hE-sA5umuCk,0,0.0,13.343,,
hE-sA5umuCk,1,50.048,81.808,,
hF6kFQPdBjY,0,84.938,96.804,,
hF6kFQPdBjY,1,107.108,111.52,,
hF6kFQPdBjY,2,110.989,125.688,,
hF6kFQPdBjY,3,11.326,18.102,,
hF6kFQPdBjY,4,17.482,22.263,,
hF6kFQPdBjY,5,21.662,34.745,,
hF6kFQPdBjY,6,34.373,40.342,,
hF6kFQPdBjY,7,79.171,85.509,,
hGRRlXfH0BY,0,4.232,17.983,,
hGRRlXfH0BY,1,77.655,85.769,,
hGRRlXfH0BY,2,85.527,92.084,,
hGRRlXfH0BY,3,17.741,25.765,,
hGRRlXfH0BY,4,31.42,38.776,,
hGRRlXfH0BY,5,46.516,51.088,,
hGRRlXfH0BY,6,51.115,55.667,,
hGRRlXfH0BY,7,55.465,65.265,,
hGRRlXfH0BY,8,64.974,77.917,,
hI7ObFqn9Bg,0,54.318,64.298,,
hIQhkTjNaQc,0,7.634,12.605,,
hIQhkTjNaQc,1,55.894,70.493,,
hIQhkTjNaQc,2,76.627,81.289,,
hIQhkTjNaQc,3,22.839,31.422,,
hIQhkTjNaQc,4,42.644,50.629,,
hOp6I4jGvu4,0,5.05,16.776,,
hOp6I4jGvu4,1,17.332,28.259,,
hOp6I4jGvu4,2,45.917,60.905,,
hOp6I4jGvu4,3,62.09,67.49,,
hOp6I4jGvu4,4,67.548,81.917,,
hSEfYcIjIr4,0,17.102,32.729,,
hSEfYcIjIr4,1,32.857,38.785,,
hSgKOKK3L8M,0,0.0,6.898,,
hSgKOKK3L8M,1,6.407,11.258,,
hSgKOKK3L8M,2,10.777,17.464,,
hSgKOKK3L8M,3,17.641,24.937,,
hSgKOKK3L8M,4,24.446,31.582,,
hSgKOKK3L8M,5,31.151,35.443,,
hSgKOKK3L8M,6,37.257,46.109,,
hSgKOKK3L8M,7,47.364,49.8,,
hThsntvCk2s,0,2.516,8.474,,
hThsntvCk2s,1,24.117,36.58,,
hThsntvCk2s,2,40.42,45.45,,
hUBQrLjm4M4,0,0.0,14.151,,
hUBQrLjm4M4,1,22.77,33.338,,
hawztAtYHCE,0,4.122,9.143,,
hawztAtYHCE,1,77.565,87.994,,
hawztAtYHCE,2,31.39,37.638,,
hawztAtYHCE,3,60.464,78.565,,
hbJfSyJKBEA,0,46.366,55.138,,
hdLC4Ro977Q,0,0.0,13.114,,
hdLC4Ro977Q,1,50.008,57.603,,
he475nnmMi0,0,0.0,16.147,,
he475nnmMi0,1,15.815,21.674,,
he475nnmMi0,2,109.582,121.358,,
he475nnmMi0,3,121.366,127.803,,
he475nnmMi0,4,127.252,151.829,,
he475nnmMi0,5,163.48,181.741,,
he475nnmMi0,6,188.044,197.944,,
he475nnmMi0,7,197.483,204.409,,
he475nnmMi0,8,21.413,26.374,,
he475nnmMi0,9,34.483,58.002,,
he475nnmMi0,10,68.226,73.098,,
he475nnmMi0,11,91.912,102.72,,
hfK8QtTd7fo,0,36.109,43.894,,
hfVXx8hfKak,0,0.0,16.436,,
hfVXx8hfKak,1,16.793,27.711,,
hfVXx8hfKak,2,107.657,120.749,,
hfVXx8hfKak,3,129.018,135.376,,
hfVXx8hfKak,4,28.437,39.713,,
hfVXx8hfKak,5,39.142,50.11,,
hfVXx8hfKak,6,49.11,58.261,,
hfVXx8hfKak,7,58.568,71.93,,
hfVXx8hfKak,8,86.415,101.693,,
hfvmQuhqMmY,0,0.45,5.88,,
hfvmQuhqMmY,1,49.629,54.22,,
hfvmQuhqMmY,2,60.484,65.086,,
hfvmQuhqMmY,3,70.691,76.3,,
hfvmQuhqMmY,4,76.049,81.788,,
hfvmQuhqMmY,5,11.116,17.055,,
hfvmQuhqMmY,6,35.451,42.417,,
hfvmQuhqMmY,7,41.766,48.204,,
hh04W3xXa5s,0,-0.487528344671,3.32607709751,,
hh04W3xXa5s,1,2.49569160998,6.11972789116,,
hh04W3xXa5s,2,5.29931972789,17.7931972789,,
hhK7q30p0Jk,0,0.0,11.527,,
hhK7q30p0Jk,1,11.056,30.095,,
hhK7q30p0Jk,2,29.095,42.926,,
hj1ph17-0jE,0,14.728,23.6,,
hjBQmIWiWgw,0,0.0,3.566,,
hjBQmIWiWgw,1,2.566,7.846,,
hjBQmIWiWgw,2,47.334,50.349,,
hjBQmIWiWgw,3,6.846,16.057,,
hjBQmIWiWgw,4,15.057,17.215,,
hjBQmIWiWgw,5,16.215,19.908,,
hjBQmIWiWgw,6,18.908,21.854,,
hjBQmIWiWgw,7,22.989,31.362,,
hjBQmIWiWgw,8,32.029,37.259,,
hjBQmIWiWgw,9,37.207,44.622,,
hjBQmIWiWgw,10,44.73,46.897,,
hkGN5q3OOCE,0,39.871,51.277,,
hkGN5q3OOCE,1,50.696,58.551,,
hlBOP5NskhM,0,-0.447619047619,6.35918367347,,
hlBOP5NskhM,1,5.44897959184,8.59410430839,,
hlBOP5NskhM,2,39.1823129252,42.9759637188,,
hlBOP5NskhM,3,42.6045351474,50.9977324263,,
hlBOP5NskhM,4,49.9977324263,54.3700680272,,
hlBOP5NskhM,5,53.3900226757,57.4530612245,,
hlBOP5NskhM,6,7.59410430839,9.6716553288,,
hlBOP5NskhM,7,8.6716553288,12.7247165533,,
hlBOP5NskhM,8,12.0340136054,17.2344671202,,
hlBOP5NskhM,9,16.2344671202,21.1455782313,,
hlBOP5NskhM,10,29.1850340136,32.8689342404,,
hlBOP5NskhM,11,31.8689342404,38.6358276644,,
hlYDicOj2m0,0,6.84580498866,21.09569161,,
hlYDicOj2m0,1,40.429478458,45.789569161,,
hlYDicOj2m0,2,45.3183673469,51.4167800454,,
hlYDicOj2m0,3,50.4167800454,52.4544217687,,
hmjfBZGGZR8,0,0.0,5.421,,
hmjfBZGGZR8,1,4.97,15.868,,
hnSdAbnHDy4,0,7.165,11.976,,
hnSdAbnHDy4,1,11.276,15.079,,
hnSdAbnHDy4,2,27.888,42.746,,
hnSdAbnHDy4,3,42.026,52.255,,
hntnelpiyl8,0,75.649,81.01,,
hntnelpiyl8,1,83.382,90.947,,
hntnelpiyl8,2,23.987,34.036,,
hntnelpiyl8,3,33.465,39.803,,
hntnelpiyl8,4,50.028,61.853,,
hp3nsb_eIc0,0,2.137,10.42,,
hp3nsb_eIc0,1,93.968,100.505,,
hp3nsb_eIc0,2,99.805,111.919,,
hp3nsb_eIc0,3,129.337,147.648,,
hp3nsb_eIc0,4,36.698,47.665,,
hp3nsb_eIc0,5,53.6,66.293,,
hp3nsb_eIc0,6,66.949,72.489,,
hqzF4IDaIYE,0,0.0,5.491,,
hqzF4IDaIYE,1,4.9,13.393,,
hqzF4IDaIYE,2,12.463,30.943,,
hqzF4IDaIYE,3,30.273,44.662,,
hqzF4IDaIYE,4,43.662,50.509,,
hqzF4IDaIYE,5,49.509,51.896,,
hqzF4IDaIYE,6,51.335,53.861,,
hrLoOAh_8LY,0,1.837,7.746,,
hrLoOAh_8LY,1,7.285,13.942,,
huzEsVEJPaY,0,49.18,69.476,,
hvfaYsv7p8E,0,0.0,6.519,,
hvfaYsv7p8E,1,83.212,88.193,,
hvfaYsv7p8E,2,47.593,57.643,,
hvfaYsv7p8E,3,57.181,65.804,,
hyazktfsZew,0,0.0,1.74,,
hyazktfsZew,1,0.82,5.272,,
hyazktfsZew,2,53.3,56.934,,
hyazktfsZew,3,56.353,58.95,,
hyazktfsZew,4,59.526,62.951,,
hyazktfsZew,5,62.449,68.328,,
hyazktfsZew,6,71.758,75.233,,
hyazktfsZew,7,74.542,86.357,,
hyazktfsZew,8,85.357,89.929,,
hyazktfsZew,9,90.595,94.698,,
hyazktfsZew,10,94.537,99.438,,
hyazktfsZew,11,100.154,102.451,,
hyazktfsZew,12,4.272,9.173,,
hyazktfsZew,13,101.99,107.09,,
hyazktfsZew,14,108.734,118.015,,
hyazktfsZew,15,118.223,127.953,,
hyazktfsZew,16,128.15,133.331,,
hyazktfsZew,17,133.029,141.332,,
hyazktfsZew,18,141.35,152.836,,
hyazktfsZew,19,152.485,155.301,,
hyazktfsZew,20,155.169,158.044,,
hyazktfsZew,21,157.473,160.319,,
hyazktfsZew,22,160.756,166.366,,
hyazktfsZew,23,9.41,14.83,,
hyazktfsZew,24,165.805,168.96,,
hyazktfsZew,25,169.337,172.601,,
hyazktfsZew,26,172.03,179.875,,
hyazktfsZew,27,179.893,183.916,,
hyazktfsZew,28,15.117,26.523,,
hyazktfsZew,29,26.202,32.29,,
hyazktfsZew,30,32.597,38.287,,
hyazktfsZew,31,38.763,42.088,,
hyazktfsZew,32,42.066,48.483,,
hyazktfsZew,33,48.421,53.293,,
hytnfm-AVaA,0,0.0,3.027,,
hytnfm-AVaA,1,2.027,8.355,,
hytnfm-AVaA,2,7.355,10.001,,
hytnfm-AVaA,3,17.063,22.333,,
hytnfm-AVaA,4,21.333,26.523,,
hytnfm-AVaA,5,35.491,39.723,,
hytnfm-AVaA,6,38.723,41.849,,
hytnfm-AVaA,7,41.327,50.18,,
i5bmKlHv-SA,0,25.992,33.248,,
i5bmKlHv-SA,1,32.907,42.168,,
i5of7ZTkyfw,0,12.154,19.469,,
i5of7ZTkyfw,1,19.397,26.114,,
i5of7ZTkyfw,2,25.883,42.068,,
i5of7ZTkyfw,3,54.108,60.287,,
i6UngvEEuNs,0,5.998,11.438,,
i714Xt6eb1Y,0,0.0,17.095,,
i714Xt6eb1Y,1,74.293,86.976,,
i714Xt6eb1Y,2,99.036,107.01,,
i714Xt6eb1Y,3,127.282,141.073,,
i714Xt6eb1Y,4,28.856,40.801,,
iEOBNT0HFtU,0,0.0,4.833,,
iEOBNT0HFtU,1,4.361,12.206,,
iEOBNT0HFtU,2,67.099,77.647,,
iEOBNT0HFtU,3,79.521,89.371,,
iEOBNT0HFtU,4,89.089,96.893,,
iEOBNT0HFtU,5,96.602,102.291,,
iEOBNT0HFtU,6,102.249,110.373,,
iEOBNT0HFtU,7,11.665,16.815,,
iEOBNT0HFtU,8,16.334,24.997,,
iEOBNT0HFtU,9,30.193,36.461,,
iEOBNT0HFtU,10,35.98,43.994,,
iEOBNT0HFtU,11,43.832,51.347,,
iEOBNT0HFtU,12,52.921,56.854,,
iFGoQUh81as,0,76.767,88.912,,
iFj9wJaJSPE,0,13.221,22.293,,
iFj9wJaJSPE,1,75.47,90.159,,
iFj9wJaJSPE,2,89.618,97.841,,
iFj9wJaJSPE,3,101.85,109.375,,
iFj9wJaJSPE,4,116.227,123.563,,
iFj9wJaJSPE,5,123.141,137.272,,
iFj9wJaJSPE,6,21.862,30.225,,
iFj9wJaJSPE,7,29.764,37.518,,
iFj9wJaJSPE,8,44.859,49.032,,
iFj9wJaJSPE,9,48.571,57.643,,
iFj9wJaJSPE,10,56.952,66.133,,
iFj9wJaJSPE,11,65.473,75.911,,
iFxFTtCQ6zA,0,9.001,13.403,,
iFxFTtCQ6zA,1,23.438,32.969,,
iH04VOkbof0,0,3.184,12.964,,
iH04VOkbof0,1,12.702,21.136,,
iH04VOkbof0,2,20.884,33.388,,
iH04VOkbof0,3,33.435,41.15,,
iH04VOkbof0,4,40.789,45.72,,
iM3wSwoAtwk,0,5.239,8.285,,
iM3wSwoAtwk,1,16.723,28.808,,
iMG962Rj3Vw,0,3.703,12.435,,
iMG962Rj3Vw,1,11.435,18.003,,
iMG962Rj3Vw,2,17.512,24.727,,
iMG962Rj3Vw,3,23.727,35.812,,
iMss8xBhFiI,0,3.503,8.554,,
iMss8xBhFiI,1,77.815,91.635,,
iMss8xBhFiI,2,91.374,96.854,,
iMss8xBhFiI,3,96.362,102.241,,
iMss8xBhFiI,4,101.381,109.375,,
iMss8xBhFiI,5,54.986,60.486,,
iMss8xBhFiI,6,59.875,63.649,,
iMss8xBhFiI,7,63.357,73.537,,
iMss8xBhFiI,8,72.956,78.815,,
iO34hER47xA,0,6.716,13.403,,
iO34hER47xA,1,12.872,18.711,,
iO34hER47xA,2,18.22,28.489,,
iO34hER47xA,3,27.968,35.653,,
iO34hER47xA,4,34.882,51.177,,
iPPp6MCythU,0,0.0,4.444,,
iPPp6MCythU,1,3.733,11.258,,
iPPp6MCythU,2,46.057,52.544,,
iPPp6MCythU,3,51.844,59.089,,
iPPp6MCythU,4,82.913,89.6,,
iPPp6MCythU,5,12.962,22.024,,
iPPp6MCythU,6,25.693,34.765,,
iPPp6MCythU,7,34.044,42.238,,
iQDB_OkAQWs,0,16.673,25.745,,
iR1Os7FVGHs,0,6.337,21.465,,
iR1Os7FVGHs,1,52.522,66.572,,
iR1Os7FVGHs,2,70.451,79.503,,
iREkcXde5ds,0,-0.487528344671,2.35827664399,,
iREkcXde5ds,1,1.7074829932,6.96780045351,,
iREkcXde5ds,2,39.3918367347,42.2675736961,,
iREkcXde5ds,3,42.0757369615,52.3446712018,,
iREkcXde5ds,4,19.7065759637,26.9024943311,,
iREkcXde5ds,5,25.9024943311,28.1197278912,,
iREkcXde5ds,6,27.1197278912,31.7514739229,,
iREkcXde5ds,7,30.7514739229,33.3278911565,,
iREkcXde5ds,8,32.3278911565,35.7823129252,,
iREkcXde5ds,9,35.2612244898,38.7455782313,,
iS91daVpH2E,0,0.0,6.439,,
iS91daVpH2E,1,85.377,91.037,,
iS91daVpH2E,2,21.961,28.02,,
iS91daVpH2E,3,30.243,37.419,,
iS91daVpH2E,4,36.538,43.116,,
iS91daVpH2E,5,42.116,48.683,,
iS91daVpH2E,6,47.833,62.841,,
iUXqlrui25c,0,48.711,58.61,,
iUXqlrui25c,1,58.808,67.46,,
iUXqlrui25c,2,66.899,81.389,,
iUXqlrui25c,3,97.4,104.925,,
iUXqlrui25c,4,123.67,128.192,,
iUXqlrui25c,5,127.771,135.705,,
iUXqlrui25c,6,135.274,140.634,,
iUXqlrui25c,7,169.167,173.928,,
iUXqlrui25c,8,173.327,184.724,,
iUXqlrui25c,9,18.988,25.556,,
iUXqlrui25c,10,184.193,188.415,,
iUXqlrui25c,11,188.094,198.951,,
iUXqlrui25c,12,25.194,31.402,,
iUXqlrui25c,13,31.131,36.012,,
iWBx0CP9JqA,0,27.559,34.635,,
iWBx0CP9JqA,1,33.705,39.544,,
iXiMifHNKPI,0,0.0,14.93,,
iXiMifHNKPI,1,82.374,107.679,,
iXiMifHNKPI,2,118.073,126.905,,
iXiMifHNKPI,3,126.933,133.64,,
iXiMifHNKPI,4,26.222,39.424,,
iXiMifHNKPI,5,41.906,52.804,,
iXiMifHNKPI,6,60.663,69.316,,
iXiMifHNKPI,7,68.695,75.761,,
iXiMifHNKPI,8,75.979,82.566,,
iYtD_ArCdKw,0,0.111,3.755,,
iYtD_ArCdKw,1,2.755,10.879,,
iYtD_ArCdKw,2,65.732,76.121,,
iYtD_ArCdKw,3,80.139,84.98,,
iYtD_ArCdKw,4,83.98,90.438,,
iYtD_ArCdKw,5,10.498,14.7,,
iYtD_ArCdKw,6,13.7,18.651,,
iYtD_ArCdKw,7,17.651,24.847,,
iYtD_ArCdKw,8,23.847,36.541,,
iYtD_ArCdKw,9,35.541,39.504,,
iYtD_ArCdKw,10,38.504,42.507,,
iYtD_ArCdKw,11,41.507,51.776,,
iYtD_ArCdKw,12,51.115,66.273,,
icIS9VfbzMw,0,1.019,9.293,,
icIS9VfbzMw,1,38.534,45.63,,
icIS9VfbzMw,2,44.63,52.923,,
icIS9VfbzMw,3,51.923,56.665,,
icIS9VfbzMw,4,55.665,64.447,,
icIS9VfbzMw,5,63.447,69.695,,
icIS9VfbzMw,6,68.695,75.572,,
icIS9VfbzMw,7,74.572,80.96,,
icIS9VfbzMw,8,82.723,86.298,,
icIS9VfbzMw,9,85.298,88.672,,
icIS9VfbzMw,10,93.708,99.956,,
icIS9VfbzMw,11,103.097,108.936,,
icIS9VfbzMw,12,116.467,120.42,,
icIS9VfbzMw,13,11.535,16.865,,
icIS9VfbzMw,14,20.405,24.777,,
icbUzboLcDQ,0,-0.487528344671,9.27256235828,,
iceSGs0MXaA,0,2.2462585034,8.43446712018,,
iceSGs0MXaA,1,7.81360544218,15.0993197279,,
iceSGs0MXaA,2,26.1519274376,28.4888888889,,
iceSGs0MXaA,3,27.8680272109,31.1428571429,,
iceSGs0MXaA,4,44.9990929705,49.9600907029,,
icehEYAiimM,0,0.0,33.288,,
icehEYAiimM,1,47.493,57.124,,
icehEYAiimM,2,56.493,73.956,,
icehEYAiimM,3,89.867,108.627,,
ieWQdiQAh4M,0,22.62,28.808,,
ieWQdiQAh4M,1,28.307,36.69,,
iex7I7iVnLk,0,14.568,18.382,,
iex7I7iVnLk,1,17.771,22.652,,
ihPjsliqz5o,0,3.094,15.518,,
ihPjsliqz5o,1,25.683,29.676,,
ihPjsliqz5o,2,32.857,37.558,,
ihPjsliqz5o,3,39.901,51.247,,
ihuGFUrzD30,0,74.542,81.598,,
io85pRFj_dw,0,2.805,9.083,,
io85pRFj_dw,1,47.005,59.957,,
ioupaiAuRr0,0,0.0,6.22,,
ioupaiAuRr0,1,25.444,32.939,,
ioupaiAuRr0,2,31.939,41.779,,
ip8xwAr4MRE,0,0.0,4.972,,
ip8xwAr4MRE,1,5.21,12.884,,
ip8xwAr4MRE,2,26.012,34.475,,
ipLoS44xfO4,0,-0.487528344671,1.42040816326,,
ipLoS44xfO4,1,0.420408163265,3.94467120181,,
ipLoS44xfO4,2,39.3419501134,46.4580498866,,
ipLoS44xfO4,3,2.94467120181,8.49433106576,,
ipLoS44xfO4,4,7.49433106576,14.1015873016,,
ipLoS44xfO4,5,13.1015873016,22.1931972789,,
ipLoS44xfO4,6,21.3428571429,23.7696145125,,
ipLoS44xfO4,7,22.7696145125,25.7451247166,,
ipLoS44xfO4,8,29.2448979592,33.4176870748,,
ipLoS44xfO4,9,33.0761904762,40.2920634921,,
ixQbCXLUUj8,0,-0.487528344671,9.84126984127,,
ixQbCXLUUj8,1,9.31020408163,16.4063492063,,
ixQbCXLUUj8,2,36.4684807256,45.5201814059,,
ixZAEncExWI,0,12.902,27.322,,
ixZAEncExWI,1,26.561,34.086,,
ixZAEncExWI,2,33.465,40.961,,
ixZAEncExWI,3,60.434,72.299,,
izFBeXMTgds,0,9.669,24.129,,
izFBeXMTgds,1,128.449,142.929,,
izFBeXMTgds,2,145.82,150.901,,
izFBeXMTgds,3,150.449,156.578,,
izFBeXMTgds,4,24.576,37.359,,
izFBeXMTgds,5,45.458,63.429,,
izFBeXMTgds,6,71.928,83.185,,
j0br-fFy160,0,0.0,4.124,,
j0br-fFy160,1,3.434,8.644,,
j0br-fFy160,2,9.999,21.475,,
j0br-fFy160,3,21.233,26.843,,
j0br-fFy160,4,26.292,30.195,,
j1m6ctAgjsM,0,0.0,2.199,,
j1m6ctAgjsM,1,1.199,7.038,,
j1m6ctAgjsM,2,53.799,56.785,,
j1m6ctAgjsM,3,56.144,69.206,,
j1m6ctAgjsM,4,68.206,72.529,,
j1m6ctAgjsM,5,71.868,75.023,,
j1m6ctAgjsM,6,74.023,76.6,,
j1m6ctAgjsM,7,75.6,78.206,,
j1m6ctAgjsM,8,77.206,79.712,,
j1m6ctAgjsM,9,79.191,85.07,,
j1m6ctAgjsM,10,84.26,87.455,,
j1m6ctAgjsM,11,86.455,89.301,,
j1m6ctAgjsM,12,6.537,13.932,,
j1m6ctAgjsM,13,88.301,90.747,,
j1m6ctAgjsM,14,90.047,93.591,,
j1m6ctAgjsM,15,92.591,100.086,,
j1m6ctAgjsM,16,99.605,103.139,,
j1m6ctAgjsM,17,102.498,108.317,,
j1m6ctAgjsM,18,107.317,112.458,,
j1m6ctAgjsM,19,111.458,114.952,,
j1m6ctAgjsM,20,113.952,119.971,,
j1m6ctAgjsM,21,118.971,129.629,,
j1m6ctAgjsM,22,128.629,132.612,,
j1m6ctAgjsM,23,13.211,16.636,,
j1m6ctAgjsM,24,131.612,138.818,,
j1m6ctAgjsM,25,138.227,141.312,,
j1m6ctAgjsM,26,140.312,145.283,,
j1m6ctAgjsM,27,144.533,148.446,,
j1m6ctAgjsM,28,147.746,155.031,,
j1m6ctAgjsM,29,154.031,158.384,,
j1m6ctAgjsM,30,157.384,160.659,,
j1m6ctAgjsM,31,159.659,163.243,,
j1m6ctAgjsM,32,162.602,169.129,,
j1m6ctAgjsM,33,168.129,174.946,,
j1m6ctAgjsM,34,15.636,18.931,,
j1m6ctAgjsM,35,173.946,176.343,,
j1m6ctAgjsM,36,175.343,181.322,,
j1m6ctAgjsM,37,180.322,184.155,,
j1m6ctAgjsM,38,183.474,188.156,,
j1m6ctAgjsM,39,187.645,190.94,,
j1m6ctAgjsM,40,189.94,197.724,,
j1m6ctAgjsM,41,196.724,203.032,,
j1m6ctAgjsM,42,202.032,204.838,,
j1m6ctAgjsM,43,204.227,208.61,,
j1m6ctAgjsM,44,207.839,213.488,,
j1m6ctAgjsM,45,18.958,39.514,,
j1m6ctAgjsM,46,212.768,216.961,,
j1m6ctAgjsM,47,216.26,223.925,,
j1m6ctAgjsM,48,38.923,44.213,,
j1m6ctAgjsM,49,43.602,46.648,,
j1m6ctAgjsM,50,46.017,52.634,,
j1m6ctAgjsM,51,51.854,54.799,,
j4MpQ6CKoDE,0,32.727,53.392,,
j6R1NTrosuM,0,0.0,7.417,,
j6R1NTrosuM,1,6.417,16.466,,
j6R1NTrosuM,2,15.466,23.281,,
j6R1NTrosuM,3,22.281,34.725,,
j7fRIGphgtk,0,0.0,9.362,,
j7fRIGphgtk,1,9.49,13.802,,
j7fRIGphgtk,2,42.565,52.165,,
j7fRIGphgtk,3,51.724,55.887,,
j9mRv472dq0,0,9.51088435374,13.2324263039,,
j9mRv472dq0,1,13.7811791383,14.679138322,,
jD3iIEsc_K4,0,3.533,12.266,,
jE3gYsxr_5s,0,0.0,11.468,,
jE3gYsxr_5s,1,84.679,89.071,,
jE3gYsxr_5s,2,47.404,64.527,,
jEQoBvc7V1o,0,3.643,14.73,,
jEQoBvc7V1o,1,59.706,65.295,,
jEQoBvc7V1o,2,14.508,19.42,,
jEQoBvc7V1o,3,24.047,28.758,,
jEQoBvc7V1o,4,28.078,35.244,,
jFNgOznarMo,0,40.998,55.996,,
jFNgOznarMo,1,69.034,73.207,,
jFNgOznarMo,2,72.966,86.597,,
jFNgOznarMo,3,33.076,41.709,,
jFpRdhl3fgw,0,0.350566893424,11.9065759637,,
jFpRdhl3fgw,1,10.9065759637,17.4639455782,,
jFpRdhl3fgw,2,16.4639455782,24.0290249433,,
jFpRdhl3fgw,3,25.5233560091,37.0594104308,,
jICmfLeFymA,0,71.06,78.745,,
jICmfLeFymA,1,77.904,88.393,,
jICmfLeFymA,2,88.151,94.678,,
jICmfLeFymA,3,94.756,107.29,,
jICmfLeFymA,4,106.619,112.847,,
jICmfLeFymA,5,112.326,120.141,,
jICmfLeFymA,6,119.6,132.542,,
jICmfLeFymA,7,8.791,18.063,,
jICmfLeFymA,8,24.166,35.273,,
jICmfLeFymA,9,39.761,46.658,,
jICmfLeFymA,10,45.658,56.455,,
jICmfLeFymA,11,64.435,72.06,,
jLN6B0aSrW0,0,0.0,12.286,,
jLN6B0aSrW0,1,11.705,13.792,,
jLN6B0aSrW0,2,12.792,18.442,,
jLN6B0aSrW0,3,17.691,30.175,,
jLN6B0aSrW0,4,40.968,45.341,,
jNdvceZ4etc,0,0.0,4.374,,
jNdvceZ4etc,1,3.633,11.258,,
jNdvceZ4etc,2,10.428,13.962,,
jNdvceZ4etc,3,12.962,16.626,,
jNdvceZ4etc,4,15.885,25.725,,
jNdvceZ4etc,5,25.434,30.754,,
jNdvceZ4etc,6,30.033,33.108,,
jNdvceZ4etc,7,32.108,36.102,,
jNdvceZ4etc,8,36.049,48.424,,
jPGDFrQLD4I,0,43.333,60.805,,
jPf0LjZAS14,0,0.0,8.684,,
jPf0LjZAS14,1,8.672,17.444,,
jPf0LjZAS14,2,17.402,22.532,,
jPf0LjZAS14,3,21.812,26.663,,
jPf0LjZAS14,4,27.05,38.017,,
jPf0LjZAS14,5,38.195,43.056,,
jPf0LjZAS14,6,43.253,48.603,,
jPf0LjZAS14,7,48.361,55.019,,
jPrEKz1rAno,0,0.0,8.804,,
jPrEKz1rAno,1,78.533,82.366,,
jPrEKz1rAno,2,14.249,21.834,,
jPrEKz1rAno,3,20.834,27.481,,
jPrEKz1rAno,4,32.288,36.96,,
jPrEKz1rAno,5,36.419,44.203,,
jPrEKz1rAno,6,43.852,55.168,,
jPtaz1rN6lc,0,0.0124716553288,3.5843537415,,
jPtaz1rN6lc,1,56.9929705215,66.9603174603,,
jPtaz1rN6lc,2,84.7498866213,89.7884353741,,
jPtaz1rN6lc,3,89.9979591837,98.9975056689,,
jQ3EmbRIe58,0,89.548,94.688,,
jQ3EmbRIe58,1,113.593,118.265,,
jQ3EmbRIe58,2,11.805,20.028,,
jQ3EmbRIe58,3,19.367,35.323,,
jQ3EmbRIe58,4,34.732,40.911,,
jQ3EmbRIe58,5,40.569,51.596,,
jQ3EmbRIe58,6,73.065,89.81,,
jT3FSTBA8Us,0,-0.487528344671,5.21179138322,,
jT3FSTBA8Us,1,4.21179138322,11.2081632653,,
jT3FSTBA8Us,2,10.4975056689,20.3873015873,,
jT3FSTBA8Us,3,19.6866213152,29.6761904762,,
jT3FSTBA8Us,4,30.3823129252,34.3555555556,,
jT3FSTBA8Us,5,33.5351473923,37.6879818594,,
jT3FSTBA8Us,6,51.2648526077,57.7922902494,,
jUKH63mltLE,0,58.349,66.014,,
jV6qzF2YROc,0,0.0,5.691,,
jV6qzF2YROc,1,5.259,17.773,,
jV6qzF2YROc,2,94.756,99.228,,
jV6qzF2YROc,3,99.166,112.209,,
jV6qzF2YROc,4,112.516,118.714,,
jV6qzF2YROc,5,18.489,29.187,,
jV6qzF2YROc,6,29.175,36.251,,
jVayR0VClxQ,0,0.0,9.103,,
jVayR0VClxQ,1,93.708,108.746,,
jVayR0VClxQ,2,109.473,117.776,,
jVayR0VClxQ,3,118.642,128.661,,
jVayR0VClxQ,4,18.619,33.228,,
jVayR0VClxQ,5,37.047,62.392,,
jVayR0VClxQ,6,62.749,71.312,,
jVayR0VClxQ,7,80.937,93.611,,
jXQmVFcOiUI,0,0.0,6.918,,
jXQmVFcOiUI,1,13.141,20.776,,
jXQmVFcOiUI,2,30.901,35.772,,
jXp595jj734,0,0.0,5.431,,
jXp595jj734,1,4.87,25.955,,
jYT3-RQFy1U,0,6.477,18.821,,
jYT3-RQFy1U,1,107.098,116.609,,
jYT3-RQFy1U,2,116.397,130.387,,
jYT3-RQFy1U,3,19.158,26.174,,
jYT3-RQFy1U,4,26.322,42.347,,
jYT3-RQFy1U,5,42.585,54.49,,
jYT3-RQFy1U,6,54.068,81.578,,
jYT3-RQFy1U,7,86.754,97.632,,
jZTe5cbwwEE,0,74.083,87.964,,
jZe-2w7pkd8,0,86.295,94.758,,
jZe-2w7pkd8,1,96.063,103.967,,
jZe-2w7pkd8,2,128.19,139.985,,
jZe-2w7pkd8,3,17.322,26.543,,
jZnFr-Mzj9M,0,5.08,14.341,,
jZnFr-Mzj9M,1,13.341,28.319,,
jZnFr-Mzj9M,2,27.559,37.159,,
jakiZQd4boM,0,0.0,13.932,,
jakiZQd4boM,1,29.095,43.185,,
jakiZQd4boM,2,42.664,49.98,,
jakiZQd4boM,3,56.473,63.09,,
jbJF3aphcP0,0,0.0124716553288,2.18752834467,,
jbKDW9URnvM,0,0.0,5.042,,
jbKDW9URnvM,1,58.618,65.864,,
jbKDW9URnvM,2,74.841,81.528,,
jbKDW9URnvM,3,27.778,34.176,,
jcQi90n008o,0,1.278,6.22,,
jcQi90n008o,1,5.738,10.669,,
jcQi90n008o,2,87.812,92.234,,
jcQi90n008o,3,91.234,96.784,,
jcQi90n008o,4,96.243,102.92,,
jcQi90n008o,5,101.92,107.789,,
jcQi90n008o,6,106.789,113.775,,
jcQi90n008o,7,112.985,130.806,,
jcQi90n008o,8,130.205,134.668,,
jcQi90n008o,9,133.668,140.474,,
jcQi90n008o,10,139.474,143.368,,
jcQi90n008o,11,142.827,149.264,,
jcQi90n008o,12,9.789,16.207,,
jcQi90n008o,13,148.574,152.826,,
jcQi90n008o,14,151.826,154.632,,
jcQi90n008o,15,153.991,157.715,,
jcQi90n008o,16,156.715,160.239,,
jcQi90n008o,17,159.569,165.328,,
jcQi90n008o,18,164.328,172.152,,
jcQi90n008o,19,15.207,26.054,,
jcQi90n008o,20,25.254,32.819,,
jcQi90n008o,21,32.527,44.602,,
jcQi90n008o,22,44.101,66.044,,
jcQi90n008o,23,65.183,69.196,,
jcQi90n008o,24,68.196,81.139,,
jcQi90n008o,25,80.139,87.096,,
jfSGWBfVNBI,0,0.57006802721,9.14285714286,,
jfSGWBfVNBI,1,21.9315192744,25.4557823129,,
jgNu58Da9cs,0,0.0,12.106,,
jgNu58Da9cs,1,11.106,16.666,,
jgNu58Da9cs,2,15.666,25.526,,
jgNu58Da9cs,3,25.853,37.309,,
jgNu58Da9cs,4,41.238,51.137,,
jgNu58Da9cs,5,50.137,57.483,,
jhb6SV2dQzg,0,0.0,11.677,,
jj8aSNPHMw8,0,0.0,15.728,,
jj8aSNPHMw8,1,15.456,33.168,,
jj8aSNPHMw8,2,114.731,126.307,,
jj8aSNPHMw8,3,126.195,137.222,,
jj8aSNPHMw8,4,136.97,150.003,,
jj8aSNPHMw8,5,167.88,177.43,,
jj8aSNPHMw8,6,177.298,186.28,,
jj8aSNPHMw8,7,38.075,51.626,,
jj8aSNPHMw8,8,51.644,56.964,,
jj8aSNPHMw8,9,56.792,69.885,,
jj8aSNPHMw8,10,75.42,84.931,,
jj8aSNPHMw8,11,84.729,94.389,,
jjb1cWmkhI8,0,0.0,5.341,,
jjb1cWmkhI8,1,4.481,17.354,,
jjb1cWmkhI8,2,16.683,26.483,,
jjb1cWmkhI8,3,25.683,29.307,,
jjb1cWmkhI8,4,28.786,34.785,,
jjb1cWmkhI8,5,33.884,38.945,,
jjbOD6u7V34,0,77.755,112.508,,
jjbOD6u7V34,1,10.757,22.143,,
jjbOD6u7V34,2,37.107,47.446,,
jjbOD6u7V34,3,46.625,57.782,,
jjbOD6u7V34,4,57.94,66.183,,
jlCFLG6rKKY,0,8.87120181406,13.5029478458,,
jlCFLG6rKKY,1,12.9918367347,15.7977324263,,
jlCFLG6rKKY,2,14.8575963719,19.3197278912,,
jlCFLG6rKKY,3,22.4004535147,31.5818594104,,
jlCFLG6rKKY,4,30.7614512472,37.1990929705,,
jlCFLG6rKKY,5,36.4984126984,48.1442176871,,
jlW4Iep4mmE,0,4.052,10.689,,
jnG9zog4NCs,0,-0.487528344671,4.48344671202,,
jnG9zog4NCs,1,3.90249433107,8.33469387755,,
jnG9zog4NCs,2,8.2126984127,15.747845805,,
jnG9zog4NCs,3,24.7151927438,34.5850340136,,
jnG9zog4NCs,4,33.6349206349,39.9428571429,,
jnG9zog4NCs,5,39.59138322,45.7995464853,,
jnG9zog4NCs,6,49.4888888889,53.79138322,,
jqKzaEniiKo,0,0.0,6.419,,
jqKzaEniiKo,1,5.878,12.276,,
jqKzaEniiKo,2,68.316,73.187,,
jqKzaEniiKo,3,88.38,107.779,,
jqKzaEniiKo,4,11.585,15.698,,
jqKzaEniiKo,5,17.212,23.45,,
jqKzaEniiKo,6,22.45,36.541,,
jqKzaEniiKo,7,40.759,50.998,,
jqKzaEniiKo,8,50.247,60.925,,
jqutn5ou8_0,0,8.572,33.917,,
jqutn5ou8_0,1,33.196,37.628,,
jqutn5ou8_0,2,43.483,50.479,,
jqutn5ou8_0,3,50.207,62.462,,
jqutn5ou8_0,4,61.721,68.807,,
jqutn5ou8_0,5,68.176,76.041,,
jrDqduyQrfo,0,3.394,16.247,,
jrDqduyQrfo,1,90.855,100.166,,
jrDqduyQrfo,2,23.638,33.787,,
jrDqduyQrfo,3,42.974,48.763,,
jscKL5jS-SQ,0,0.0,5.322,,
jscKL5jS-SQ,1,6.377,17.145,,
jscKL5jS-SQ,2,80.02,85.639,,
jscKL5jS-SQ,3,103.057,111.131,,
jscKL5jS-SQ,4,114.252,119.442,,
jscKL5jS-SQ,5,122.403,130.118,,
jscKL5jS-SQ,6,134.955,140.774,,
jscKL5jS-SQ,7,160.746,170.137,,
jscKL5jS-SQ,8,192.993,197.904,,
jscKL5jS-SQ,9,212.658,223.456,,
jscKL5jS-SQ,10,39.492,44.882,,
jscKL5jS-SQ,11,43.882,50.19,,
jscKL5jS-SQ,12,51.045,57.782,,
juI9KoLA87A,0,0.0,11.078,,
juI9KoLA87A,1,10.737,17.045,,
juI9KoLA87A,2,49.429,55.986,,
juI9KoLA87A,3,55.725,64.437,,
juI9KoLA87A,4,64.046,71.411,,
juI9KoLA87A,5,72.297,75.971,,
juI9KoLA87A,6,75.629,80.81,,
juI9KoLA87A,7,82.783,98.31,,
juI9KoLA87A,8,98.019,103.997,,
juI9KoLA87A,9,16.045,19.699,,
juI9KoLA87A,10,19.258,23.68,,
juI9KoLA87A,11,23.428,27.89,,
juI9KoLA87A,12,26.89,35.313,,
juI9KoLA87A,13,36.858,43.954,,
jzNIU-w0MVo,0,71.15,79.333,,
jzNIU-w0MVo,1,78.333,85.19,,
jzNIU-w0MVo,2,84.41,91.885,,
jzNIU-w0MVo,3,90.885,95.876,,
jzNIU-w0MVo,4,94.876,105.414,,
jzNIU-w0MVo,5,104.414,113.785,,
jzNIU-w0MVo,6,117.035,122.116,,
jzNIU-w0MVo,7,13.461,20.946,,
jzNIU-w0MVo,8,31.829,43.814,,
jzNIU-w0MVo,9,43.183,51.457,,
jzNIU-w0MVo,10,50.457,63.938,,
k0cGUNUHuyY,0,0.0,4.074,,
k1BrzX5bc7U,0,17.182,22.273,,
k1BrzX5bc7U,1,31.111,38.137,,
k1BrzX5bc7U,2,37.137,44.363,,
k1ca_xbhohk,0,79.4319727891,86.026984127,,
k1ca_xbhohk,1,87.0047619048,93.1907029478,,
k1ca_xbhohk,2,93.6496598639,98.1095238095,,
k1ca_xbhohk,3,16.6945578231,25.6342403628,,
k1ca_xbhohk,4,51.6850340136,64.0868480726,,
k1ca_xbhohk,5,66.4614512472,75.8102040816,,
k4T6GaDrcjs,0,0.0,1.989,,
k4T6GaDrcjs,1,1.498,8.514,,
k4T6GaDrcjs,2,51.255,57.573,,
k4T6GaDrcjs,3,8.043,12.785,,
k4T6GaDrcjs,4,12.084,19.31,,
k4T6GaDrcjs,5,18.569,24.059,,
k4T6GaDrcjs,6,26.142,30.045,,
k4T6GaDrcjs,7,29.494,32.35,,
k4T6GaDrcjs,8,32.478,38.855,,
k4T6GaDrcjs,9,37.875,43.814,,
k4T6GaDrcjs,10,43.093,48.084,,
k5-3KuvCFms,0,0.0,6.16,,
k5-3KuvCFms,1,36.02,40.99,,
k5ZOshC2LP4,0,0.0,8.015,,
k5ZOshC2LP4,1,8.911,19.15,,
k5ZOshC2LP4,2,19.607,25.107,,
k5ZOshC2LP4,3,24.107,35.303,,
k5ZOshC2LP4,4,37.736,45.361,,
k8NgVOCDYKM,0,64.825170068,83.3530612245,,
k8NgVOCDYKM,1,84.9095238095,91.374829932,,
k8NgVOCDYKM,2,101.232426304,110.042403628,,
k8NgVOCDYKM,3,111.908163265,117.914512472,,
k8NgVOCDYKM,4,120.71814059,129.019274376,,
k8NgVOCDYKM,5,133.858276644,141.490929705,,
k8NgVOCDYKM,6,10.0197278912,13.9507936508,,
k8NgVOCDYKM,7,142.837868481,163.560770975,,
k8NgVOCDYKM,8,164.588435374,173.408390023,,
k8NgVOCDYKM,9,174.875056689,186.388888889,,
k8NgVOCDYKM,10,24.806122449,37.9761904762,,
k8NgVOCDYKM,11,53.9698412698,63.5780045351,,
k8yDywC4gt8,0,12.772,21.295,,
k8yDywC4gt8,1,20.295,26.254,,
k8yDywC4gt8,2,25.364,30.674,,
k8yDywC4gt8,3,29.854,36.082,,
kCQqLNiO0mk,0,0.0,7.846,,
kCQqLNiO0mk,1,8.462,19.859,,
kCQqLNiO0mk,2,65.443,78.665,,
kCQqLNiO0mk,3,78.263,83.155,,
kCQqLNiO0mk,4,82.155,86.587,,
kCQqLNiO0mk,5,86.146,90.678,,
kCQqLNiO0mk,6,89.707,100.984,,
kCQqLNiO0mk,7,100.762,107.499,,
kCQqLNiO0mk,8,106.888,117.497,,
kCQqLNiO0mk,9,18.859,23.181,,
kCQqLNiO0mk,10,22.39,31.881,,
kCQqLNiO0mk,11,34.483,39.973,,
kCQqLNiO0mk,12,39.661,47.635,,
kCQqLNiO0mk,13,47.304,56.425,,
kCQqLNiO0mk,14,55.425,60.546,,
kDyK9VGfLW8,0,6.676,18.462,,
kDyK9VGfLW8,1,56.862,67.161,,
kI6jzM_aLGs,0,3.27505668934,10.089569161,,
kI6jzM_aLGs,1,10.089569161,17.9816326531,,
kKMfsWrigTE,0,0.0,5.242,,
kKMfsWrigTE,1,4.242,11.677,,
kKMfsWrigTE,2,10.677,14.181,,
kKkZihSbxF4,0,0.7,8.055,,
kKkZihSbxF4,1,8.781,14.75,,
kKkZihSbxF4,2,16.594,25.226,,
kKkZihSbxF4,3,40.33,51.606,,
kLAXmTx2xOA,0,0.75963718821,6.4589569161,,
kLAXmTx2xOA,1,34.662585034,40.5315192744,,
kM6wo2bb3nw,0,0.0,8.594,,
kM6wo2bb3nw,1,11.326,16.346,,
kM6wo2bb3nw,2,29.544,42.836,,
kPch8YhNfPE,0,83.053,86.876,,
kPch8YhNfPE,1,5.748,12.665,,
kPch8YhNfPE,2,14.409,36.7,,
kPch8YhNfPE,3,42.954,51.846,,
kPn-t6NSxfQ,0,0.0,8.834,,
kPn-t6NSxfQ,1,8.692,14.571,,
kPn-t6NSxfQ,2,71.958,76.709,,
kPn-t6NSxfQ,3,79.96,86.098,,
kPn-t6NSxfQ,4,86.146,109.654,,
kPn-t6NSxfQ,5,109.413,117.786,,
kPn-t6NSxfQ,6,117.784,122.984,,
kPn-t6NSxfQ,7,14.578,20.058,,
kPn-t6NSxfQ,8,23.727,41.28,,
kPn-t6NSxfQ,9,47.284,51.327,,
kRs39SO-neY,0,3.094,7.766,,
kRs39SO-neY,1,74.482,91.007,,
kRs39SO-neY,2,118.612,123.333,,
kRs39SO-neY,3,21.203,33.757,,
kRsA87VU6EQ,0,0.0,9.352,,
kSooCdVTI6E,0,0.0,17.105,,
kSooCdVTI6E,1,16.254,22.303,,
kSooCdVTI6E,2,21.303,27.002,,
kSooCdVTI6E,3,26.052,35.164,,
kSooCdVTI6E,4,35.042,40.162,,
kSooCdVTI6E,5,39.372,52.774,,
kU6YY2z7z0I,0,0.0,2.777,,
kU6YY2z7z0I,1,48.601,53.103,,
kU6YY2z7z0I,2,52.372,56.705,,
kU6YY2z7z0I,3,11.834,18.372,,
kU6YY2z7z0I,4,17.561,20.078,,
kU6YY2z7z0I,5,19.078,22.143,,
kU6YY2z7z0I,6,21.423,27.571,,
kU6YY2z7z0I,7,26.87,30.844,,
kU6YY2z7z0I,8,30.163,42.018,,
kU6YY2z7z0I,9,41.307,47.137,,
kU6YY2z7z0I,10,46.595,49.601,,
kXhJ3hHK9hQ,0,-0.487528344671,5.32154195011,,
kXhJ3hHK9hQ,1,48.8204081633,55.0984126984,,
kXhJ3hHK9hQ,2,5.96780045351,10.4099773243,,
kXhJ3hHK9hQ,3,9.40997732426,20.1278911565,,
kXhJ3hHK9hQ,4,27.3591836735,32.2303854875,,
kXhJ3hHK9hQ,5,31.2303854875,38.2666666667,,
kXiBdruxTvE,0,9.919,25.346,,
kXiBdruxTvE,1,24.346,39.145,,
kXiBdruxTvE,2,38.414,63.17,,
kXiBdruxTvE,3,62.17,72.1,,
kXiBdruxTvE,4,71.1,81.359,,
kY64gXOapYk,0,-0.487528344671,9.68163265306,,
kY64gXOapYk,1,18.9782312925,24.9868480726,,
kY64gXOapYk,2,23.9868480726,30.2448979592,,
kY64gXOapYk,3,48.4412698413,53.1528344671,,
kY64gXOapYk,4,52.5319727891,56.4752834467,,
kZfcQ4a0kx4,0,0.0,6.1,,
kZfcQ4a0kx4,1,5.908,18.023,,
kZfcQ4a0kx4,2,86.694,112.249,,
kZfcQ4a0kx4,3,118.971,126.526,,
kZfcQ4a0kx4,4,125.985,133.351,,
kZfcQ4a0kx4,5,146.089,162.794,,
kZfcQ4a0kx4,6,161.794,168.95,,
kZfcQ4a0kx4,7,190.888,196.786,,
kZfcQ4a0kx4,8,196.914,212.91,,
kZfcQ4a0kx4,9,212.159,219.654,,
kZfcQ4a0kx4,10,28.756,40.172,,
kZfcQ4a0kx4,11,41.986,49.381,,
kZfcQ4a0kx4,12,61.661,72.19,,
kZfcQ4a0kx4,13,71.798,84.282,,
kaudsLIvYC8,0,0.0,12.096,,
kaudsLIvYC8,1,11.096,19.25,,
kaudsLIvYC8,2,18.25,28.03,,
kaudsLIvYC8,3,27.03,48.054,,
kbGhEJ4W44o,0,0.0,15.389,,
kbRtSmJM5aU,0,100.443,105.234,,
kbRtSmJM5aU,1,80.099,95.636,,
kcIGTPHEsNo,0,13.571,18.013,,
kcIGTPHEsNo,1,61.222,69.007,,
kcIGTPHEsNo,2,85.158,97.023,,
kcIGTPHEsNo,3,96.821,113.426,,
kcIGTPHEsNo,4,116.147,126.386,,
kcIGTPHEsNo,5,125.865,137.421,,
kcIGTPHEsNo,6,140.642,153.515,,
kcIGTPHEsNo,7,153.004,162.155,,
kcIGTPHEsNo,8,177.069,183.477,,
kcIGTPHEsNo,9,183.035,197.395,,
kcIGTPHEsNo,10,29.165,40.941,,
kcIGTPHEsNo,11,40.519,55.787,,
kddCewAsxfA,0,0.0124716553288,8.22380952381,,
kddCewAsxfA,1,8.22380952381,14.3199546485,,
kddCewAsxfA,2,26.0732426304,29.5952380952,,
kddCewAsxfA,3,30.6827664399,44.5712018141,,
kf3fZcx8nIo,0,11.5362811791,27.2505668934,,
kf3fZcx8nIo,1,27.8492063492,45.1,,
kfsO4c0Ekes,0,0.0,3.955,,
kfsO4c0Ekes,1,22.76,30.814,,
kfsO4c0Ekes,2,47.214,53.582,,
kfsO4c0Ekes,3,56.084,69.855,,
kg-W6-hP2Do,0,46.9557823129,55.6260770975,,
kg-W6-hP2Do,1,64.406122449,69.7340136054,,
kg-W6-hP2Do,2,70.8215419501,76.7380952381,,
kg-W6-hP2Do,3,98.1195011338,105.722222222,,
kg-W6-hP2Do,4,105.88185941,110.241950113,,
kg-W6-hP2Do,5,10.6283446712,14.2201814059,,
kg-W6-hP2Do,6,14.9585034014,18.0215419501,,
kg-W6-hP2Do,7,34.0151927438,41.837414966,,
kh6eynD9OIk,0,0.191,4.593,,
kh6eynD9OIk,1,4.182,9.961,,
kh6eynD9OIk,2,41.687,43.984,,
kh6eynD9OIk,3,42.984,44.802,,
kh6eynD9OIk,4,44.341,52.554,,
kh6eynD9OIk,5,51.953,58.211,,
kh6eynD9OIk,6,57.66,69.775,,
kh6eynD9OIk,7,8.961,13.543,,
kh6eynD9OIk,8,12.673,16.137,,
kh6eynD9OIk,9,15.366,22.842,,
kh6eynD9OIk,10,22.101,26.264,,
kh6eynD9OIk,11,25.643,29.347,,
kh6eynD9OIk,12,28.347,31.133,,
kh6eynD9OIk,13,30.133,36.531,,
kh6eynD9OIk,14,35.531,42.687,,
khw3YCTFLfs,0,0.160997732426,22.4725623583,,
kiR5zVo2zvU,0,2.526,14.211,,
kiR5zVo2zvU,1,13.211,29.736,,
kiR5zVo2zvU,2,93.659,101.034,,
kiR5zVo2zvU,3,100.174,110.483,,
kiR5zVo2zvU,4,109.712,118.464,,
kiR5zVo2zvU,5,117.564,126.526,,
kiR5zVo2zvU,6,125.736,130.258,,
kiR5zVo2zvU,7,129.577,133.63,,
kiR5zVo2zvU,8,132.73,146.211,,
kiR5zVo2zvU,9,145.96,160.768,,
kiR5zVo2zvU,10,160.387,164.19,,
kiR5zVo2zvU,11,163.19,165.398,,
kiR5zVo2zvU,12,28.966,46.049,,
kiR5zVo2zvU,13,164.398,174.527,,
kiR5zVo2zvU,14,173.527,183.367,,
kiR5zVo2zvU,15,182.367,187.557,,
kiR5zVo2zvU,16,186.717,203.351,,
kiR5zVo2zvU,17,202.88,212.381,,
kiR5zVo2zvU,18,211.81,214.626,,
kiR5zVo2zvU,19,45.498,64.627,,
kiR5zVo2zvU,20,63.976,67.221,,
kiR5zVo2zvU,21,66.221,72.898,,
kiR5zVo2zvU,22,71.898,74.983,,
kiR5zVo2zvU,23,74.113,86.587,,
kiR5zVo2zvU,24,85.587,92.344,,
kiR5zVo2zvU,25,92.182,94.539,,
kj63uF0RhW8,0,7.554,15.149,,
kj63uF0RhW8,1,59.317,66.632,,
kjQAkrdbREk,0,2.316,11.019,,
kjQAkrdbREk,1,10.019,19.2,,
kjQAkrdbREk,2,18.489,24.737,,
kk4gr5A6_Uw,0,9.25,21.535,,
kkaX3okuvjI,0,-0.118367346939,3.64535147392,,
kkaX3okuvjI,1,3.22403628118,12.0562358277,,
kkaX3okuvjI,2,11.714739229,18.1324263039,,
kkaX3okuvjI,3,17.9804988662,22.1532879819,,
kkaX3okuvjI,4,21.4526077098,30.314739229,,
kkaX3okuvjI,5,40.2299319728,53.452154195,,
kld9r0iFkWM,0,3.573,13.882,,
kld9r0iFkWM,1,13.81,20.427,,
kld9r0iFkWM,2,20.036,26.154,,
kld9r0iFkWM,3,46.915,52.973,,
kmAisuAFckw,0,32.078,41.479,,
kmAisuAFckw,1,41.138,47.176,,
kmAisuAFckw,2,46.695,51.766,,
kmgsC68hIL8,0,-0.128344671202,4.67301587302,,
kmgsC68hIL8,1,4.86031746032,11.198185941,,
kmgsC68hIL8,2,49.5387755102,53.3324263039,,
kmgsC68hIL8,3,17.5514739229,21.9138321995,,
kmgsC68hIL8,4,20.9138321995,24.0290249433,,
kmgsC68hIL8,5,28.4467120181,34.7047619048,,
kmgsC68hIL8,6,33.7047619048,41.0303854875,,
kpS4BXif_Sw,0,0.321,3.615,,
kpS4BXif_Sw,1,4.062,10.42,,
kpS4BXif_Sw,2,103.835,111.221,,
kpS4BXif_Sw,3,111.189,119.821,,
kpS4BXif_Sw,4,120.557,128.172,,
kpS4BXif_Sw,5,127.98,135.885,,
kpS4BXif_Sw,6,136.531,139.586,,
kpS4BXif_Sw,7,139.235,156.688,,
kpS4BXif_Sw,8,157.174,161.088,,
kpS4BXif_Sw,9,160.327,164.639,,
kpS4BXif_Sw,10,164.378,168.281,,
kpS4BXif_Sw,11,167.78,172.432,,
kpS4BXif_Sw,12,10.707,20.507,,
kpS4BXif_Sw,13,171.901,179.486,,
kpS4BXif_Sw,14,20.764,35.044,,
kpS4BXif_Sw,15,35.072,58.64,,
kpS4BXif_Sw,16,58.738,67.251,,
kpS4BXif_Sw,17,67.398,75.462,,
kpS4BXif_Sw,18,75.28,87.864,,
kpS4BXif_Sw,19,87.872,93.8,,
kpS4BXif_Sw,20,93.908,103.917,,
kqXpf26EL-s,0,-0.487528344671,2.63764172336,,
kqXpf26EL-s,1,48.4911564626,50.1297052154,,
kqXpf26EL-s,2,49.1297052154,54.170521542,,
kqXpf26EL-s,3,17.6911564626,22.3628117914,,
kqXpf26EL-s,4,21.5523809524,24.8172335601,,
kqXpf26EL-s,5,24.8848072562,29.1174603175,,
kqXpf26EL-s,6,28.8258503401,30.653968254,,
kqXpf26EL-s,7,29.7736961451,35.3133786848,,
kqXpf26EL-s,8,34.8022675737,36.8399092971,,
kqXpf26EL-s,9,37.0072562358,49.3414965986,,
krHZuqfXrPU,0,-0.297959183673,7.04761904762,,
krHZuqfXrPU,1,6.17732426304,14.9197278912,,
krHZuqfXrPU,2,61.8108843537,67.6,,
krHZuqfXrPU,3,66.6,71.39138322,,
krHZuqfXrPU,4,70.39138322,76.4199546485,,
krHZuqfXrPU,5,75.6195011338,81.9074829932,,
krHZuqfXrPU,6,80.9074829932,87.664399093,,
krHZuqfXrPU,7,86.7142857143,94.1297052154,,
krHZuqfXrPU,8,93.2394557823,99.1482993197,,
krHZuqfXrPU,9,99.3954648526,104.506122449,,
krHZuqfXrPU,10,103.585941043,112.777324263,,
krHZuqfXrPU,11,13.9995464853,20.5968253968,,
krHZuqfXrPU,12,111.857142857,117.975510204,,
krHZuqfXrPU,13,116.975510204,126.256689342,,
krHZuqfXrPU,14,125.256689342,137.780498866,,
krHZuqfXrPU,15,136.86031746,142.120634921,,
krHZuqfXrPU,16,141.210430839,147.648072562,,
krHZuqfXrPU,17,146.648072562,154.931519274,,
krHZuqfXrPU,18,153.931519274,159.131972789,,
krHZuqfXrPU,19,158.171882086,167.51292517,,
krHZuqfXrPU,20,166.632653061,173.589115646,,
krHZuqfXrPU,21,172.589115646,178.787301587,,
krHZuqfXrPU,22,19.6467120181,26.4235827664,,
krHZuqfXrPU,23,177.81723356,182.059863946,,
krHZuqfXrPU,24,25.4235827664,32.3301587302,,
krHZuqfXrPU,25,31.4698412698,35.8321995465,,
krHZuqfXrPU,26,34.8321995465,40.3619047619,,
krHZuqfXrPU,27,39.3918367347,47.9746031746,,
krHZuqfXrPU,28,47.2439909297,56.8444444444,,
krHZuqfXrPU,29,56.2335600907,62.780952381,,
ktblaVOnFVE,0,0.0,3.585,,
ktblaVOnFVE,1,20.615,27.91,,
ktblaVOnFVE,2,26.99,33.677,,
ktblaVOnFVE,3,32.677,44.113,,
ktblaVOnFVE,4,43.343,51.896,,
ku-dtUqCm2o,0,4.052,9.512,,
ku-dtUqCm2o,1,35.97,42.268,,
kuQWPuhnlHs,0,6.397,18.192,,
kuQWPuhnlHs,1,17.532,33.917,,
kuQWPuhnlHs,2,33.296,53.791,,
kuQWPuhnlHs,3,52.791,69.087,,
kvUb78Rdzdc,0,49.818,62.911,,
kvUb78Rdzdc,1,61.911,84.591,,
kwkhYpCHWPw,0,0.0,5.93,,
kwkhYpCHWPw,1,59.027,68.448,,
kwkhYpCHWPw,2,103.486,123.852,,
kwkhYpCHWPw,3,144.004,152.607,,
kwkhYpCHWPw,4,11.356,22.971,,
kwkhYpCHWPw,5,36.688,41.449,,
kwkhYpCHWPw,6,40.449,49.82,,
kwkhYpCHWPw,7,48.82,54.629,,
kx544gnOZB0,0,0.0124716553288,10.5285714286,,
kx544gnOZB0,1,29.4555555556,41.8873015873,,
kxcCxbsKx3w,0,1.099,4.254,,
kxcCxbsKx3w,1,3.254,5.591,,
kxcCxbsKx3w,2,4.591,14.042,,
kxcCxbsKx3w,3,13.461,17.524,,
kxcCxbsKx3w,4,16.524,22.652,,
kxcCxbsKx3w,5,21.862,25.765,,
kxcCxbsKx3w,6,24.825,28.16,,
kxcCxbsKx3w,7,27.509,43.884,,
kxcCxbsKx3w,8,42.904,45.4,,
ky7Q5onqxGw,0,0.0,6.509,,
ky7Q5onqxGw,1,39.132,52.165,,
ky7Q5onqxGw,2,51.345,58.79,,
kyPepNmxaj8,0,10.278,15.189,,
kyPepNmxaj8,1,18.519,24.418,,
kyPepNmxaj8,2,51.145,59.409,,
kz7ahNfXFsk,0,34.702,38.586,,
kzmaKnujN64,0,0.0,1.929,,
kzmaKnujN64,1,0.979,7.636,,
kzmaKnujN64,2,6.636,14.022,,
kzmaKnujN64,3,26.112,36.7,,
kzmaKnujN64,4,35.76,38.396,,
kzmaKnujN64,5,37.736,45.141,,
kzmaKnujN64,6,44.41,50.449,,
l-nM_U1qpko,0,0.021,2.987,,
l-nM_U1qpko,1,1.987,7.078,,
l-nM_U1qpko,2,6.307,10.041,,
l-nM_U1qpko,3,9.859,14.181,,
l-nM_U1qpko,4,13.231,16.147,,
l-nM_U1qpko,5,15.466,22.483,,
l0vCKpk6Aes,0,47.533,54.011,,
l0vCKpk6Aes,1,54.039,59.648,,
l0vCKpk6Aes,2,59.257,71.93,,
l0vCKpk6Aes,3,71.728,77.657,,
l0vCKpk6Aes,4,85.906,98.19,,
l0vCKpk6Aes,5,97.739,102.99,,
l0vCKpk6Aes,6,11.535,16.436,,
l0vCKpk6Aes,7,102.728,110.113,,
l0vCKpk6Aes,8,113.883,126.486,,
l0vCKpk6Aes,9,28.377,33.647,,
l1jW3OMXUzs,0,0.0,8.644,,
l4oMbKDuW3Y,0,5.349,16.865,,
l4oMbKDuW3Y,1,26.661,35.792,,
l4oMbKDuW3Y,2,34.792,41.988,,
l4oMbKDuW3Y,3,40.988,53.163,,
l4oMbKDuW3Y,4,77.795,92.224,,
l5_DDqck4Rs,0,0.0,7.287,,
l8LTcZJ-_8k,0,9.28027210884,12.7346938776,,
l8LTcZJ-_8k,1,52.1029478458,58.0217687075,,
l8LTcZJ-_8k,2,57.3510204082,63.9083900227,,
l8LTcZJ-_8k,3,63.3473922902,70.9024943311,,
l8LTcZJ-_8k,4,70.0421768707,78.0163265306,,
l8LTcZJ-_8k,5,77.29569161,94.0997732426,,
l8LTcZJ-_8k,6,93.4489795918,99.9664399093,,
l8LTcZJ-_8k,7,98.9664399093,117.017687075,,
l8LTcZJ-_8k,8,116.366893424,119.292517007,,
l8LTcZJ-_8k,9,118.691609977,127.074829932,,
l8LTcZJ-_8k,10,126.194557823,137.022222222,,
l8LTcZJ-_8k,11,12.9619047619,17.833106576,,
l8LTcZJ-_8k,12,137.329251701,140.214965986,,
l8LTcZJ-_8k,13,139.793650794,146.410884354,,
l8LTcZJ-_8k,14,146.209070295,155.230839002,,
l8LTcZJ-_8k,15,154.949206349,161.007709751,,
l8LTcZJ-_8k,16,17.3120181406,23.6199546485,,
l8LTcZJ-_8k,17,23.3482993197,30.0453514739,,
l8LTcZJ-_8k,18,29.5941043084,32.1804988662,,
l8LTcZJ-_8k,19,32.3777777778,42.1777777778,,
l8LTcZJ-_8k,20,41.566893424,44.9115646259,,
l8LTcZJ-_8k,21,44.2907029478,50.9578231293,,
l8LTcZJ-_8k,22,49.9578231293,52.5841269841,,
lD4xtQ6NpDY,0,5.339,13.653,,
lD4xtQ6NpDY,1,12.812,15.538,,
lD4xtQ6NpDY,2,57.74,63.02,,
lD4xtQ6NpDY,3,62.33,68.797,,
lD4xtQ6NpDY,4,14.957,17.155,,
lD4xtQ6NpDY,5,16.155,20.507,,
lD4xtQ6NpDY,6,19.886,26.883,,
lD4xtQ6NpDY,7,26.152,32.51,,
lD4xtQ6NpDY,8,31.739,43.754,,
lD4xtQ6NpDY,9,43.263,48.493,,
lD4xtQ6NpDY,10,48.022,55.577,,
lD4xtQ6NpDY,11,54.807,58.551,,
lEsFI5YJGDo,0,0.0,2.199,,
lEsFI5YJGDo,1,1.199,3.845,,
lEsFI5YJGDo,2,40.519,42.507,,
lEsFI5YJGDo,3,42.864,51.317,,
lEsFI5YJGDo,4,50.816,56.366,,
lEsFI5YJGDo,5,56.044,59.468,,
lEsFI5YJGDo,6,3.244,7.347,,
lEsFI5YJGDo,7,6.347,10.979,,
lEsFI5YJGDo,8,9.979,18.073,,
lEsFI5YJGDo,9,17.951,23.43,,
lEsFI5YJGDo,10,23.119,26.823,,
lEsFI5YJGDo,11,26.761,32.36,,
lEsFI5YJGDo,12,31.629,34.505,,
lEsFI5YJGDo,13,34.114,40.801,,
lKTeLK8nq8w,0,45.0390022676,48.1342403628,,
lKTeLK8nq8w,1,47.1342403628,51.6562358277,,
lKTeLK8nq8w,2,50.8158730159,55.6770975057,,
lKTeLK8nq8w,3,5.42902494331,9.01315192744,,
lKTeLK8nq8w,4,8.01315192744,12.0761904762,,
lKTeLK8nq8w,5,11.7945578231,18.8308390023,,
lKTeLK8nq8w,6,17.8308390023,24.6476190476,,
lKTeLK8nq8w,7,31.8888888889,41.2897959184,,
lKTeLK8nq8w,8,40.2897959184,46.0390022676,,
lO6N9dyvPTA,0,8.692,14.82,,
lO87-4Kf0cQ,0,0.0124716553288,7.9843537415,,
lO87-4Kf0cQ,1,29.4056689342,35.5217687075,,
lO87-4Kf0cQ,2,35.8310657596,43.3839002268,,
lO87-4Kf0cQ,3,43.6632653061,47.3149659864,,
lO87-4Kf0cQ,4,47.8736961451,55.2469387755,,
lO87-4Kf0cQ,5,57.7512471655,58.8387755102,,
lTfsqoo-jKg,0,0.75,3.815,,
lTfsqoo-jKg,1,46.077,50.21,,
lTfsqoo-jKg,2,49.549,53.592,,
lTfsqoo-jKg,3,2.815,5.012,,
lTfsqoo-jKg,4,4.012,7.507,,
lTfsqoo-jKg,5,6.507,9.053,,
lTfsqoo-jKg,6,24.017,37.329,,
lTfsqoo-jKg,7,36.838,42.786,,
lTfsqoo-jKg,8,43.083,45.211,,
lTfsqoo-jKg,9,44.211,46.987,,
lUNNDDsm7R8,0,2.117,10.061,,
lUNNDDsm7R8,1,19.158,35.892,,
lUNNDDsm7R8,2,63.956,76.689,,
lUNNDDsm7R8,3,76.138,92.493,,
lVj6ZdyW9pI,0,4.451,9.382,,
lVj6ZdyW9pI,1,9.071,14.161,,
lWXjdWvB0VI,0,58.917,69.057,,
lWf5hHRHIDs,0,67.757,73.576,,
lWf5hHRHIDs,1,14.129,25.645,,
lWf5hHRHIDs,2,47.932,53.592,,
lWvaIexY2WU,0,0.0,2.528,,
lWvaIexY2WU,1,1.528,8.454,,
lWvaIexY2WU,2,9.32,27.651,,
lWvaIexY2WU,3,100.842,115.731,,
lYwgLa4R5XQ,0,-0.487528344671,6.379138322,,
lYwgLa4R5XQ,1,5.9977324263,16.2566893424,,
lYwgLa4R5XQ,2,52.831292517,57.2934240363,,
lYwgLa4R5XQ,3,17.6512471655,22.3328798186,,
lYwgLa4R5XQ,4,22.0213151927,27.7106575964,,
lYwgLa4R5XQ,5,27.5088435374,32.4,,
lYwgLa4R5XQ,6,31.7192743764,36.5006802721,,
lYwgLa4R5XQ,7,36.0095238095,41.3396825397,,
lYwgLa4R5XQ,8,40.8784580499,46.3782312925,,
lYwgLa4R5XQ,9,46.1464852608,52.9233560091,,
lawHYX5eB20,0,32.607,35.972,,
lawHYX5eB20,1,35.441,44.293,,
laxadgca3Fo,0,0.0,5.341,,
lbx3eu8LUl8,0,6.866,13.453,,
lbx3eu8LUl8,1,21.143,25.206,,
lc5bSoGlQwY,0,4.96,13.084,,
lc5bSoGlQwY,1,34.044,44.173,,
lc5bSoGlQwY,2,54.488,62.362,,
lc5bSoGlQwY,3,61.362,65.954,,
lc5bSoGlQwY,4,66.82,72.968,,
liJO1yIFsJs,0,60.843,67.989,,
lilHOUfWrIA,0,0.0,13.343,,
lkIe41StoGI,0,-0.18820861678,2.75736961451,,
lkIe41StoGI,1,1.75736961451,10.6893424036,,
lkIe41StoGI,2,38.9927437642,42.1378684807,,
lkIe41StoGI,3,41.1378684807,43.6743764172,,
lkIe41StoGI,4,10.1083900227,16.7455782313,,
lkIe41StoGI,5,16.2244897959,22.3628117914,,
lkIe41StoGI,6,21.8716553288,31.2326530612,,
lkIe41StoGI,7,30.8612244898,33.3678004535,,
lkIe41StoGI,8,33.7945578231,37.1392290249,,
lkIe41StoGI,9,36.3088435374,39.9927437642,,
lkeVfgI0eEk,0,-0.3179138322,2.18866213152,,
lkeVfgI0eEk,1,1.62766439909,4.68299319728,,
lkeVfgI0eEk,2,3.68299319728,7.85578231293,,
lkeVfgI0eEk,3,7.0253968254,12.9142857143,,
lkeVfgI0eEk,4,12.0439909297,17.0149659864,,
lkeVfgI0eEk,5,16.0149659864,19.6489795918,,
lkeVfgI0eEk,6,37.0671201814,41.1501133787,,
lkeVfgI0eEk,7,40.1501133787,45.8594104308,,
lkeVfgI0eEk,8,45.0090702948,51.2870748299,,
lksy-At0vxc,0,87.772,95.008,,
lksy-At0vxc,1,4.761,12.894,,
lksy-At0vxc,2,36.029,51.726,,
lksy-At0vxc,3,51.105,65.355,,
lksy-At0vxc,4,64.804,83.833,,
ll10nEjTvGE,0,44.351,50.279,,
ll10nEjTvGE,1,58.917,66.822,,
ll10nEjTvGE,2,14.289,20.387,,
ll10nEjTvGE,3,32.049,37.768,,
ll10nEjTvGE,4,37.267,45.181,,
lo0R1mvjDT8,0,0.0,5.032,,
lo0R1mvjDT8,1,4.312,10.58,,
lo0R1mvjDT8,2,9.869,18.811,,
lo0R1mvjDT8,3,17.961,27.142,,
lo0R1mvjDT8,4,26.371,33.507,,
lo0R1mvjDT8,5,32.687,45.82,,
lp9vkkimXqg,0,0.38,4.942,,
lp9vkkimXqg,1,4.282,8.195,,
lp9vkkimXqg,2,53.6,80.102,,
lp9vkkimXqg,3,79.341,83.224,,
lp9vkkimXqg,4,82.594,86.766,,
lp9vkkimXqg,5,85.936,94.838,,
lp9vkkimXqg,6,94.746,98.29,,
lp9vkkimXqg,7,97.629,101.613,,
lp9vkkimXqg,8,101.132,107.449,,
lp9vkkimXqg,9,107.158,115.341,,
lp9vkkimXqg,10,114.91,117.876,,
lp9vkkimXqg,11,117.405,126.167,,
lp9vkkimXqg,12,7.943,15.119,,
lp9vkkimXqg,13,125.875,143.318,,
lp9vkkimXqg,14,14.189,18.122,,
lp9vkkimXqg,15,17.841,31.033,,
lp9vkkimXqg,16,30.033,34.665,,
lp9vkkimXqg,17,33.665,37.339,,
lp9vkkimXqg,18,37.376,48.324,,
lp9vkkimXqg,19,47.623,51.556,,
lp9vkkimXqg,20,50.556,54.25,,
lpF-yBYou0s,0,5.509,11.418,,
lpF-yBYou0s,1,10.418,22.323,,
lpF-yBYou0s,2,21.802,27.92,,
lpF-yBYou0s,3,26.92,32.18,,
lrjm6F3JJgg,0,52.622,68.648,,
ltA1VF_DUSc,0,112.406,119.861,,
luQfWSfb1s0,0,0.0,5.631,,
luQfWSfb1s0,1,4.631,9.592,,
luQfWSfb1s0,2,64.734,68.957,,
luQfWSfb1s0,3,68.605,73.796,,
luQfWSfb1s0,4,72.796,80.78,,
luQfWSfb1s0,5,80.179,88.502,,
luQfWSfb1s0,6,87.502,94.329,,
luQfWSfb1s0,7,93.599,109.664,,
luQfWSfb1s0,8,108.944,113.146,,
luQfWSfb1s0,9,112.146,116.988,,
luQfWSfb1s0,10,116.447,121.049,,
luQfWSfb1s0,11,121.046,128.821,,
luQfWSfb1s0,12,9.28,17.195,,
luQfWSfb1s0,13,128.449,132.054,,
luQfWSfb1s0,14,16.703,24.508,,
luQfWSfb1s0,15,23.508,30.325,,
luQfWSfb1s0,16,30.143,38.696,,
luQfWSfb1s0,17,38.673,44.473,,
luQfWSfb1s0,18,44.261,53.213,,
luQfWSfb1s0,19,52.512,58.96,,
luQfWSfb1s0,20,57.96,65.555,,
lwL4hjhkid4,0,-0.28798185941,3.5156462585,,
lwL4hjhkid4,1,2.93469387755,7.60634920635,,
lwL4hjhkid4,2,19.8163265306,30.8235827664,,
lwL4hjhkid4,3,31.7092970522,37.1392290249,,
lwL4hjhkid4,4,37.3365079365,43.8639455782,,
lxBKEPIUSgc,0,9.699,17.065,,
lxBKEPIUSgc,1,16.683,36.8,,
ly3QDQDJzzQ,0,27.329,34.056,,
lzVA--tIse0,0,-0.437641723356,7.22721088435,,
lzVA--tIse0,1,6.49659863946,15.0993197279,,
lzVA--tIse0,2,15.7455782313,25.6253968254,,
lzyVWNrkgbQ,0,66.151,74.335,,
lzyVWNrkgbQ,1,78.952,82.576,,
lzyVWNrkgbQ,2,38.574,45.69,,
m-7yRWZLwLY,0,0.0,9.412,,
m-7yRWZLwLY,1,8.412,20.617,,
m-7yRWZLwLY,2,20.166,25.446,,
m-7yRWZLwLY,3,25.094,32.59,,
m0-DH0k115I,0,7.424,16.247,,
m0-DH0k115I,1,15.616,23.38,,
m7SJs73SF8w,0,0.0,11.897,,
m7SJs73SF8w,1,11.376,17.015,,
m7SJs73SF8w,2,16.494,22.712,,
m7SJs73SF8w,3,25.523,29.886,,
m8tzdtrgFUA,0,-0.487528344671,1.40045351474,,
m8tzdtrgFUA,1,0.65986394558,3.82494331066,,
m8tzdtrgFUA,2,46.6553287982,49.8802721088,,
m8tzdtrgFUA,3,48.8802721088,51.5664399093,,
m8tzdtrgFUA,4,3.59319727891,6.50884353741,,
m8tzdtrgFUA,5,5.90793650794,13.2235827664,,
m8tzdtrgFUA,6,27.4090702948,36.6802721088,,
m8tzdtrgFUA,7,35.989569161,40.1024943311,,
m8tzdtrgFUA,8,39.1024943311,41.1800453515,,
m8tzdtrgFUA,9,40.8185941043,42.9959183673,,
mHEtr7PHxoA,0,0.0,35.732,,
mHEtr7PHxoA,1,35.161,59.967,,
mHGaQ_nv9UY,0,58.329,64.337,,
mHGaQ_nv9UY,1,64.485,68.528,,
mHGaQ_nv9UY,2,75.869,99.637,,
mHGaQ_nv9UY,3,99.106,105.234,,
mHGaQ_nv9UY,4,117.255,130.437,,
mHGaQ_nv9UY,5,130.156,138.259,,
mHGaQ_nv9UY,6,137.579,149.963,,
mHGaQ_nv9UY,7,149.681,162.025,,
mHGaQ_nv9UY,8,5.609,14.93,,
mHGaQ_nv9UY,9,169.576,182.429,,
mHGaQ_nv9UY,10,182.427,194.033,,
mHGaQ_nv9UY,11,193.661,202.723,,
mHGaQ_nv9UY,12,202.072,208.719,,
mHGaQ_nv9UY,13,15.307,23.271,,
mHGaQ_nv9UY,14,22.271,31.372,,
mHGaQ_nv9UY,15,32.537,38.307,,
mHGaQ_nv9UY,16,47.932,52.584,,
mHGaQ_nv9UY,17,51.923,58.68,,
mHIvH6Nnrls,0,-0.337868480726,7.16734693878,,
mHIvH6Nnrls,1,8.6716553288,11.5473922902,,
mHIvH6Nnrls,2,11.0861678005,18.1723356009,,
mHIvH6Nnrls,3,19.716553288,22.9414965986,,
mHIvH6Nnrls,4,21.9414965986,29.2172335601,,
mHIvH6Nnrls,5,28.6861678005,40.4716553288,,
mHIvH6Nnrls,6,41.6167800454,46.966893424,,
mI50zj8cTNw,0,0.0,6.13,,
mI50zj8cTNw,1,5.13,12.076,,
mI50zj8cTNw,2,11.076,18.282,,
mI50zj8cTNw,3,27.239,33.098,,
mI50zj8cTNw,4,57.82,67.68,,
mKP6TVuixWg,0,81.746,102.291,,
mKP6TVuixWg,1,101.291,106.222,,
mKP6TVuixWg,2,111.358,116.619,,
mKP6TVuixWg,3,130.914,135.346,,
mKP6TVuixWg,4,21.502,40.591,,
mKP6TVuixWg,5,151.128,159.082,,
mKP6TVuixWg,6,65.991,74.973,,
mL2v-sODUZ8,0,82.743,90.498,,
mL2v-sODUZ8,1,89.817,105.175,,
mL2v-sODUZ8,2,104.254,111.081,,
mL2v-sODUZ8,3,49.868,62.522,,
mLW-jn67gRE,0,10.547,14.75,,
mLW-jn67gRE,1,55.924,59.977,,
mLW-jn67gRE,2,62.849,71.631,,
mLW-jn67gRE,3,92.751,105.224,,
mLW-jn67gRE,4,110.231,114.813,,
mLW-jn67gRE,5,113.813,123.693,,
mLW-jn67gRE,6,16.624,22.732,,
mLW-jn67gRE,7,21.732,29.098,,
mLW-jn67gRE,8,28.098,35.104,,
mLW-jn67gRE,9,34.712,42.946,,
mLW-jn67gRE,10,45.628,53.951,,
mLW-jn67gRE,11,53.22,56.775,,
mLZZ174bqws,0,12.613,16.047,,
mLZZ174bqws,1,15.406,20.806,,
mLZZ174bqws,2,20.405,27.232,,
mLZZ174bqws,3,26.741,34.086,,
mMeGgB9-hSE,0,49.509,56.336,,
mMeGgB9-hSE,1,93.08,105.743,,
mMeGgB9-hSE,2,119.131,127.464,,
mN1Z5xEOy10,0,0.0,13.024,,
mN1Z5xEOy10,1,12.922,20.208,,
mN1Z5xEOy10,2,19.537,24.239,,
mN1Z5xEOy10,3,23.239,30.634,,
mN1Z5xEOy10,4,30.582,49.511,,
mNurUl_Q2UY,0,37.127,44.592,,
mO4H5S_Q7aU,0,0.0,16.297,,
mOnyMWhb5Ac,0,0.0,10.41,,
mOnyMWhb5Ac,1,13.78,18.512,,
mQTaEIrNxnQ,0,56.164,69.745,,
mQTaEIrNxnQ,1,69.424,77.029,,
mQTaEIrNxnQ,2,3.763,11.198,,
mQTaEIrNxnQ,3,10.777,20.008,,
mQTaEIrNxnQ,4,21.153,25.865,,
mQTaEIrNxnQ,5,25.513,35.124,,
mQTaEIrNxnQ,6,47.972,53.003,,
mRPIse3OO74,0,0.0,11.258,,
mRPIse3OO74,1,10.847,19.489,,
mRPIse3OO74,2,19.028,24.837,,
mRPIse3OO74,3,24.775,37.119,,
mRPIse3OO74,4,36.449,40.003,,
mRPIse3OO74,5,39.003,42.926,,
mRPIse3OO74,6,41.926,52.484,,
mRnEJOLkhp8,0,0.0124716553288,2.57664399093,,
mRnEJOLkhp8,1,20.6854875283,22.9902494331,,
mRnEJOLkhp8,2,26.1231292517,28.1684807256,,
mRnEJOLkhp8,3,33.3566893424,39.2433106576,,
mRnEJOLkhp8,4,42.6854875283,47.0056689342,,
mRnEJOLkhp8,5,3.21519274376,6.32811791383,,
mRnEJOLkhp8,6,51.2759637188,52.6328798186,,
mRnEJOLkhp8,7,54.7580498866,54.8777777778,,
mRnEJOLkhp8,8,54.8777777778,55.1072562358,,
mRnEJOLkhp8,9,6.32811791383,8.09410430839,,
mRnEJOLkhp8,10,14.8886621315,17.5825396825,,
mRqqH_gx7Q0,0,0.0,6.429,,
mRqqH_gx7Q0,1,14.748,35.563,,
mSWwz7dXUP8,0,23.318,29.796,,
mVnqP-vLpuo,0,0.0,2.678,,
mVnqP-vLpuo,1,2.486,6.239,,
mVnqP-vLpuo,2,44.969,47.256,,
mVnqP-vLpuo,3,5.629,11.547,,
mVnqP-vLpuo,4,11.166,18.362,,
mVnqP-vLpuo,5,18.09,25.037,,
mVnqP-vLpuo,6,24.037,29.985,,
mVnqP-vLpuo,7,28.985,30.744,,
mVnqP-vLpuo,8,30.682,34.824,,
mVnqP-vLpuo,9,34.303,42.178,,
mVnqP-vLpuo,10,41.178,45.73,,
mW8eL4e7Wrg,0,53.49,60.606,,
mW8eL4e7Wrg,1,60.075,68.398,,
mW8eL4e7Wrg,2,77.515,83.095,,
mW8eL4e7Wrg,3,82.803,90.957,,
mW8eL4e7Wrg,4,11.994,18.771,,
mW8eL4e7Wrg,5,97.999,105.943,,
mW8eL4e7Wrg,6,112.865,132.912,,
mW8eL4e7Wrg,7,18.459,27.511,,
mW8eL4e7Wrg,8,33.395,44.273,,
mXdvCxLbpuY,0,7.185,11.877,,
mXdvCxLbpuY,1,19.707,24.877,,
mZ_8em_-CGc,0,44.7,52.065,,
mZ_8em_-CGc,1,60.224,79.772,,
maO6KmmgcB8,0,45.059,54.879,,
maO6KmmgcB8,1,54.707,65.904,,
mfpR4CN9LZo,0,0.0,7.876,,
mfpR4CN9LZo,1,48.691,55.817,,
mfpR4CN9LZo,2,65.582,73.696,,
mfpR4CN9LZo,3,80.638,88.143,,
mfpR4CN9LZo,4,87.473,95.866,,
mfpR4CN9LZo,5,20.744,27.032,,
mgovo8VYtvk,0,-0.487528344671,3.27619047619,,
mgovo8VYtvk,1,2.29614512472,9.60181405896,,
mgovo8VYtvk,2,68.874829932,76.3102040816,,
mgovo8VYtvk,3,76.1183673469,88.0734693878,,
mgovo8VYtvk,4,87.3528344671,98.3900226757,,
mgovo8VYtvk,5,97.6095238095,102.819954649,,
mgovo8VYtvk,6,102.159183673,121.238095238,,
mgovo8VYtvk,7,120.238095238,131.16553288,,
mgovo8VYtvk,8,130.16553288,139.127437642,,
mgovo8VYtvk,9,138.127437642,143.776870748,,
mgovo8VYtvk,10,142.776870748,146.740136054,,
mgovo8VYtvk,11,8.60181405896,22.6721088435,,
mgovo8VYtvk,12,145.899773243,152.058049887,,
mgovo8VYtvk,13,153.153287982,157.864852608,,
mgovo8VYtvk,14,156.864852608,163.551927438,,
mgovo8VYtvk,15,162.831292517,174.48707483,,
mgovo8VYtvk,16,173.686621315,177.260770975,,
mgovo8VYtvk,17,176.260770975,184.344671202,,
mgovo8VYtvk,18,183.344671202,190.141496599,,
mgovo8VYtvk,19,189.141496599,193.573696145,,
mgovo8VYtvk,20,192.703401361,197.09569161,,
mgovo8VYtvk,21,21.6721088435,28.5188208617,,
mgovo8VYtvk,22,196.385034014,204.379138322,,
mgovo8VYtvk,23,203.439002268,205.566439909,,
mgovo8VYtvk,24,204.566439909,211.123809524,,
mgovo8VYtvk,25,210.123809524,216.012698413,,
mgovo8VYtvk,26,215.012698413,220.45260771,,
mgovo8VYtvk,27,219.502494331,227.576417234,,
mgovo8VYtvk,28,226.915646259,231.587301587,,
mgovo8VYtvk,29,230.587301587,234.360997732,,
mgovo8VYtvk,30,233.460770975,237.763265306,,
mgovo8VYtvk,31,27.5188208617,31.8811791383,,
mgovo8VYtvk,32,30.8811791383,38.8752834467,,
mgovo8VYtvk,33,37.8752834467,47.7351473923,,
mgovo8VYtvk,34,46.9746031746,56.5551020408,,
mgovo8VYtvk,35,55.6947845805,67.5102040816,,
mgovo8VYtvk,36,66.5102040816,69.874829932,,
mgpoY1-110U,0,14.039,20.846,,
mgpoY1-110U,1,76.378,81.498,,
mgpoY1-110U,2,90.077,95.447,,
mgpoY1-110U,3,105.691,115.062,,
mgpoY1-110U,4,122.463,127.544,,
mgpoY1-110U,5,42.345,52.005,,
mgpoY1-110U,6,51.185,57.463,,
mgsvwAVQAQo,0,0.0,4.084,,
mgsvwAVQAQo,1,3.134,9.452,,
mgsvwAVQAQo,2,29.983,41.03,,
mgsvwAVQAQo,3,40.14,48.054,,
mgsvwAVQAQo,4,47.054,53.632,,
mjQfQx2K__8,0,0.0,12.735,,
mjQfQx2K__8,1,13.241,20.288,,
mjQfQx2K__8,2,95.165,101.732,,
mjQfQx2K__8,3,106.42,112.069,,
mjQfQx2K__8,4,136.561,144.525,,
mjQfQx2K__8,5,144.303,161.467,,
mjQfQx2K__8,6,161.315,167.732,,
mjQfQx2K__8,7,184.532,190.98,,
mjQfQx2K__8,8,192.833,206.375,,
mjQfQx2K__8,9,27.519,35.373,,
mjQfQx2K__8,10,35.141,45.5,,
mjQfQx2K__8,11,61.791,77.009,,
mjQfQx2K__8,12,76.049,88.522,,
mjYeEikLR8I,0,48.332,56.376,,
mjYeEikLR8I,1,63.557,69.196,,
mjpCK2Edsv8,0,0.0,14.251,,
mkkoJ2iVbGs,0,-0.148299319728,6.93786848073,,
mkkoJ2iVbGs,1,7.06530612245,11.9664399093,,
mkkoJ2iVbGs,2,11.5351473923,14.8199546485,,
mkkoJ2iVbGs,3,15.0072562358,21.7142857143,,
mkkoJ2iVbGs,4,21.3528344671,26.7029478458,,
mkkoJ2iVbGs,5,26.3115646259,35.0839002268,,
mkkoJ2iVbGs,6,34.4430839002,40.6013605442,,
mkkoJ2iVbGs,7,40.768707483,49.0820861678,,
mkkoJ2iVbGs,8,48.4712018141,51.4167800454,,
mmg_eTDHjkk,0,0.43,6.21,,
mmg_eTDHjkk,1,5.299,26.563,,
mmg_eTDHjkk,2,77.166,84.422,,
mmg_eTDHjkk,3,83.971,86.158,,
mmg_eTDHjkk,4,86.185,88.892,,
mmg_eTDHjkk,5,88.45,92.653,,
mmg_eTDHjkk,6,91.932,100.106,,
mmg_eTDHjkk,7,100.623,105.414,,
mmg_eTDHjkk,8,104.873,109.166,,
mmg_eTDHjkk,9,108.694,113.067,,
mmg_eTDHjkk,10,112.436,117.467,,
mmg_eTDHjkk,11,117.215,129.21,,
mmg_eTDHjkk,12,26.152,33.148,,
mmg_eTDHjkk,13,128.988,133.62,,
mmg_eTDHjkk,14,132.989,139.237,,
mmg_eTDHjkk,15,138.237,143.148,,
mmg_eTDHjkk,16,32.946,38.307,,
mmg_eTDHjkk,17,37.835,52.395,,
mmg_eTDHjkk,18,52.153,55.148,,
mmg_eTDHjkk,19,54.418,59.159,,
mmg_eTDHjkk,20,58.459,63.978,,
mmg_eTDHjkk,21,63.238,70.015,,
mmg_eTDHjkk,22,69.114,77.498,,
mn8_HvzbN5c,0,0.0,14.141,,
mn8_HvzbN5c,1,59.855,71.361,,
mn8_HvzbN5c,2,124.339,146.61,,
mpfSRGHFY0g,0,6.048,14.81,,
mpfSRGHFY0g,1,15.247,22.034,,
mrQIrm6hYMQ,0,0.0,4.284,,
mrQIrm6hYMQ,1,3.404,8.085,,
mrQIrm6hYMQ,2,7.674,16.865,,
muOYAxkG-Zo,0,0.0,11.498,,
muOYAxkG-Zo,1,57.351,64.477,,
muOYAxkG-Zo,2,64.096,69.835,,
muOYAxkG-Zo,3,73.494,79.104,,
muOYAxkG-Zo,4,83.571,91.965,,
muOYAxkG-Zo,5,91.932,99.557,,
muOYAxkG-Zo,6,26.481,34.854,,
muOYAxkG-Zo,7,34.712,40.661,,
muOYAxkG-Zo,8,40.33,44.453,,
muOYAxkG-Zo,9,43.812,50.06,,
muOYAxkG-Zo,10,50.028,57.752,,
mud6tEqFiEM,0,0.0,3.236,,
mud6tEqFiEM,1,2.236,14.201,,
mud6tEqFiEM,2,13.201,16.337,,
mud6tEqFiEM,3,15.337,27.88,,
mud6tEqFiEM,4,26.88,31.801,,
mud6tEqFiEM,5,30.801,36.531,,
mud6tEqFiEM,6,35.531,44.333,,
mud6tEqFiEM,7,43.333,55.956,,
mw_ZwML0SbY,0,0.0,19.13,,
mw_ZwML0SbY,1,32.059,46.518,,
mxFU6TrHChY,0,0.0,6.858,,
mxFU6TrHChY,1,91.473,104.646,,
mxFU6TrHChY,2,104.743,109.415,,
mxFU6TrHChY,3,114.461,121.937,,
mxFU6TrHChY,4,121.186,131.644,,
mxFU6TrHChY,5,12.423,25.226,,
mxFU6TrHChY,6,154.71,163.302,,
mxFU6TrHChY,7,25.962,34.316,,
mxFU6TrHChY,8,47.853,58.471,,
mxFU6TrHChY,9,59.436,73.916,,
mxFU6TrHChY,10,73.804,78.286,,
mxa4KXSz9rw,0,-0.487528344671,3.15646258503,,
mxa4KXSz9rw,1,2.39591836735,5.32154195011,,
mxa4KXSz9rw,2,38.8630385488,44.3927437642,,
mxa4KXSz9rw,3,44.8494331066,47.8049886621,,
mxa4KXSz9rw,4,47.4136054422,53.1628117914,,
mxa4KXSz9rw,5,4.620861678,10.779138322,,
mxa4KXSz9rw,6,12.7424036281,16.3464852608,,
mxa4KXSz9rw,7,16.0947845805,19.2099773243,,
mxa4KXSz9rw,8,19.0879818594,23.6,,
mxa4KXSz9rw,9,22.8993197279,33.2081632653,,
mxa4KXSz9rw,10,32.6471655329,36.4607709751,,
mxa4KXSz9rw,11,35.6303854875,38.6458049887,,
mzAu5gxjE-w,0,0.0,11.168,,
mzAu5gxjE-w,1,10.527,17.414,,
mzAu5gxjE-w,2,16.414,33.298,,
mzAu5gxjE-w,3,52.552,73.028,,
mzTHW2dtbs4,0,0.45,8.285,,
mzTHW2dtbs4,1,96.831,112.428,,
mzTHW2dtbs4,2,36.947,42.597,,
mzTHW2dtbs4,3,41.936,52.624,,
mziQcFSsdRI,0,3.204,11.677,,
mziQcFSsdRI,1,11.176,20.108,,
mziQcFSsdRI,2,23.638,29.816,,
n-sgVVTE9Io,0,0.0,4.244,,
n-sgVVTE9Io,1,3.833,15.708,,
n-sgVVTE9Io,2,15.386,26.064,,
n-sgVVTE9Io,3,52.622,62.063,,
n2BuwHbdilY,0,0.0,12.665,,
n2BuwHbdilY,1,12.114,26.643,,
n2BuwHbdilY,2,25.813,45.59,,
n2BuwHbdilY,3,44.59,48.593,,
n4xRx0J3rYQ,0,0.0,5.85,,
n4xRx0J3rYQ,1,5.828,22.273,,
n4xRx0J3rYQ,2,86.066,90.747,,
n4xRx0J3rYQ,3,99.336,111.49,,
n4xRx0J3rYQ,4,111.618,123.363,,
n4xRx0J3rYQ,5,122.683,130.717,,
n4xRx0J3rYQ,6,133.987,140.794,,
n4xRx0J3rYQ,7,154.251,166.126,,
n4xRx0J3rYQ,8,21.882,35.453,,
n4xRx0J3rYQ,9,38.514,46.089,,
n4xRx0J3rYQ,10,49.419,60.456,,
n4xRx0J3rYQ,11,59.596,66.842,,
n4xRx0J3rYQ,12,66.42,74.295,,
n4xRx0J3rYQ,13,74.562,86.517,,
n5J1ZkGUGnU,0,51.0464852608,54.6183673469,,
n5J1ZkGUGnU,1,15.0083900227,20.7253968254,,
n5J1ZkGUGnU,2,21.2242630385,24.6963718821,,
n5J1ZkGUGnU,3,25.4845804989,33.0174603175,,
n5J1ZkGUGnU,4,37.9462585034,45.9380952381,,
n5MU2-GFjo8,0,0.0,19.589,,
n5MU2-GFjo8,1,19.168,31.402,,
n5MU2-GFjo8,2,58.319,63.32,,
n5MU2-GFjo8,3,78.782,98.141,,
n5MU2-GFjo8,4,115.888,122.186,,
n7K5SpMrQt0,0,52.073,58.96,,
n7K5SpMrQt0,1,58.688,62.571,,
n7K5SpMrQt0,2,64.764,69.306,,
n7K5SpMrQt0,3,75.38,83.544,,
n7K5SpMrQt0,4,83.182,88.373,,
n7K5SpMrQt0,5,18.529,23.959,,
n7K5SpMrQt0,6,40.769,47.466,,
nAhn8-kZpM8,0,103.267,109.295,,
nAhn8-kZpM8,1,109.153,128.691,,
nD1R4UedEDo,0,0.320634920635,5.86031746032,,
nD1R4UedEDo,1,5.379138322,18.6113378685,,
nD1R4UedEDo,2,70.0920634921,77.9365079365,,
nD1R4UedEDo,3,77.5551020408,86.8163265306,,
nD1R4UedEDo,4,86.2154195011,90.7174603175,,
nD1R4UedEDo,5,89.7174603175,93.0721088435,,
nD1R4UedEDo,6,92.4712018141,102.470748299,,
nD1R4UedEDo,7,102.039455782,112.218594104,,
nD1R4UedEDo,8,18.2399092971,25.2961451247,,
nD1R4UedEDo,9,25.1342403628,34.8244897959,,
nD1R4UedEDo,10,34.3632653061,40.3419501134,,
nD1R4UedEDo,11,39.8009070295,58.8,,
nD1R4UedEDo,12,58.4485260771,64.6267573696,,
nD1R4UedEDo,13,64.1755102041,70.6231292517,,
nDXKvarLEOM,0,0.0,2.767,,
nDXKvarLEOM,1,31.829,38.227,,
nDXKvarLEOM,2,39.641,46.378,,
nDXKvarLEOM,3,45.378,51.517,,
nErOMpqvcRg,0,24.536,29.467,,
nErOMpqvcRg,1,28.936,39.683,,
nErOMpqvcRg,2,49.449,69.466,,
nF0AMbTH4VM,0,0.0,11.847,,
nFTo-Lz4Fr8,0,16.514,25.795,,
nFTo-Lz4Fr8,1,30.961,38.586,,
nGah7qST1dI,0,12.6126984127,14.5505668934,,
nGah7qST1dI,1,13.8698412698,17.7233560091,,
nGah7qST1dI,2,17.022675737,23.3405895692,,
nGah7qST1dI,3,44.0213151927,54.4099773243,,
nGah7qST1dI,4,53.6494331066,57.6426303855,,
nHMHePX9WoU,0,-0.208163265306,4.24399092971,,
nHMHePX9WoU,1,6.16734693878,9.95102040816,,
nHMHePX9WoU,2,18.7886621315,27.5210884354,,
nHP7l5zAwGA,0,0.0,18.512,,
nHP7l5zAwGA,1,156.855,167.014,,
nHP7l5zAwGA,2,116.537,131.106,,
nHP7l5zAwGA,3,130.674,137.242,,
nISNBD3I95A,0,0.0,9.163,,
nKiC9sEP2vM,0,0.0,9.911,,
nKiC9sEP2vM,1,9.829,15.598,,
nKiC9sEP2vM,2,96.283,108.198,,
nKiC9sEP2vM,3,107.198,121.737,,
nKiC9sEP2vM,4,123.98,133.241,,
nKiC9sEP2vM,5,153.922,164.25,,
nKiC9sEP2vM,6,172.868,181.431,,
nKiC9sEP2vM,7,193.382,201.605,,
nKiC9sEP2vM,8,15.067,32.809,,
nKiC9sEP2vM,9,206.093,217.27,,
nKiC9sEP2vM,10,217.457,225.062,,
nKiC9sEP2vM,11,36.927,50.12,,
nKiC9sEP2vM,12,50.686,63.849,,
nKiC9sEP2vM,13,74.622,81.718,,
nM5S3xxNOlQ,0,-0.487528344671,5.96009070295,,
nM5S3xxNOlQ,1,5.5387755102,16.0870748299,,
nM5S3xxNOlQ,2,47.673015873,55.4775510204,,
nM5S3xxNOlQ,3,15.0870748299,19.9183673469,,
nM5S3xxNOlQ,4,19.3573696145,27.0621315193,,
nM5S3xxNOlQ,5,26.6408163265,36.3410430839,,
nM5S3xxNOlQ,6,35.6802721088,41.4793650794,,
nM5S3xxNOlQ,7,40.9383219955,43.6843537415,,
nM5S3xxNOlQ,8,42.7541950113,46.2684807256,,
nM5S3xxNOlQ,9,45.6276643991,48.673015873,,
nMCCLB9gOag,0,-0.487528344671,15.7278911565,,
nMCCLB9gOag,1,51.1650793651,55.3578231293,,
nMCCLB9gOag,2,54.3578231293,56.7746031746,,
nMCCLB9gOag,3,28.6662131519,34.1859410431,,
nMCCLB9gOag,4,35.3011337868,45.6,,
nMCCLB9gOag,5,44.7696145125,51.3768707483,,
nMCCLB9gOag,6,50.3768707483,52.1650793651,,
nNFDj9fRAqE,0,0.0,7.337,,
nQ7txb1MtG0,0,13.58,22.572,,
nQ7txb1MtG0,1,21.981,33.657,,
nTBKtwqPIYw,0,3.623,12.336,,
nTBKtwqPIYw,1,52.672,60.905,,
nTBKtwqPIYw,2,59.905,66.263,,
nTBKtwqPIYw,3,11.336,22.313,,
nTBKtwqPIYw,4,21.862,27.172,,
nTBKtwqPIYw,5,40.878,45.879,,
nTBKtwqPIYw,6,48.521,53.352,,
nTZSH0EwpnY,0,0.0,9.682,,
nTZSH0EwpnY,1,123.331,144.296,,
nTZSH0EwpnY,2,143.984,156.428,,
nTZSH0EwpnY,3,159.249,172.492,,
nTZSH0EwpnY,4,12.792,25.745,,
nTZSH0EwpnY,5,28.038,36.66,,
nTZSH0EwpnY,6,35.66,47.965,,
nTZSH0EwpnY,7,56.403,63.599,,
nTZSH0EwpnY,8,63.118,71.731,,
nUZYqTRSGDw,0,20.365,31.063,,
nUZYqTRSGDw,1,34.423,41.459,,
nXWNHVZtV9A,0,30.632,41.599,,
nZEPf7a8GbI,0,24.576,31.392,,
nZEPf7a8GbI,1,30.901,38.317,,
nZFPKP9kBkw,0,3.583,9.961,,
nZFPKP9kBkw,1,9.45,18.98,,
nZFPKP9kBkw,2,18.4,27.272,,
nZFPKP9kBkw,3,26.521,36.271,,
nZFPKP9kBkw,4,40.509,55.068,,
naZi9AusrW4,0,8.722,17.813,,
naZi9AusrW4,1,31.33,37.638,,
namehdJxRIM,0,0.0,6.22,,
namehdJxRIM,1,5.948,10.121,,
namehdJxRIM,2,9.121,17.444,,
namehdJxRIM,3,36.049,45.341,,
namehdJxRIM,4,45.717,50.379,,
nbru7qLot04,0,0.0124716553288,4.63197278912,,
nbru7qLot04,1,62.4206349206,68.3272108844,,
nbru7qLot04,2,70.2628117914,75.1716553288,,
nbru7qLot04,3,84.1911564626,87.4437641723,,
nbru7qLot04,4,88.1820861678,97.4609977324,,
nbru7qLot04,5,6.27823129252,10.7380952381,,
nbru7qLot04,6,11.5961451247,22.870521542,,
nbru7qLot04,7,23.6587301587,31.7902494331,,
nbru7qLot04,8,33.9253968254,41.8274376417,,
nbru7qLot04,9,42.3562358277,47.8337868481,,
nbru7qLot04,10,47.8337868481,53.520861678,,
nbru7qLot04,11,53.9798185941,62.4206349206,,
ngp7s5Wvde0,0,2.705,11.887,,
ngp7s5Wvde0,1,95.075,113.785,,
ngp7s5Wvde0,2,113.434,124.141,,
ngp7s5Wvde0,3,22.021,34.565,,
ngp7s5Wvde0,4,74.302,84.202,,
nhD9WSEIspQ,0,0.0,5.741,,
nhD9WSEIspQ,1,5.11,14.062,,
nhD9WSEIspQ,2,80.119,88.752,,
nhD9WSEIspQ,3,97.31,102.531,,
nhD9WSEIspQ,4,106.3,120.649,,
nhD9WSEIspQ,5,50.327,53.283,,
niX_m3aMxhQ,0,0.0,3.286,,
niX_m3aMxhQ,1,7.524,15.239,,
niX_m3aMxhQ,2,15.127,27.481,,
niX_m3aMxhQ,3,26.481,33.398,,
nmWplIQhvoA,0,0.0,5.81,,
nmWplIQhvoA,1,5.279,8.235,,
nmWplIQhvoA,2,7.614,13.772,,
nmWplIQhvoA,3,12.772,16.845,,
npIVLL_fTf0,0,0.0,18.901,,
npIVLL_fTf0,1,87.542,97.642,,
npIVLL_fTf0,2,97.42,104.815,,
npIVLL_fTf0,3,105.911,118.534,,
npIVLL_fTf0,4,117.794,129.27,,
npIVLL_fTf0,5,145.251,152.996,,
npIVLL_fTf0,6,173.437,182.619,,
npIVLL_fTf0,7,196.864,203.052,,
npIVLL_fTf0,8,30.632,39.145,,
npIVLL_fTf0,9,38.993,47.236,,
npIVLL_fTf0,10,77.934,86.806,,
nsLACXjD4KU,0,14.937414966,20.6068027211,,
nsLACXjD4KU,1,21.8217687075,33.2879818594,,
nsLACXjD4KU,2,34.1038548753,45.6099773243,,
nsLACXjD4KU,3,45.8272108844,50.8979591837,,
nw6Kf3AtCz4,0,0.69977324263,5.91020408163,,
nw6Kf3AtCz4,1,36.3886621315,40.8907029478,,
nw6Kf3AtCz4,2,39.8907029478,43.2353741497,,
nw6Kf3AtCz4,3,42.2952380952,44.7219954649,,
nw6Kf3AtCz4,4,43.9414965986,56.4752834467,,
nw6Kf3AtCz4,5,56.3433106576,61.6136054422,,
nw6Kf3AtCz4,6,60.8829931973,65.3052154195,,
nw6Kf3AtCz4,7,64.5646258503,71.6707482993,,
nw6Kf3AtCz4,8,70.8503401361,72.8979591837,,
nw6Kf3AtCz4,9,71.9378684807,79.1736961451,,
nw6Kf3AtCz4,10,4.91020408163,7.33696145125,,
nw6Kf3AtCz4,11,78.1736961451,83.6136054422,,
nw6Kf3AtCz4,12,83.062585034,87.7242630385,,
nw6Kf3AtCz4,13,86.8739229025,89.4503401361,,
nw6Kf3AtCz4,14,88.6,94.4988662132,,
nw6Kf3AtCz4,15,93.6185941043,96.9632653061,,
nw6Kf3AtCz4,16,96.3823129252,100.525170068,,
nw6Kf3AtCz4,17,99.654875283,107.798639456,,
nw6Kf3AtCz4,18,106.798639456,110.582312925,,
nw6Kf3AtCz4,19,109.801814059,112.946938776,,
nw6Kf3AtCz4,20,6.33696145125,9.24263038549,,
nw6Kf3AtCz4,21,112.665306122,124.201360544,,
nw6Kf3AtCz4,22,123.201360544,131.953741497,,
nw6Kf3AtCz4,23,130.953741497,136.413605442,,
nw6Kf3AtCz4,24,135.543310658,140.584126984,,
nw6Kf3AtCz4,25,139.584126984,143.597278912,,
nw6Kf3AtCz4,26,142.597278912,145.622675737,,
nw6Kf3AtCz4,27,8.30249433107,12.2757369615,,
nw6Kf3AtCz4,28,11.5151927438,17.8430839002,,
nw6Kf3AtCz4,29,16.9528344671,20.377324263,,
nw6Kf3AtCz4,30,19.377324263,24.1986394558,,
nw6Kf3AtCz4,31,23.3083900227,27.1718820862,,
nw6Kf3AtCz4,32,26.4612244898,37.0394557823,,
nxksB2kDJ6o,0,0.0,7.906,,
nxksB2kDJ6o,1,39.971,57.014,,
nyzIL6YAonY,0,27.03,32.43,,
nyzIL6YAonY,1,32.128,37.129,,
nyzIL6YAonY,2,36.648,47.027,,
nz2vkMyqfeE,0,76.697,87.235,,
nz2vkMyqfeE,1,86.654,99.996,,
nz2vkMyqfeE,2,99.336,111.271,,
nz2vkMyqfeE,3,117.614,123.333,,
nz2vkMyqfeE,4,15.945,23.929,,
nz2vkMyqfeE,5,33.066,40.332,,
o1cRmT9qnOc,0,0.0,10.749,,
o2XbNJDpOlc,0,89.618,95.886,,
o2XbNJDpOlc,1,95.814,105.334,,
o2XbNJDpOlc,2,120.797,129.819,,
o2XbNJDpOlc,3,136.252,142.909,,
o2XbNJDpOlc,4,64.185,70.104,,
o2XbNJDpOlc,5,81.446,88.692,,
o2bNnLOEEC0,0,0.6798185941,2.47800453515,,
o2bNnLOEEC0,1,3.98231292517,5.80045351474,,
o2bNnLOEEC0,2,7.08526077098,9.27256235828,,
o2bNnLOEEC0,3,9.03083900227,12.9342403628,,
o2miCpS7Hwo,0,10.428,17.564,,
o2miCpS7Hwo,1,31.46,38.805,,
o2miCpS7Hwo,2,38.344,51.726,,
o4b7hjQwpv0,0,0.0,4.853,,
o4b7hjQwpv0,1,3.942,12.356,,
o4b7hjQwpv0,2,11.356,16.855,,
o4b7hjQwpv0,3,15.855,19.529,,
o4b7hjQwpv0,4,19.118,25.805,,
o4b7hjQwpv0,5,24.805,35.024,,
o4b7hjQwpv0,6,35.221,42.198,,
o4b7hjQwpv0,7,41.198,47.196,,
o4b7hjQwpv0,8,46.196,51.985,,
o4b7hjQwpv0,9,51.594,57.832,,
o5OsO6Aq9pA,0,-0.487528344671,2.85714285714,,
o5OsO6Aq9pA,1,40.7886621315,47.0766439909,,
o5OsO6Aq9pA,2,5.59863945578,8.89342403628,,
o5OsO6Aq9pA,3,7.99319727891,12.5850340136,,
o5OsO6Aq9pA,4,12.0140589569,15.1492063492,,
o5OsO6Aq9pA,5,15.2467120181,20.6068027211,,
o5OsO6Aq9pA,6,20.4349206349,24.0789115646,,
o5OsO6Aq9pA,7,26.3814058957,31.0829931973,,
o5OsO6Aq9pA,8,30.9410430839,40.212244898,,
o63doZKEIds,0,0.38,3.615,,
o63doZKEIds,1,2.615,5.481,,
o63doZKEIds,2,4.661,15.748,,
o63doZKEIds,3,15.177,19.35,,
o63doZKEIds,4,29.814,35.144,,
o63doZKEIds,5,34.673,43.046,,
o63doZKEIds,6,42.235,49.681,,
o63doZKEIds,7,48.681,51.776,,
o63doZKEIds,8,51.125,54.639,,
o6Cd9RmqdBc,0,0.0,3.077,,
o6Cd9RmqdBc,1,2.127,9.362,,
o6Cd9RmqdBc,2,8.362,15.089,,
o6Cd9RmqdBc,3,14.109,23.949,,
o6Cd9RmqdBc,4,23.927,26.733,,
o6Cd9RmqdBc,5,35.171,45.54,,
o6Cd9RmqdBc,6,44.879,51.098,,
o7vcTMAX9fQ,0,0.0,10.969,,
o8OZGBDPD8M,0,0.0,12.495,,
o8OZGBDPD8M,1,78.174,83.185,,
o8OZGBDPD8M,2,82.185,90.877,,
o8OZGBDPD8M,3,91.643,101.862,,
o8OZGBDPD8M,4,134.067,143.937,,
o8OZGBDPD8M,5,38.145,54.131,,
o8OZGBDPD8M,6,60.813,70.184,,
oANUXY3xXKM,0,6.69614512472,11.0884353741,,
oANUXY3xXKM,1,10.5174603175,16.0671201814,,
oANUXY3xXKM,2,15.3365079365,26.2340136054,,
oANUXY3xXKM,3,25.5832199546,32.968707483,,
oANUXY3xXKM,4,32.3678004535,38.4662131519,,
oANUXY3xXKM,5,37.4662131519,42.9160997732,,
oANUXY3xXKM,6,41.9160997732,45.6997732426,,
oANUXY3xXKM,7,44.6997732426,51.0476190476,,
oBS-IW-BO00,0,15.277,26.992,,
oBS-IW-BO00,1,26.91,33.647,,
oBS-IW-BO00,2,57.84,69.855,,
oBS-IW-BO00,3,72.008,83.155,,
oCsrnIomHos,0,87.672,96.275,,
oCsrnIomHos,1,158.761,171.344,,
oCsrnIomHos,2,225.02,236.327,,
oCsrnIomHos,3,33.775,42.218,,
oCsrnIomHos,4,57.461,79.453,,
oDznO5w3v0U,0,65.592,76.34,,
oDznO5w3v0U,1,27.778,32.889,,
oDznO5w3v0U,2,46.077,52.085,,
oGFDE-6nd7Q,0,0.0,10.969,,
oGFDE-6nd7Q,1,11.954,24.987,,
oGFDE-6nd7Q,2,24.745,28.349,,
oGFDE-6nd7Q,3,28.207,40.312,,
oGFDE-6nd7Q,4,42.126,47.526,,
oGFDE-6nd7Q,5,47.713,53.881,,
oGnKsroR0R0,0,-0.487528344671,4.7029478458,,
oGnKsroR0R0,1,3.7029478458,11.8566893424,,
oGnKsroR0R0,2,57.001814059,61.114739229,,
oGnKsroR0R0,3,60.114739229,63.3496598639,,
oGnKsroR0R0,4,63.3473922902,70.293877551,,
oGnKsroR0R0,5,69.7528344671,81.6480725624,,
oGnKsroR0R0,6,80.6480725624,94.7283446712,,
oGnKsroR0R0,7,94.0675736961,100.016326531,,
oGnKsroR0R0,8,99.0163265306,100.804535147,,
oGnKsroR0R0,9,101.460770975,108.95600907,,
oGnKsroR0R0,10,107.95600907,113.96462585,,
oGnKsroR0R0,11,10.916553288,15.8975056689,,
oGnKsroR0R0,12,14.9473922902,27.4013605442,,
oGnKsroR0R0,13,26.4013605442,34.0263038549,,
oGnKsroR0R0,14,33.1260770975,39.6235827664,,
oGnKsroR0R0,15,38.7632653061,42.0680272109,,
oGnKsroR0R0,16,41.0680272109,44.612244898,,
oGnKsroR0R0,17,43.6721088435,55.3079365079,,
oH9fMma8jiQ,0,67.318,81.209,,
oHV99Y_EWfI,0,0.0,8.903,,
oHV99Y_EWfI,1,70.93,78.046,,
oHV99Y_EWfI,2,83.502,91.156,,
oHV99Y_EWfI,3,91.743,97.781,,
oHV99Y_EWfI,4,102.977,108.467,,
oHV99Y_EWfI,5,111.678,118.035,,
oHV99Y_EWfI,6,131.343,136.603,,
oHV99Y_EWfI,7,177.448,183.447,,
oHV99Y_EWfI,8,183.494,191.409,,
oHV99Y_EWfI,9,27.888,34.256,,
oHV99Y_EWfI,10,34.782,42.158,,
oHV99Y_EWfI,11,42.525,49.521,,
oHV99Y_EWfI,12,48.85,54.091,,
oHV99Y_EWfI,13,53.899,64.108,,
oHff2W51wZ8,0,1.30839002268,10.0707482993,,
oHff2W51wZ8,1,9.07074829932,16.2367346939,,
oHff2W51wZ8,2,15.2367346939,25.0467120181,,
oHff2W51wZ8,3,24.0666666667,30.3346938776,,
oHff2W51wZ8,4,29.7138321995,34.9242630385,,
oHff2W51wZ8,5,33.9242630385,44.6721088435,,
oHff2W51wZ8,6,43.6721088435,49.8403628118,,
oK951Y2N_k0,0,4.152,9.293,,
oNCvb0F-c88,0,19.966,25.645,,
oNnoN0bxVnA,0,-0.487528344671,2.66757369615,,
oNnoN0bxVnA,1,1.91700680272,5.0820861678,,
oNnoN0bxVnA,2,30.601814059,35.243537415,,
oNnoN0bxVnA,3,34.3233560091,40.9405895692,,
oNnoN0bxVnA,4,39.9405895692,45.4204081633,,
oNnoN0bxVnA,5,44.5102040816,55.2780045351,,
oO61Ma17tRA,0,0.0,11.917,,
oO61Ma17tRA,1,11.395,29.008,,
oO61Ma17tRA,2,28.606,43.076,,
oOhxCwkZsUI,0,0.0,6.349,,
oOhxCwkZsUI,1,5.808,11.188,,
oPlnhc0DkcU,0,0.0,12.675,,
oPlnhc0DkcU,1,12.094,16.716,,
oPlnhc0DkcU,2,16.065,23.121,,
oPlnhc0DkcU,3,22.77,28.08,,
oPlnhc0DkcU,4,27.878,43.225,,
oPvUDLhTrjI,0,0.0,4.843,,
oPvUDLhTrjI,1,73.285,80.171,,
oPvUDLhTrjI,2,80.249,88.004,,
oPvUDLhTrjI,3,97.121,103.708,,
oPvUDLhTrjI,4,103.366,108.337,,
oPvUDLhTrjI,5,107.946,125.528,,
oPvUDLhTrjI,6,22.081,28.0,,
oPvUDLhTrjI,7,27.728,34.106,,
oPvUDLhTrjI,8,50.936,55.877,,
oPvUDLhTrjI,9,55.346,67.829,,
oPvUDLhTrjI,10,66.829,73.606,,
oQizLbmte0c,0,7.135,14.451,,
oQizLbmte0c,1,38.564,60.925,,
oQizLbmte0c,2,63.138,68.468,,
oQizLbmte0c,3,68.685,75.402,,
oQizLbmte0c,4,74.402,89.051,,
oQizLbmte0c,5,88.909,93.92,,
oQizLbmte0c,6,19.128,24.308,,
oVqBUyKvgdU,0,0.0,7.098,,
oVqBUyKvgdU,1,6.237,25.047,,
oVqBUyKvgdU,2,148.015,181.531,,
oVqBUyKvgdU,3,36.898,57.164,,
oVqBUyKvgdU,4,90.346,121.877,,
oVqBUyKvgdU,5,133.817,148.426,,
oW1OEsP7Dds,0,83.671,94.479,,
oW1OEsP7Dds,1,93.908,103.728,,
oW1OEsP7Dds,2,51.604,56.126,,
oWAyEzyp2xQ,0,16.763,22.203,,
oWAyEzyp2xQ,1,74.083,88.014,,
oWAyEzyp2xQ,2,88.8,98.22,,
oWAyEzyp2xQ,3,97.699,101.144,,
oWAyEzyp2xQ,4,107.986,115.192,,
oWAyEzyp2xQ,5,114.591,123.423,,
oWAyEzyp2xQ,6,141.171,146.77,,
oWAyEzyp2xQ,7,21.313,27.232,,
oWAyEzyp2xQ,8,146.02,155.52,,
oWAyEzyp2xQ,9,51.774,57.653,,
oWAyEzyp2xQ,10,57.441,64.407,,
oWAyEzyp2xQ,11,63.597,74.584,,
oZkWWCQw2Js,0,0.0,8.734,,
oZkWWCQw2Js,1,93.728,106.951,,
oZkWWCQw2Js,2,106.469,113.067,,
oZxMx8e0x2U,0,0.0,4.823,,
oZxMx8e0x2U,1,4.341,11.757,,
oZxMx8e0x2U,2,10.757,14.97,,
oaC1UATdtAg,0,1.897,9.741,,
oaC1UATdtAg,1,10.148,29.596,,
oaC1UATdtAg,2,28.596,36.83,,
oaC1UATdtAg,3,35.83,54.4,,
oaC1UATdtAg,4,54.068,62.392,,
obGF3RfWQKE,0,44.141,53.781,,
obGF3RfWQKE,1,69.234,74.814,,
obGF3RfWQKE,2,82.903,88.403,,
obGF3RfWQKE,3,87.473,90.877,,
obGF3RfWQKE,4,96.362,102.022,,
obGF3RfWQKE,5,101.022,103.818,,
obGF3RfWQKE,6,102.818,107.449,,
obGF3RfWQKE,7,106.529,110.373,,
obGF3RfWQKE,8,7.494,16.446,,
obGF3RfWQKE,9,118.572,131.714,,
obGF3RfWQKE,10,130.714,137.252,,
obGF3RfWQKE,11,140.073,143.907,,
obGF3RfWQKE,12,15.446,25.007,,
obGF3RfWQKE,13,26.292,31.781,,
obGF3RfWQKE,14,37.097,42.387,,
obnOnuzb-Xw,0,-0.457596371882,3.46575963719,,
obnOnuzb-Xw,1,2.94467120181,8.99319727891,,
obnOnuzb-Xw,2,15.3764172336,20.0879818594,,
obnOnuzb-Xw,3,19.0879818594,24.2285714286,,
obnOnuzb-Xw,4,25.1142857143,33.5074829932,,
oecQ9yDtfx0,0,0.0,12.356,,
oecQ9yDtfx0,1,20.824,32.6,,
oecQ9yDtfx0,2,42.784,49.771,,
ogGweZUAVtU,0,1.65759637188,3.40589569161,,
ogGweZUAVtU,1,2.40589569161,9.74149659864,,
ogGweZUAVtU,2,42.4648526077,45.6299319728,,
ogGweZUAVtU,3,45.1786848073,50.4290249433,,
ogGweZUAVtU,4,49.798185941,52.7537414966,,
ogGweZUAVtU,5,51.7537414966,58.2911564626,,
ogGweZUAVtU,6,57.4009070295,59.7777777778,,
ogGweZUAVtU,7,58.7777777778,62.7510204082,,
ogGweZUAVtU,8,62.5691609977,65.8439909297,,
ogGweZUAVtU,9,65.3129251701,68.7873015873,,
ogGweZUAVtU,10,67.7873015873,71.7804988662,,
ogGweZUAVtU,11,71.1995464853,75.3024943311,,
ogGweZUAVtU,12,8.74149659864,15.3287981859,,
ogGweZUAVtU,13,74.3024943311,78.5950113379,,
ogGweZUAVtU,14,77.5950113379,82.7854875283,,
ogGweZUAVtU,15,81.7854875283,87.5546485261,,
ogGweZUAVtU,16,86.5546485261,92.3537414966,,
ogGweZUAVtU,17,92.012244898,95.8757369615,,
ogGweZUAVtU,18,95.2947845805,106.830839002,,
ogGweZUAVtU,19,105.970521542,109.824036281,,
ogGweZUAVtU,20,109.412698413,112.647619048,,
ogGweZUAVtU,21,111.647619048,118.404535147,,
ogGweZUAVtU,22,118.32244898,121.786848073,,
ogGweZUAVtU,23,14.747845805,18.252154195,,
ogGweZUAVtU,24,120.846712018,125.598185941,,
ogGweZUAVtU,25,124.87755102,130.287528345,,
ogGweZUAVtU,26,130.56462585,133.699773243,,
ogGweZUAVtU,27,132.699773243,142.988662132,,
ogGweZUAVtU,28,141.988662132,145.353287982,,
ogGweZUAVtU,29,144.882086168,149.453968254,,
ogGweZUAVtU,30,148.453968254,151.419501134,,
ogGweZUAVtU,31,150.569160998,155.210884354,,
ogGweZUAVtU,32,155.009070295,160.389115646,,
ogGweZUAVtU,33,161.324716553,164.988662132,,
ogGweZUAVtU,34,18.0204081633,24.7673469388,,
ogGweZUAVtU,35,163.988662132,168.460770975,,
ogGweZUAVtU,36,167.979591837,171.084807256,,
ogGweZUAVtU,37,171.351927438,176.492517007,,
ogGweZUAVtU,38,175.931519274,179.166439909,,
ogGweZUAVtU,39,178.445804989,184.514285714,,
ogGweZUAVtU,40,184.063038549,187.916553288,,
ogGweZUAVtU,41,187.654875283,192.845351474,,
ogGweZUAVtU,42,192.254421769,194.790929705,,
ogGweZUAVtU,43,193.790929705,196.806349206,,
ogGweZUAVtU,44,24.5655328798,30.0553287982,,
ogGweZUAVtU,45,196.464852608,200.637641723,,
ogGweZUAVtU,46,199.637641723,207.601814059,,
ogGweZUAVtU,47,206.801360544,210.954195011,,
ogGweZUAVtU,48,29.0553287982,33.8267573696,,
ogGweZUAVtU,49,33.1260770975,35.9818594104,,
ogGweZUAVtU,50,34.9818594104,38.1369614512,,
ogGweZUAVtU,51,37.166893424,43.4648526077,,
oj7A8mpuBeQ,0,0.0,2.588,,
oj7A8mpuBeQ,1,1.787,7.217,,
oj7A8mpuBeQ,2,38.115,41.938,,
oj7A8mpuBeQ,3,41.088,50.309,,
oj7A8mpuBeQ,4,49.309,53.472,,
oj7A8mpuBeQ,5,6.337,10.709,,
oj7A8mpuBeQ,6,10.098,15.119,,
oj7A8mpuBeQ,7,14.119,18.502,,
oj7A8mpuBeQ,8,17.651,20.637,,
oj7A8mpuBeQ,9,19.796,22.802,,
oj7A8mpuBeQ,10,21.941,29.387,,
oj7A8mpuBeQ,11,28.676,32.59,,
oj7A8mpuBeQ,12,31.59,38.756,,
olVQZV_1rdA,0,0.0,17.654,,
olVQZV_1rdA,1,17.382,31.821,,
olcPEN9x5VY,0,0.0,3.236,,
olcPEN9x5VY,1,3.513,8.873,,
olcPEN9x5VY,2,8.951,12.176,,
olcPEN9x5VY,3,11.765,16.666,,
olcPEN9x5VY,4,16.055,18.971,,
olcPEN9x5VY,5,19.058,22.812,,
olcPEN9x5VY,6,22.281,24.039,,
olcPEN9x5VY,7,24.206,27.85,,
olcPEN9x5VY,8,27.17,31.432,,
olcPEN9x5VY,9,30.851,34.056,,
omBcvw7izuM,0,0.0,15.548,,
omBcvw7izuM,1,15.516,29.616,,
omBcvw7izuM,2,133.977,139.367,,
omBcvw7izuM,3,142.078,149.554,,
omBcvw7izuM,4,172.459,179.456,,
omBcvw7izuM,5,179.444,186.36,,
omBcvw7izuM,6,191.147,197.694,,
omBcvw7izuM,7,198.041,203.391,,
omBcvw7izuM,8,202.751,217.3,,
omBcvw7izuM,9,29.784,51.886,,
omBcvw7izuM,10,55.076,77.368,,
omBcvw7izuM,11,84.749,101.643,,
omBcvw7izuM,12,116.856,126.187,,
omBcvw7izuM,13,126.145,134.318,,
omHQ68k50XY,0,106.27,113.296,,
omHQ68k50XY,1,112.615,121.488,,
omHQ68k50XY,2,137.419,152.198,,
omHQ68k50XY,3,151.268,170.396,,
omHQ68k50XY,4,169.396,183.397,,
omHQ68k50XY,5,10.088,23.74,,
omHQ68k50XY,6,23.089,31.861,,
omHQ68k50XY,7,71.08,78.805,,
ooAF6I-fmTg,0,13.67,20.786,,
ooAF6I-fmTg,1,24.825,31.273,,
ooAF6I-fmTg,2,48.222,56.495,,
ooGB4BLK9PM,0,37.546,46.658,,
opHUZsc2WO8,0,6.177,17.215,,
opHUZsc2WO8,1,17.312,24.318,,
ossKC1VrusE,0,0.0,5.78,,
ossKC1VrusE,1,9.121,18.232,,
ossKC1VrusE,2,18.18,24.438,,
ossKC1VrusE,3,28.936,36.66,,
otna1VHHCow,0,0.0,3.945,,
otna1VHHCow,1,2.945,11.627,,
otna1VHHCow,2,10.627,14.88,,
otna1VHHCow,3,27.489,37.688,,
otna1VHHCow,4,36.688,45.051,,
otna1VHHCow,5,44.051,56.096,,
ou6S6fbfBWU,0,0.0,9.831,,
ou6S6fbfBWU,1,47.693,59.089,,
ouhCx4TgHlE,0,0.0,5.511,,
ouhCx4TgHlE,1,5.0,15.927,,
ouhCx4TgHlE,2,15.277,23.101,,
owT0_Xfu8a0,0,0.0,9.821,,
owT0_Xfu8a0,1,20.834,28.319,,
oyHKiX5YGDE,0,57.181,62.721,,
oyHKiX5YGDE,1,81.835,91.476,,
oyHKiX5YGDE,2,121.665,138.798,,
oyHKiX5YGDE,3,139.903,153.844,,
oyHKiX5YGDE,4,153.183,163.901,,
oyHKiX5YGDE,5,163.4,172.931,,
oyHKiX5YGDE,6,172.759,181.631,,
oyHKiX5YGDE,7,181.429,187.757,,
oyHKiX5YGDE,8,29.514,36.331,,
oyHKiX5YGDE,9,35.68,44.932,,
oyHKiX5YGDE,10,45.937,55.927,,
ozA7pRW4gFM,0,14.618,17.394,,
ozA7pRW4gFM,1,16.823,20.118,,
ozA7pRW4gFM,2,19.677,28.359,,
ozA7pRW4gFM,3,28.417,31.971,,
ozA7pRW4gFM,4,31.759,37.828,,
ozA7pRW4gFM,5,39.083,42.846,,
ozA7pRW4gFM,6,42.385,46.099,,
ozA7pRW4gFM,7,45.658,48.813,,
ozA7pRW4gFM,8,48.701,57.094,,
p18PVgfxook,0,24.635,33.418,,
p19Hsjx2xgI,0,14.059,39.604,,
p19Hsjx2xgI,1,87.014,100.116,,
p19Hsjx2xgI,2,138.656,144.395,,
p19Hsjx2xgI,3,143.864,163.801,,
p1zqEGwRMI8,0,28.197,37.558,,
p4IeTRNcxc4,0,19.796,28.449,,
p4IeTRNcxc4,1,27.978,41.37,,
p4IeTRNcxc4,2,55.575,64.647,,
p4WmcxrXkc4,0,0.0,20.697,,
p4WmcxrXkc4,1,19.697,24.388,,
p4WmcxrXkc4,2,26.611,43.615,,
p4WmcxrXkc4,3,42.954,47.326,,
p5LEk2u8tXk,0,57.7,65.305,,
p5LEk2u8tXk,1,66.271,72.489,,
p5LEk2u8tXk,2,74.402,81.468,,
p5LEk2u8tXk,3,80.468,88.034,,
p5LEk2u8tXk,4,8.602,18.073,,
p5LEk2u8tXk,5,17.472,21.185,,
p5LEk2u8tXk,6,36.838,50.05,,
p7zuPEZgtY4,0,0.0,4.304,,
p7zuPEZgtY4,1,64.844,72.12,,
p7zuPEZgtY4,2,78.174,91.795,,
p7zuPEZgtY4,3,93.948,100.126,,
p7zuPEZgtY4,4,99.655,114.064,,
p7zuPEZgtY4,5,10.178,15.159,,
p7zuPEZgtY4,6,53.47,58.331,,
pAclBdj20ZU,0,-0.487528344671,4.64308390023,,
pAclBdj20ZU,1,4.10204081633,10.0108843537,,
pAclBdj20ZU,2,43.422675737,47.6752834467,,
pAclBdj20ZU,3,47.0943310658,51.2371882086,,
pAclBdj20ZU,4,9.5297052154,18.1324263039,,
pAclBdj20ZU,5,17.631292517,20.7065759637,,
pAclBdj20ZU,6,20.1655328798,23.789569161,,
pAclBdj20ZU,7,23.0988662132,25.7950113379,,
pAclBdj20ZU,8,24.7950113379,27.8204081633,,
pAclBdj20ZU,9,27.1297052154,35.5229024943,,
pAclBdj20ZU,10,34.5229024943,38.316553288,,
pAclBdj20ZU,11,37.6158730159,43.5646258503,,
pC0zFF8CXXk,0,6.995,13.184,,
pC0zFF8CXXk,1,20.315,31.821,,
pDRdCSIyjkA,0,0.0,7.107,,
pDRdCSIyjkA,1,11.834,24.837,,
pDRdCSIyjkA,2,23.837,34.126,,
pFh-SLxltms,0,0.361,8.325,,
pFh-SLxltms,1,71.22,77.517,,
pFh-SLxltms,2,77.106,83.743,,
pFh-SLxltms,3,83.971,98.969,,
pFh-SLxltms,4,98.468,103.888,,
pFh-SLxltms,5,106.19,112.867,,
pFh-SLxltms,6,112.067,118.335,,
pFh-SLxltms,7,118.472,122.725,,
pFh-SLxltms,8,121.795,130.288,,
pFh-SLxltms,9,129.846,136.124,,
pFh-SLxltms,10,141.41,151.33,,
pFh-SLxltms,11,150.459,155.54,,
pFh-SLxltms,12,25.912,32.899,,
pFh-SLxltms,13,32.358,41.469,,
pFh-SLxltms,14,43.413,54.46,,
pFh-SLxltms,15,56.184,62.641,,
pI5Kng_GuLE,0,35.78,42.048,,
pIMByitigYI,0,2.925,7.367,,
pIMByitigYI,1,86.824,96.345,,
pIMByitigYI,2,105.731,113.246,,
pIMByitigYI,3,117.365,125.02,,
pIMByitigYI,4,124.518,130.467,,
pIMByitigYI,5,131.433,136.473,,
pIMByitigYI,6,6.816,15.768,,
pIMByitigYI,7,148.833,156.099,,
pIMByitigYI,8,165.236,176.902,,
pIMByitigYI,9,15.516,22.014,,
pIMByitigYI,10,39.831,46.378,,
pIMByitigYI,11,46.536,52.155,,
pIaEcqnzI-s,0,0.0,3.156,,
pIaEcqnzI-s,1,2.875,8.814,,
pIaEcqnzI-s,2,50.676,54.051,,
pIaEcqnzI-s,3,8.263,14.67,,
pIaEcqnzI-s,4,14.099,19.709,,
pIaEcqnzI-s,5,19.886,23.241,,
pIaEcqnzI-s,6,22.241,29.287,,
pIaEcqnzI-s,7,28.726,39.933,,
pIaEcqnzI-s,8,40.29,45.231,,
pIaEcqnzI-s,9,44.351,48.982,,
pIaEcqnzI-s,10,48.172,51.676,,
pKXaKinzTmY,0,25.364,30.993,,
pKXaKinzTmY,1,31.799,41.619,,
pKXaKinzTmY,2,41.627,49.411,,
pKXaKinzTmY,3,58.0,63.619,,
pOrk7fl1AYo,0,0.361,3.276,,
pOrk7fl1AYo,1,3.643,12.795,,
pOrk7fl1AYo,2,12.313,15.598,,
pOrk7fl1AYo,3,15.177,26.663,,
pOrk7fl1AYo,4,26.661,33.228,,
pQpy7RSfWzM,0,0.0,4.583,,
pQpy7RSfWzM,1,42.435,49.731,,
pQpy7RSfWzM,2,49.559,56.256,,
pQpy7RSfWzM,3,61.911,67.8,,
pQpy7RSfWzM,4,67.348,73.527,,
pQpy7RSfWzM,5,73.105,82.825,,
pQpy7RSfWzM,6,82.783,88.243,,
pQpy7RSfWzM,7,100.962,110.034,,
pQpy7RSfWzM,8,109.133,115.182,,
pQpy7RSfWzM,9,13.85,18.013,,
pQpy7RSfWzM,10,17.571,23.271,,
pQpy7RSfWzM,11,22.889,27.661,,
pQpy7RSfWzM,12,33.216,39.234,,
pQpy7RSfWzM,13,38.484,43.345,,
pRdxEaLB8r4,0,0.0,5.761,,
pRdxEaLB8r4,1,37.386,44.941,,
pSxte-ms0t8,0,3.154,7.626,,
pSxte-ms0t8,1,70.202,78.625,,
pSxte-ms0t8,2,81.426,87.894,,
pSxte-ms0t8,3,87.672,94.0,,
pSxte-ms0t8,4,93.938,98.969,,
pSxte-ms0t8,5,122.553,126.845,,
pSxte-ms0t8,6,7.684,18.422,,
pSxte-ms0t8,7,126.404,135.206,,
pSxte-ms0t8,8,137.868,143.348,,
pSxte-ms0t8,9,142.887,150.043,,
pSxte-ms0t8,10,18.42,25.635,,
pSxte-ms0t8,11,177.199,185.213,,
pSxte-ms0t8,12,193.452,206.065,,
pSxte-ms0t8,13,205.963,212.9,,
pSxte-ms0t8,14,212.738,222.568,,
pSxte-ms0t8,15,25.184,35.543,,
pSxte-ms0t8,16,35.451,42.138,,
pSxte-ms0t8,17,41.976,47.775,,
pSxte-ms0t8,18,47.573,54.839,,
pSxte-ms0t8,19,54.837,61.294,,
pSxte-ms0t8,20,61.432,68.947,,
pU-MjERGTUk,0,72.048,86.547,,
pVs1daijYTw,0,6.187,22.004,,
pVs1daijYTw,1,21.732,40.581,,
pVzHaakhKAw,0,0.0,9.362,,
pVzHaakhKAw,1,59.376,78.415,,
pY4ovojS4rk,0,0.0,6.529,,
pY4ovojS4rk,1,21.832,27.082,,
pY4ovojS4rk,2,37.287,47.665,,
pYUTSG9frAk,0,127.771,141.522,,
pYUTSG9frAk,1,4.112,10.38,,
pYUTSG9frAk,2,10.368,20.567,,
pYUTSG9frAk,3,20.285,34.475,,
pZye4zFzk3o,0,0.0,3.965,,
pZye4zFzk3o,1,3.364,7.816,,
pZye4zFzk3o,2,7.454,14.82,,
pZye4zFzk3o,3,14.917,20.776,,
pZye4zFzk3o,4,20.245,27.601,,
pZye4zFzk3o,5,26.94,30.245,,
pZye4zFzk3o,6,30.213,36.87,,
pZye4zFzk3o,7,36.558,41.519,,
pZye4zFzk3o,8,40.958,45.8,,
pZye4zFzk3o,9,44.8,52.634,,
pbFwuNCQlH8,0,41.4571428571,51.8358276644,,
pbFwuNCQlH8,1,50.8657596372,53.9410430839,,
pbFwuNCQlH8,2,53.170521542,55.8866213152,,
pbFwuNCQlH8,3,2.57551020408,6.84807256236,,
pbFwuNCQlH8,4,6.60634920635,13.662585034,,
pbFwuNCQlH8,5,14.2689342404,17.3741496599,,
pbFwuNCQlH8,6,16.9628117914,28.758276644,,
pbFwuNCQlH8,7,27.947845805,33.2580498866,,
pbFwuNCQlH8,8,32.8367346939,38.2965986395,,
pf-78LF4ORE,0,4.87,12.156,,
pf-78LF4ORE,1,68.176,72.778,,
pf-78LF4ORE,2,72.517,78.545,,
pf-78LF4ORE,3,78.104,87.315,,
pf-78LF4ORE,4,87.572,98.659,,
pf-78LF4ORE,5,106.28,111.141,,
pf-78LF4ORE,6,110.65,123.962,,
pf-78LF4ORE,7,122.962,128.871,,
pf-78LF4ORE,8,11.485,16.835,,
pf-78LF4ORE,9,129.687,136.074,,
pf-78LF4ORE,10,137.11,144.655,,
pf-78LF4ORE,11,154.151,170.486,,
pf-78LF4ORE,12,170.334,177.6,,
pf-78LF4ORE,13,182.936,189.054,,
pf-78LF4ORE,14,197.602,205.926,,
pf-78LF4ORE,15,16.374,30.814,,
pf-78LF4ORE,16,30.861,37.608,,
pf-78LF4ORE,17,57.61,64.756,,
pf6HYOOwfGE,0,0.0,5.581,,
pfCPogxnUfw,0,0.0,6.03,,
pfCPogxnUfw,1,5.03,12.984,,
pfCPogxnUfw,2,76.937,88.872,,
pfCPogxnUfw,3,88.331,94.948,,
pfCPogxnUfw,4,96.342,107.03,,
pfCPogxnUfw,5,106.13,111.341,,
pfCPogxnUfw,6,110.8,116.688,,
pfCPogxnUfw,7,116.716,123.433,,
pfCPogxnUfw,8,123.99,135.206,,
pfCPogxnUfw,9,142.667,149.394,,
pfCPogxnUfw,10,148.963,155.351,,
pfCPogxnUfw,11,164.647,173.599,,
pfCPogxnUfw,12,22.57,30.275,,
pfCPogxnUfw,13,29.275,34.116,,
pfCPogxnUfw,14,33.246,39.594,,
pfCPogxnUfw,15,44.151,50.659,,
pjWLxORDDP4,0,28.786,32.57,,
pkH2TfFN-6s,0,16.574,22.932,,
plsot5mFAtQ,0,41.826,48.883,,
plsot5mFAtQ,1,51.923,75.113,,
plsot5mFAtQ,2,74.332,84.901,,
pnSRLB6anIM,0,0.0,9.572,,
pnSRLB6anIM,1,9.32,17.743,,
pnSRLB6anIM,2,17.202,31.392,,
pnSRLB6anIM,3,31.55,36.62,,
pnSRLB6anIM,4,36.478,55.049,,
pnSRLB6anIM,5,54.877,71.561,,
pnSRLB6anIM,6,71.509,77.448,,
pnpFPX34Agk,0,-0.487528344671,6.33922902494,,
pnpFPX34Agk,1,23.1188208617,27.4612244898,,
pnpFPX34Agk,2,26.5709750567,28.9777777778,,
pnpFPX34Agk,3,27.9777777778,35.9519274376,,
pnpFPX34Agk,4,35.1614512472,37.6979591837,,
pnpFPX34Agk,5,36.8176870748,40.5315192744,,
po5jCjnxW1w,0,18.519,24.907,,
pqAGD3ijMPw,0,43.912,50.16,,
pqAGD3ijMPw,1,49.259,60.087,,
ptgBkE_e5js,0,13.91,26.284,,
ptgBkE_e5js,1,29.045,39.474,,
ptp-kfn4vWY,0,27.379,35.114,,
ptp-kfn4vWY,1,34.603,48.374,,
pttwIaJmfcU,0,14.608,24.378,,
pttwIaJmfcU,1,24.166,38.646,,
pttwIaJmfcU,2,38.324,62.073,,
pu1C7tmYHxI,0,0.0,16.456,,
pu1C7tmYHxI,1,16.045,25.875,,
pu1C7tmYHxI,2,25.454,37.269,,
puum3vabpb4,0,96.023,101.693,,
puum3vabpb4,1,118.851,125.119,,
puum3vabpb4,2,130.565,137.93,,
puum3vabpb4,3,147.975,152.577,,
puum3vabpb4,4,17.841,25.615,,
puum3vabpb4,5,152.136,156.069,,
puum3vabpb4,6,155.698,162.315,,
puum3vabpb4,7,162.243,167.144,,
puum3vabpb4,8,168.279,177.271,,
puum3vabpb4,9,177.668,182.619,,
puum3vabpb4,10,192.484,204.559,,
puum3vabpb4,11,204.616,210.455,,
puum3vabpb4,12,209.874,214.835,,
puum3vabpb4,13,25.354,31.462,,
puum3vabpb4,14,227.474,232.465,,
puum3vabpb4,15,37.756,56.505,,
puum3vabpb4,16,56.303,65.844,,
puum3vabpb4,17,65.882,83.963,,
puum3vabpb4,18,82.963,94.289,,
pvIQWWiT4-0,0,0.0,12.924,,
pvlmYjQdRmA,0,0.0,5.89,,
pwj9YeMJC08,0,63.4682539683,71.0011337868,,
pwj9YeMJC08,1,71.4900226757,77.5462585034,,
pwj9YeMJC08,2,77.985260771,81.9163265306,,
pwj9YeMJC08,3,83.3031746032,87.0346938776,,
pwj9YeMJC08,4,17.1036281179,21.2741496599,,
pwj9YeMJC08,5,22.2818594104,32.0696145125,,
pwj9YeMJC08,6,36.529478458,41.6578231293,,
pwj9YeMJC08,7,42.1666666667,49.9689342404,,
pzUplbeH_fg,0,0.0,15.229,,
q-0gu48ClF4,0,-0.467573696145,3.68526077098,,
q-0gu48ClF4,1,3.14421768707,9.62176870748,,
q-0gu48ClF4,2,8.97097505669,21.6145124717,,
q-0gu48ClF4,3,44.5700680272,51.8657596372,,
q17gSr9kNww,0,0.39,7.826,,
q17gSr9kNww,1,108.156,116.619,,
q17gSr9kNww,2,116.157,122.795,,
q17gSr9kNww,3,7.155,17.683,,
q17gSr9kNww,4,135.583,140.654,,
q17gSr9kNww,5,24.306,32.3,,
q17gSr9kNww,6,31.939,43.355,,
q1_knonj0Lw,0,0.0,3.825,,
q1_knonj0Lw,1,59.327,63.888,,
q1_knonj0Lw,2,63.278,69.925,,
q1_knonj0Lw,3,78.443,85.02,,
q1_knonj0Lw,4,84.02,99.547,,
q1_knonj0Lw,5,98.767,104.935,,
q1_knonj0Lw,6,104.304,110.093,,
q1_knonj0Lw,7,12.892,18.332,,
q1_knonj0Lw,8,131.363,140.684,,
q1_knonj0Lw,9,139.913,148.257,,
q1_knonj0Lw,10,160.397,164.55,,
q1_knonj0Lw,11,17.601,24.538,,
q1_knonj0Lw,12,23.807,28.06,,
q1_knonj0Lw,13,27.419,31.791,,
q1_knonj0Lw,14,40.629,46.239,,
q3QUybiOYeU,0,0.0,8.275,,
q4hP2j7oewo,0,9.779,18.302,,
q4hP2j7oewo,1,21.622,28.698,,
q5M1God4M6Y,0,0.0,3.825,,
q5M1God4M6Y,1,3.084,9.382,,
q5M1God4M6Y,2,47.204,51.995,,
q5M1God4M6Y,3,51.714,54.37,,
q5M1God4M6Y,4,9.011,12.316,,
q5M1God4M6Y,5,11.505,16.636,,
q5M1God4M6Y,6,17.112,21.565,,
q5M1God4M6Y,7,20.804,25.576,,
q5M1God4M6Y,8,24.875,29.467,,
q5M1God4M6Y,9,30.173,35.772,,
q5M1God4M6Y,10,35.221,43.794,,
q5M1God4M6Y,11,43.073,47.196,,
q7BxnIM2_z0,0,31.959,44.183,,
q9yDL81QppI,0,0.0,8.415,,
q9yDL81QppI,1,7.983,14.72,,
q9yDL81QppI,2,14.259,23.081,,
qAip3lZRj-g,0,-0.487528344671,3.9746031746,,
qAip3lZRj-g,1,4.32154195011,7.16734693878,,
qAip3lZRj-g,2,6.94557823129,11.3977324263,,
qBanrqkzobg,0,0.0,9.482,,
qBanrqkzobg,1,18.619,21.215,,
qBanrqkzobg,2,35.94,47.316,,
qBanrqkzobg,3,47.314,52.065,,
qCUg4ek1PPE,0,1.698,10.909,,
qCUg4ek1PPE,1,46.785,62.063,,
qDIh6YNbIMU,0,0.0,3.137,,
qDIh6YNbIMU,1,2.436,8.375,,
qDIh6YNbIMU,2,8.153,16.646,,
qDIh6YNbIMU,3,15.766,25.975,,
qDIh6YNbIMU,4,25.344,31.871,,
qDIh6YNbIMU,5,31.47,36.59,,
qDIh6YNbIMU,6,37.456,41.799,,
qDIh6YNbIMU,7,42.684,45.41,,
qDIh6YNbIMU,8,44.67,47.695,,
qDIh6YNbIMU,9,46.745,52.454,,
qDfSYz0PX9g,0,0.0,4.384,,
qDfSYz0PX9g,1,3.883,9.871,,
qDfSYz0PX9g,2,9.3,17.304,,
qDfSYz0PX9g,3,17.063,28.269,,
qDfSYz0PX9g,4,27.908,34.824,,
qDfSYz0PX9g,5,34.513,38.267,,
qDfSYz0PX9g,6,37.646,43.515,,
qDfSYz0PX9g,7,43.223,47.785,,
qDfSYz0PX9g,8,47.264,52.225,,
qEkFReBuwxc,0,0.0,4.833,,
qEkFReBuwxc,1,4.391,15.548,,
qEkFReBuwxc,2,87.862,93.99,,
qEkFReBuwxc,3,107.298,113.805,,
qEkFReBuwxc,4,113.254,117.676,,
qEkFReBuwxc,5,15.117,22.542,,
qEkFReBuwxc,6,118.063,126.476,,
qEkFReBuwxc,7,125.865,136.224,,
qEkFReBuwxc,8,147.267,155.211,,
qEkFReBuwxc,9,22.041,26.493,,
qEkFReBuwxc,10,28.008,31.382,,
qEkFReBuwxc,11,45.079,57.214,,
qEkFReBuwxc,12,57.88,64.986,,
qEkFReBuwxc,13,64.295,71.332,,
qEuJj4uW93E,0,0.58,6.988,,
qEuJj4uW93E,1,6.537,9.452,,
qEuJj4uW93E,2,8.452,13.792,,
qEuJj4uW93E,3,13.66,17.384,,
qEuJj4uW93E,4,17.512,24.648,,
qEuJj4uW93E,5,24.226,35.822,,
qFppeQvdfxI,0,0.0,2.997,,
qFppeQvdfxI,1,2.196,6.898,,
qFppeQvdfxI,2,6.137,13.333,,
qFppeQvdfxI,3,12.613,23.899,,
qFppeQvdfxI,4,23.219,31.771,,
qFppeQvdfxI,5,31.061,38.596,,
qFppeQvdfxI,6,47.683,52.434,,
qFppeQvdfxI,7,51.634,56.306,,
qFsGMA75-oQ,0,2.985,9.213,,
qFsGMA75-oQ,1,8.213,14.401,,
qFsGMA75-oQ,2,13.471,30.883,,
qFsGMA75-oQ,3,32.428,36.9,,
qJBQH14qtHc,0,52.901,66.832,,
qJBQH14qtHc,1,69.763,74.534,,
qJBQH14qtHc,2,93.649,105.354,,
qJBQH14qtHc,3,118.931,126.456,,
qJBQH14qtHc,4,146.688,152.307,,
qJBQH14qtHc,5,6.247,13.423,,
qJBQH14qtHc,6,35.571,40.292,,
qJBQH14qtHc,7,43.133,47.456,,
qJZlp9uxoTU,0,1.12879818594,18.7111111111,,
qJZlp9uxoTU,1,68.6453514739,70.6231292517,,
qJZlp9uxoTU,2,71.8281179138,80.8897959184,,
qJZlp9uxoTU,3,79.8897959184,82.7256235828,,
qJZlp9uxoTU,4,82.0049886621,94.2893424036,,
qJZlp9uxoTU,5,93.7283446712,105.434013605,,
qJZlp9uxoTU,6,105.192290249,117.626303855,,
qJZlp9uxoTU,7,117.10521542,124.66031746,,
qJZlp9uxoTU,8,124.129251701,134.019047619,,
qJZlp9uxoTU,9,19.0879818594,26.2639455782,,
qJZlp9uxoTU,10,134.296145125,139.96553288,,
qJZlp9uxoTU,11,25.9823129252,29.8857142857,,
qJZlp9uxoTU,12,29.7238095238,43.2054421769,,
qJZlp9uxoTU,13,42.3850340136,45.7496598639,,
qJZlp9uxoTU,14,45.0988662132,50.8380952381,,
qJZlp9uxoTU,15,50.1573696145,69.1065759637,,
qJh6x4wmmh8,0,0.0,4.284,,
qJh6x4wmmh8,1,4.84,14.76,,
qJh6x4wmmh8,2,13.88,20.667,,
qJh6x4wmmh8,3,19.667,33.697,,
qK77ZmbqmOM,0,0.0,9.402,,
qK77ZmbqmOM,1,101.461,106.392,,
qK77ZmbqmOM,2,22.141,29.846,,
qK77ZmbqmOM,3,66.67,71.86,,
qP4uuMI-JSk,0,79.181,88.812,,
qP4uuMI-JSk,1,13.551,27.591,,
qP4uuMI-JSk,2,27.469,33.088,,
qP4uuMI-JSk,3,32.637,41.41,,
qP4uuMI-JSk,4,49.509,68.757,,
qP4uuMI-JSk,5,67.757,75.063,,
qTkazqluJ_I,0,112.067,121.717,,
qTkazqluJ_I,1,30.213,39.424,,
qTkazqluJ_I,2,39.791,44.941,,
qTkazqluJ_I,3,70.302,82.217,,
qTkazqluJ_I,4,89.388,95.886,,
qTkazqluJ_I,5,95.554,99.228,,
qXisb7w9LjM,0,21.802,25.476,,
qXisb7w9LjM,1,33.565,40.003,,
qXisb7w9LjM,2,50.766,55.857,,
qY1sXq-YCHs,0,71.659,82.107,,
qY1sXq-YCHs,1,37.576,46.049,,
qY1sXq-YCHs,2,45.568,52.185,,
qY1sXq-YCHs,3,58.858,63.35,,
qYC3gN1AkOA,0,-0.447619047619,3.58548752834,,
qYC3gN1AkOA,1,3.6231292517,10.3301587302,,
qYC3gN1AkOA,2,10.1782312925,13.5727891156,,
qYC3gN1AkOA,3,14.0095238095,20.147845805,,
qYC3gN1AkOA,4,19.3673469388,29.1873015873,,
qYC3gN1AkOA,5,28.1873015873,33.7369614512,,
qYC3gN1AkOA,6,45.7673469388,52.3945578231,,
qYC3gN1AkOA,7,51.3945578231,55.4077097506,,
qYJtbgLqizk,0,6.387,17.624,,
qYJtbgLqizk,1,30.612,43.704,,
qaoSn1eEyq0,0,39.921,46.079,,
qbIajpM7U3Y,0,0.0,6.778,,
qbIajpM7U3Y,1,22.7,30.584,,
qbIajpM7U3Y,2,30.273,43.355,,
qbIajpM7U3Y,3,43.054,50.948,,
qd6YuFGcBGk,0,0.0,12.864,,
qd6YuFGcBGk,1,12.144,17.624,,
qd6YuFGcBGk,2,100.403,122.994,,
qd6YuFGcBGk,3,122.393,127.723,,
qd6YuFGcBGk,4,143.286,151.679,,
qd6YuFGcBGk,5,167.371,172.921,,
qd6YuFGcBGk,6,20.215,29.157,,
qd6YuFGcBGk,7,65.213,83.015,,
qd6YuFGcBGk,8,82.514,93.741,,
qdeQg5dZb2E,0,0.0,8.444,,
qdeQg5dZb2E,1,7.444,21.465,,
qdeQg5dZb2E,2,21.054,26.204,,
qed3medhsj4,0,0.0,7.227,,
qed3medhsj4,1,7.015,14.261,,
qed3medhsj4,2,13.96,36.181,,
qed3medhsj4,3,36.419,52.873,,
qed3medhsj4,4,98.158,103.259,,
qgC8_emxSIU,0,82.324,93.222,,
qgC8_emxSIU,1,39.112,53.642,,
qgC8_emxSIU,2,52.642,65.794,,
qjMyjLSORY4,0,1.069,11.078,,
qjMyjLSORY4,1,65.522,74.175,,
qjMyjLSORY4,2,76.976,82.995,,
qjMyjLSORY4,3,90.206,96.365,,
qjMyjLSORY4,4,106.988,116.429,,
qjMyjLSORY4,5,115.589,119.652,,
qjMyjLSORY4,6,11.286,17.185,,
qjMyjLSORY4,7,119.22,130.238,,
qjMyjLSORY4,8,132.131,140.824,,
qjMyjLSORY4,9,184.722,189.134,,
qjMyjLSORY4,10,188.523,191.878,,
qjMyjLSORY4,11,16.683,22.782,,
qjMyjLSORY4,12,192.274,198.363,,
qjMyjLSORY4,13,197.862,204.399,,
qjMyjLSORY4,14,203.808,208.749,,
qjMyjLSORY4,15,209.864,215.354,,
qjMyjLSORY4,16,24.097,34.455,,
qjMyjLSORY4,17,34.283,41.689,,
qjMyjLSORY4,18,41.218,45.371,,
qjMyjLSORY4,19,44.8,50.389,,
qkWdc-E6jGI,0,48.641,55.208,,
qkWdc-E6jGI,1,6.816,20.307,,
qkWdc-E6jGI,2,79.82,100.824,,
qkWdc-E6jGI,3,107.258,111.241,,
qkWdc-E6jGI,4,24.745,29.796,,
qkWdc-E6jGI,5,30.243,34.944,,
qkWdc-E6jGI,6,41.607,46.737,,
qlDT-bmIzQI,0,0.0,19.05,,
qlDT-bmIzQI,1,26.761,34.385,,
qlDT-bmIzQI,2,33.385,58.73,,
qlDT-bmIzQI,3,57.73,63.0,,
qlDT-bmIzQI,4,62.589,67.78,,
qlDiE1d45Bc,0,50.786,58.231,,
qlDiE1d45Bc,1,64.435,71.411,,
qlDiE1d45Bc,2,70.501,76.759,,
qlDiE1d45Bc,3,76.019,90.917,,
qlDiE1d45Bc,4,4.421,10.889,,
qlDiE1d45Bc,5,20.126,26.394,,
qmMSumMloAs,0,12.174,22.263,,
qmMSumMloAs,1,21.263,34.864,,
qmMSumMloAs,2,33.864,38.945,,
qmx0nQZYHIo,0,23.707,35.453,,
qmx0nQZYHIo,1,35.231,49.272,,
qo2reupzUE0,0,2.865,12.465,,
qo2reupzUE0,1,25.144,33.837,,
qo2reupzUE0,2,40.429,45.6,,
qo2reupzUE0,3,47.523,52.973,,
qpht9L3s9G4,0,23.807,31.741,,
qpht9L3s9G4,1,61.671,70.134,,
qrI7XCKRFNk,0,0.0,7.397,,
qrI7XCKRFNk,1,6.397,14.67,,
qrI7XCKRFNk,2,13.67,22.323,,
qrI7XCKRFNk,3,21.323,31.931,,
qrI7XCKRFNk,4,31.759,42.796,,
qrI7XCKRFNk,5,41.796,48.154,,
qrSW93EtuMc,0,0.0,9.672,,
qrSW93EtuMc,1,27.13,36.87,,
qszy_WSRFUM,0,0.0,7.636,,
qszy_WSRFUM,1,7.554,20.407,,
qszy_WSRFUM,2,96.143,101.254,,
qszy_WSRFUM,3,40.36,45.58,,
qszy_WSRFUM,4,45.887,57.263,,
qszy_WSRFUM,5,70.671,78.326,,
qszy_WSRFUM,6,78.224,95.157,,
qtI3CB1jslQ,0,66.361,81.039,,
qvIhzmujTi8,0,54.807,59.728,,
qvIhzmujTi8,1,71.659,83.324,,
qvIhzmujTi8,2,25.932,32.151,,
qyJiDgtj6YE,0,50.177,58.341,,
qyJiDgtj6YE,1,72.327,77.418,,
qyJiDgtj6YE,2,76.667,81.259,,
qyJiDgtj6YE,3,87.702,97.412,,
qyJiDgtj6YE,4,21.073,24.348,,
qyJiDgtj6YE,5,23.847,31.123,,
qyJiDgtj6YE,6,32.697,37.01,,
qyqVc352g3Q,0,16.1247165533,21.3151927438,,
r13W4H8ZhqI,0,3.573,16.277,,
r13W4H8ZhqI,1,75.659,80.361,,
r13W4H8ZhqI,2,79.63,84.99,,
r13W4H8ZhqI,3,83.99,89.879,,
r13W4H8ZhqI,4,16.035,25.456,,
r13W4H8ZhqI,5,24.456,33.009,,
r13W4H8ZhqI,6,37.795,41.729,,
r13W4H8ZhqI,7,44.82,65.445,,
r13W4H8ZhqI,8,64.754,72.259,,
r13W4H8ZhqI,9,72.127,75.901,,
r1erb5PSm1A,0,0.0,5.212,,
r1erb5PSm1A,1,4.79,12.685,,
r1erb5PSm1A,2,119.979,126.845,,
r1erb5PSm1A,3,126.354,135.097,,
r1erb5PSm1A,4,12.443,16.646,,
r1erb5PSm1A,5,37.815,47.256,,
r1erb5PSm1A,6,75.819,82.566,,
r46amqjpWgg,0,0.6,10.171,,
r46amqjpWgg,1,9.25,11.757,,
r46amqjpWgg,2,65.542,69.975,,
r46amqjpWgg,3,68.975,81.109,,
r46amqjpWgg,4,80.788,91.635,,
r46amqjpWgg,5,90.675,103.628,,
r46amqjpWgg,6,103.067,107.849,,
r46amqjpWgg,7,107.148,109.924,,
r46amqjpWgg,8,109.642,113.855,,
r46amqjpWgg,9,113.254,125.089,,
r46amqjpWgg,10,124.089,131.026,,
r46amqjpWgg,11,130.355,133.979,,
r46amqjpWgg,12,10.757,18.043,,
r46amqjpWgg,13,133.189,139.626,,
r46amqjpWgg,14,138.626,144.695,,
r46amqjpWgg,15,144.413,150.911,,
r46amqjpWgg,16,150.36,156.668,,
r46amqjpWgg,17,155.668,159.391,,
r46amqjpWgg,18,158.751,163.163,,
r46amqjpWgg,19,162.472,169.728,,
r46amqjpWgg,20,168.838,175.495,,
r46amqjpWgg,21,174.884,179.526,,
r46amqjpWgg,22,178.915,183.756,,
r46amqjpWgg,23,17.362,34.425,,
r46amqjpWgg,24,183.295,192.307,,
r46amqjpWgg,25,192.025,198.922,,
r46amqjpWgg,26,198.241,206.634,,
r46amqjpWgg,27,33.545,37.888,,
r46amqjpWgg,28,37.756,46.119,,
r46amqjpWgg,29,45.488,51.307,,
r46amqjpWgg,30,50.586,58.81,,
r46amqjpWgg,31,58.758,62.102,,
r46amqjpWgg,32,61.102,66.542,,
r4ul1wl_1T8,0,84.589,94.519,,
r4ul1wl_1T8,1,94.706,100.415,,
r4ul1wl_1T8,2,103.795,115.501,,
r4ul1wl_1T8,3,14.149,30.085,,
r4ul1wl_1T8,4,29.854,49.671,,
r4ul1wl_1T8,5,72.257,81.848,,
r5ijC2W9ddk,0,0.0,5.531,,
r5ijC2W9ddk,1,9.879,20.008,,
r5ijC2W9ddk,2,26.332,33.238,,
r5ijC2W9ddk,3,32.917,41.16,,
r5ijC2W9ddk,4,47.972,58.541,,
r8Jyl2Bfl14,0,0.0,7.337,,
r8Jyl2Bfl14,1,12.244,17.424,,
r8OPmbZZlpE,0,11.775,20.956,,
r8OPmbZZlpE,1,20.525,28.13,,
r8OPmbZZlpE,2,27.968,36.77,,
r917wP1qsL4,0,90.935,96.484,,
r917wP1qsL4,1,98.547,105.165,,
r917wP1qsL4,2,44.271,49.072,,
r91csZc6AXE,0,0.0,5.97,,
r9tgDqXEcuc,0,72.726,84.851,,
r9tgDqXEcuc,1,94.127,100.286,,
r9tgDqXEcuc,2,33.834,42.018,,
r9tgDqXEcuc,3,45.767,57.064,,
rApOTQgFW6Y,0,53.51,61.334,,
rB6WmWvvyxg,0,-0.367800453515,2.85714285714,,
rB6WmWvvyxg,1,3.03446712018,9.27256235828,,
rB6WmWvvyxg,2,9.06077097506,15.9972789116,,
rB6WmWvvyxg,3,16.1746031746,21.9537414966,,
rB6WmWvvyxg,4,21.6222222222,27.3315192744,,
rB6WmWvvyxg,5,27.0199546485,32.170521542,,
rB6WmWvvyxg,6,33.6548752834,39.1247165533,,
rB6WmWvvyxg,7,38.9528344671,43.9138321995,,
rBWeo_rEdcU,0,108.674,124.85,,
rBWeo_rEdcU,1,123.85,132.433,,
rBWeo_rEdcU,2,134.117,148.606,,
rBWeo_rEdcU,3,147.606,161.207,,
rBWeo_rEdcU,4,160.207,171.205,,
rBWeo_rEdcU,5,176.031,185.911,,
rBWeo_rEdcU,6,198.889,214.117,,
rBWeo_rEdcU,7,213.376,223.845,,
rBWeo_rEdcU,8,23.558,49.102,,
rBWeo_rEdcU,9,48.102,64.407,,
rBWeo_rEdcU,10,74.542,88.273,,
rBWeo_rEdcU,11,95.285,103.957,,
rC29Qub0U7A,0,0.0,6.489,,
rC29Qub0U7A,1,88.47,95.846,,
rC29Qub0U7A,2,95.844,102.87,,
rC29Qub0U7A,3,28.237,36.052,,
rC29Qub0U7A,4,35.85,45.49,,
rC29Qub0U7A,5,46.506,53.442,,
rC29Qub0U7A,6,52.961,62.901,,
rC29Qub0U7A,7,73.524,81.169,,
rC29Qub0U7A,8,80.349,88.642,,
rC7qKZMKa0U,0,0.0124716553288,2.77619047619,,
rCQYq4T8SEI,0,0.0,6.319,,
rCQYq4T8SEI,1,82.713,94.309,,
rCQYq4T8SEI,2,16.574,23.321,,
rCQYq4T8SEI,3,29.235,39.733,,
rCQYq4T8SEI,4,40.799,46.119,,
rEWQW_ibDwg,0,62.0,70.893,,
rEWQW_ibDwg,1,85.527,102.64,,
rEWQW_ibDwg,2,102.029,110.193,,
rEWQW_ibDwg,3,121.874,131.255,,
rEWQW_ibDwg,4,136.81,147.129,,
rEWQW_ibDwg,5,155.568,164.54,,
rEWQW_ibDwg,6,42.156,48.853,,
rEWQW_ibDwg,7,51.235,62.532,,
rFHIApgUtoI,0,32.308,40.611,,
rFHIApgUtoI,1,41.976,51.058,,
rFHIApgUtoI,2,50.387,61.923,,
rFHIApgUtoI,3,61.711,78.455,,
rFHIApgUtoI,4,77.455,95.886,,
rFHIApgUtoI,5,95.055,109.325,,
rKyXU0ls5aQ,0,44.0412698413,50.0798185941,,
rKyXU0ls5aQ,1,18.2598639456,26.6231292517,,
rKyXU0ls5aQ,2,28.935600907,33.8566893424,,
rKyXU0ls5aQ,3,37.4562358277,43.3650793651,,
rKyXU0ls5aQ,4,42.7442176871,45.0412698413,,
rLHJ_ebXCHQ,0,63.387,90.558,,
rLHJ_ebXCHQ,1,12.383,18.791,,
rLHJ_ebXCHQ,2,17.791,23.001,,
rLHJ_ebXCHQ,3,22.001,25.905,,
rLHJ_ebXCHQ,4,25.503,34.914,,
rLHJ_ebXCHQ,5,34.164,43.325,,
rLHJ_ebXCHQ,6,42.325,49.88,,
rLHJ_ebXCHQ,7,48.88,60.337,,
rNXM3avNBKk,0,88.011,94.968,,
rNXM3avNBKk,1,94.417,115.262,,
rNXM3avNBKk,2,117.953,129.868,,
rNXM3avNBKk,3,23.049,47.655,,
rVG8gOAY0JE,0,51.754,72.399,,
rWjPSlzUc-8,0,0.0,12.256,,
rWjPSlzUc-8,1,18.25,35.822,,
rZqWAnrJ1Nc,0,3.204,10.021,,
r_vjlTcrI-U,0,18.689,31.811,,
r_vjlTcrI-U,1,30.811,41.819,,
r_vjlTcrI-U,2,41.367,56.944,,
raQ9Pcgo-II,0,0.0,8.434,,
raQ9Pcgo-II,1,8.013,22.532,,
raQ9Pcgo-II,2,25.733,31.582,,
raQ9Pcgo-II,3,31.48,40.362,,
rcfnqiD0y8o,0,0.0,4.803,,
rcfnqiD0y8o,1,4.361,9.023,,
rcfnqiD0y8o,2,50.287,54.081,,
rcfnqiD0y8o,3,53.36,57.563,,
rcfnqiD0y8o,4,8.023,13.792,,
rcfnqiD0y8o,5,13.231,23.321,,
rcfnqiD0y8o,6,22.321,28.928,,
rcfnqiD0y8o,7,36.818,40.581,,
rcfnqiD0y8o,8,39.581,45.161,,
rcfnqiD0y8o,9,44.78,50.17,,
rcfnqiD0y8o,10,49.17,51.287,,
rePYTlT5_AY,0,0.0,7.137,,
rePYTlT5_AY,1,17.342,28.399,,
rexJoy4RMdY,0,0.0,4.234,,
rexJoy4RMdY,1,3.982,9.103,,
rexJoy4RMdY,2,33.755,41.26,,
rexJoy4RMdY,3,40.26,45.131,,
rf0yDSeVEUA,0,0.0124716553288,10.50861678,,
rf0yDSeVEUA,1,10.8179138322,18.9195011338,,
rf0yDSeVEUA,2,18.9195011338,22.2718820862,,
rf0yDSeVEUA,3,22.2718820862,23.0800453515,,
rhQB8e999-Q,0,0.0,8.694,,
rhQB8e999-Q,1,7.883,12.475,,
rhQB8e999-Q,2,64.684,74.544,,
rhQB8e999-Q,3,87.961,105.185,,
rhQB8e999-Q,4,140.642,147.219,,
rhQB8e999-Q,5,146.219,159.222,,
rhQB8e999-Q,6,160.307,165.448,,
rhQB8e999-Q,7,27.19,34.445,,
rhQB8e999-Q,8,33.675,43.185,,
rhQB8e999-Q,9,44.75,52.135,,
rhQB8e999-Q,10,51.135,55.777,,
rhQB8e999-Q,11,54.946,65.425,,
rojyUp4FPSg,0,0.0,2.388,,
rojyUp4FPSg,1,1.388,3.466,,
rojyUp4FPSg,2,61.262,67.919,,
rojyUp4FPSg,3,67.029,74.454,,
rojyUp4FPSg,4,74.173,77.517,,
rojyUp4FPSg,5,76.517,83.873,,
rojyUp4FPSg,6,82.873,85.659,,
rojyUp4FPSg,7,84.659,87.415,,
rojyUp4FPSg,8,86.595,90.378,,
rojyUp4FPSg,9,89.458,99.248,,
rojyUp4FPSg,10,99.326,108.487,,
rojyUp4FPSg,11,107.487,110.752,,
rojyUp4FPSg,12,2.466,11.328,,
rojyUp4FPSg,13,109.752,119.452,,
rojyUp4FPSg,14,118.552,123.094,,
rojyUp4FPSg,15,122.094,137.361,,
rojyUp4FPSg,16,136.501,141.662,,
rojyUp4FPSg,17,140.662,145.613,,
rojyUp4FPSg,18,144.613,151.3,,
rojyUp4FPSg,19,150.3,160.15,,
rojyUp4FPSg,20,159.15,162.225,,
rojyUp4FPSg,21,161.225,172.482,,
rojyUp4FPSg,22,171.851,177.281,,
rojyUp4FPSg,23,10.717,19.759,,
rojyUp4FPSg,24,176.281,182.379,,
rojyUp4FPSg,25,181.379,187.956,,
rojyUp4FPSg,26,186.956,189.603,,
rojyUp4FPSg,27,188.603,192.985,,
rojyUp4FPSg,28,192.544,204.01,,
rojyUp4FPSg,29,203.01,210.376,,
rojyUp4FPSg,30,209.914,212.321,,
rojyUp4FPSg,31,211.321,218.537,,
rojyUp4FPSg,32,217.537,220.153,,
rojyUp4FPSg,33,18.759,23.321,,
rojyUp4FPSg,34,22.321,31.761,,
rojyUp4FPSg,35,30.761,34.894,,
rojyUp4FPSg,36,33.894,46.538,,
rojyUp4FPSg,37,45.538,53.362,,
rojyUp4FPSg,38,52.362,62.262,,
rsQRiALH5FU,0,74.362,87.345,,
rsQRiALH5FU,1,86.714,95.247,,
rsQRiALH5FU,2,15.815,20.228,,
rsQRiALH5FU,3,24.695,35.323,,
rv1gp0wEhI0,0,61.132,67.111,,
rvQ2cRnroOU,0,3.254,10.35,,
rvQ2cRnroOU,1,69.074,73.537,,
rvQ2cRnroOU,2,86.166,92.164,,
rvQ2cRnroOU,3,94.327,99.458,,
rvQ2cRnroOU,4,105.871,110.882,,
rvQ2cRnroOU,5,10.049,19.17,,
rvQ2cRnroOU,6,109.882,116.13,,
rvQ2cRnroOU,7,26.082,32.859,,
rvQ2cRnroOU,8,32.857,43.744,,
rvQ2cRnroOU,9,56.084,62.392,,
rvQ2cRnroOU,10,61.98,69.346,,
rwNlqh0k1j4,0,92.082,104.327,,
rwNlqh0k1j4,1,123.6,138.03,,
rwNlqh0k1j4,2,137.918,145.224,,
rwNlqh0k1j4,3,162.841,168.84,,
rwNlqh0k1j4,4,24.376,32.709,,
rwNlqh0k1j4,5,32.897,39.394,,
rwNlqh0k1j4,6,38.394,47.645,,
rwNlqh0k1j4,7,47.104,54.001,,
rwNlqh0k1j4,8,61.711,74.923,,
rwe-hBNpzH8,0,0.0,5.272,,
rwe-hBNpzH8,1,4.591,10.011,,
rwe-hBNpzH8,2,9.56,12.815,,
ryE9VBiR3p8,0,58.468,67.859,,
rz4Ax6xfZHQ,0,13.73,30.744,,
rz4Ax6xfZHQ,1,96.582,102.88,,
rz4Ax6xfZHQ,2,113.124,122.066,,
rz4Ax6xfZHQ,3,121.066,128.102,,
rz4Ax6xfZHQ,4,30.133,38.526,,
rz4Ax6xfZHQ,5,40.03,45.081,,
rz4Ax6xfZHQ,6,44.48,51.078,,
rz4Ax6xfZHQ,7,52.821,59.618,,
rz4Ax6xfZHQ,8,58.838,65.215,,
rzsk_IvI7bQ,0,9.121,18.272,,
s0PUurm1ONo,0,3.394,15.409,,
s1Yo_MCiMPc,0,3.863,19.25,,
s1Yo_MCiMPc,1,80.109,88.772,,
s1Yo_MCiMPc,2,93.03,108.417,,
s1Yo_MCiMPc,3,107.417,113.506,,
s1Yo_MCiMPc,4,119.42,140.554,,
s1Yo_MCiMPc,5,18.25,31.203,,
s1Yo_MCiMPc,6,46.037,57.982,,
s1Yo_MCiMPc,7,59.776,70.593,,
s1tVE8g6JBc,0,0.0,7.367,,
s1tVE8g6JBc,1,6.696,26.015,,
s2oX3zxWuEI,0,49.858,64.088,,
s53UAEi7JEY,0,1.897,7.806,,
s53UAEi7JEY,1,46.256,55.897,,
s53UAEi7JEY,2,103.626,111.7,,
sC16n1k66io,0,102.049,106.192,,
sC16n1k66io,1,4.611,16.346,,
sC16n1k66io,2,15.776,26.633,,
sC1NvtirijU,0,0.0,4.463,,
sC1NvtirijU,1,3.893,8.923,,
sC1NvtirijU,2,81.706,88.602,,
sC1NvtirijU,3,87.961,91.925,,
sC1NvtirijU,4,91.094,102.441,,
sC1NvtirijU,5,101.58,119.841,,
sC1NvtirijU,6,119.39,123.004,,
sC1NvtirijU,7,122.134,128.112,,
sC1NvtirijU,8,127.362,132.203,,
sC1NvtirijU,9,131.203,141.273,,
sC1NvtirijU,10,142.986,163.921,,
sC1NvtirijU,11,8.392,16.277,,
sC1NvtirijU,12,163.171,180.214,,
sC1NvtirijU,13,179.763,190.97,,
sC1NvtirijU,14,189.97,193.983,,
sC1NvtirijU,15,15.366,30.085,,
sC1NvtirijU,16,29.454,36.59,,
sC1NvtirijU,17,35.71,40.332,,
sC1NvtirijU,18,39.881,48.952,,
sC1NvtirijU,19,47.952,62.581,,
sC1NvtirijU,20,61.841,79.433,,
sC1NvtirijU,21,78.433,82.706,,
sFLTjqVS7AE,0,-0.487528344671,8.74376417234,,
sFLTjqVS7AE,1,8.69160997732,11.00861678,,
sFLTjqVS7AE,2,41.1777777778,48.8725623583,,
sFLTjqVS7AE,3,48.5909297052,54.2702947846,,
sFxUNO2HOKY,0,142.857,160.609,,
sFxUNO2HOKY,1,8.612,16.626,,
sFxUNO2HOKY,2,15.845,24.807,,
sFxUNO2HOKY,3,24.496,39.693,,
sFxUNO2HOKY,4,39.083,48.563,,
sFxUNO2HOKY,5,76.378,87.505,,
sIGAq2J4KKI,0,0.0,8.434,,
sIGAq2J4KKI,1,7.913,11.527,,
sIGAq2J4KKI,2,22.291,26.942,,
sIusv36VoBY,0,22.929,36.331,,
sK9_de5Jx4U,0,4.771,12.036,,
sKwPCpFtUUI,0,6.247,10.49,,
sKwPCpFtUUI,1,16.264,21.814,,
sKwPCpFtUUI,2,29.784,39.634,,
sLaTZtL0ZIk,0,21.602,28.06,,
sLaTZtL0ZIk,1,27.649,38.277,,
sMnbpyFqrlE,0,0.0,14.95,,
sMnbpyFqrlE,1,14.269,21.684,,
sMnbpyFqrlE,2,69.603,77.557,,
sMnbpyFqrlE,3,82.135,89.241,,
sMnbpyFqrlE,4,88.64,95.846,,
sMnbpyFqrlE,5,94.846,98.859,,
sMnbpyFqrlE,6,27.549,32.639,,
sMnbpyFqrlE,7,40.1,45.44,,
sMnbpyFqrlE,8,44.76,49.451,,
sMnbpyFqrlE,9,48.451,53.302,,
sPremsknoLM,0,0.350566893424,2.47800453515,,
sPremsknoLM,1,43.0634920635,46.20861678,,
sPremsknoLM,2,45.20861678,48.8825396825,,
sPxoGNvnVzg,0,-0.357823129252,3.56553287982,,
sPxoGNvnVzg,1,2.64535147392,7.38684807256,,
sPxoGNvnVzg,2,6.77596371882,9.58185941043,,
sPxoGNvnVzg,3,27.379138322,39.643537415,,
sPxoGNvnVzg,4,52.1129251701,55.4575963719,,
sRMdbZVjhis,0,5.13,14.381,,
sRMdbZVjhis,1,19.427,34.206,,
sRex0-9yFFc,0,0.0,6.858,,
sRex0-9yFFc,1,75.779,90.259,,
sRex0-9yFFc,2,37.017,46.199,,
sU40irMa-so,0,0.0,10.689,,
sU40irMa-so,1,10.178,20.387,,
sWsDAG6x9n0,0,0.0,4.603,,
sWsDAG6x9n0,1,4.222,15.339,,
sWsDAG6x9n0,2,18.839,26.793,,
sfaWfZ2-4c0,0,11.196,26.823,,
sfaWfZ2-4c0,1,27.08,48.843,,
sfaWfZ2-4c0,2,64.245,79.463,,
sjoArVtU8-o,0,0.041,3.376,,
sjoArVtU8-o,1,3.144,6.429,,
sjoArVtU8-o,2,5.878,17.963,,
sjoArVtU8-o,3,17.322,21.425,,
sjoArVtU8-o,4,20.924,28.559,,
sjoArVtU8-o,5,27.559,37.708,,
sjoArVtU8-o,6,36.708,39.244,,
sjoArVtU8-o,7,38.244,47.366,,
sjoArVtU8-o,8,47.354,57.244,,
skRqBxLLJkE,1,104.973,120.919,,
skp_SpnIOCM,0,10.937,16.337,,
skp_SpnIOCM,1,15.746,24.747,,
skp_SpnIOCM,2,26.431,31.891,,
slLRsFFiiRc,0,4.162,14.401,,
slLRsFFiiRc,1,24.356,37.568,,
slLRsFFiiRc,2,38.264,73.447,,
slLRsFFiiRc,3,93.698,108.307,,
slz8pd0Wzxs,0,36.399,46.099,,
sn1fEo72gJM,0,72.586,77.817,,
sn1fEo72gJM,1,7.095,17.304,,
sn1fEo72gJM,2,24.206,35.343,,
sn1fEo72gJM,3,35.092,40.781,,
sn1fEo72gJM,4,40.569,50.778,,
snVkfJKvjwk,0,0.0,4.593,,
snVkfJKvjwk,1,20.924,30.614,,
snVkfJKvjwk,2,45.867,54.859,,
soqnBdPOwoo,0,1.268,4.214,,
soqnBdPOwoo,1,3.214,7.407,,
soqnBdPOwoo,2,6.407,8.365,,
soqnBdPOwoo,3,7.365,13.333,,
soqnBdPOwoo,4,13.67,19.699,,
soqnBdPOwoo,5,19.238,28.718,,
soqnBdPOwoo,6,27.718,39.753,,
soqnBdPOwoo,7,39.102,50.519,,
sqADHmnM164,0,10.597,20.607,,
srbrWyZRMCI,0,0.0,6.349,,
srbrWyZRMCI,1,5.619,10.35,,
srbrWyZRMCI,2,85.597,92.493,,
srbrWyZRMCI,3,92.032,94.579,,
srbrWyZRMCI,4,10.019,16.835,,
srbrWyZRMCI,5,15.835,43.485,,
srbrWyZRMCI,6,42.644,51.467,,
srbrWyZRMCI,7,50.816,66.532,,
srbrWyZRMCI,8,65.892,70.274,,
srbrWyZRMCI,9,69.274,75.003,,
srbrWyZRMCI,10,74.113,77.208,,
srbrWyZRMCI,11,76.707,86.597,,
ssH8WQF4eN0,0,0.0,13.842,,
ssH8WQF4eN0,1,13.61,32.33,,
ssqiwP19JhM,0,4.83,15.838,,
ssqiwP19JhM,1,92.88,98.53,,
ssqiwP19JhM,2,110.859,113.775,,
ssqiwP19JhM,3,15.157,23.39,,
ssqiwP19JhM,4,67.139,76.759,,
ssqiwP19JhM,5,76.478,86.198,,
svsbGQn389o,0,32.907,42.168,,
svsbGQn389o,1,47.364,53.771,,
sw-smuVRByI,0,0.0,7.826,,
sw-smuVRByI,1,7.295,11.617,,
sw-smuVRByI,2,10.747,15.967,,
sw-smuVRByI,3,14.967,18.392,,
sw-smuVRByI,4,17.961,28.639,,
sw-smuVRByI,5,27.639,38.217,,
sw-smuVRByI,6,37.776,49.062,,
sw-smuVRByI,7,48.87,52.265,,
szic2IB9HB4,0,6.866,12.415,,
szic2IB9HB4,1,18.4,28.429,,
szic2IB9HB4,2,38.614,45.151,,
szic2IB9HB4,3,52.302,58.191,,
szic2IB9HB4,4,58.099,63.948,,
t-wXEPHHtME,0,28.976,43.844,,
t-wXEPHHtME,1,43.143,52.794,,
t-wXEPHHtME,2,71.639,77.248,,
t0Wi5Nb6kbI,0,80.169,94.918,,
t0Wi5Nb6kbI,1,100.702,110.961,,
t0Wi5Nb6kbI,2,25.723,36.201,,
t0Wi5Nb6kbI,3,61.262,65.585,,
t2U7w3K2qac,0,8.552,18.043,,
t2U7w3K2qac,1,47.154,54.53,,
t4-ZulW5np4,0,-0.437641723356,10.0108843537,,
t4-ZulW5np4,1,9.7891156463,18.9804988662,,
t4-ZulW5np4,2,20.2154195011,24.6476190476,,
t4-ZulW5np4,3,23.966893424,31.7015873016,,
t4-ZulW5np4,4,31.2902494331,36.420861678,,
t7a3zECpT4k,0,8.462,27.84,,
t7a3zECpT4k,1,93.17,98.061,,
t7a3zECpT4k,2,102.967,114.643,,
t7a3zECpT4k,3,36.049,41.749,,
t80DGfWJ3fI,0,0.0,1.839,,
tC2KicUHB9Q,0,-0.18820861678,6.61859410431,,
tC2KicUHB9Q,1,36.2689342404,40.3419501134,,
tC2KicUHB9Q,2,5.67845804989,10.0707482993,,
tC2KicUHB9Q,3,9.11065759637,21.0358276644,,
tC2KicUHB9Q,4,20.0358276644,22.4126984127,,
tC2KicUHB9Q,5,21.9215419501,25.5854875283,,
tC2KicUHB9Q,6,24.5854875283,27.3614512472,,
tC2KicUHB9Q,7,26.3614512472,30.3845804989,,
tC2KicUHB9Q,8,32.8766439909,35.1936507937,,
tL8RzwWSmAE,0,0.0,9.841,,
tL8RzwWSmAE,1,9.22,16.047,,
tL8RzwWSmAE,2,15.047,21.395,,
tL8RzwWSmAE,3,20.834,33.537,,
tNd3--lvSXE,0,0.0,2.408,,
tNd3--lvSXE,1,2.057,11.827,,
tNd3--lvSXE,2,11.465,19.499,,
tNd3--lvSXE,3,19.068,23.46,,
tNd3--lvSXE,4,22.949,29.187,,
tNd3--lvSXE,5,28.756,37.568,,
tNd3--lvSXE,6,37.177,47.027,,
tO68uTk-T_E,0,4.701,13.732,,
tO68uTk-T_E,1,50.187,56.455,,
tO68uTk-T_E,2,31.659,36.361,,
tO68uTk-T_E,3,38.673,51.187,,
tQ-CIfgj-Js,0,21.5036281179,22.0922902494,,
tQk-eoA7JyE,0,29.654,45.47,,
tQk-eoA7JyE,1,45.199,54.669,,
tRSPfPlNbMU,0,50.636,56.016,,
tRSPfPlNbMU,1,124.119,131.854,,
tRSPfPlNbMU,2,18.878,24.817,,
tRSPfPlNbMU,3,24.186,29.985,,
tUTf9R5u6r0,0,15.187,19.709,,
tW5xAWDnbGU,0,0.0,11.328,,
tW5xAWDnbGU,1,10.937,27.292,,
tW5xAWDnbGU,2,42.156,47.835,,
tXQQ0joMq1Q,0,11.854,18.083,,
tXQpm-nKxNA,0,0.0,12.176,,
tXQpm-nKxNA,1,14.848,27.87,,
tXQpm-nKxNA,2,33.585,46.059,,
tXQpm-nKxNA,3,45.787,52.135,,
tXQpm-nKxNA,4,51.584,61.604,,
tXQpm-nKxNA,5,61.332,71.611,,
tXxXhGD1aMo,0,0.340589569161,5.34149659864,,
tXxXhGD1aMo,1,48.6308390023,53.2027210884,,
tXxXhGD1aMo,2,4.60090702948,11.3179138322,,
tXxXhGD1aMo,3,10.6671201814,14.7800453515,,
tXxXhGD1aMo,4,13.9396825397,27.2517006803,,
tXxf6-CilNI,0,0.0,5.441,,
tXxf6-CilNI,1,4.83,14.062,,
tXxf6-CilNI,2,99.805,107.878,,
tXxf6-CilNI,3,107.886,123.283,,
tXxf6-CilNI,4,122.693,126.376,,
tXxf6-CilNI,5,128.2,134.249,,
tXxf6-CilNI,6,32.138,41.27,,
tXxf6-CilNI,7,47.683,54.4,,
tXxf6-CilNI,8,53.44,70.015,,
tZDNinnrGf8,0,0.0,3.935,,
tZDNinnrGf8,1,20.066,31.402,,
tZDNinnrGf8,2,45.189,51.207,,
tZDNinnrGf8,3,50.666,55.068,,
ta26Z2YEVMQ,0,0.0,5.032,,
ta26Z2YEVMQ,1,14.319,22.363,,
ta26Z2YEVMQ,2,21.612,26.883,,
ta26Z2YEVMQ,3,26.292,31.891,,
taCchyi5h68,0,21.283,29.387,,
taGs3-SMoYM,0,0.58,16.785,,
taGs3-SMoYM,1,16.274,26.553,,
taGs3-SMoYM,2,26.172,31.612,,
taGs3-SMoYM,3,30.612,35.433,,
taGs3-SMoYM,4,34.952,49.361,,
taGs3-SMoYM,5,48.361,55.498,,
tdIZZ9v0IGA,0,-0.158276643991,6.27936507937,,
tdIZZ9v0IGA,1,5.77823129252,13.5628117914,,
tdIZZ9v0IGA,2,22.3804988662,29.89569161,,
tdIZZ9v0IGA,3,30.6217687075,38.9351473923,,
tdIZZ9v0IGA,4,38.3641723356,45.9492063492,,
tdIZZ9v0IGA,5,45.168707483,51.2970521542,,
teQqaAmqqx0,0,0.0,8.873,,
teQqaAmqqx0,1,22.43,39.085,,
tgrxA3CiBv0,0,70.97,78.595,,
tgrxA3CiBv0,1,77.874,85.21,,
tgrxA3CiBv0,2,91.573,100.495,,
tgrxA3CiBv0,3,99.795,108.766,,
tgrxA3CiBv0,4,17.721,22.842,,
tgrxA3CiBv0,5,22.311,33.438,,
tgrxA3CiBv0,6,36.778,42.327,,
tgrxA3CiBv0,7,41.876,47.705,,
tgrxA3CiBv0,8,47.054,56.525,,
tgrxA3CiBv0,9,55.874,69.196,,
tkzdanzsA0A,0,0.350566893424,7.4566893424,,
tkzdanzsA0A,1,48.0421768707,53.4022675737,,
tkzdanzsA0A,2,15.8253968254,21.0557823129,,
tkzdanzsA0A,3,22.0811791383,25.6453514739,,
tkzdanzsA0A,4,24.7750566893,30.843537415,,
tkzdanzsA0A,5,29.9931972789,34.3655328798,,
tkzdanzsA0A,6,33.3655328798,38.0770975057,,
tkzdanzsA0A,7,37.0770975057,41.2498866213,,
tkzdanzsA0A,8,40.3995464853,43.2453514739,,
tnWmVXZ87h0,0,0.0,8.125,,
tnWmVXZ87h0,1,8.243,12.675,,
tnWmVXZ87h0,2,51.834,61.753,,
tnWmVXZ87h0,3,67.149,75.961,,
tnWmVXZ87h0,4,81.277,86.447,,
tnWmVXZ87h0,5,17.262,22.203,,
tnWmVXZ87h0,6,34.543,42.098,,
tnWmVXZ87h0,7,44.46,51.566,,
tnhRxo-g3Xw,0,52.3024943311,55.9963718821,,
trQLgl6ncmk,0,74.881,80.66,,
trQLgl6ncmk,1,79.66,96.564,,
trQLgl6ncmk,2,13.98,20.128,,
trQLgl6ncmk,3,31.25,44.912,,
trQLgl6ncmk,4,53.709,59.818,,
ttfaZ8IIWCo,0,0.0,5.002,,
ttfaZ8IIWCo,1,4.661,10.699,,
ttfaZ8IIWCo,2,10.378,16.356,,
ttfaZ8IIWCo,3,15.995,22.502,,
ttfaZ8IIWCo,4,21.502,30.814,,
ttfaZ8IIWCo,5,30.332,38.267,,
ttfaZ8IIWCo,6,37.845,48.693,,
ttfaZ8IIWCo,7,48.202,54.32,,
ttfaZ8IIWCo,8,57.171,64.477,,
tv8IhQZQuJI,0,0.0,14.401,,
tv8IhQZQuJI,1,86.485,104.756,,
tv8IhQZQuJI,2,104.753,109.495,,
tv8IhQZQuJI,3,136.84,143.537,,
tv8IhQZQuJI,4,176.281,197.225,,
tv8IhQZQuJI,5,201.952,206.834,,
tv8IhQZQuJI,6,32.178,43.016,,
tv8IhQZQuJI,7,42.016,47.615,,
tv8IhQZQuJI,8,47.064,63.759,,
tv8IhQZQuJI,9,67.358,77.098,,
tv8IhQZQuJI,10,76.098,84.112,,
tvE_DucE0_k,0,0.0,12.735,,
tvE_DucE0_k,1,65.143,73.936,,
tvE_DucE0_k,2,25.902,31.283,,
tvE_DucE0_k,3,30.532,36.511,,
tvE_DucE0_k,4,35.62,47.366,,
tw2xFbfgV4U,0,2.965,10.669,,
tw2xFbfgV4U,1,63.198,70.942,,
tw2xFbfgV4U,2,78.812,86.188,,
tw2xFbfgV4U,3,85.637,94.229,,
tw2xFbfgV4U,4,105.801,119.562,,
tw2xFbfgV4U,5,118.891,123.792,,
tw2xFbfgV4U,6,10.019,17.105,,
tw2xFbfgV4U,7,128.779,140.804,,
tw2xFbfgV4U,8,16.504,21.585,,
tw2xFbfgV4U,9,29.714,35.473,,
tw2xFbfgV4U,10,41.278,50.329,,
txjqbr6FoZs,0,97.59,116.299,,
txjqbr6FoZs,1,27.559,39.065,,
txjqbr6FoZs,2,38.374,47.585,,
txjqbr6FoZs,3,47.912,53.562,,
txjqbr6FoZs,4,52.562,65.634,,
txjqbr6FoZs,5,65.752,80.64,,
txjqbr6FoZs,6,79.96,93.78,,
txjqbr6FoZs,7,93.09,97.941,,
tymso_pAxhk,0,0.8,10.959,,
tymso_pAxhk,1,101.571,115.86,,
tymso_pAxhk,2,134.805,139.616,,
tymso_pAxhk,3,148.374,154.044,,
tymso_pAxhk,4,153.642,166.016,,
u6H0sVuY1ac,0,7.674,17.863,,
u6H0sVuY1ac,1,28.357,38.656,,
u6PL_7Z9QlU,0,0.0,8.115,,
u6PL_7Z9QlU,1,7.903,25.745,,
u6PL_7Z9QlU,2,25.444,35.194,,
u8ViR4L2cVk,0,0.0,6.249,,
u8ViR4L2cVk,1,23.348,30.903,,
u8ViR4L2cVk,2,30.312,38.426,,
u94VPxEIJPg,0,0.89931972789,5.51111111111,,
u94VPxEIJPg,1,26.3015873016,28.5188208617,,
u94VPxEIJPg,2,49.9977324263,56.525170068,,
u94VPxEIJPg,3,6.67619047619,9.22267573696,,
u94VPxEIJPg,4,8.90113378685,11.7569160998,,
u94VPxEIJPg,5,10.9764172336,13.093877551,,
u94VPxEIJPg,6,14.2390022676,20.3673469388,,
u94VPxEIJPg,7,21.2131519274,26.10430839,,
u9I5WD3Nglk,0,51.085,58.521,,
u9ZV8jb_-U0,0,0.0,6.888,,
u9ZV8jb_-U0,1,37.885,48.753,,
uAExKaLeOl8,0,0.0,6.299,,
uAExKaLeOl8,1,139.215,149.703,,
uAExKaLeOl8,2,150.26,168.132,,
uAExKaLeOl8,3,17.432,24.887,,
uAExKaLeOl8,4,27.439,47.735,,
uAExKaLeOl8,5,48.711,56.216,,
uAExKaLeOl8,6,87.752,91.137,,
uAExKaLeOl8,7,91.204,107.36,,
uBgRo9tnv-I,0,0.0,3.645,,
uBgRo9tnv-I,1,2.645,7.397,,
uBgRo9tnv-I,2,6.397,14.201,,
uBgRo9tnv-I,3,13.491,17.045,,
uBgRo9tnv-I,4,16.045,21.066,,
uBgRo9tnv-I,5,20.724,37.987,,
uBgRo9tnv-I,6,37.576,47.765,,
uBgRo9tnv-I,7,46.965,52.764,,
uITHY4LORDs,0,0.0,5.441,,
uITHY4LORDs,1,10.068,33.168,,
uITHY4LORDs,2,36.179,44.562,,
uN0d3ZOkDp8,0,5.329,14.87,,
uN0d3ZOkDp8,1,14.548,23.839,,
uN0d3ZOkDp8,2,23.668,29.666,,
uN0d3ZOkDp8,3,29.215,34.665,,
uQds2dN1AiM,0,5.489,18.442,,
uTWeng4h5eM,0,7.744,15.468,,
uTWeng4h5eM,1,38.953,46.787,,
uTWeng4h5eM,2,47.164,68.009,,
uTWeng4h5eM,3,82.115,85.659,,
uTWeng4h5eM,4,84.659,88.552,,
uU_3tbZ1zG8,0,4.93,11.986,,
uU_3tbZ1zG8,1,64.754,70.463,,
uU_3tbZ1zG8,2,71.639,84.951,,
uU_3tbZ1zG8,3,86.255,92.304,,
uU_3tbZ1zG8,4,98.418,106.821,,
uU_3tbZ1zG8,5,116.686,123.842,,
uU_3tbZ1zG8,6,143.675,148.995,,
uU_3tbZ1zG8,7,149.162,154.313,,
uU_3tbZ1zG8,8,160.247,173.36,,
uU_3tbZ1zG8,9,30.402,39.803,,
uU_3tbZ1zG8,10,41.926,49.89,,
uU_3tbZ1zG8,11,56.603,64.188,,
uVM4JWjfGgQ,0,0.0,4.893,,
uVM4JWjfGgQ,1,64.714,71.711,,
uVM4JWjfGgQ,2,18.998,26.523,,
uWW1ejwFURI,0,0.0,3.585,,
uXYAfpQUYVE,0,70.002,79.563,,
uXYAfpQUYVE,1,131.083,141.273,,
uXYAfpQUYVE,2,140.791,149.145,,
uXYAfpQUYVE,3,159.519,169.907,,
uXYAfpQUYVE,4,169.386,175.066,,
uXYAfpQUYVE,5,174.894,181.741,,
uXYAfpQUYVE,6,181.379,189.553,,
uXYAfpQUYVE,7,17.901,23.44,,
uXYAfpQUYVE,8,23.149,27.132,,
uXYAfpQUYVE,9,26.711,34.206,,
uYzZB4ccG1Q,0,-0.487528344671,10.0108843537,,
uYzZB4ccG1Q,1,13.610430839,18.4916099773,,
uYzZB4ccG1Q,2,79.8,86.4172335601,,
uYzZB4ccG1Q,3,85.4870748299,87.9138321995,,
uYzZB4ccG1Q,4,87.1732426304,92.0544217687,,
uYzZB4ccG1Q,5,91.4535147392,96.6439909297,,
uYzZB4ccG1Q,6,95.6439909297,99.7768707483,,
uYzZB4ccG1Q,7,99.0362811791,102.650340136,,
uYzZB4ccG1Q,8,102.418594104,106.950566893,,
uYzZB4ccG1Q,9,106.399546485,109.764172336,,
uYzZB4ccG1Q,10,109.033560091,112.717460317,,
uYzZB4ccG1Q,11,112.605442177,136.812698413,,
uYzZB4ccG1Q,12,18.0802721088,23.789569161,,
uYzZB4ccG1Q,13,136.431292517,144.036281179,,
uYzZB4ccG1Q,14,143.036281179,164.060770975,,
uYzZB4ccG1Q,15,163.310204082,168.141496599,,
uYzZB4ccG1Q,16,167.720181406,186.120634921,,
uYzZB4ccG1Q,17,185.529705215,187.82675737,,
uYzZB4ccG1Q,18,186.82675737,193.453968254,,
uYzZB4ccG1Q,19,192.753287982,198.123356009,,
uYzZB4ccG1Q,20,197.163265306,202.363718821,,
uYzZB4ccG1Q,21,201.78276644,210.445351474,,
uYzZB4ccG1Q,22,23.1986394558,41.1800453515,,
uYzZB4ccG1Q,23,209.634920635,217.549206349,,
uYzZB4ccG1Q,24,217.497052154,225.221768707,,
uYzZB4ccG1Q,25,40.6888888889,42.716553288,,
uYzZB4ccG1Q,26,42.4947845805,45.3106575964,,
uYzZB4ccG1Q,27,44.3106575964,59.8675736961,,
uYzZB4ccG1Q,28,61.6811791383,78.2557823129,,
uYzZB4ccG1Q,29,77.2557823129,80.5006802721,,
uacdDoBtT1k,0,0.0,29.058,,
uacdDoBtT1k,1,29.075,37.838,,
uacdDoBtT1k,2,37.426,42.737,,
uacdDoBtT1k,3,62.549,70.394,,
uacdDoBtT1k,4,69.683,77.917,,
ueCWy7aTmyo,0,0.0,22.203,,
ueCWy7aTmyo,1,21.991,31.751,,
ueCWy7aTmyo,2,86.415,91.975,,
ueCWy7aTmyo,3,91.184,97.622,,
ueCWy7aTmyo,4,97.071,99.577,,
ueCWy7aTmyo,5,98.897,106.402,,
ueCWy7aTmyo,6,105.871,114.673,,
ueCWy7aTmyo,7,113.952,120.5,,
ueCWy7aTmyo,8,119.959,133.889,,
ueCWy7aTmyo,9,133.498,140.744,,
ueCWy7aTmyo,10,139.744,146.351,,
ueCWy7aTmyo,11,145.69,154.044,,
ueCWy7aTmyo,12,31.091,42.497,,
ueCWy7aTmyo,13,41.557,49.621,,
ueCWy7aTmyo,14,49.01,54.819,,
ueCWy7aTmyo,15,54.068,61.703,,
ueCWy7aTmyo,16,61.282,65.156,,
ueCWy7aTmyo,17,64.156,73.207,,
ueCWy7aTmyo,18,72.576,78.226,,
ueCWy7aTmyo,19,77.535,86.826,,
uea5xJZygsc,0,29.883,43.605,,
uea5xJZygsc,1,49.519,67.55,,
um8WVjZMLUc,0,0.0,10.5,,
um8WVjZMLUc,1,9.5,19.699,,
unNY4zIk8MM,0,-0.218140589569,2.09886621315,,
unNY4zIk8MM,1,1.09886621315,11.1682539683,,
unNY4zIk8MM,2,46.0766439909,54.210430839,,
unNY4zIk8MM,3,12.0040816327,18.3519274376,,
unNY4zIk8MM,4,17.5514739229,24.6176870748,,
unNY4zIk8MM,5,23.6176870748,31.3324263039,,
unNY4zIk8MM,6,30.7115646259,34.8145124717,,
unNY4zIk8MM,7,34.3732426304,42.0780045351,,
unNY4zIk8MM,8,41.0780045351,44.7120181406,,
unOeTDc2rlY,0,0.0,4.633,,
unOeTDc2rlY,1,4.052,12.755,,
unOeTDc2rlY,2,74.233,79.423,,
unOeTDc2rlY,3,84.1,92.444,,
unOeTDc2rlY,4,91.753,95.916,,
unOeTDc2rlY,5,12.453,19.02,,
unOeTDc2rlY,6,119.48,127.743,,
unOeTDc2rlY,7,126.773,135.975,,
unOeTDc2rlY,8,137.339,144.844,,
unOeTDc2rlY,9,161.245,165.747,,
unOeTDc2rlY,10,165.016,172.112,,
unOeTDc2rlY,11,171.412,179.486,,
unOeTDc2rlY,12,179.005,185.851,,
unOeTDc2rlY,13,185.18,191.828,,
unOeTDc2rlY,14,196.864,204.818,,
unOeTDc2rlY,15,206.263,212.381,,
unOeTDc2rlY,16,211.66,219.245,,
unOeTDc2rlY,17,24.536,31.931,,
unOeTDc2rlY,18,31.47,42.517,,
unOeTDc2rlY,19,52.991,56.755,,
uogwnZGb-iE,0,47.144,52.814,,
uogwnZGb-iE,1,56.862,63.759,,
uogwnZGb-iE,2,69.234,74.744,,
uogwnZGb-iE,3,2.027,10.021,,
uogwnZGb-iE,4,74.302,83.215,,
uogwnZGb-iE,5,82.215,89.879,,
uogwnZGb-iE,6,89.508,102.351,,
uogwnZGb-iE,7,104.195,111.071,,
uogwnZGb-iE,8,110.371,116.808,,
uogwnZGb-iE,9,116.427,122.495,,
uogwnZGb-iE,10,121.834,135.077,,
uogwnZGb-iE,11,134.077,142.56,,
uogwnZGb-iE,12,148.773,160.469,,
uogwnZGb-iE,13,12.353,20.347,,
uogwnZGb-iE,14,19.617,24.857,,
uogwnZGb-iE,15,23.857,28.16,,
uooIiW6dEyg,0,0.021,4.264,,
uooIiW6dEyg,1,3.294,6.958,,
uooIiW6dEyg,2,5.958,20.487,,
uooIiW6dEyg,3,19.487,32.151,,
uooIiW6dEyg,4,31.151,36.321,,
uooIiW6dEyg,5,35.321,45.74,,
ussfmzwftQ8,0,7.494,19.469,,
ussfmzwftQ8,1,20.305,30.883,,
uu1FqsR7JV0,0,4.92,10.41,,
uu1FqsR7JV0,1,40.459,45.45,,
uxHBEfIhY-E,0,-0.018594104308,2.58775510204,,
uxHBEfIhY-E,1,2.17641723356,15.8575963719,,
uxHBEfIhY-E,2,15.4063492063,19.8485260771,,
uxHBEfIhY-E,3,19.8063492063,25.0367346939,,
uxHBEfIhY-E,4,24.7451247166,32.9587301587,,
uxHBEfIhY-E,5,32.3378684807,39.3442176871,,
uxHBEfIhY-E,6,38.8530612245,48.3138321995,,
uy9MGhVqCp8,0,16.105,25.097,,
uy9MGhVqCp8,1,54.717,66.073,,
uy9MGhVqCp8,2,65.363,78.176,,
uy9MGhVqCp8,3,26.93,31.741,,
uy9MGhVqCp8,4,30.741,34.106,,
uy9MGhVqCp8,5,33.106,36.93,,
uy9MGhVqCp8,6,35.93,42.806,,
uyOrVTq8Tjk,0,0.0,18.132,,
uyOrVTq8Tjk,1,41.796,50.319,,
uyOrVTq8Tjk,2,51.484,57.343,,
uyOrVTq8Tjk,3,64.146,69.346,,
uyOrVTq8Tjk,4,68.576,75.612,,
uyeQsv2tq44,0,2.625,7.407,,
v0a8N7Y-Vfc,0,97.649,106.402,,
v0a8N7Y-Vfc,1,105.751,112.099,,
v0a8N7Y-Vfc,2,17.262,23.311,,
v1GKBjohgHc,0,5.629,12.346,,
v1GKBjohgHc,1,12.333,21.834,,
v1GKBjohgHc,2,22.031,29.826,,
v1GKBjohgHc,3,29.415,37.508,,
v1GKBjohgHc,4,37.746,47.526,,
v2DFe9X-jCY,0,49.229,58.042,,
v2DFe9X-jCY,1,80.319,85.729,,
v2DFe9X-jCY,2,90.127,99.338,,
v2DFe9X-jCY,3,141.58,149.823,,
v2DFe9X-jCY,4,162.692,169.608,,
v2DFe9X-jCY,5,170.185,177.899,,
v2DFe9X-jCY,6,177.967,188.695,,
v2DFe9X-jCY,7,188.842,196.527,,
v2DFe9X-jCY,8,196.904,213.718,,
v2Rr-EsJda8,0,0.0,4.234,,
v2Rr-EsJda8,1,3.414,12.475,,
v2Rr-EsJda8,2,11.725,15.818,,
v2Rr-EsJda8,3,16.005,21.046,,
v2Rr-EsJda8,4,20.265,29.806,,
v2Rr-EsJda8,5,31.141,35.154,,
v2Rr-EsJda8,6,34.962,40.053,,
v3l56fl6aJM,0,0.0,11.358,,
v3l56fl6aJM,1,50.576,56.016,,
v3l56fl6aJM,2,55.475,65.475,,
v45zoIrjoTo,0,47.064,59.558,,
v45zoIrjoTo,1,30.652,35.772,,
v5AAvrZuR2U,0,13.9,21.295,,
v5AAvrZuR2U,1,24.785,36.211,,
v5AAvrZuR2U,2,47.094,55.328,,
v5AAvrZuR2U,3,54.398,64.856,,
v5AAvrZuR2U,4,80.588,94.828,,
v73dbqOUoXQ,0,82.893,94.05,,
v73dbqOUoXQ,1,51.145,61.634,,
v9GshyXtiWg,0,0.0,6.599,,
v9GshyXtiWg,1,55.236,64.028,,
v9GshyXtiWg,2,67.179,72.469,,
v9GshyXtiWg,3,13.072,21.495,,
v9GshyXtiWg,4,20.495,30.863,,
v9GshyXtiWg,5,35.471,42.008,,
v9GshyXtiWg,6,41.008,45.331,,
v9GshyXtiWg,7,44.331,48.823,,
v9GshyXtiWg,8,49.03,56.156,,
v9gjg7TDlTA,0,0.0,6.17,,
v9gjg7TDlTA,1,5.399,14.66,,
v9gjg7TDlTA,2,22.76,40.122,,
v9gjg7TDlTA,3,39.721,45.71,,
v9gjg7TDlTA,4,44.76,60.646,,
vA68fTqDars,0,0.0,4.942,,
vA68fTqDars,1,49.339,61.454,,
vB_kZocHtYo,0,55.266,66.892,,
vC9oWzTU71s,0,12.313,22.802,,
vC9oWzTU71s,1,47.513,54.62,,
vCWpKubBbcw,0,2.855,14.421,,
vCWpKubBbcw,1,14.129,19.509,,
vGkIaClHKDg,0,81.985,88.662,,
vGkIaClHKDg,1,90.595,95.566,,
vGkIaClHKDg,2,98.707,103.0,,
vGkIaClHKDg,3,103.496,110.892,,
vGkIaClHKDg,4,110.75,119.372,,
vGkIaClHKDg,5,123.301,141.023,,
vGkIaClHKDg,6,33.984,50.299,,
vGkIaClHKDg,7,49.908,58.561,,
vGkIaClHKDg,8,59.536,64.786,,
vGkIaClHKDg,9,63.786,73.098,,
vGkIaClHKDg,10,73.105,82.217,,
vGxqVh_kJdo,0,0.0,16.067,,
vGxqVh_kJdo,1,15.476,23.351,,
vHzbn_YW76s,0,6.487,14.511,,
vHzbn_YW76s,1,13.511,18.222,,
vHzbn_YW76s,2,22.041,25.995,,
vI5JH0daNsM,0,11.725,17.244,,
vI5JH0daNsM,1,16.544,34.046,,
vJDDEuE-FlY,0,12.593,17.504,,
vJDDEuE-FlY,1,31.011,43.146,,
vM3YB7LmMq4,0,-0.487528344671,3.65532879819,,
vM3YB7LmMq4,1,2.93469387755,15.3587301587,,
vM3YB7LmMq4,2,56.8321995465,62.6113378685,,
vM3YB7LmMq4,3,61.6113378685,64.3673469388,,
vM3YB7LmMq4,4,63.3673469388,68.6875283447,,
vM3YB7LmMq4,5,67.6875283447,69.4657596372,,
vM3YB7LmMq4,6,68.4657596372,70.9623582766,,
vM3YB7LmMq4,7,69.9623582766,79.5129251701,,
vM3YB7LmMq4,8,78.5129251701,83.7532879819,,
vM3YB7LmMq4,9,82.7532879819,90.2585034014,,
vM3YB7LmMq4,10,89.8770975057,93.0222222222,,
vM3YB7LmMq4,11,14.3986394558,17.683446712,,
vM3YB7LmMq4,12,92.2517006803,98.9387755102,,
vM3YB7LmMq4,13,97.9387755102,99.387755102,,
vM3YB7LmMq4,14,98.387755102,102.949659864,,
vM3YB7LmMq4,15,101.949659864,106.651247166,,
vM3YB7LmMq4,16,106.399546485,108.337414966,,
vM3YB7LmMq4,17,107.337414966,109.325170068,,
vM3YB7LmMq4,18,108.355102041,111.540136054,,
vM3YB7LmMq4,19,110.540136054,117.197278912,,
vM3YB7LmMq4,20,16.683446712,22.043537415,,
vM3YB7LmMq4,21,116.197278912,117.945578231,,
vM3YB7LmMq4,22,116.945578231,120.479818594,,
vM3YB7LmMq4,23,119.479818594,126.436281179,,
vM3YB7LmMq4,24,125.436281179,130.546938776,,
vM3YB7LmMq4,25,129.546938776,131.414965986,,
vM3YB7LmMq4,26,130.414965986,132.712018141,,
vM3YB7LmMq4,27,131.721995465,136.902494331,,
vM3YB7LmMq4,28,135.902494331,144.265759637,,
vM3YB7LmMq4,29,143.265759637,149.274376417,,
vM3YB7LmMq4,30,148.274376417,150.671201814,,
vM3YB7LmMq4,31,21.3129251701,34.7446712018,,
vM3YB7LmMq4,32,149.671201814,156.298412698,,
vM3YB7LmMq4,33,155.298412698,157.056689342,,
vM3YB7LmMq4,34,156.056689342,158.653061224,,
vM3YB7LmMq4,35,157.653061224,167.732426304,,
vM3YB7LmMq4,36,166.732426304,171.314285714,,
vM3YB7LmMq4,37,170.314285714,179.675283447,,
vM3YB7LmMq4,38,179.283900227,182.458956916,,
vM3YB7LmMq4,39,182.07755102,191.687981859,,
vM3YB7LmMq4,40,33.9442176871,42.2875283447,,
vM3YB7LmMq4,41,190.687981859,192.376417234,,
vM3YB7LmMq4,42,191.376417234,197.16553288,,
vM3YB7LmMq4,43,196.16553288,200.178684807,,
vM3YB7LmMq4,44,199.936961451,201.814965986,,
vM3YB7LmMq4,45,41.2875283447,44.1931972789,,
vM3YB7LmMq4,46,43.3029478458,45.9891156463,,
vM3YB7LmMq4,47,44.9891156463,50.5986394558,,
vM3YB7LmMq4,48,49.5986394558,57.8321995465,,
vM7m581tHn0,0,0.0,2.288,,
vM7m581tHn0,1,1.668,6.09,,
vM7m581tHn0,2,5.459,11.288,,
vM7m581tHn0,3,10.777,14.81,,
vM7m581tHn0,4,14.478,19.569,,
vM7m581tHn0,5,18.769,26.863,,
vM7m581tHn0,6,26.441,29.946,,
vM7m581tHn0,7,29.205,37.169,,
vM7m581tHn0,8,42.864,50.229,,
vM9AH4EqCaA,0,0.0,10.071,,
vM9AH4EqCaA,1,14.289,24.658,,
vM9AH4EqCaA,2,54.178,62.362,,
vNID-RVhWcQ,0,1.229,7.237,,
vNID-RVhWcQ,1,6.237,25.965,,
vNID-RVhWcQ,2,24.965,47.166,,
vR90Pdx9wxs,0,0.0,15.888,,
vR90Pdx9wxs,1,14.888,25.605,,
vR90Pdx9wxs,2,24.695,31.023,,
vR90Pdx9wxs,3,30.023,50.489,,
vR90Pdx9wxs,4,50.985,64.337,,
vR90Pdx9wxs,5,63.517,74.365,,
vR90Pdx9wxs,6,87.662,101.533,,
vRhj2bLo1ho,0,0.0,3.665,,
vRhj2bLo1ho,1,2.665,8.215,,
vRhj2bLo1ho,2,7.255,13.084,,
vRhj2bLo1ho,3,12.084,18.302,,
vRhj2bLo1ho,4,17.841,24.368,,
vRhj2bLo1ho,5,23.787,30.854,,
vRhj2bLo1ho,6,44.071,48.533,,
vRhj2bLo1ho,7,48.002,54.44,,
vRydHjRzDX0,0,0.0,4.673,,
vRydHjRzDX0,1,64.734,83.693,,
vRydHjRzDX0,2,9.739,15.239,,
vRydHjRzDX0,3,14.239,22.582,,
vRydHjRzDX0,4,34.982,45.56,,
vRydHjRzDX0,5,44.56,49.411,,
vTAV6FThy30,0,0.0,18.472,,
vTAV6FThy30,1,17.971,23.879,,
vTAV6FThy30,2,23.508,36.441,,
vTAV6FThy30,3,38.713,46.149,,
vTAV6FThy30,4,48.761,68.288,,
vTAV6FThy30,5,68.087,76.949,,
vTAV6FThy30,6,77.336,95.217,,
vU0a4F36Ksw,0,0.0,15.788,,
vU0a4F36Ksw,1,15.047,24.837,,
vU0a4F36Ksw,2,113.244,119.592,,
vU0a4F36Ksw,3,118.941,130.627,,
vU0a4F36Ksw,4,129.906,138.828,,
vU0a4F36Ksw,5,138.008,150.122,,
vU0a4F36Ksw,6,149.122,160.359,,
vU0a4F36Ksw,7,159.529,167.313,,
vU0a4F36Ksw,8,166.802,176.812,,
vU0a4F36Ksw,9,176.221,183.956,,
vU0a4F36Ksw,10,183.105,198.602,,
vU0a4F36Ksw,11,198.311,207.442,,
vU0a4F36Ksw,12,23.837,44.991,,
vU0a4F36Ksw,13,206.442,208.27,,
vU0a4F36Ksw,14,44.211,46.578,,
vU0a4F36Ksw,15,45.947,48.593,,
vU0a4F36Ksw,16,47.703,56.874,,
vU0a4F36Ksw,17,56.114,67.191,,
vU0a4F36Ksw,18,67.219,73.995,,
vU0a4F36Ksw,19,73.444,85.819,,
vU0a4F36Ksw,20,85.258,114.134,,
vXABB4tBBUU,0,0.0,11.946,,
vXABB4tBBUU,1,14.149,20.737,,
vXABB4tBBUU,2,20.684,27.78,,
vXABB4tBBUU,3,28.896,31.492,,
vXABB4tBBUU,4,31.141,36.9,,
vXABB4tBBUU,5,36.289,38.277,,
vYOr36tdcpc,0,0.0,10.59,,
vYOr36tdcpc,1,9.59,26.314,,
vYOr36tdcpc,2,54.956,78.964,,
v_8QeoNc4QY,0,6.906,12.495,,
v_8QeoNc4QY,1,12.024,16.766,,
v_8QeoNc4QY,2,20.565,25.256,,
v_8QeoNc4QY,3,25.274,30.175,,
v_8QeoNc4QY,4,36.369,51.566,,
vbVLgaP5IYU,0,0.0,8.454,,
vbVLgaP5IYU,1,21.892,28.12,,
vbVLgaP5IYU,2,27.609,33.817,,
vbr3EA8cJTI,0,0.0,10.25,,
vbr3EA8cJTI,1,69.134,73.816,,
vbr3EA8cJTI,2,72.886,79.732,,
vbr3EA8cJTI,3,78.732,83.334,,
vbr3EA8cJTI,4,13.73,19.729,,
vbr3EA8cJTI,5,29.035,38.027,,
vbr3EA8cJTI,6,37.277,43.006,,
veA6ECsGFxI,0,0.0,14.421,,
veA6ECsGFxI,1,38.294,43.096,,
veHYwR7ge6Y,0,1.07891156463,35.1138321995,,
vlnKSMw5v1o,0,0.0,4.833,,
vlnKSMw5v1o,1,4.002,10.161,,
vlnKSMw5v1o,2,25.054,35.094,,
vlnKSMw5v1o,3,34.094,39.634,,
vlnKSMw5v1o,4,38.634,42.427,,
vlnKSMw5v1o,5,41.427,49.022,,
vn0CFvUK5D0,0,14.818,23.191,,
vn0CFvUK5D0,1,23.867,29.277,,
vn0CFvUK5D0,2,29.075,34.545,,
vn0CFvUK5D0,3,46.695,52.474,,
vo_JbAFAD68,0,0.0124716553288,16.6945578231,,
vop7tN_K64I,0,11.236,19.28,,
vop7tN_K64I,1,75.56,83.803,,
vop7tN_K64I,2,88.331,94.16,,
vop7tN_K64I,3,98.009,109.355,,
vop7tN_K64I,4,108.684,119.352,,
vop7tN_K64I,5,19.158,28.828,,
vqBRkjHWjXM,0,36.01,44.502,,
vrgwwihTxVQ,0,0.0,4.334,,
vrgwwihTxVQ,1,40.459,50.0,,
vttEPA6Xffk,0,0.0,15.399,,
vttEPA6Xffk,1,15.077,50.329,,
vttEPA6Xffk,2,50.277,71.082,,
vttEPA6Xffk,3,70.491,97.981,,
vttEPA6Xffk,4,97.2,112.159,,
vwUBtNvjrU4,0,0.0124716553288,6.10861678005,,
vwUBtNvjrU4,1,6.34807256236,12.1049886621,,
vwUBtNvjrU4,2,60.6446712018,64.5757369615,,
vwUBtNvjrU4,3,68.9158730159,71.4002267574,,
vwUBtNvjrU4,4,71.6596371882,74.6229024943,,
vwUBtNvjrU4,5,76.129478458,78.9630385488,,
vwUBtNvjrU4,6,84.7798185941,88.7907029478,,
vwUBtNvjrU4,7,12.3544217687,18.0215419501,,
vwUBtNvjrU4,8,109.014739229,117.226077098,,
vwUBtNvjrU4,9,117.555328798,121.526303855,,
vwUBtNvjrU4,10,121.745804989,125.138095238,,
vwUBtNvjrU4,11,125.357596372,128.929478458,,
vwUBtNvjrU4,12,18.4505668934,24.1675736961,,
vwUBtNvjrU4,13,138.198412698,144.524036281,,
vx8j_4DMqh4,0,2.516,9.203,,
vx8j_4DMqh4,1,8.203,31.702,,
vySKXq0ZOb0,0,10.577,20.527,,
vySKXq0ZOb0,1,37.456,54.56,,
w-PFjo89Dpw,0,116.497,126.456,,
w-PFjo89Dpw,1,136.681,148.426,,
w-PFjo89Dpw,2,179.773,198.562,,
w-PFjo89Dpw,3,8.422,21.654,,
w-PFjo89Dpw,4,203.259,211.513,,
w-PFjo89Dpw,5,36.498,58.002,,
w-PFjo89Dpw,6,57.132,75.253,,
w-PFjo89Dpw,7,74.253,100.376,,
w-PFjo89Dpw,8,103.416,117.447,,
w1MxXu5D7ho,0,0.71,16.007,,
w1MxXu5D7ho,1,17.462,29.237,,
w1MxXu5D7ho,2,28.237,39.514,,
w44JDB1NmqM,0,0.0,11.148,,
w44JDB1NmqM,1,11.156,15.628,,
w44JDB1NmqM,2,23.827,32.649,,
w44JDB1NmqM,3,51.724,56.146,,
w4xIyGs-3wc,0,18.33,26.184,,
w4xIyGs-3wc,1,25.284,29.247,,
w8TXP0iz29A,0,-0.208163265306,3.66530612245,,
w8TXP0iz29A,1,7.82358276644,17.30430839,,
w8TXP0iz29A,2,17.7310657596,27.6807256236,,
w8TXP0iz29A,3,26.7505668934,37.8575963719,,
wC_1M7KIv9s,0,0.0,3.486,,
wC_1M7KIv9s,1,2.486,8.893,,
wC_1M7KIv9s,2,54.517,60.716,,
wC_1M7KIv9s,3,59.716,65.754,,
wC_1M7KIv9s,4,65.183,72.479,,
wC_1M7KIv9s,5,71.868,76.879,,
wC_1M7KIv9s,6,76.078,82.257,,
wC_1M7KIv9s,7,94.826,102.89,,
wC_1M7KIv9s,8,102.429,112.777,,
wC_1M7KIv9s,9,112.366,118.854,,
wC_1M7KIv9s,10,125.626,130.896,,
wC_1M7KIv9s,11,141.29,149.654,,
wC_1M7KIv9s,12,148.654,156.029,,
wC_1M7KIv9s,13,155.717,167.982,,
wC_1M7KIv9s,14,171.302,175.505,,
wC_1M7KIv9s,15,11.256,15.778,,
wC_1M7KIv9s,16,21.123,26.444,,
wC_1M7KIv9s,17,25.444,33.837,,
wC_1M7KIv9s,18,40.619,49.162,,
wC_1M7KIv9s,19,48.421,55.517,,
wCbQxI_-GKU,0,0.0,13.583,,
wCtZdAdoIm8,0,0.0,11.478,,
wCtZdAdoIm8,1,39.711,49.721,,
wEs7pJH2mqQ,0,-0.487528344671,3.44580498866,,
wEs7pJH2mqQ,1,2.96462585034,8.03537414966,,
wEs7pJH2mqQ,2,8.43219954649,12.3854875283,,
wEs7pJH2mqQ,3,44.3006802721,49.2716553288,,
wEs7pJH2mqQ,4,48.6807256236,54.7591836735,,
wF8980oGklk,0,3.683,9.392,,
wF8980oGklk,1,8.751,11.478,,
wF8980oGklk,2,60.793,69.456,,
wF8980oGklk,3,68.855,73.217,,
wF8980oGklk,4,72.217,81.349,,
wF8980oGklk,5,80.808,92.693,,
wF8980oGklk,6,91.693,98.799,,
wF8980oGklk,7,98.029,106.492,,
wF8980oGklk,8,105.731,108.307,,
wF8980oGklk,9,107.417,115.531,,
wF8980oGklk,10,114.94,121.029,,
wF8980oGklk,11,120.527,131.924,,
wF8980oGklk,12,10.478,13.513,,
wF8980oGklk,13,130.924,133.899,,
wF8980oGklk,14,133.508,145.603,,
wF8980oGklk,15,144.663,152.198,,
wF8980oGklk,16,151.677,156.817,,
wF8980oGklk,17,156.137,164.001,,
wF8980oGklk,18,163.38,168.341,,
wF8980oGklk,19,167.99,177.939,,
wF8980oGklk,20,178.117,183.217,,
wF8980oGklk,21,182.217,187.697,,
wF8980oGklk,22,12.762,17.733,,
wF8980oGklk,23,17.102,22.193,,
wF8980oGklk,24,21.193,32.929,,
wF8980oGklk,25,32.408,39.743,,
wF8980oGklk,26,38.903,48.344,,
wF8980oGklk,27,47.533,58.93,,
wF8980oGklk,28,57.93,61.584,,
wHQYmMZzyJY,0,50.985,60.995,,
wHQYmMZzyJY,1,86.395,92.843,,
wHQYmMZzyJY,2,95.953,102.77,,
wHQYmMZzyJY,3,105.671,111.57,,
wHQYmMZzyJY,4,111.368,123.962,,
wHQYmMZzyJY,5,10.168,16.446,,
wHQYmMZzyJY,6,124.339,131.515,,
wHQYmMZzyJY,7,131.562,137.232,,
wHQYmMZzyJY,8,144.333,149.644,,
wHQYmMZzyJY,9,149.292,154.832,,
wHQYmMZzyJY,10,36.139,46.288,,
wHeZHLv9wGI,0,45.658,54.819,,
wI7DDCRh4Nw,0,-0.108390022676,26.5433106576,,
wI7DDCRh4Nw,1,26.052154195,67.3904761905,,
wI7DDCRh4Nw,2,66.9492063492,80.9297052154,,
wI7DDCRh4Nw,3,80.40861678,94.1097505669,,
wI7DDCRh4Nw,4,93.1097505669,101.193650794,,
wI7DDCRh4Nw,5,100.612698413,109.9138322,,
wI7DDCRh4Nw,6,109.362811791,119.641723356,,
wLJohZMqR-g,0,46.296,53.931,,
wLJohZMqR-g,1,69.144,76.819,,
wLj_gnNON7A,0,0.321,9.073,,
wLj_gnNON7A,1,8.881,14.311,,
wLj_gnNON7A,2,59.067,65.116,,
wLj_gnNON7A,3,64.644,72.359,,
wLj_gnNON7A,4,72.357,84.771,,
wLj_gnNON7A,5,84.689,90.777,,
wLj_gnNON7A,6,90.286,94.12,,
wLj_gnNON7A,7,94.048,105.903,,
wLj_gnNON7A,8,105.671,109.914,,
wLj_gnNON7A,9,109.852,113.276,,
wLj_gnNON7A,10,112.396,116.339,,
wLj_gnNON7A,11,115.888,118.464,,
wLj_gnNON7A,12,14.199,20.527,,
wLj_gnNON7A,13,117.594,123.663,,
wLj_gnNON7A,14,20.195,22.832,,
wLj_gnNON7A,15,21.832,24.298,,
wLj_gnNON7A,16,23.947,35.114,,
wLj_gnNON7A,17,35.012,41.789,,
wLj_gnNON7A,18,41.148,48.773,,
wLj_gnNON7A,19,48.671,52.025,,
wLj_gnNON7A,20,51.664,59.439,,
wLrgvSYLPUI,0,19.078,29.397,,
wLrgvSYLPUI,1,29.195,39.314,,
wLrgvSYLPUI,2,38.624,57.802,,
wLrgvSYLPUI,3,66.38,84.083,,
wLrgvSYLPUI,4,110.311,122.635,,
wMggOhhVouA,0,23.418,27.062,,
wMggOhhVouA,1,27.838,31.801,,
wNx1ZnQ0MDQ,0,105.651,123.553,,
wNx1ZnQ0MDQ,1,12.792,20.417,,
wNx1ZnQ0MDQ,2,46.635,59.608,,
wNx1ZnQ0MDQ,3,65.113,70.583,,
wNx1ZnQ0MDQ,4,69.583,75.761,,
wO8fUOC4OSE,0,0.0124716553288,18.5403628118,,
wO8fUOC4OSE,1,31.0718820862,35.2224489796,,
wOKWTFYYMuk,0,16.035,22.772,,
wOKWTFYYMuk,1,26.142,41.549,,
wOKWTFYYMuk,2,40.849,50.668,,
wOKWTFYYMuk,3,68.216,86.238,,
wOjnqud5GBA,0,0.0,5.87,,
wOjnqud5GBA,1,5.0,13.852,,
wOjnqud5GBA,2,21.063,26.683,,
wOjnqud5GBA,3,25.733,29.616,,
wOjnqud5GBA,4,28.736,33.019,,
wOjnqud5GBA,5,32.118,35.583,,
wOjnqud5GBA,6,34.952,42.178,,
wQkNqbrAlB4,0,20.235,30.225,,
wR3zalLV_6c,0,7.375,17.634,,
wR3zalLV_6c,1,73.844,80.92,,
wR3zalLV_6c,2,99.705,111.77,,
wR3zalLV_6c,3,111.219,120.689,,
wR3zalLV_6c,4,120.567,125.708,,
wR3zalLV_6c,5,125.556,137.022,,
wR3zalLV_6c,6,137.18,144.086,,
wR3zalLV_6c,7,160.197,171.404,,
wR3zalLV_6c,8,170.973,180.703,,
wR3zalLV_6c,9,199.598,206.794,,
wR3zalLV_6c,10,32.737,41.868,,
wR3zalLV_6c,11,42.146,51.886,,
wR3zalLV_6c,12,51.923,56.815,,
wR3zalLV_6c,13,56.862,61.933,,
wR3zalLV_6c,14,68.925,74.175,,
wRKVNiABc0w,0,0.0,4.084,,
wRKVNiABc0w,1,3.454,8.454,,
wRKVNiABc0w,2,61.711,72.479,,
wRKVNiABc0w,3,71.778,79.663,,
wRKVNiABc0w,4,78.832,82.905,,
wRKVNiABc0w,5,85.108,92.024,,
wRKVNiABc0w,6,94.297,103.189,,
wRKVNiABc0w,7,106.699,113.137,,
wRKVNiABc0w,8,112.625,120.061,,
wRKVNiABc0w,9,119.22,129.928,,
wRKVNiABc0w,10,129.118,145.453,,
wRKVNiABc0w,11,147.496,158.843,,
wRKVNiABc0w,12,158.122,173.579,,
wRKVNiABc0w,13,10.837,19.08,,
wRKVNiABc0w,14,31.061,42.098,,
wRKVNiABc0w,15,41.248,46.298,,
wRKVNiABc0w,16,50.995,58.83,,
wUf6AvCMHbQ,0,-0.487528344671,7.51655328798,,
wVdoIjg3ZFQ,0,0.0,4.424,,
wVdoIjg3ZFQ,1,3.424,5.96,,
wVdoIjg3ZFQ,2,4.96,9.622,,
wVdoIjg3ZFQ,3,8.622,12.864,,
wVdoIjg3ZFQ,4,12.273,20.577,,
wVdoIjg3ZFQ,5,41.337,48.942,,
wXuBJvzeC1Q,0,0.0,7.976,,
wXuBJvzeC1Q,1,6.976,22.862,,
wXuBJvzeC1Q,2,22.121,32.44,,
wXuBJvzeC1Q,3,31.709,42.228,,
wY8JbFOsp5E,0,0.869,8.474,,
wY8JbFOsp5E,1,74.442,81.528,,
w_qYZSVx2dM,0,64.355,73.596,,
w_qYZSVx2dM,1,73.395,82.855,,
w_qYZSVx2dM,2,91.643,109.734,,
w_qYZSVx2dM,3,7.454,18.621,,
w_qYZSVx2dM,4,23.398,30.015,,
w_qYZSVx2dM,5,44.64,49.86,,
w_qYZSVx2dM,6,48.86,55.587,,
wb7CfuiIZFQ,0,56.363,62.971,,
wd-LTpCtAzw,0,-0.367800453515,6.74829931973,,
wd-LTpCtAzw,1,6.44671201814,12.6947845805,,
wd-LTpCtAzw,2,32.2979591837,36.3609977324,,
wd-LTpCtAzw,3,49.1596371882,54.3800453515,,
wd-LTpCtAzw,4,55.29569161,58.2412698413,,
wd-LTpCtAzw,5,12.9619047619,15.6879818594,,
wd-LTpCtAzw,6,15.2965986395,18.0426303855,,
wd-LTpCtAzw,7,18.768707483,23.6598639456,,
wd-LTpCtAzw,8,28.4267573696,33.1682539683,,
wd8VQ5E7o7o,0,31.869,51.806,,
wd8VQ5E7o7o,1,51.135,69.476,,
wdU-0bttAkc,0,25.234,37.289,,
wdU-0bttAkc,1,58.838,65.295,,
werKCgZ5dFE,0,74.352,88.792,,
werKCgZ5dFE,1,96.552,110.951,,
werKCgZ5dFE,2,118.741,133.091,,
werKCgZ5dFE,3,141.779,161.517,,
werKCgZ5dFE,4,57.96,66.483,,
wfLrS6CdFs4,0,0.0,8.933,,
wfLrS6CdFs4,1,7.933,15.828,,
wgCSuviySwg,0,0.0,7.956,,
wgCSuviySwg,1,7.634,12.186,,
wgca4dZnnVQ,0,28.666,32.969,,
wj3ur4fsiN4,0,1.30839002268,3.4358276644,,
wj3ur4fsiN4,1,69.253968254,76.3501133787,,
wj3ur4fsiN4,2,75.8090702948,86.6367346939,,
wj3ur4fsiN4,3,85.8063492063,90.6476190476,,
wj3ur4fsiN4,4,89.6476190476,98.5297052154,,
wj3ur4fsiN4,5,97.5297052154,104.585941043,,
wj3ur4fsiN4,6,103.925170068,108.317460317,,
wj3ur4fsiN4,7,107.317460317,118.125170068,,
wj3ur4fsiN4,8,117.913378685,125.648072562,,
wj3ur4fsiN4,9,124.648072562,128.651247166,,
wj3ur4fsiN4,10,127.930612245,130.62675737,,
wj3ur4fsiN4,11,2.74512471655,9.7514739229,,
wj3ur4fsiN4,12,129.62675737,132.183219955,,
wj3ur4fsiN4,13,131.183219955,143.61723356,,
wj3ur4fsiN4,14,143.066213152,147.189115646,,
wj3ur4fsiN4,15,146.628117914,149.803174603,,
wj3ur4fsiN4,16,149.132426304,152.008163265,,
wj3ur4fsiN4,17,151.008163265,154.612244898,,
wj3ur4fsiN4,18,153.612244898,159.760544218,,
wj3ur4fsiN4,19,9.8489795918,16.3464852608,,
wj3ur4fsiN4,20,17.1124716553,20.1079365079,,
wj3ur4fsiN4,21,19.2376417234,23.1011337868,,
wj3ur4fsiN4,22,22.8693877551,34.0462585034,,
wj3ur4fsiN4,23,33.0462585034,43.8639455782,,
wj3ur4fsiN4,24,43.6321995465,60.6857142857,,
wj3ur4fsiN4,25,59.6857142857,70.253968254,,
wj4snKbUWZA,0,7.405,14.301,,
wj4snKbUWZA,1,16.644,28.878,,
wj4snKbUWZA,2,28.407,37.389,,
wj4snKbUWZA,3,55.366,65.156,,
wk5lFk5kFjY,0,24.466,38.107,,
wlrb0HyIs-Q,0,0.0124716553288,8.78253968254,,
wlrb0HyIs-Q,1,8.78253968254,33.1770975057,,
wlrb0HyIs-Q,2,33.1770975057,40.7997732426,,
wnL3ld9bM2o,0,0.091156462585,5.3514739229,,
wnL3ld9bM2o,1,4.620861678,11.2380952381,,
wnL3ld9bM2o,2,42.9936507937,50.3990929705,,
wnL3ld9bM2o,3,50.0975056689,56.8444444444,,
wnL3ld9bM2o,4,55.9741496599,62.1224489796,,
wnL3ld9bM2o,5,61.2621315193,65.3750566893,,
wnL3ld9bM2o,6,65.0734693878,69.0965986395,,
wnL3ld9bM2o,7,68.3560090703,75.5519274376,,
wnL3ld9bM2o,8,74.7215419501,86.1777777778,,
wnL3ld9bM2o,9,85.2875283447,87.7442176871,,
wnL3ld9bM2o,10,86.7442176871,98.2204081633,,
wnL3ld9bM2o,11,97.2403628118,100.515192744,,
wnL3ld9bM2o,12,10.6272108844,17.7532879819,,
wnL3ld9bM2o,13,99.754648526,109.923809524,,
wnL3ld9bM2o,14,109.053514739,111.749659864,,
wnL3ld9bM2o,15,110.869387755,119.212698413,,
wnL3ld9bM2o,16,118.561904762,122.026303855,,
wnL3ld9bM2o,17,122.802267574,126.22675737,,
wnL3ld9bM2o,18,17.1723356009,27.4612244898,,
wnL3ld9bM2o,19,26.9201814059,37.2390022676,,
wnL3ld9bM2o,20,36.6181405896,40.9306122449,,
wnL3ld9bM2o,21,40.6888888889,43.5047619048,,
wosolsrH3sM,0,20.475,35.972,,
wosolsrH3sM,1,61.222,67.53,,
wosolsrH3sM,2,67.009,81.0,,
wrQVnClcNPM,0,0.0,7.995,,
wrQVnClcNPM,1,7.305,10.101,,
wrQVnClcNPM,2,44.67,50.549,,
wrQVnClcNPM,3,49.599,53.033,,
wrQVnClcNPM,4,52.283,55.797,,
wrQVnClcNPM,5,54.857,59.678,,
wrQVnClcNPM,6,58.947,61.085,,
wrQVnClcNPM,7,60.085,62.641,,
wrQVnClcNPM,8,61.941,67.849,,
wrQVnClcNPM,9,9.101,12.565,,
wrQVnClcNPM,10,12.343,18.272,,
wrQVnClcNPM,11,17.272,20.906,,
wrQVnClcNPM,12,19.906,27.341,,
wrQVnClcNPM,13,26.671,32.35,,
wrQVnClcNPM,14,31.5,38.396,,
wrQVnClcNPM,15,37.676,41.32,,
wrQVnClcNPM,16,40.709,45.39,,
wtCKzu8eVJ0,0,2.226,20.008,,
wvLEIxt-_V0,0,0.0,3.595,,
wvMA0r3esw8,0,0.0,3.466,,
wvMA0r3esw8,1,2.556,11.288,,
wvMA0r3esw8,2,10.627,26.843,,
wvMA0r3esw8,3,26.172,32.61,,
wvMA0r3esw8,4,31.61,56.864,,
wxxqXK9x-64,0,0.0124716553288,10.1394557823,,
wxxqXK9x-64,1,28.8768707483,38.425170068,,
wxxqXK9x-64,2,56.783446712,66.8006802721,,
wxxqXK9x-64,3,66.8006802721,70.5621315193,,
wxxqXK9x-64,4,70.5621315193,79.2723356009,,
wz3nVBPVgIA,0,-0.487528344671,2.88707482993,,
wz3nVBPVgIA,1,2.17641723356,3.99455782313,,
wz3nVBPVgIA,2,2.99455782313,13.1138321995,,
wz3nVBPVgIA,3,12.3433106576,14.7301587302,,
wz3nVBPVgIA,4,15.2068027211,22.3827664399,,
wz3nVBPVgIA,5,22.7396825397,26.9024943311,,
wz3nVBPVgIA,6,26.4512471655,30.653968254,,
wz3nVBPVgIA,7,29.653968254,35.2235827664,,
wz3nVBPVgIA,8,34.9419501134,43.2653061224,,
wz3nVBPVgIA,9,42.70430839,46.0589569161,,
wznRBN1fWj4,0,-0.487528344671,4.90249433107,,
wznRBN1fWj4,1,48.4412698413,51.8857142857,,
wznRBN1fWj4,2,15.3764172336,21.5546485261,,
wznRBN1fWj4,3,24.0367346939,31.3024943311,,
wznRBN1fWj4,4,31.6394557823,35.3832199546,,
wznRBN1fWj4,5,35.420861678,38.9850340136,,
wznRBN1fWj4,6,40.3396825397,48.7528344671,,
x-oexIBWwR4,0,-0.347845804989,7.39682539683,,
x-oexIBWwR4,1,6.62630385488,12.2757369615,,
x-oexIBWwR4,2,44.2408163265,51.8857142857,,
x-oexIBWwR4,3,11.5351473923,18.1324263039,,
x-oexIBWwR4,4,17.1324263039,21.8140589569,,
x-oexIBWwR4,5,20.8140589569,26.8027210884,,
x-oexIBWwR4,6,27.7283446712,30.125170068,,
x-oexIBWwR4,7,37.3065759637,40.0126984127,,
x-oexIBWwR4,8,39.0126984127,44.8716553288,,
x-zGBp7axao,0,17.781,30.275,,
x-zGBp7axao,1,29.275,49.521,,
x0rLwBIocuI,0,104.474,121.827,,
x0rLwBIocuI,1,30.372,36.461,,
x0rLwBIocuI,2,49.369,64.806,,
x266rUJQC_8,0,0.0,14.141,,
x266rUJQC_8,1,58.219,63.38,,
x266rUJQC_8,2,66.81,71.471,,
x266rUJQC_8,3,17.262,32.37,,
x266rUJQC_8,4,38.444,46.249,,
x2lOwQaAn4g,0,-0.198185941043,4.61315192744,,
x2lOwQaAn4g,1,8.71156462585,19.1301587302,,
x2lOwQaAn4g,2,21.7718820862,32.3002267574,,
x2lOwQaAn4g,3,33.7346938776,42.1278911565,,
x2lOwQaAn4g,4,43.6621315193,49.810430839,,
x2n19Cn96aw,0,25.853,37.239,,
x2n19Cn96aw,1,65.912,72.519,,
x5xF4yu9Bos,0,0.0,4.224,,
x5xF4yu9Bos,1,3.304,10.47,,
x5xF4yu9Bos,2,38.763,43.555,,
x5xF4yu9Bos,3,42.664,50.688,,
x5xF4yu9Bos,4,11.266,13.453,,
x5xF4yu9Bos,5,12.842,16.346,,
x5xF4yu9Bos,6,15.586,20.996,,
x5xF4yu9Bos,7,27.928,32.939,,
x5xF4yu9Bos,8,32.238,35.423,,
x5xF4yu9Bos,9,34.523,39.404,,
x7ZR70cTa84,0,7.185,24.169,,
x7ZR70cTa84,1,23.887,32.859,,
x8UZQkN52o4,0,31.6993197279,36.4707482993,,
x8UZQkN52o4,1,35.9596371882,45.6299319728,,
x8UZQkN52o4,2,44.9891156463,50.6185941043,,
x8UZQkN52o4,3,0.91927437642,8.31473922902,,
x8UZQkN52o4,4,9.4798185941,20.0181405896,,
x8UZQkN52o4,5,19.1179138322,26.0843537415,,
x8UZQkN52o4,6,25.8925170068,29.137414966,,
x8UZQkN52o4,7,28.6961451247,32.3600907029,,
x92920ole0w,0,0.0,5.122,,
x92920ole0w,1,49.259,54.699,,
x92920ole0w,2,54.308,58.501,,
x92920ole0w,3,72.616,82.865,,
x9E8yaFCX0Y,0,-0.427664399093,4.42358276644,,
x9E8yaFCX0Y,1,4.2716553288,9.9410430839,,
x9E8yaFCX0Y,2,10.5573696145,19.2598639456,,
x9E8yaFCX0Y,3,18.7487528345,21.0757369615,,
x9E8yaFCX0Y,4,20.0757369615,26.5832199546,,
x9E8yaFCX0Y,5,25.8326530612,32.2902494331,,
x9E8yaFCX0Y,6,31.629478458,36.6802721088,,
x9E8yaFCX0Y,7,35.6802721088,44.462585034,,
x9E8yaFCX0Y,8,43.7619047619,53.5619047619,,
xAApNMTj3as,0,0.0,16.376,,
xBE9YWYGjtk,0,0.0,5.511,,
xBE9YWYGjtk,1,5.369,8.035,,
xBE9YWYGjtk,2,7.405,12.715,,
xBE9YWYGjtk,3,11.944,17.574,,
xBE9YWYGjtk,4,17.392,21.824,,
xBE9YWYGjtk,5,21.183,24.907,,
xBE9YWYGjtk,6,23.907,27.93,,
xBE9YWYGjtk,7,27.349,34.665,,
xBE9YWYGjtk,8,34.673,41.539,,
xBE9YWYGjtk,9,41.357,48.972,,
xBsrNFxnnuY,0,0.0,4.084,,
xBsrNFxnnuY,1,12.293,15.468,,
xBsrNFxnnuY,2,23.398,25.625,,
xBsrNFxnnuY,3,24.625,30.045,,
xBsrNFxnnuY,4,38.993,42.836,,
xBsrNFxnnuY,5,41.836,45.101,,
xBsrNFxnnuY,6,44.69,48.244,,
xNYsfeSgDCQ,0,0.0,12.824,,
xNYsfeSgDCQ,1,11.884,17.763,,
xNYsfeSgDCQ,2,17.053,21.505,,
xNYsfeSgDCQ,3,32.627,40.462,,
xP81rX2ATLI,0,0.0,15.987,,
xP81rX2ATLI,1,14.987,17.783,,
xP81rX2ATLI,2,17.392,20.577,,
xP81rX2ATLI,3,19.577,21.355,,
xP81rX2ATLI,4,21.163,24.089,,
xP81rX2ATLI,5,23.747,28.2,,
xP81rX2ATLI,6,27.778,37.658,,
xP81rX2ATLI,7,37.386,42.098,,
xP81rX2ATLI,8,41.467,45.071,,
xPN38lYBQv4,0,4.322,11.308,,
xPN38lYBQv4,1,15.017,24.698,,
xPhlDO-2Foc,0,0.0,3.406,,
xPhlDO-2Foc,1,15.257,24.568,,
xPhlDO-2Foc,2,23.598,30.325,,
xPhlDO-2Foc,3,29.764,33.438,,
xPhlDO-2Foc,4,32.607,36.89,,
xPhlDO-2Foc,5,36.548,48.523,,
xRJXYUZVdas,0,0.0,6.279,,
xRJXYUZVdas,1,5.778,9.821,,
xRJXYUZVdas,2,61.891,72.339,,
xRJXYUZVdas,3,23.089,32.54,,
xRJXYUZVdas,4,31.879,39.713,,
xSCvspXYU9k,0,0.0,3.935,,
xSCvspXYU9k,1,78.822,87.435,,
xSCvspXYU9k,2,95.385,101.224,,
xSCvspXYU9k,3,100.483,107.28,,
xSCvspXYU9k,4,106.599,111.361,,
xSCvspXYU9k,5,18.459,22.852,,
xSCvspXYU9k,6,30.562,36.67,,
xSCvspXYU9k,7,37.087,45.63,,
xTBBDx3DkXQ,0,0.0,15.858,,
xTBBDx3DkXQ,1,102.947,111.38,,
xTBBDx3DkXQ,2,22.111,28.459,,
xTBBDx3DkXQ,3,38.833,50.938,,
xTBBDx3DkXQ,4,50.946,67.55,,
xTBBDx3DkXQ,5,66.55,75.432,,
xTBBDx3DkXQ,6,75.42,84.831,,
xU3N7ujUB-g,0,19.218,29.816,,
xU3N7ujUB-g,1,29.564,34.226,,
xU3N7ujUB-g,2,33.715,36.9,,
xU3N7ujUB-g,3,36.658,47.326,,
xUgAP84vsg4,0,79.181,85.669,,
xUgAP84vsg4,1,90.526,97.951,,
xUgAP84vsg4,2,7.684,14.82,,
xUgAP84vsg4,3,14.309,19.619,,
xUgAP84vsg4,4,18.739,27.521,,
xUgAP84vsg4,5,30.951,39.743,,
xUgAP84vsg4,6,38.893,45.211,,
xUgAP84vsg4,7,44.53,48.384,,
xUz5cCA-oTo,0,0.0,3.256,,
xUz5cCA-oTo,1,36.299,51.537,,
xUz5cCA-oTo,2,51.734,64.507,,
xUz5cCA-oTo,3,65.453,70.663,,
xUz5cCA-oTo,4,69.723,76.031,,
xUz5cCA-oTo,5,75.23,92.683,,
xUz5cCA-oTo,6,92.112,96.584,,
xUz5cCA-oTo,7,98.408,117.327,,
xUz5cCA-oTo,8,116.566,124.6,,
xUz5cCA-oTo,9,13.022,18.043,,
xUz5cCA-oTo,10,27.798,32.48,,
xUz5cCA-oTo,11,33.086,37.079,,
xXGEkDhu94E,0,116.926,132.542,,
xXGEkDhu94E,1,9.44,23.859,,
xXGEkDhu94E,2,47.384,53.023,,
xXGEkDhu94E,3,74.173,93.84,,
xXGEkDhu94E,4,93.359,117.507,,
xXIq7YPkdUQ,0,0.80952380952,9.65170068027,,
xXIq7YPkdUQ,1,9.1306122449,15.5482993197,,
xXIq7YPkdUQ,2,29.3746031746,36.7301587302,,
xXXcgb9eZ9Y,0,0.6798185941,5.59092970522,,
xXXcgb9eZ9Y,1,5.35918367347,12.0362811791,,
xXXcgb9eZ9Y,2,11.7346938776,17.9628117914,,
xXXcgb9eZ9Y,3,17.820861678,24.8870748299,,
xXXcgb9eZ9Y,4,37.546031746,42.3873015873,,
xXXcgb9eZ9Y,5,43.0036281179,47.7750566893,,
xXXcgb9eZ9Y,6,47.1442176871,50.4390022676,,
xYtNgq9eTlg,0,0.0,17.943,,
xYtNgq9eTlg,1,17.342,25.376,,
xYtNgq9eTlg,2,24.755,30.255,,
xYtNgq9eTlg,3,29.554,36.331,,
xYtNgq9eTlg,4,35.7,39.494,,
xYtNgq9eTlg,5,38.783,52.135,,
xYtNgq9eTlg,6,51.454,58.281,,
xYtNgq9eTlg,7,57.571,66.602,,
xZ1FrxU6hcg,0,0.0,5.341,,
xZ1FrxU6hcg,1,81.356,93.88,,
xZ1FrxU6hcg,2,98.877,107.12,,
xZ1FrxU6hcg,3,122.992,129.529,,
xZ1FrxU6hcg,4,45.847,50.738,,
xZ1FrxU6hcg,5,54.398,64.058,,
xaSf1d13WoY,0,2.695,8.973,,
xaSf1d13WoY,1,55.026,59.688,,
xaSf1d13WoY,2,61.801,66.054,,
xaSf1d13WoY,3,65.193,74.385,,
xaSf1d13WoY,4,82.494,107.1,,
xaSf1d13WoY,5,107.018,112.109,,
xaSf1d13WoY,6,8.761,12.675,,
xaSf1d13WoY,7,17.132,21.176,,
xaSf1d13WoY,8,20.804,25.675,,
xaSf1d13WoY,9,44.879,51.995,,
xbl7bU5PGBs,0,0.0,5.98,,
xbl7bU5PGBs,1,4.98,10.709,,
xbl7bU5PGBs,2,32.677,40.851,,
xfP0bm6Z-7E,0,0.0,3.146,,
xfP0bm6Z-7E,1,3.144,5.99,,
xfP0bm6Z-7E,2,5.918,10.031,,
xfP0bm6Z-7E,3,26.731,33.318,,
xfP0bm6Z-7E,4,32.847,38.247,,
xfP0bm6Z-7E,5,53.5,57.742,,
xfeASyC6PPg,0,0.0,9.283,,
xfeASyC6PPg,1,32.308,57.034,,
xfeASyC6PPg,2,56.034,68.528,,
xfeASyC6PPg,3,67.757,83.654,,
xgAwddSkrOo,0,0.0,14.91,,
xgAwddSkrOo,1,13.91,20.048,,
xgAwddSkrOo,2,21.892,32.21,,
xgAwddSkrOo,3,34.164,44.054,,
xgAwddSkrOo,4,43.054,58.68,,
xge9aYTxxOA,0,0.0,5.371,,
xge9aYTxxOA,1,40.41,45.371,,
xge9aYTxxOA,2,46.675,50.599,,
xge9aYTxxOA,3,8.362,12.206,,
xiRUWSUrGSg,0,0.0,13.263,,
xiRUWSUrGSg,1,35.421,41.18,,
xivYoEUQ5sk,0,0.0,6.459,,
xivYoEUQ5sk,1,5.988,17.015,,
xivYoEUQ5sk,2,16.444,22.772,,
xivYoEUQ5sk,3,21.772,24.957,,
xivYoEUQ5sk,4,23.957,30.614,,
xivYoEUQ5sk,5,29.784,41.499,,
xivYoEUQ5sk,6,40.579,47.097,,
xjsaS-LeZ14,0,74.662,88.273,,
xjsaS-LeZ14,1,87.572,91.795,,
xjsaS-LeZ14,2,91.104,103.818,,
xjsaS-LeZ14,3,102.907,108.627,,
xjsaS-LeZ14,4,107.946,114.833,,
xjsaS-LeZ14,5,137.569,142.729,,
xjsaS-LeZ14,6,145.331,149.075,,
xjsaS-LeZ14,7,148.713,160.978,,
xjsaS-LeZ14,8,29.405,34.106,,
xjsaS-LeZ14,9,37.077,56.685,,
xk4C4p5vHDk,0,-0.467573696145,6.27936507937,,
xk4C4p5vHDk,1,5.27936507937,11.8566893424,,
xk4C4p5vHDk,2,40.4993197279,46.3283446712,,
xk4C4p5vHDk,3,46.6553287982,56.6947845805,,
xk4C4p5vHDk,4,10.8566893424,14.1215419501,,
xk4C4p5vHDk,5,13.3510204082,19.2299319728,,
xk4C4p5vHDk,6,20.2453514739,27.5011337868,,
xk4C4p5vHDk,7,26.5011337868,34.0662131519,,
xk4C4p5vHDk,8,33.3455782313,39.114739229,,
xk4C4p5vHDk,9,38.2943310658,41.429478458,,
xkEK17UUyi4,0,0.0,35.802,,
xlNDpmKgSIc,0,11.036,17.883,,
xmLJHru6Z1M,0,63.547,71.232,,
xmLJHru6Z1M,1,75.49,82.706,,
xmLJHru6Z1M,2,24.067,27.88,,
xmLJHru6Z1M,3,27.22,33.238,,
xmLJHru6Z1M,4,36.229,41.988,,
xmLJHru6Z1M,5,41.597,49.192,,
xn9_4n4NpEw,0,0.0,3.885,,
xn9_4n4NpEw,1,3.264,14.63,,
xn9_4n4NpEw,2,52.662,56.924,,
xn9_4n4NpEw,3,56.812,61.723,,
xn9_4n4NpEw,4,15.895,19.998,,
xn9_4n4NpEw,5,19.667,26.663,,
xn9_4n4NpEw,6,26.341,31.991,,
xn9_4n4NpEw,7,31.999,36.92,,
xn9_4n4NpEw,8,37.027,40.98,,
xn9_4n4NpEw,9,40.649,48.473,,
xn9_4n4NpEw,10,48.122,53.572,,
xnNZyfhusAk,0,6.437,12.515,,
xnNZyfhusAk,1,48.222,68.488,,
xnNZyfhusAk,2,68.166,100.096,,
xnNZyfhusAk,3,126.274,140.205,,
xobMRm5Vs44,0,21.672,26.813,,
xomMHflvVDw,0,-0.41768707483,5.13197278912,,
xomMHflvVDw,1,6.81587301587,18.6612244898,,
xomMHflvVDw,2,82.2145124717,92.862585034,,
xomMHflvVDw,3,92.5909297052,94.5986394558,,
xomMHflvVDw,4,93.5986394558,101.063945578,,
xomMHflvVDw,5,100.433106576,103.089342404,,
xomMHflvVDw,6,102.288888889,119.72154195,,
xomMHflvVDw,7,119.46984127,125.049433107,,
xomMHflvVDw,8,124.328798186,132.342857143,,
xomMHflvVDw,9,132.121088435,139.466666667,,
xomMHflvVDw,10,139.045351474,145.572789116,,
xomMHflvVDw,11,17.6612244898,24.9768707483,,
xomMHflvVDw,12,144.672562358,152.097959184,,
xomMHflvVDw,13,151.5569161,156.288435374,,
xomMHflvVDw,14,155.797278912,159.501133787,,
xomMHflvVDw,15,158.590929705,165.038548753,,
xomMHflvVDw,16,164.607256236,170.326530612,,
xomMHflvVDw,17,171.671201814,174.676643991,,
xomMHflvVDw,18,24.6154195011,29.5464852608,,
xomMHflvVDw,19,29.0253968254,33.3578231293,,
xomMHflvVDw,20,33.1859410431,38.8054421769,,
xomMHflvVDw,21,38.4240362812,50.5886621315,,
xomMHflvVDw,22,50.4965986395,66.5224489796,,
xomMHflvVDw,23,65.9614512472,70.862585034,,
xomMHflvVDw,24,70.4113378685,82.6358276644,,
xqcqieV0Rn8,0,0.0,5.86,,
xqcqieV0Rn8,1,6.098,12.216,,
xqcqieV0Rn8,2,13.092,20.866,,
xqcqieV0Rn8,3,20.944,30.624,,
xqcqieV0Rn8,4,31.29,36.84,,
xsiHAO0gq74,0,14.0904761905,28.4777777778,,
xu53lk4dhSc,0,3.753,10.41,,
xu53lk4dhSc,1,66.171,72.818,,
xu53lk4dhSc,2,72.207,77.887,,
xu53lk4dhSc,3,81.496,88.083,,
xu53lk4dhSc,4,87.582,97.183,,
xu53lk4dhSc,5,118.342,122.994,,
xu53lk4dhSc,6,132.161,152.607,,
xu53lk4dhSc,7,50.257,54.779,,
xu53lk4dhSc,8,54.068,61.773,,
xvnFF0FiyS4,0,-0.487528344671,9.7514739229,,
xvnFF0FiyS4,1,9.23038548753,13.2036281179,,
xvnFF0FiyS4,2,36.6081632653,40.5614512472,,
xvnFF0FiyS4,3,39.5614512472,55.9863945578,,
xvnFF0FiyS4,4,55.6548752834,58.0616780045,,
xvnFF0FiyS4,5,15.7256235828,18.7310657596,,
xvnFF0FiyS4,6,17.7310657596,20.0281179138,,
xvnFF0FiyS4,7,19.5968253968,27.0222222222,,
xvnFF0FiyS4,8,26.0222222222,27.8902494331,,
xvnFF0FiyS4,9,27.4390022676,37.1192743764,,
xw-Blnej8EA,0,30.991,38.007,,
xwNQ7QuXaps,0,163.769,189.513,,
xwNQ7QuXaps,1,188.872,209.258,,
xwNQ7QuXaps,2,46.226,53.811,,
xwNQ7QuXaps,3,53.081,71.461,,
xwNQ7QuXaps,4,85.018,117.586,,
xwNQ7QuXaps,5,138.098,164.52,,
xwvSYhQrHoA,0,0.0,9.572,,
xwvSYhQrHoA,1,30.372,35.902,,
xyOa9ivNrg4,0,0.0,3.865,,
xyOa9ivNrg4,1,3.942,12.505,,
y-nEcwAyQos,0,5.828,10.051,,
y-nEcwAyQos,1,60.673,65.265,,
y-nEcwAyQos,2,21.512,27.192,,
y-nEcwAyQos,3,26.481,31.452,,
y1gL_MuokI8,0,0.0,6.768,,
y1gL_MuokI8,1,15.087,19.839,,
y3r2kk8zvl0,0,0.0,16.456,,
y3r2kk8zvl0,1,16.783,23.48,,
y3r2kk8zvl0,2,119.081,131.874,,
y3r2kk8zvl0,3,130.874,137.97,,
y3r2kk8zvl0,4,136.97,142.979,,
y3r2kk8zvl0,5,141.979,154.762,,
y3r2kk8zvl0,6,23.787,35.363,,
y3r2kk8zvl0,7,35.132,72.08,,
y3r2kk8zvl0,8,71.22,74.953,,
y3r2kk8zvl0,9,74.472,82.965,,
y3r2kk8zvl0,10,81.965,90.797,,
y3r2kk8zvl0,11,90.585,100.605,,
y3r2kk8zvl0,12,100.912,109.974,,
y3r2kk8zvl0,13,110.331,118.604,,
y5JdqGL5DRc,0,26.661,36.93,,
y5JdqGL5DRc,1,35.93,41.14,,
y5Jpf48SUX8,0,0.43,6.419,,
y5Jpf48SUX8,1,31.55,37.638,,
y8HXGm1-Ecw,0,3.803,11.837,,
y8HXGm1-Ecw,1,57.79,64.687,,
y8HXGm1-Ecw,2,15.835,20.407,,
y8HXGm1-Ecw,3,26.172,37.997,,
y8HXGm1-Ecw,4,40.32,46.827,,
y9FyTEyGy5Y,0,0.76961451247,5.14195011338,,
y9FyTEyGy5Y,1,4.26167800454,10.0009070295,,
y9FyTEyGy5Y,2,9.5097505669,16.1968253968,,
y9FyTEyGy5Y,3,15.1968253968,22.7120181406,,
y9FyTEyGy5Y,4,22.4902494331,34.8743764172,,
y9FyTEyGy5Y,5,36.3387755102,47.5156462585,,
yALhl-lMBxk,0,1.717,8.015,,
yALhl-lMBxk,1,7.933,15.289,,
yBGuxyO-ElM,0,45.468,51.966,,
yBGuxyO-ElM,1,11.046,17.075,,
yBGuxyO-ElM,2,34.802,38.825,,
yBGuxyO-ElM,3,40.35,46.468,,
yBtMwyQFXwA,0,-0.487528344671,4.8126984127,,
yBtMwyQFXwA,1,44.2009070295,46.9868480726,,
yBtMwyQFXwA,2,46.3260770975,57.0240362812,,
yBtMwyQFXwA,3,8.81133786848,13.0839002268,,
yBtMwyQFXwA,4,12.8022675737,23.829478458,,
yBtMwyQFXwA,5,27.419047619,31.6117913832,,
yBtMwyQFXwA,6,31.3401360544,37.0494331066,,
yBtMwyQFXwA,7,36.937414966,43.1256235828,,
yCpHmPSshKY,0,0.0,11.049,,
yCpHmPSshKY,1,10.657,19.02,,
yCpHmPSshKY,2,18.28,26.324,,
yCpHmPSshKY,3,25.853,41.2,,
yDIFWzOBjXc,0,46.476,52.594,,
yDIFWzOBjXc,1,61.611,67.51,,
yDIFWzOBjXc,2,67.478,74.015,,
yDIFWzOBjXc,3,74.293,82.696,,
yDIFWzOBjXc,4,85.766,90.328,,
yDIFWzOBjXc,5,93.589,101.014,,
yDIFWzOBjXc,6,7.265,12.495,,
yDIFWzOBjXc,7,105.302,118.225,,
yDIFWzOBjXc,8,118.682,125.967,,
yDIFWzOBjXc,9,125.835,131.166,,
yDIFWzOBjXc,10,132.929,137.062,,
yDIFWzOBjXc,11,143.056,148.307,,
yDIFWzOBjXc,12,148.913,153.335,,
yDIFWzOBjXc,13,157.394,168.481,,
yDIFWzOBjXc,14,169.875,175.116,,
yDIFWzOBjXc,15,186.318,192.825,,
yDIFWzOBjXc,16,209.545,215.624,,
yDIFWzOBjXc,17,215.023,219.814,,
yDIFWzOBjXc,18,15.915,25.196,,
yDIFWzOBjXc,19,219.433,225.511,,
yDIFWzOBjXc,20,24.845,29.217,,
yDIFWzOBjXc,21,33.266,38.596,,
yDIFWzOBjXc,22,41.567,47.476,,
yEtfjJOMMCs,0,1.079,5.641,,
yEtfjJOMMCs,1,4.87,12.635,,
yEtfjJOMMCs,2,47.982,63.829,,
yEtfjJOMMCs,3,63.427,76.021,,
yEtfjJOMMCs,4,75.37,82.935,,
yEtfjJOMMCs,5,82.234,93.232,,
yEtfjJOMMCs,6,93.279,100.336,,
yEtfjJOMMCs,7,99.595,114.164,,
yEtfjJOMMCs,8,113.663,118.893,,
yEtfjJOMMCs,9,118.702,121.188,,
yEtfjJOMMCs,10,121.116,144.286,,
yEtfjJOMMCs,11,143.445,149.783,,
yEtfjJOMMCs,12,11.994,19.4,,
yEtfjJOMMCs,13,149.003,151.08,,
yEtfjJOMMCs,14,151.098,156.308,,
yEtfjJOMMCs,15,155.917,158.803,,
yEtfjJOMMCs,16,18.649,20.976,,
yEtfjJOMMCs,17,20.215,26.044,,
yEtfjJOMMCs,18,25.044,29.048,,
yEtfjJOMMCs,19,28.636,35.852,,
yEtfjJOMMCs,20,36.439,39.015,,
yEtfjJOMMCs,21,38.594,41.07,,
yEtfjJOMMCs,22,40.569,48.693,,
yG3wpvLUQcg,0,50.836,56.006,,
yG3wpvLUQcg,1,59.536,63.948,,
yG3wpvLUQcg,2,62.948,67.869,,
yHtR71rx16I,0,0.0,5.441,,
yHtR71rx16I,1,74.452,78.306,,
yHtR71rx16I,2,77.595,83.015,,
yHtR71rx16I,3,82.324,92.633,,
yHtR71rx16I,4,97.709,107.27,,
yHtR71rx16I,5,148.594,152.377,,
yHtR71rx16I,6,22.76,27.83,,
yKdIZR5xfcc,0,1.06893424036,5.05215419501,,
yKdIZR5xfcc,1,39.6013605442,48.0843537415,,
yKdIZR5xfcc,2,47.633106576,54.4199546485,,
yKdIZR5xfcc,3,53.9088435374,63.010430839,,
yKdIZR5xfcc,4,62.6390022676,68.8471655329,,
yKdIZR5xfcc,5,4.65079365079,8.35464852608,,
yKdIZR5xfcc,6,7.92335600907,14.0716553288,,
yKdIZR5xfcc,7,13.0716553288,17.8829931973,,
yKdIZR5xfcc,8,17.7410430839,20.147845805,,
yKdIZR5xfcc,9,19.4970521542,21.2253968254,,
yKdIZR5xfcc,10,21.3029478458,24.3183673469,,
yKdIZR5xfcc,11,23.6775510204,34.7446712018,,
yKdIZR5xfcc,12,34.1337868481,40.2721088435,,
yLo-Jl8nBXU,0,0.0,13.972,,
yLo-Jl8nBXU,1,103.975,120.4,,
yLo-Jl8nBXU,2,128.749,143.507,,
yLo-Jl8nBXU,3,60.185,66.602,,
yLo-Jl8nBXU,4,65.832,77.537,,
yLo-Jl8nBXU,5,76.817,86.816,,
yLo-Jl8nBXU,6,86.106,95.626,,
yNiJGh7JpLM,0,12.234,17.703,,
yNiJGh7JpLM,1,17.122,25.007,,
yNiJGh7JpLM,2,33.515,42.397,,
yOQHOiswVjc,0,12.174,20.028,,
yOQHOiswVjc,1,72.098,76.041,,
yOQHOiswVjc,2,75.041,91.107,,
yOQHOiswVjc,3,90.625,101.044,,
yOQHOiswVjc,4,100.443,108.866,,
yOQHOiswVjc,5,108.664,113.975,,
yOQHOiswVjc,6,113.224,132.313,,
yOQHOiswVjc,7,131.313,134.907,,
yOQHOiswVjc,8,19.028,23.8,,
yOQHOiswVjc,9,24.585,29.816,,
yOQHOiswVjc,10,31.839,49.621,,
yOQHOiswVjc,11,54.138,69.176,,
ySblgk7T7eQ,0,0.46,4.024,,
ySblgk7T7eQ,1,3.992,17.224,,
ySblgk7T7eQ,2,87.213,110.243,,
ySblgk7T7eQ,3,109.622,113.935,,
ySblgk7T7eQ,4,113.184,121.747,,
ySblgk7T7eQ,5,121.116,129.679,,
ySblgk7T7eQ,6,129.228,152.896,,
ySblgk7T7eQ,7,16.713,28.379,,
ySblgk7T7eQ,8,27.579,37.748,,
ySblgk7T7eQ,9,37.366,45.909,,
ySblgk7T7eQ,10,45.368,57.034,,
ySblgk7T7eQ,11,56.244,59.419,,
ySblgk7T7eQ,12,58.419,62.122,,
ySblgk7T7eQ,13,62.09,72.798,,
ySblgk7T7eQ,14,72.187,87.096,,
ySfHPyaDbqY,0,21.772,43.265,,
ySfHPyaDbqY,1,42.535,62.871,,
ySfHPyaDbqY,2,102.937,113.895,,
ySfHPyaDbqY,3,113.483,129.469,,
yUqNp-poh9M,0,0.45,5.431,,
yUqNp-poh9M,1,4.89,9.243,,
yUqNp-poh9M,2,43.393,59.289,,
yUqNp-poh9M,3,59.895,82.197,,
yUqNp-poh9M,4,81.197,85.05,,
yUqNp-poh9M,5,85.048,87.914,,
yUqNp-poh9M,6,86.914,93.681,,
yUqNp-poh9M,7,93.07,110.403,,
yUqNp-poh9M,8,8.243,11.757,,
yUqNp-poh9M,9,11.186,16.506,,
yUqNp-poh9M,10,16.045,20.936,,
yUqNp-poh9M,11,21.083,26.653,,
yUqNp-poh9M,12,25.653,28.529,,
yUqNp-poh9M,13,27.868,35.882,,
yUqNp-poh9M,14,35.88,40.541,,
yUqNp-poh9M,15,39.721,43.914,,
yXE_XZUb8qE,0,71.788,92.503,,
yXE_XZUb8qE,1,19.647,24.448,,
yXE_XZUb8qE,2,34.094,39.474,,
yZWH2P-h0jo,0,0.0,7.317,,
yZWH2P-h0jo,1,6.836,21.674,,
yZWH2P-h0jo,2,20.674,30.744,,
ybK5wRaaUyE,0,0.0,8.474,,
ybK5wRaaUyE,1,104.673,110.163,,
ybK5wRaaUyE,2,145.291,163.322,,
ybK5wRaaUyE,3,162.652,173.779,,
ybK5wRaaUyE,4,15.177,40.711,,
ybK5wRaaUyE,5,40.769,50.15,,
ydzNAuqUAnc,0,0.051247165533,6.11972789116,,
ydzNAuqUAnc,1,5.11972789116,14.5804988662,,
ydzNAuqUAnc,2,14.0893424036,19.6589569161,,
ydzNAuqUAnc,3,43.6222222222,56.8244897959,,
ygb8Cfxghbs,0,0.0,12.495,,
ygb8Cfxghbs,1,93.0,112.767,,
ygb8Cfxghbs,2,112.585,122.246,,
ygb8Cfxghbs,3,165.745,169.439,,
ygb8Cfxghbs,4,168.439,176.243,,
ygb8Cfxghbs,5,175.243,182.339,,
ygb8Cfxghbs,6,23.149,29.636,,
ygb8Cfxghbs,7,30.063,37.518,,
ygb8Cfxghbs,8,44.919,54.649,,
ygb8Cfxghbs,9,54.777,63.11,,
ygb8Cfxghbs,10,62.928,76.171,,
ygb8Cfxghbs,11,76.657,92.982,,
ymPQOY2O_nw,0,0.0,16.127,,
ymPQOY2O_nw,1,23.747,29.736,,
ymPQOY2O_nw,2,31.739,40.342,,
ymPQOY2O_nw,3,40.07,45.43,,
yoDMh8FlHR8,0,0.0,5.531,,
yoDMh8FlHR8,1,15.616,20.956,,
yp6Gd2NPwOU,0,74.612,81.02,,
yp6Gd2NPwOU,1,80.259,89.351,,
yp6Gd2NPwOU,2,21.183,30.155,,
yp6Gd2NPwOU,3,29.654,37.229,,
yp6Gd2NPwOU,4,36.608,43.884,,
yp6Gd2NPwOU,5,43.253,55.527,,
yp6Gd2NPwOU,6,55.026,61.783,,
yp6Gd2NPwOU,7,66.77,75.612,,
ypZhKsR-9iI,0,57.78,65.076,,
ypZhKsR-9iI,1,90.236,97.283,,
ypZhKsR-9iI,2,122.224,137.92,,
ypZhKsR-9iI,3,46.476,51.038,,
yrIXBklJ5YQ,0,-0.248072562358,17.0648526077,,
yrIXBklJ5YQ,1,16.0947845805,18.6811791383,,
yrIXBklJ5YQ,2,17.6811791383,21.2553287982,,
yrIXBklJ5YQ,3,20.2553287982,25.3360544218,,
yrIXBklJ5YQ,4,25.9324263039,31.4222222222,,
yrIXBklJ5YQ,5,41.5968253968,44.3428571429,,
ysGFcG_PI5I,0,3.873,17.673,,
ysGFcG_PI5I,1,16.673,26.473,,
ysGFcG_PI5I,2,33.904,42.617,,
yt9GpittX4U,0,5.51882086168,11.7469387755,,
ytXVSpPfKwA,0,7.89342403628,16.3065759637,,
ytXVSpPfKwA,1,15.4163265306,23.2507936508,,
ytXVSpPfKwA,2,26.39138322,42.566893424,,
ytXVSpPfKwA,3,41.566893424,46.6775510204,,
yuwvVTnsDjc,0,0.0,3.476,,
yuwvVTnsDjc,1,3.244,11.098,,
yuwvVTnsDjc,2,21.273,24.947,,
yuwvVTnsDjc,3,24.935,32.29,,
yuwvVTnsDjc,4,32.049,37.079,,
yuwvVTnsDjc,5,36.898,44.383,,
yxZydS2qHzs,0,32.188,37.977,,
yxZydS2qHzs,1,37.865,50.12,,
yyToAEoUuek,0,11.515,17.853,,
yyToAEoUuek,1,60.644,67.49,,
yyToAEoUuek,2,67.119,73.497,,
yzCHa2qchpg,0,0.0,10.929,,
yzCHa2qchpg,1,9.929,32.121,,
yzCHa2qchpg,2,31.41,38.885,,
z-bupzylxEc,0,0.0,22.034,,
z0y1ZxH1f74,0,56.034,62.701,,
z0y1ZxH1f74,1,70.122,84.342,,
z0y1ZxH1f74,2,5.13,17.005,,
z0y1ZxH1f74,3,17.003,25.546,,
z0y1ZxH1f74,4,27.02,42.198,,
z0y1ZxH1f74,5,42.136,47.256,,
z0y1ZxH1f74,6,47.124,52.764,,
z441aDJvAcU,0,2.585,11.019,,
z441aDJvAcU,1,74.662,81.349,,
z441aDJvAcU,2,81.157,89.75,,
z441aDJvAcU,3,112.406,123.852,,
z441aDJvAcU,4,123.511,132.692,,
z441aDJvAcU,5,132.141,139.926,,
z441aDJvAcU,6,139.704,149.404,,
z441aDJvAcU,7,149.073,155.57,,
z441aDJvAcU,8,155.199,169.917,,
z441aDJvAcU,9,169.676,176.552,,
z441aDJvAcU,10,22.5,28.419,,
z441aDJvAcU,11,27.848,35.623,,
z441aDJvAcU,12,35.451,44.991,,
z441aDJvAcU,13,48.022,56.076,,
z6E-ocntPo4,0,-0.487528344671,4.46349206349,,
z6E-ocntPo4,1,3.80272108844,10.9786848073,,
z6E-ocntPo4,2,9.9786848073,12.6848072562,,
z6E-ocntPo4,3,12.1637188209,15.9473922902,,
z6E-ocntPo4,4,15.166893424,19.2498866213,,
z6E-ocntPo4,5,18.3795918367,20.4272108844,,
z6E-ocntPo4,6,19.7065759637,25.2462585034,,
z6E-ocntPo4,7,26.1219954649,27.9201814059,,
z6E-ocntPo4,8,26.9201814059,29.2571428571,,
z7FicxE_pMU,0,0.0,6.659,,
z7FicxE_pMU,1,77.655,87.854,,
z7FicxE_pMU,2,104.334,110.273,,
z7FicxE_pMU,3,109.582,118.395,,
z7FicxE_pMU,4,126.833,134.069,,
z7FicxE_pMU,5,35.79,44.343,,
z7FicxE_pMU,6,43.612,64.118,,
z7FicxE_pMU,7,68.436,74.953,,
z8bWG2z-bMM,0,0.0,14.271,,
z8bWG2z-bMM,1,14.149,17.733,,
z8bWG2z-bMM,2,16.913,26.134,,
z8bWG2z-bMM,3,26.032,34.415,,
z8bWG2z-bMM,4,33.495,42.377,,
z8bWG2z-bMM,5,41.647,45.839,,
z8bWG2z-bMM,6,45.209,62.482,,
zFTuwjr3xq0,0,-0.487528344671,5.620861678,,
zFTuwjr3xq0,1,5.14965986395,12.3954648526,,
zFTuwjr3xq0,2,12.2535147392,18.3319727891,,
zFTuwjr3xq0,3,18.3995464853,26.5233560091,,
zFTuwjr3xq0,4,26.431292517,43.5546485261,,
zFTuwjr3xq0,5,42.5546485261,52.0054421769,,
zFuRNvfC4So,0,9.041,14.531,,
zFuRNvfC4So,1,98.029,109.096,,
zFuRNvfC4So,2,120.637,130.068,,
zFuRNvfC4So,3,14.02,20.327,,
zFuRNvfC4So,4,19.517,28.948,,
zFuRNvfC4So,5,28.487,40.412,,
zFuRNvfC4So,6,39.412,46.488,,
zFuRNvfC4So,7,47.883,67.54,,
zFuRNvfC4So,8,66.829,74.115,,
zJWmmDk9fCE,0,0.0,7.527,,
zJWmmDk9fCE,1,43.802,49.351,,
zKNAu2CCeRs,0,8.123,30.185,,
zOHZDq2BvGo,0,0.0,24.867,,
zOHZDq2BvGo,1,59.576,66.113,,
zPskvGHHQtE,0,0.0,5.142,,
zPskvGHHQtE,1,4.302,9.183,,
zPskvGHHQtE,2,35.361,41.829,,
zPskvGHHQtE,3,41.078,52.993,,
zPskvGHHQtE,4,52.213,56.934,,
zR-kKDaSDmE,0,23.698,27.262,,
zR62DCEMWgs,0,0.0,21.245,,
zR62DCEMWgs,1,26.042,34.844,,
zR62DCEMWgs,2,39.013,51.048,,
zR62DCEMWgs,3,51.045,64.996,,
zR62DCEMWgs,4,71.958,84.651,,
zShw-E-yBqU,0,21.5523809524,24.8970521542,,
zShw-E-yBqU,1,23.8970521542,26.9723356009,,
zShw-E-yBqU,2,25.9723356009,28.7482993197,,
zShw-E-yBqU,3,29.8934240363,33.1482993197,,
zShw-E-yBqU,4,32.1482993197,34.6947845805,,
zU2_X9lIcUM,0,0.0,19.948,,
zU2_X9lIcUM,1,30.123,36.92,,
zU2_X9lIcUM,2,43.233,57.563,,
zU2_X9lIcUM,3,57.221,69.715,,
zURYO3k8lW0,0,90.865,102.68,,
zURYO3k8lW0,1,11.046,15.309,,
zURYO3k8lW0,2,58.359,67.221,,
zWfDRPy4lXQ,0,8.592,22.034,,
zaTyjiyrHnk,0,11.984,20.786,,
zaTyjiyrHnk,1,22.4,37.389,,
zaTyjiyrHnk,2,36.718,41.649,,
zaTyjiyrHnk,3,41.068,60.087,,
zaTyjiyrHnk,4,59.167,64.697,,
zcG0ms7CdBE,0,0.0,7.447,,
zcG0ms7CdBE,1,13.201,21.156,,
zeQKU2L173M,0,137.239,145.114,,
zeQKU2L173M,1,33.755,54.739,,
zeQKU2L173M,2,54.328,68.857,,
zeQKU2L173M,3,68.446,78.715,,
zeQKU2L173M,4,79.181,92.024,,
zeQKU2L173M,5,112.047,117.038,,
zeQKU2L173M,6,117.075,137.072,,
zfZUOvZZTuk,0,-0.487528344671,5.2716553288,,
zfZUOvZZTuk,1,4.79047619048,10.0408163265,,
zfZUOvZZTuk,2,58.0095238095,66.1433106576,,
zfZUOvZZTuk,3,65.462585034,71.9600907029,,
zfZUOvZZTuk,4,71.3292517007,75.3523809524,,
zfZUOvZZTuk,5,74.8512471655,80.9496598639,,
zfZUOvZZTuk,6,80.7578231293,87.0058956916,,
zfZUOvZZTuk,7,86.3850340136,96.4145124717,,
zfZUOvZZTuk,8,95.8734693878,99.6172335601,,
zfZUOvZZTuk,9,99.2158730159,102.011791383,,
zfZUOvZZTuk,10,101.101587302,106.800907029,,
zfZUOvZZTuk,11,9.43990929705,19.5990929705,,
zfZUOvZZTuk,12,107.926077098,115.660770975,,
zfZUOvZZTuk,13,19.0780045351,23.2308390023,,
zfZUOvZZTuk,14,22.7396825397,27.8902494331,,
zfZUOvZZTuk,15,27.3691609977,36.0117913832,,
zfZUOvZZTuk,16,35.4807256236,43.514739229,,
zfZUOvZZTuk,17,43.1832199546,48.7129251701,,
zfZUOvZZTuk,18,48.3015873016,54.4099773243,,
zfZUOvZZTuk,19,53.8589569161,58.5904761905,,
zg-ZIxVsBbQ,0,0.0,9.751,,
zhE_68GMJIk,0,21.443,29.956,,
zhE_68GMJIk,1,29.464,35.433,,
zhE_68GMJIk,2,35.91,45.201,,
zhNksSReaQk,0,1.76734693878,9.16281179138,,
zhNksSReaQk,1,45.5678004535,48.1841269841,,
zhNksSReaQk,2,48.6507936508,51.0176870748,,
zhNksSReaQk,3,51.0154195011,52.9732426304,,
zhNksSReaQk,4,53.0308390023,56.3854875283,,
zhNksSReaQk,5,57.4707482993,68.0988662132,,
zhNksSReaQk,6,68.116553288,71.2816326531,,
zhNksSReaQk,7,70.2816326531,75.4920634921,,
zhNksSReaQk,8,8.54195011338,15.937414966,,
zhNksSReaQk,9,74.9011337868,76.8390022676,,
zhNksSReaQk,10,76.0884353741,80.2811791383,,
zhNksSReaQk,11,79.8,82.546031746,,
zhNksSReaQk,12,82.5138321995,92.1941043084,,
zhNksSReaQk,13,91.293877551,94.2594104308,,
zhNksSReaQk,14,93.2594104308,96.274829932,,
zhNksSReaQk,15,95.6839002268,105.174603175,,
zhNksSReaQk,16,104.174603175,107.389569161,,
zhNksSReaQk,17,106.389569161,111.210884354,,
zhNksSReaQk,18,110.210884354,116.868027211,,
zhNksSReaQk,19,15.4462585034,20.8263038549,,
zhNksSReaQk,20,116.007709751,119.691609977,,
zhNksSReaQk,21,118.990929705,123.014058957,,
zhNksSReaQk,22,122.951927438,129.748752834,,
zhNksSReaQk,23,129.387301587,137.161904762,,
zhNksSReaQk,24,137.149659864,141.442176871,,
zhNksSReaQk,25,140.701587302,148.336507937,,
zhNksSReaQk,26,147.895238095,153.215419501,,
zhNksSReaQk,27,154.570068027,164.370068027,,
zhNksSReaQk,28,20.2752834467,24.20861678,,
zhNksSReaQk,29,163.888888889,172.411791383,,
zhNksSReaQk,30,171.691156463,178.438095238,,
zhNksSReaQk,31,178.246258503,180.613151927,,
zhNksSReaQk,32,179.812698413,183.017687075,,
zhNksSReaQk,33,182.227210884,189.732426304,,
zhNksSReaQk,34,189.670294785,198.702040816,,
zhNksSReaQk,35,197.751927438,203.361451247,,
zhNksSReaQk,36,23.20861678,36.1115646259,,
zhNksSReaQk,37,35.1115646259,39.7333333333,,
zhNksSReaQk,38,39.0925170068,41.7986394558,,
zhNksSReaQk,39,41.8761904762,43.5546485261,,
zhNksSReaQk,40,42.5546485261,46.5678004535,,
zi0a6r52ZlY,0,52.672,69.875,,
zi0a6r52ZlY,1,69.623,75.382,,
zj4PzGtFwJM,0,3.434,15.0,,
zj4PzGtFwJM,1,14.698,19.649,,
zj4PzGtFwJM,2,18.649,24.638,,
zj4PzGtFwJM,3,24.166,29.596,,
zj4PzGtFwJM,4,34.693,39.414,,
zjYEBwXGD8I,0,0.39,3.655,,
zjYEBwXGD8I,1,2.725,7.247,,
zjYEBwXGD8I,2,68.945,77.178,,
zjYEBwXGD8I,3,76.178,83.384,,
zjYEBwXGD8I,4,82.693,89.311,,
zjYEBwXGD8I,5,88.59,100.884,,
zjYEBwXGD8I,6,100.004,109.505,,
zjYEBwXGD8I,7,108.505,117.307,,
zjYEBwXGD8I,8,116.307,123.503,,
zjYEBwXGD8I,9,122.862,127.624,,
zjYEBwXGD8I,10,6.876,10.959,,
zjYEBwXGD8I,11,9.959,21.225,,
zjYEBwXGD8I,12,20.744,29.586,,
zjYEBwXGD8I,13,28.586,45.54,,
zjYEBwXGD8I,14,44.919,54.59,,
zjYEBwXGD8I,15,53.859,61.334,,
zjYEBwXGD8I,16,60.334,62.881,,
zjYEBwXGD8I,17,62.22,69.945,,
zk2jTlAtvSU,0,24.406,35.463,,
zk2jTlAtvSU,1,45.877,59.419,,
zknhrUs7-lI,0,8.362,18.342,,
zknhrUs7-lI,1,60.793,68.588,,
zknhrUs7-lI,2,33.765,42.746,,
zknhrUs7-lI,3,53.709,59.618,,
znNt--6itO4,0,-0.487528344671,4.00453514739,,
znNt--6itO4,1,3.0843537415,5.87029478458,,
znNt--6itO4,2,5.13968253968,17.9628117914,,
znNt--6itO4,3,17.2222222222,23.5201814059,,
znNt--6itO4,4,22.789569161,33.5873015873,,
znNt--6itO4,5,35.7002267574,39.3242630385,,
zoPOeViAdOo,0,13.99,22.582,,
zqkawTdHN5s,0,0.0,8.255,,
zqkawTdHN5s,1,7.744,19.639,,
zrFZAofNGi4,0,0.0,11.138,,
zrFZAofNGi4,1,11.405,16.885,,
zrFZAofNGi4,2,63.447,71.022,,
zrFZAofNGi4,3,75.011,79.563,,
zrFZAofNGi4,4,79.411,94.349,,
zrFZAofNGi4,5,15.885,23.091,,
zrFZAofNGi4,6,27.589,33.078,,
zrFZAofNGi4,7,48.96,64.088,,
zsRTbbKlsEg,0,57.2324263039,61.4428571429,,
zsRTbbKlsEg,1,41.1789115646,44.2319727891,,
zuc7vUhZNfY,0,0.0,17.624,,
zuc7vUhZNfY,1,17.392,38.406,,
zv0Jl4TIQDc,0,56.852,60.845,,
zv0Jl4TIQDc,1,29.764,35.633,,
zv0Jl4TIQDc,2,42.146,49.242,,
zvZd3V5D5Ik,0,6.147,12.276,,
zvZd3V5D5Ik,1,11.276,21.235,,
zwRBZisdpQ0,0,0.0,5.152,,
zwRBZisdpQ0,1,65.582,70.813,,
zwRBZisdpQ0,2,69.813,77.986,,
zwRBZisdpQ0,3,27.808,32.719,,
zwRBZisdpQ0,4,58.788,63.908,,
zwTrXwi54us,0,0.111,3.396,,
zwTrXwi54us,1,2.396,10.849,,
zwTrXwi54us,2,68.326,72.429,,
zwTrXwi54us,3,72.137,85.21,,
zwTrXwi54us,4,84.469,95.058,,
zwTrXwi54us,5,10.388,17.833,,
zwTrXwi54us,6,17.941,25.376,,
zwTrXwi54us,7,25.154,40.482,,
zwTrXwi54us,8,40.16,48.444,,
zwTrXwi54us,9,47.444,49.312,,
zwTrXwi54us,10,48.511,53.652,,
zwTrXwi54us,11,52.652,57.942,,
zwTrXwi54us,12,57.98,69.326,,
zx4W0Vuus-I,0,15.057,38.327,,
