Frame,FaceDetected,EAR,Pitch,Yaw,Roll,Gaze,GazeRatio,CumulativeBlinks
1,1,0.28564602212924806,-178.38995875045202,12.494955798087767,-5.582355606451041,CENTER,0.5169758426280636,0
2,1,0.3009410253145022,0.07105599191824297,12.768749273352423,-5.2283788654141965,CENTER,0.5210760679903323,0
3,1,0.31935501554537343,59.13395892755931,13.544817827464124,-5.16459154164254,CENTER,0.5213193635927736,0
4,1,0.31125929609952485,88.52123729070553,14.042397375092412,-5.141089526037616,CENTER,0.522525822648681,0
5,1,0.3227884496972198,106.1734719990648,14.82211345976072,-5.107946613522629,CENTER,0.5235500521159575,0
6,1,0.3228919347196353,177.28107599421952,15.30099964448414,-4.7993908985501355,CENTER,0.5251952743382251,0
7,1,0.32602874247114355,176.94484859432455,15.865571992578515,-4.671890268951286,CENTER,0.5252764303101941,0
8,1,0.3201540464686049,177.00467176435927,15.424131757173702,-4.413938673195103,CENTER,0.526090630152807,0
9,1,0.3220988086768982,177.3716760466826,14.475139206244062,-4.141316549971182,CENTER,0.5267555883366788,0
10,1,0.3272158635115908,177.77628281272928,12.422996406034542,-3.8707256429876638,CENTER,0.5265694269904991,0
11,1,0.33120091533357693,178.01531993691913,12.000656393379352,-3.9278924664000536,CENTER,0.5256525268842319,0
12,1,0.34306196634348013,178.3340246093618,11.800411240896407,-4.064011527916936,CENTER,0.5241798301279074,0
13,1,0.3425656008938158,178.34503267910523,12.48520860072648,-4.315568121989566,CENTER,0.5215806074636911,0
14,1,0.3385150972093638,178.24765767930188,11.943711514928882,-4.249715130401316,CENTER,0.5183947413569534,0
15,1,0.31566569201272077,177.97433268010735,11.674146381489043,-4.369321190152904,CENTER,0.517068280656512,0
16,1,0.3056689304374598,177.14478425050703,7.8916148385866665,-3.8797597165977535,CENTER,0.5158249215773548,0
17,1,0.3001744907969065,176.08207658602817,4.784800565414412,-3.6246259713536353,CENTER,0.5158861570819806,0
18,1,0.30249689884525643,175.0519586275979,0.9342310051686546,-3.131942037591835,CENTER,0.5172525488639443,0
19,1,0.2993542033933957,173.9722679272862,-0.5386852692999793,-3.0197244066680486,CENTER,0.5179603593263151,0
20,1,0.2620388910761187,172.12801927525499,-2.5014550989250557,-2.494066806968764,CENTER,0.5162154113297592,0
21,1,0.2083095535162946,171.2085784581208,-0.6302431221290016,-2.882186989188061,CENTER,0.5163982549327597,0
22,1,0.2396301425456851,170.28264795819473,0.08446923201101401,-2.9162980184177267,CENTER,0.5163951169962473,1
23,1,0.21688880983449793,169.3172077962335,1.599396040008614,-3.261076759778343,CENTER,0.5162062435241505,1
24,1,0.21932667338432152,167.72979728488758,2.550919915315442,-3.4919429879764685,CENTER,0.5178504541128899,1
25,1,0.22712182477265913,167.98687108576962,3.909038443814546,-3.8331139121824362,CENTER,0.520132976294515,1
26,1,0.23304239745718291,167.62920029727016,3.9174168649851717,-3.7318558479983204,CENTER,0.5211431238619898,1
27,1,0.2332307243898973,167.84915617838539,3.302121617898473,-3.495065136150854,CENTER,0.5213915806993544,1
28,1,0.22896931989472316,168.15712156795195,2.1891955234858633,-3.066692301980507,CENTER,0.5199073372457066,1
29,1,0.2398420024964391,168.79218298767637,0.2655453429155804,-2.4877359583445453,CENTER,0.5160883918849611,1
30,1,0.23184206377879985,168.5039512266947,-1.4696780418681632,-1.9592172256489344,CENTER,0.5127372505409845,1
31,1,0.22674900994473637,168.5132454028437,-3.158350793843485,-1.3934093394185203,CENTER,0.509507388171555,1
32,1,0.22862284445462605,168.16480531900976,-4.169102890243748,-0.9528632781571342,CENTER,0.505966256727234,1
33,1,0.23885138039894477,167.91446584691855,-5.067675638236365,-0.5662000727827212,CENTER,0.5045987538300809,1
34,1,0.24002697670936574,167.9124985267393,-5.21287836309307,-0.4359570956643708,CENTER,0.5052069966546203,1
35,1,0.22488854600136854,167.88534808480438,-5.080411727237321,-0.38724403721148537,CENTER,0.5074845868044565,1
36,1,0.2277203999138338,167.91341716707728,-4.68394566594381,-0.44978981224457026,CENTER,0.5105007634821541,1
37,1,0.23111012399375236,167.93142196339127,-4.319030760109214,-0.5011072410988671,CENTER,0.514191183620988,1
38,1,0.23226699795796518,168.00180187660163,-4.097451210112471,-0.5324519273876522,CENTER,0.5179649102802402,1
39,1,0.2313771479769279,168.0963915064119,-3.9842494948740708,-0.511495970822091,CENTER,0.5211855367593722,1
40,1,0.23156010414812142,168.18509746982855,-3.912994806932909,-0.48282999290806405,CENTER,0.5230246790906565,1
41,1,0.23189681445613808,168.2893540838633,-4.018859567156781,-0.4022066699639309,CENTER,0.5251182380442879,1
42,1,0.23110689057717274,168.46405924419045,-4.131895061339444,-0.30887949041405705,CENTER,0.5272757548341911,1
43,1,0.2340049786158655,168.5395739411594,-4.105518966013145,-0.24512266942821456,CENTER,0.5287873190474572,1
44,1,0.23540665231406183,168.59650268379474,-4.009484609703064,-0.18253850856968803,CENTER,0.5309171395796447,1
45,1,0.2301621370474674,168.66453797901676,-3.7219539228353953,-0.1954627679905214,CENTER,0.5327972762869063,1
46,1,0.2327086262749245,168.70200415013127,-3.3626672301896816,-0.20492249767514759,CENTER,0.5333445841579272,1
47,1,0.23638536450865816,168.68556133399218,-2.9765315817042257,-0.24321006957403374,CENTER,0.5343992794691121,1
48,1,0.24034545752085867,168.6854810144007,-2.3880304062826725,-0.37018849983518887,CENTER,0.5353035326517827,1
49,1,0.24759618843200687,168.6855675643283,-1.7725295885925587,-0.5121877431622617,CENTER,0.5359629701645805,1
50,1,0.25362988386900803,168.66457565539858,-1.3696838400547948,-0.5837707105911399,CENTER,0.5366118835899976,1
51,1,0.25373408334559805,168.6278868506625,-1.1341672202830724,-0.6327806026811379,CENTER,0.5380104996161743,1
52,1,0.2543317972134662,168.56550064797904,-0.8467971338531575,-0.6807241359263034,CENTER,0.5386645889096036,1
53,1,0.25661852054339085,168.5250758425534,-0.8615187821261381,-0.6254601256373259,CENTER,0.5397227449299501,1
54,1,0.2585419758656386,168.4384385260354,-1.0633527274777737,-0.5206340382980558,CENTER,0.5402159311958066,1
55,1,0.2575523232838899,168.34918352784297,-1.3762908313580982,-0.3952126714069366,CENTER,0.5401998056723281,1
56,1,0.22643680867337915,168.27278217580755,-1.6131767703928912,-0.29238245351385816,CENTER,0.5388429999863547,1
57,1,0.19536202238628958,168.1764479079653,-1.6808024690600838,-0.21903487597832277,CENTER,0.5369256544791046,1
58,1,0.17341263072568236,168.00075255031288,-1.5282129657141934,-0.23310440740205712,CENTER,0.5338717171585492,1
59,1,0.1728660050354655,167.93203092616827,-1.2609487671504487,-0.3117090323609136,CENTER,0.5300073242486542,1
60,1,0.18940922634480656,167.86585036055882,-0.7735635043551774,-0.42851135794675255,CENTER,0.5276768804498021,1
61,1,0.19925233670195358,167.80183003920007,-0.15209330063310597,-0.5853424102269412,CENTER,0.5270689189696136,1
62,1,0.20492031849012193,167.7909188667374,0.4266161709454096,-0.7511120483807666,CENTER,0.526301704588449,1
63,1,0.20710661701029381,167.8366575347423,0.7514644161898526,-0.8562416037579466,CENTER,0.526609319363022,1
64,1,0.22555506829940075,167.85908853004065,1.0913574363485095,-0.9187359258031556,CENTER,0.5272985065715885,2
65,1,0.22504482510580567,167.88054964182098,1.2265716319788844,-0.9319119612202842,CENTER,0.5281539736113477,2
66,1,0.2269440136209881,167.89477964870875,1.3260329667152166,-0.9432694519170012,CENTER,0.5298859349718734,2
67,1,0.2282896958772117,167.89930352809773,1.3058682561737762,-0.9291346294389029,CENTER,0.5321680990532958,2
68,1,0.23118839392428184,167.92652283364322,1.6050627847008445,-0.9838259782561876,CENTER,0.5338581852090005,2
69,1,0.23652485702920778,167.90722066056827,1.8379628286719758,-1.0287914828825602,CENTER,0.5359476948305669,2
70,1,0.24299996005970842,167.8735065877589,2.3977435488698617,-1.1622193432391141,CENTER,0.536721506589575,2
71,1,0.2473199551551362,167.82499892083365,2.916757239446212,-1.2732883389717782,CENTER,0.5360433322229354,2
72,1,0.24781730078812797,167.77942523925807,3.405613380412209,-1.3806098081074287,CENTER,0.536328264438801,2
73,1,0.2513872396800856,167.7288286588422,3.4580356858937895,-1.3671219401716812,CENTER,0.5370837442724229,2
74,1,0.25322496748300266,167.69708639854187,3.514711379675428,-1.3735214493455263,CENTER,0.5369527765760651,2
75,1,0.25980650376199943,167.6250452913718,3.3041437022740885,-1.2933021087643417,CENTER,0.5365718452232008,2
76,1,0.2612895692061612,167.43656862599423,3.0078482298693916,-1.1742259369854404,CENTER,0.537577041536351,2
77,1,0.2135546378974587,167.41994286223024,2.2837477618486446,-0.9280231193407594,CENTER,0.5362449499757049,2
78,1,0.13348983785190324,167.57241649579487,1.673886155948831,-0.7409429787770667,CENTER,0.5306587448181342,2
79,1,0.11553032169954902,167.72737151543865,1.0934036875063837,-0.557032932907001,CENTER,0.5244585749350839,2
80,1,0.10959671224776099,167.94850385326953,0.5330292430490483,-0.39403415299379096,CENTER,0.5159336303096952,2
81,1,0.11622377543718457,168.32092494572356,-0.31459035770866445,-0.20065625622420966,CENTER,0.5040648971573722,2
82,1,0.127512522827811,168.58473893319672,-0.687946451393458,-0.15419713258799828,CENTER,0.4944968695029163,2
83,1,0.1396349136407133,168.69026798570025,-0.921480679894837,-0.10549772102554984,CENTER,0.4900326025457999,2
84,1,0.1447458152223461,168.80244767275934,-1.2404214778710325,-0.03927721780977449,CENTER,0.4870294281744365,2
85,1,0.1526505176539802,168.8857802075111,-1.7589546003293535,0.051534042580874774,CENTER,0.48773754488720106,2
86,1,0.15722065746368233,168.93890479583996,-2.107336516050588,0.12785049983964727,CENTER,0.4914039304721801,2
87,1,0.1658128727376847,168.92045592944015,-2.518877792874467,0.22183997446966477,CENTER,0.4948354225735116,2
88,1,0.16855559055468922,168.89713679789145,-2.868399553690193,0.28245321401675644,CENTER,0.49748919065111,2
89,1,0.17574314077532244,168.86922879947102,-3.138207912861418,0.31351277696553986,CENTER,0.5010109481894609,2
90,1,0.18453282046871003,168.88144864058935,-3.2892128408738364,0.3602062702820949,CENTER,0.5039516443589577,2
91,1,0.19814872507544368,168.89512345663417,-3.5535734667775416,0.44481447103487926,CENTER,0.5076615234478414,2
92,1,0.21464182475828747,168.90038918799524,-4.12372993102078,0.6152489537284466,CENTER,0.5117870366592359,3
93,1,0.215395775889033,168.90841608146712,-4.622477534877326,0.8359428259647572,CENTER,0.516832916045767,3
94,1,0.23491874701391313,168.90111118429598,-5.1225930054346485,1.0521807798520946,CENTER,0.5225287307650358,3
95,1,0.23394452356503553,168.86387371456598,-5.702744960170702,1.2826588366242868,CENTER,0.5281025107782108,3
96,1,0.24072571858084368,168.76214656612757,-6.0494653292842155,1.456627759620627,CENTER,0.5326357321437114,3
97,1,0.24377601115041397,168.6665499107718,-6.076135236528154,1.548812377807352,CENTER,0.5362730013801282,3
98,1,0.24466531409907927,168.59768422790384,-6.200442123330765,1.6072172683128436,CENTER,0.5388059427101937,3
99,1,0.24850665781567632,168.55198744257183,-6.309527930773433,1.6787061481897871,CENTER,0.5398447834262505,3
100,1,0.2528620143676774,168.510551499101,-6.274847464192073,1.6941480246073635,CENTER,0.5403158657801054,3
101,1,0.25154355545766066,168.54966574812548,-6.471218599259144,1.7365386702583077,CENTER,0.5395236934950858,3
102,1,0.24860494086779433,168.57364241960153,-6.608120998604956,1.7496507525572902,CENTER,0.5384902748143771,3
103,1,0.2513397529448213,168.52748279432907,-6.666003203751276,1.7638965052494122,CENTER,0.5372839065980708,3
104,1,0.2529384030636439,168.8232218547779,-6.092339697544827,1.5885955590011727,CENTER,0.5370175771320055,3
105,1,0.2524956488008716,169.23622086535553,-4.921118543367991,1.225516197053023,CENTER,0.5370387976021,3
106,1,0.260246839248812,169.64027730794396,-2.9686375750596183,0.6631593244486476,CENTER,0.5378705312323173,3
107,1,0.26365247140043263,170.0464006591304,-0.9287628014344396,0.08446420236265713,CENTER,0.5387022330906042,3
108,1,0.2695846065261144,170.46546246785232,1.5479559263039238,-0.6218283375087698,CENTER,0.5399788783665217,3
109,1,0.27625018220915865,170.52062942582785,4.100577268972698,-1.3057768352020664,CENTER,0.5404658304629001,3
110,1,0.27673643267413134,170.53920351235604,6.662187144896791,-1.8957911866200952,CENTER,0.5409198697794659,3
111,1,0.2850972118358762,170.5875851947468,9.083226208258568,-2.39757376672715,CENTER,0.5407490923952892,3
112,1,0.2819427595825492,170.62681482552654,10.72623010491344,-2.6612196410712525,CENTER,0.5406096128286981,3
113,1,0.2822492530634044,170.59434909102401,10.97868949407859,-2.5975355853431976,CENTER,0.5404627273017997,3
114,1,0.2693696543235526,170.5878843227094,10.518874119345256,-2.3907667031668467,CENTER,0.5398356754460998,3
115,1,0.2692555624023044,170.50230270429472,9.511065670829112,-2.098353083247072,CENTER,0.5385811377055011,3
116,1,0.24049383710012948,170.24240128013602,10.118084225220013,-2.2440549563495296,CENTER,0.538314351134553,3
117,1,0.2397093728767699,169.945966349362,12.115867319046654,-2.658491737080311,CENTER,0.537096920199731,3
118,1,0.22636455223697105,169.67523344334057,15.40870588531532,-3.3724563965311125,CENTER,0.5365144816865225,3
119,1,0.17812297909083125,169.16949808298824,18.716130036692984,-4.172413273910772,CENTER,0.5380550473085846,3
120,1,0.16660157858179925,168.34462782134636,22.584654807312383,-4.91386057179582,CENTER,0.5425006549920232,3
121,1,0.14754977582327883,167.75911301255232,24.569825953197935,-5.275321785961916,CENTER,0.5461276513326057,3
122,1,0.13045959320560568,166.42129094793358,27.272393406251656,-6.294380559068654,CENTER,0.5467588226046762,3
123,1,0.12408924962131461,164.64549348147938,29.734995041686965,-7.510804281813746,CENTER,0.5329003185687011,3
124,1,0.16150416498356432,162.43046118231277,32.91925183663516,-9.340837555391776,CENTER,0.5172384972378946,3
125,1,0.17634451535497042,160.6439667697793,35.495767680099156,-11.332744429363801,CENTER,0.5025873244232113,3
126,1,0.18468905633964589,158.93833845212515,37.90679093528089,-13.17383346525636,CENTER,0.5018913240872942,3
127,1,0.1973928293279904,158.1610224216814,38.668301935012224,-14.212236189766184,CENTER,0.5051545766167165,3
128,1,0.22261414385677503,157.91052327081428,39.583941016275176,-14.949955944645613,CENTER,0.5127693445453453,4
129,1,0.22944732910943966,91.87080476822295,39.91881364102024,-47.19716277350099,CENTER,0.5240339061635269,4
130,1,0.236561657761994,25.921916867316476,39.9768262075806,-79.43720109597378,CENTER,0.538885133605202,4
131,1,0.26125260874317535,-40.14283863494759,39.882043937875416,-111.68795588265561,CENTER,0.5411455458366526,4
132,1,0.2519486927636761,-39.56883249597963,39.413705441050666,-111.4950213813109,CENTER,0.5445401873132049,4
133,1,0.26329098246933225,-38.86336808586331,38.552002186033896,-111.34053944512047,CENTER,0.5592037357434181,4
134,1,0.29684066300473533,28.589377422546697,37.57479494710388,-78.76340571049796,CENTER,0.5697321372903696,4
135,1,0.28410894521433977,96.00000170489962,36.87184264833151,-45.97714500622224,CENTER,0.5732767020405442,4
136,1,0.28688504520461316,163.50458289655325,36.15273673940685,-13.14807319165439,CENTER,0.5759940908287561,4
137,1,0.29420816153313195,164.33223725463287,36.05545021160765,-12.807965172032926,CENTER,0.5765705216949406,4
138,1,0.292476380941422,165.03802159219381,35.99102753524071,-12.408819566377314,CENTER,0.5746630269794423,4
139,1,0.28948200617766184,165.43564915113942,35.88404905929847,-12.187116362485943,CENTER,0.5728514868855485,4
140,1,0.27509654859371135,165.6691138805446,35.816573055511554,-12.074718714410071,CENTER,0.5715163737445732,4
141,1,0.271925768336731,165.74378556023225,35.89441907129106,-12.00129238537151,CENTER,0.569757517255183,4
142,1,0.26110001780876346,165.83470481758326,35.55736497816248,-11.746886580274293,CENTER,0.565599852230552,4
143,1,0.24315904829581284,166.00286447776142,34.94144122966183,-11.449937032529528,CENTER,0.5633302181683059,4
144,1,0.2361966148809781,166.4575904058941,34.144431989185684,-10.972141875000233,CENTER,0.560892597974204,4
145,1,0.2264376289162664,167.14412723724678,32.9262150540725,-10.43625595173624,CENTER,0.549432363919838,4
146,1,0.20717408250448327,168.25929119208087,30.207707566852342,-9.598860382276113,CENTER,0.5436014505816963,4
147,1,0.2066836070410078,169.37249189251014,26.859113546370633,-8.888706222040833,CENTER,0.5333272127012066,4
148,1,0.198662813848616,170.2434473481905,19.736363870394978,-7.675288011396111,CENTER,0.5167137155671166,4
149,1,0.19725781478681753,170.8304699456155,13.648477875473137,-6.819670780760367,CENTER,0.5013911584900359,4
150,1,0.2025132803200758,171.25139851056298,5.09780871832046,-5.36910206641479,CENTER,0.49854180522818065,4
151,1,0.24579514135628328,170.99602240224107,-2.930943619894402,-4.127084466985317,CENTER,0.4835321637548102,5
152,1,0.25144786687259635,170.16076903335983,-11.37873497624887,-2.73383519652591,CENTER,0.47907786477147046,5
153,1,0.24385966217472524,169.46081293837767,-16.521199379895624,-1.492014059864593,CENTER,0.48417856680070226,5
154,1,0.21270671012007997,168.59549873742216,-23.22200284748924,-0.05163722771265709,CENTER,0.48543666975368893,5
155,1,0.20499688115230524,167.91963052128258,-27.39905703828157,0.9508383031580732,CENTER,0.4808614305166066,5
156,1,0.22409436629058874,167.27103259936266,-31.333574496176247,2.1814917664322246,CENTER,0.4880249149581726,6
157,1,0.2283300444924325,166.81715028918197,-34.18952780329845,3.3965076978176385,CENTER,0.5020784849809363,6
158,1,0.26435466730553314,100.12924594536018,-40.45783298388007,35.09167769697519,CENTER,0.5182461980738806,6
159,1,0.23469553626435471,34.03648264449192,-46.306383349957656,66.72361786839028,CENTER,0.5193271559981911,6
160,1,0.25019287627234477,-31.967683520370862,-51.6427730086647,98.08381397392742,CENTER,0.5196490435632451,6
161,1,0.3019450461422211,-97.20646372102951,-56.6362410022345,128.79777240951438,CENTER,0.4952897793781797,6
162,1,0.3222903439445981,-96.8868270803949,-48.83820402822029,128.48818191847903,CENTER,0.47056264355851357,6
163,1,0.31058022945419084,-37.00283301767911,-47.804260349888146,66.25898468616785,CENTER,0.4402363228338462,6
164,1,0.34727089186363214,-35.71950449076629,-29.999810222230543,-0.8099359897394833,CENTER,0.448809487149662,6
165,1,0.32872056916551284,23.9050575897388,-3.6197201469185614,-41.802117749074874,CENTER,0.4550931396308737,6
166,1,0.28989406937706236,24.225894579676968,10.38851085516777,-38.032813045215825,CENTER,0.48992769574065614,6
167,1,0.26747864423394846,-40.75408207629779,14.864157924762486,-74.72354202233575,CENTER,0.5107926306832449,6
168,1,0.2563487788494665,-97.7429495314362,25.791819673344484,-9.711668194987348,CENTER,0.5309623925871133,6
169,1,0.26087309756831667,-97.51192563592728,24.519405674786192,-10.47255785023851,CENTER,0.5322240865419415,6
170,1,0.2952490725356401,-156.33773181711945,-2.7495795061237147,30.23331910448251,CENTER,0.5345008852722953,6
171,1,0.29992337891344034,-156.99983328372878,-17.897745059235064,26.83358220801611,CENTER,0.5161412960082844,6
172,1,0.34056025780633753,-98.2855409977866,-7.934741772805559,56.056585805381225,CENTER,0.4996921522418972,6
173,1,0.35662912943259567,-100.00967802891901,-22.302396006053463,52.797708708626715,CENTER,0.49093500776656407,6
174,1,0.35271121201753314,-38.466121140361814,-36.47269430153768,92.72699321666495,CENTER,0.4857650323115372,6
175,1,0.4011582705610109,23.18769602747333,-33.83945812688451,65.08677387924965,CENTER,0.49563431847120365,6
176,1,0.38795673819051335,85.65715426566939,-30.19449925939881,37.29313193360382,CENTER,0.5293740902800859,6
177,1,0.37574482331903303,91.29662072224176,-44.50784718406946,45.175269448561004,CENTER,0.5597426879235989,6
178,1,0.39375046888300724,153.57763186223548,-40.099204878404976,17.693736925945323,CENTER,0.5891101280536295,6
179,1,0.462421678009446,89.00793769082493,-31.32735946277963,12.868903484298443,RIGHT,0.6349720934086625,6
180,1,0.45899862528618174,91.67625861781646,-20.762745892587425,8.705781603146043,RIGHT,0.6606836410864146,6
181,1,0.40162664092164,91.957422995587,-20.5523769022949,8.541219795282192,RIGHT,0.6485791230146845,6
182,0,nan,nan,nan,nan,UNKNOWN,nan,6
183,1,0.38220996730560214,75.63084220083086,-12.425957193203384,-9.287390473163173,RIGHT,0.6543368685292184,6
184,1,0.3736001962651694,73.89812166613073,2.348950670275474,-16.319712317758324,RIGHT,0.6611098054405499,6
185,1,0.36592391081659076,140.9047210429432,3.599308847187644,-15.16306402405659,RIGHT,0.6444016700991272,6
186,1,0.3521615398446074,135.32885036052807,17.79803478934287,-22.778426504759114,RIGHT,0.6367356098872256,6
187,1,0.35380317873908773,131.99270621841112,41.954552484803656,-34.32030611876192,RIGHT,0.6556184036747792,6
188,1,0.3893254515746822,142.8167425335666,48.12520913812568,-25.405077069626337,RIGHT,0.671698691768787,6
189,1,0.4014480514583406,141.5673854505308,57.69319907909319,-30.950275219279455,RIGHT,0.6807790983957569,6
190,1,0.42276245915971755,141.5919220013197,57.70995288096717,-28.779272972306604,RIGHT,0.6933413691154063,6
191,1,0.38665306259126686,141.57894617991798,57.693490459656196,-28.612353824955118,RIGHT,0.7032482517686537,6
192,1,0.40044156846345635,141.5693762241827,57.6714525404966,-28.764611313789715,RIGHT,0.7291806102043251,6
193,1,0.3774977834189951,141.3834672713808,57.526640726009816,-29.891735674639893,RIGHT,0.7249698276377485,6
194,1,0.40479523855529426,146.90806740691104,43.30974178120488,-19.602918809807043,RIGHT,0.6894612349631073,6
195,1,0.40102176352487495,146.8737480495952,43.27927284550396,-22.16928249666166,RIGHT,0.6609129287197464,6
196,1,0.39873250778363345,152.51469451147256,29.029782294645592,-13.467046686211438,RIGHT,0.6266320665041706,6
197,1,0.364924496529177,142.83286108218897,21.421380415838055,-6.135812315663778,CENTER,0.5695950967858281,6
198,1,0.3814000539063154,148.33110749617833,7.24191581068736,3.6837700936308346,CENTER,0.5382622461300903,6
199,1,0.3745855340951765,144.2908559070699,12.183179628095278,-1.814504663920184,CENTER,0.5266165358404559,6
200,1,0.40403783846635766,144.29981596996814,12.185047546426118,-1.392922910611674,CENTER,0.5002004428238095,6
201,1,0.3739020966976073,144.3100942160094,12.183492696791962,-1.700707036488311,CENTER,0.48586815623475343,6
202,1,0.3705740215154891,154.05123038115664,19.83645410367997,-8.513614895900131,CENTER,0.4826965617413454,6
203,1,0.3961015041168751,149.66796350813115,25.231088448573104,-12.575142788230252,CENTER,0.4787794183845854,6
204,1,0.37514635617378767,149.08952606688223,25.640167827324007,-12.234550698966634,CENTER,0.49020735995754494,6
205,1,0.37766752861651953,133.56186860880695,31.74914127782957,-20.364443638317304,CENTER,0.49732213560317523,6
206,1,0.3803102778148826,133.4292408506453,37.92123940076756,11.955445612097838,CENTER,0.4998013154082376,6
207,1,0.3787840571438608,76.32124077858963,11.424040320871963,49.762812506372306,CENTER,0.48528030157271856,6
208,1,0.3755376819897821,76.24459751844346,11.530200058536403,49.86633571853379,CENTER,0.483850881203532,6
209,1,0.36747897354219416,74.39642491623741,20.452301109082143,46.4427582051794,CENTER,0.47692276004470224,6
210,1,0.3627598308757152,27.433283479687237,2.0484671391994183,84.7359023877635,CENTER,0.4778652207446051,6
211,1,0.3580392154228388,22.175466424831825,10.066118279959005,44.01970899201321,CENTER,0.4942236973831594,6
212,1,0.3160250989810499,21.464363319033083,10.086360190631902,44.575491473060666,CENTER,0.5322620881909769,6
213,1,0.27571840783467966,-38.42460186205338,-6.587491575963524,79.83613920825387,CENTER,0.5544934895925577,6
214,1,0.21514720136247467,-30.250458834773816,-27.182120891955755,88.1009276569887,CENTER,0.5717189185813751,6
215,1,0.1990085826807121,33.7081547870162,-19.202889791919112,58.8104780348401,CENTER,0.5748334001070149,6
216,1,0.16840364035646804,40.766751323495505,-34.502528720546806,67.15223975675062,CENTER,0.5646548428309041,6
217,1,0.11853830516559885,105.42605730427663,-20.561439851908126,36.13212497215086,CENTER,0.5398217339495612,6
218,1,0.16305021068556264,171.34318165311916,-4.580821170386072,3.231656797726624,CENTER,0.5144903615930149,6
219,1,0.23171657152685216,170.00402473000105,8.710497301134989,0.1859558987821332,CENTER,0.49121659086745134,7
220,1,0.2598467296580036,167.79037680910096,20.836921715244305,-3.126525891728453,CENTER,0.4848329393773865,7
221,1,0.26777171271241496,165.18860750248092,30.404631581416773,-6.1205026926874595,CENTER,0.47206844131288783,7
222,1,0.31134712645402657,162.8909439140998,37.744788760443114,-8.906383768023563,CENTER,0.45267326482472264,7
223,1,0.31595449601409276,94.72230037101026,42.32281334522221,-42.734083253080385,CENTER,0.4381256686199297,7
224,1,0.3043344720127745,27.151331639666246,45.19803465751017,-75.67295169620343,CENTER,0.41285408136396917,7
225,1,0.3154929097698459,-39.51410920727251,47.534024021097565,-108.44087751439577,LEFT,0.38047637379006644,7
226,1,0.3593810164881044,-106.21463950418304,49.75367860704745,-141.03267411674514,LEFT,0.34953744542288456,7
227,1,0.35935159157525065,-172.67933771404654,51.49859437927465,-173.51187579711248,LEFT,0.3470992418651962,7
228,1,0.3723103405672515,-173.68236741353226,53.146663491782725,-174.3028497129759,LEFT,0.3401353604645111,7
229,1,0.316033597671141,-174.89477421366058,54.233490166888615,-175.55936469024508,LEFT,0.3493582480349716,7
230,1,0.33980909783831986,-110.37850599815651,54.19685734844522,-145.87594904323237,LEFT,0.36440680158396915,7
231,1,0.34912863625491686,-45.412789509551644,53.53425342434068,-115.83348482647814,LEFT,0.3914141131896997,7
232,1,0.37407598519121077,-45.52589056433223,54.064638084437114,-115.7952021922093,LEFT,0.3981214583388498,7
233,1,0.3711245466591886,19.38186414156191,53.415089557801004,-85.60797400097651,LEFT,0.3973536466138744,7
234,1,0.38045005818434363,85.01241445584603,52.912091655919255,-54.83850050185898,LEFT,0.3903830712387461,7
235,1,0.3998066972441287,20.26818662594885,54.383339649020016,-84.54943101941356,LEFT,0.3829973536457472,7
236,1,0.4082095576413389,-44.464648067061965,56.21264540465546,-114.45198485001795,LEFT,0.3696588950932449,7
237,1,0.39007889095260706,20.562875238624486,55.16948972220327,-84.34421473809378,LEFT,0.3586285983756553,7
238,1,0.40214804297693163,20.71397546006388,55.44666244564252,-84.34725531253922,LEFT,0.3466205724918543,7
239,1,0.4366415325007451,-40.05476878389406,46.52309004782718,-114.704322447037,LEFT,0.35185034096720197,7
240,1,0.5185396659239025,27.584280157068086,34.80771154358807,-80.08326488537273,LEFT,0.34239317731442603,7
241,1,0.5343056762463989,94.9394094573662,22.796598412570763,-47.964902779403204,LEFT,0.33454587867437435,7
242,1,0.5580863223296304,95.64339237119034,22.827617519294286,-47.32532423668407,LEFT,0.32038099606412684,7
243,1,0.5742829328318179,98.35921274980038,12.042430727906622,-41.21032135968443,LEFT,0.30643921793090356,7
244,1,0.5385665609642707,161.84132710957516,10.377989243593232,-5.27767898264447,LEFT,0.2805610304166266,7
245,1,0.47191840813214986,157.90061128127897,21.966016183132815,-10.580092361243508,LEFT,0.26854405409697757,7
246,1,0.4792155476991676,157.9388939849029,21.99947831291926,-7.371678844002345,LEFT,0.23506559326468301,7
247,1,0.4944025989032555,159.68005299282086,11.511236044505718,-2.589605999608348,LEFT,0.20421943814393667,7
248,1,0.46697353833396893,153.4429616067002,5.839489906937448,0.5386920528720596,LEFT,0.1838318352051648,7
249,1,0.38880698765963484,89.25195304010887,13.531647519528201,-32.7602387098405,LEFT,0.18510115643757621,7
250,1,0.3826857603626446,89.73484158894601,13.447217085199906,-31.507679894405364,LEFT,0.19575812097635364,7
251,1,0.3569371987717735,86.61960832347378,24.64690309734019,-36.176194431872794,LEFT,0.23572758002175687,7
252,1,0.1983444903002362,18.92149875526087,35.53398542138543,-70.49975102402868,LEFT,0.2843847813564465,7
253,1,0.10101487437037329,-43.20338180648774,51.18019247587245,-109.01306244174975,LEFT,0.3475865847351979,7
254,1,0.062447533811213304,-47.625053631994135,52.391599505807974,-110.8927090483198,LEFT,0.3924055851316789,7
255,1,0.08060019995614523,-45.973377851560386,49.15920055358018,-109.2147069444288,CENTER,0.4357695780121766,7
256,1,0.14069260450093388,-42.17965042745916,41.79130778121224,-105.84493625045836,CENTER,0.46954956134837217,7
257,1,0.2254034007813644,26.708810949583313,33.162005753593554,-72.25354301230352,CENTER,0.49796438763535,8
258,1,0.23592187125763547,96.16128064573684,24.472382360057093,-37.9435237361072,CENTER,0.506608502735135,8
259,1,0.24985044355914224,166.0252869246657,15.912542212534998,-3.015041227429979,CENTER,0.5116631399717204,8
260,1,0.24808054682793146,169.22176258641542,7.3384348523942675,-0.06852504446097459,CENTER,0.5131827987007144,8
261,1,0.2409994064682342,170.13889775288163,2.7682449567471528,1.1749531805043787,CENTER,0.5121947885884799,8
262,1,0.263241336362527,170.60019157393586,3.4856893345838045,1.1486944966832318,CENTER,0.5149507274896002,8
263,1,0.26887079181453666,171.24712242196676,4.114215184722883,1.0448465920922436,CENTER,0.5178303119610765,8
264,1,0.266977136151864,171.74273738303074,6.992093478805165,0.45924661096028824,CENTER,0.5202131235337439,8
265,1,0.27210673213245573,171.88712825199832,9.204603052016738,0.1578334889828816,CENTER,0.519498805126516,8
266,1,0.27102170419452554,171.88561537177804,13.680464447668873,-0.7344743429075047,CENTER,0.5246828002058677,8
267,1,0.27361201746038555,171.92534447567283,14.716705078331842,-0.8323828988451526,CENTER,0.5233388702724179,8
268,1,0.28064434321072806,171.81549336368116,16.56295144052033,-1.0193134451684558,CENTER,0.5248149840404261,8
269,1,0.2838258748666702,171.75935938259096,17.893148223781523,-1.1791753162833827,CENTER,0.5275432636340813,8
270,1,0.2847450029491615,171.8945410879174,20.358198033343808,-1.6383276711368242,CENTER,0.528191215497101,8
271,1,0.2867653597873525,171.96751764952478,21.079833549073623,-1.6928721116073402,CENTER,0.5241514583837026,8
272,1,0.2860649294198566,171.98914432081708,21.417894803552496,-1.729039429620475,CENTER,0.5246481717278595,8
273,1,0.23155355054829604,172.04854081282184,21.868930291989194,-1.81142151050905,CENTER,0.5247909069577081,8
274,1,0.2607368410252303,103.75636933011586,26.421236991844314,-34.81307205494415,CENTER,0.5002871456514311,8
275,0,nan,nan,nan,nan,UNKNOWN,nan,8
276,0,nan,nan,nan,nan,UNKNOWN,nan,8
277,0,nan,nan,nan,nan,UNKNOWN,nan,8
278,0,nan,nan,nan,nan,UNKNOWN,nan,8
279,0,nan,nan,nan,nan,UNKNOWN,nan,8
280,0,nan,nan,nan,nan,UNKNOWN,nan,8
281,0,nan,nan,nan,nan,UNKNOWN,nan,8
282,0,nan,nan,nan,nan,UNKNOWN,nan,8
283,1,0.1761808984913752,34.1758139817124,29.35151913130042,-69.72589889987094,CENTER,0.49323930727876697,8
284,1,0.1518278314307258,33.24993582514814,29.724949252532628,-71.17932529493957,CENTER,0.49762618877806847,8
285,1,0.15953265626331758,32.93831455046303,29.11820111819153,-72.20884415092902,CENTER,0.4976176790514456,8
286,1,0.19035602101031585,32.620757800088356,25.290121904629824,-72.63486539645272,CENTER,0.48826729707642247,8
287,1,0.19630959098451484,100.49515870758619,15.130555541539755,-39.7496343247922,CENTER,0.5042473514075766,8
288,1,0.20213082347049938,169.4626780792241,4.653189068193313,-4.7482425481390305,CENTER,0.5033565521791372,8
289,1,0.22972984390075724,169.75494457906424,-3.5991527874653997,-3.0534673519946045,CENTER,0.4917800366465596,9
290,1,0.23802457929257237,169.55442521537023,-10.84469638336088,-1.6381411309550866,CENTER,0.4840922766625023,9
291,1,0.251564144738305,169.2841605977871,-15.250315524324273,-0.7625674398783135,CENTER,0.4883405490100784,9
292,1,0.24818335188405338,169.22576553371294,-18.433918639467777,-0.08600745645496907,CENTER,0.4895349329116083,9
293,1,0.2493736505462347,169.51170548308133,-19.7140206981825,0.38018016040971386,CENTER,0.4903354826810259,9
294,1,0.2656788783912848,169.76121571180107,-20.825347564087075,0.8437791673031377,CENTER,0.49339632634820385,9
295,1,0.28574988720944483,169.84028084500645,-21.77734203868646,1.2640465933753573,CENTER,0.4941386261122342,9
296,1,0.29811803810525306,170.03525583082148,-22.314514762201476,1.6292810906419817,CENTER,0.49106060733902634,9
297,1,0.310051663095674,170.11514439449098,-22.255948919862725,1.8429033488699909,CENTER,0.4905714603778333,9
298,1,0.3122373897483764,170.08922751560712,-21.92312788587759,1.8954392115113456,CENTER,0.4925941795291305,9
299,1,0.29425339380714727,170.0853853981138,-21.24449285347787,1.7418432394394234,CENTER,0.4923440140423946,9
300,1,0.28491870718249207,170.1669018291957,-20.607752853784636,1.5295351453799588,CENTER,0.4953249032200836,9
301,1,0.2801934388138478,170.24155301602505,-19.761510464020944,1.2827633101875588,CENTER,0.4976157523031578,9
302,1,0.28230214446559526,170.28938882705262,-19.39507101413856,1.161289881521534,CENTER,0.498435902730863,9
303,1,0.23989463766909308,170.72509343245275,-12.889537625189442,-0.086895265611703,CENTER,0.5022718307065241,9
304,1,0.20234847210273688,171.05851700098523,-6.589413458413011,-1.3436753394169478,CENTER,0.5080630102437421,9
305,1,0.16450314004589417,171.34724271606984,0.893118232020307,-2.8286573026886295,CENTER,0.5126662521227507,9
306,1,0.14468234803902247,171.0812767310686,8.922666543841183,-4.382247230966425,CENTER,0.5204724973982066,9
307,1,0.10367696029695128,169.79661871619973,18.934871177705425,-6.628863371480423,CENTER,0.5255464696427457,9
308,1,0.1174767634005769,100.01239023243825,24.39967005452143,-40.80785555473682,CENTER,0.5318167826736533,9
309,1,0.14262331395868252,30.43463215319619,31.666309148927148,-74.54118190418328,CENTER,0.5210868079913988,9
310,1,0.25514540091076054,-37.9025631786509,37.543018299973305,-107.59111349515774,CENTER,0.49169283295245486,10
311,1,0.369702751805964,-42.272438975599826,44.659549000697744,-111.69084939042719,CENTER,0.46388274207617675,10
312,1,0.37291347630117033,-104.36676102192787,30.32832900072443,-76.08737908934934,CENTER,0.42708178476205994,10
313,1,0.3573691031750843,-99.53246441597271,16.703228423859535,-6.638740975433345,LEFT,0.39511689690478163,10
314,1,0.3598561367941424,-94.81337197071745,0.6760347652332236,62.14415273325515,LEFT,0.3758699725279901,10
315,1,0.37060560961633504,-91.40225874977449,-14.238489072114913,130.64646583057103,LEFT,0.38033550996169974,10
316,1,0.31729098421672103,-155.81635416318187,-14.22681879057408,100.9811031752632,LEFT,0.3821621402374117,10
317,1,0.3142500233367602,-96.4175149400972,4.028628591658731,62.50628461874366,LEFT,0.39776628216215715,10
318,1,0.31261774439165824,-100.65985112460842,21.069722112710377,-6.662140096971422,CENTER,0.4018047648369863,10
319,1,0.3169376508344586,-104.98620810805656,38.87670776082394,-75.51283491062028,CENTER,0.40742812339628626,10
320,1,0.3422765224025115,-104.51633740731407,37.90296740712827,-75.98834201679774,CENTER,0.41010650625994793,10
321,1,0.3209138842012743,-104.3504586298383,37.86623655365453,-75.72006522415273,CENTER,0.4052966965100289,10
322,1,0.3139584864183957,-165.39729231611508,23.330487106607684,-36.13310458898026,LEFT,0.3966203178367341,10
323,1,0.33633623639833854,-165.1175708850298,23.40969434499946,-35.941022856327045,LEFT,0.39027521991999947,10
324,1,0.34271853505717886,-161.23693241474808,6.509566390294642,33.13579656940293,LEFT,0.3870350469097625,10
325,1,0.3628763470418973,-161.94208520241312,8.018702404995965,33.82378479182677,LEFT,0.38106512639105455,10
326,1,0.3708973770217977,-161.6227943275438,8.059291150014257,33.919482262866715,LEFT,0.37897944558812124,10
327,1,0.38927860537420234,-165.1914751832656,23.902777677036543,-35.561884315004136,LEFT,0.3768942419650615,10
328,1,0.3779565111695767,-165.3732917054436,23.97340341213326,-35.71498224259795,LEFT,0.3773170080004357,10
329,1,0.3831438612303335,-164.62796872596405,22.96236920470288,-36.34352492599315,LEFT,0.3723339751543708,10
330,1,0.3981243968786571,-164.077765931057,21.688067098725362,-37.0053953718364,LEFT,0.3653724561901336,10
331,1,0.41884669954738385,-160.08989619913928,4.768102064672638,31.695608917568684,LEFT,0.3598527481305703,10
332,1,0.4237433341352759,-94.96700148524697,3.5754852194628506,61.90369275375623,LEFT,0.36001936956257397,10
333,1,0.4059988867956532,-94.64604087952293,3.4463311600831568,62.12732075261167,LEFT,0.3588761317232573,10
334,1,0.41933745110039666,-33.64403387459633,20.02783559284054,24.097774681154384,LEFT,0.357624350125428,10
335,1,0.43433930146359717,-37.7033249455387,37.418200201042815,-44.45257382494433,LEFT,0.35802623889845336,10
336,1,0.42306260320228145,-41.75492362258169,54.10125852186758,-113.4394932458196,LEFT,0.3602192344523902,10
337,1,0.4075559279750388,-107.12989240252618,55.002900509682526,-144.06625314550644,LEFT,0.35973273921319027,10
338,1,0.4057203541274932,-42.37646336979789,53.390355753595145,-114.2184771834837,LEFT,0.35809857010070284,10
339,1,0.40772080654206755,-42.725241274231614,52.88246613623924,-114.55960876053204,LEFT,0.3529063001726081,10
340,1,0.3949459979589329,-43.2875479623317,52.60360530584353,-115.18008221144748,LEFT,0.3504777351920034,10
341,1,0.39489760677654384,-43.66406106947595,52.423435694421926,-115.63258021311685,LEFT,0.35158633521189453,10
342,1,0.35788097909104455,-43.80282731316829,52.29079506439414,-115.8596814523617,LEFT,0.36258156858497115,10
343,1,0.3327299568232047,-109.11520214646389,53.472152247902116,-146.4186447371488,LEFT,0.3856325956850273,10
344,1,0.22513531912429469,-174.5754134136783,54.17296516994139,-177.01736511627564,CENTER,0.4142825033475634,10
345,1,0.19119425467499546,-108.86876337969957,51.941367844242016,-145.68674866953168,CENTER,0.4426637062690258,10
346,1,0.12531069253634403,-42.329957974491116,48.88221390110063,-113.56854137742411,CENTER,0.47076167737605434,10
347,1,0.12159097913165949,24.88318979971109,44.9480363555612,-80.89923190521995,CENTER,0.48633045732313873,10
348,1,0.17670852672667595,93.21330330552931,40.858085486533604,-47.49430186883826,CENTER,0.496212024507944,10
349,1,0.14935942602060898,162.17785744710187,36.45054333531467,-13.706447015303715,CENTER,0.5055997080909066,10
350,1,0.1503600324139434,165.58568525737874,32.26601106146561,-10.789925972016448,CENTER,0.5120249729282478,10
351,1,0.2021891398922403,168.5953920222375,28.660423080111535,-8.511273341616157,CENTER,0.5191606583911899,10
352,1,0.2420171413174361,170.85656688843025,25.928247839806392,-6.916757156572648,CENTER,0.5309052159898217,11
353,1,0.2671435705684611,171.9808561152719,23.757356088041387,-6.219625353111632,CENTER,0.534819880076785,11
354,1,0.28055436007998125,172.8909415312282,22.765130951941362,-5.966256932337983,CENTER,0.5396592551856718,11
355,1,0.29317788938693856,173.45261971555615,23.906321846727625,-6.339046474981179,CENTER,0.549195139118536,11
356,1,0.30070913076274397,173.4994953936855,25.063457262176435,-6.780340577667618,CENTER,0.549904261587361,11
357,1,0.3063928476875646,173.69475855139422,26.155286512642864,-7.126408142643131,CENTER,0.5488172080322945,11
358,1,0.3072058470067627,173.8429392318933,27.105053799633236,-7.4572355222409525,CENTER,0.5477509957258092,11
359,1,0.3129509349148996,173.72336992914953,27.584598840158247,-7.587251903142102,CENTER,0.5435961765671998,11
360,1,0.3134502418578834,173.68986571418054,27.40396635942839,-7.542526166515387,CENTER,0.5396844473189357,11
361,1,0.3183026365469994,173.64285528975378,27.498910114352594,-7.540552631898921,CENTER,0.5399829174838636,11
362,1,0.32105847527091613,173.53621327792985,27.537891272723073,-7.485063302030289,CENTER,0.5381810694485192,11
363,1,0.3286303929744344,173.38211984828695,27.385456183394616,-7.41098609559364,CENTER,0.5376328649023316,11
364,1,0.33468067192451173,173.15305489290944,27.407308061878915,-7.453073810430044,CENTER,0.5415325899225506,11
365,1,0.3329502868160946,172.99440163907795,27.399216557315754,-7.499699081987055,CENTER,0.5420688915175964,11
366,1,0.33392111453160433,172.87389844414827,27.416106550659123,-7.611247737325317,CENTER,0.5432797097672142,11
367,1,0.32983604151527074,172.7638072017192,27.606881700054306,-7.78133196420886,CENTER,0.545267256541653,11
368,1,0.32429477360281245,172.7323544798202,27.873551468643996,-7.93103763744035,CENTER,0.5483711010374994,11
369,1,0.28919645279455475,172.6711599868723,28.010669319789535,-7.893114972584252,CENTER,0.5525738228781558,11
370,1,0.27437412750232015,172.58072092404848,27.941746769720318,-7.754694388222916,CENTER,0.558174142321197,11
371,1,0.2470127423000394,172.21874180112093,28.403194677106068,-7.592215729135445,CENTER,0.5673463381302224,11
372,1,0.24482286552586563,171.50272393257026,29.525718890591786,-7.5553465796995,CENTER,0.575828044982253,11
373,1,0.18067002795022685,169.48834947837636,31.130225042065916,-8.130882561348589,CENTER,0.5777584437971777,11
374,1,0.23216719519753648,166.929967114337,33.30151334346729,-9.063512622769698,CENTER,0.553688795269329,12
375,1,0.22977625759891365,164.124772806177,36.186703711013074,-10.350685500048318,CENTER,0.5370749091075127,12
376,1,0.3298706273198483,95.83598985755091,40.633977969822865,-42.81576815252854,CENTER,0.5320838734704176,12
377,1,0.3514441062951542,27.88126973278088,44.2566212615802,-75.28695253226377,CENTER,0.5397914246592911,12
378,1,0.35589986828716524,-38.9640489810899,47.22407916899742,-107.31434777570828,CENTER,0.5579331675240258,12
379,1,0.3487936323132495,-105.16053922827783,49.57422446677175,-139.2045543403918,CENTER,0.5937612136827436,12
380,1,0.3182588565374398,-105.11628064852952,50.061127348989714,-139.52422631678886,RIGHT,0.620640608308829,12
381,1,0.3241004223011916,-105.01010729021871,48.98528463973205,-140.015074112687,RIGHT,0.6343427979698464,12
382,1,0.3622767029934355,-104.57738111000826,47.915996392778474,-140.1466675237041,RIGHT,0.6352896424092888,12
383,1,0.37152875160708443,-104.03482256477787,46.95549954926471,-140.1145128967522,RIGHT,0.6353285174359984,12
384,1,0.3726299659002763,-103.3466377429695,46.01109469302906,-139.943314310046,RIGHT,0.6382719138012766,12
385,1,0.3688900145211998,-168.5642574555217,46.13680492473297,-171.06610822163472,RIGHT,0.6389187734667673,12
386,1,0.36791329295657615,-168.03014131250316,45.56904800523505,-170.9067609638759,RIGHT,0.6374941730251917,12
387,1,0.3681110238380404,-167.9093813284968,44.991612942245055,-171.05088000809852,RIGHT,0.6364524810200598,12
388,1,0.3551253862359677,-167.75166749066346,44.42311789669601,-171.33143388046932,RIGHT,0.630743615857716,12
389,1,0.3513213881620716,-167.65639225850427,43.888780755612764,-171.73860956029998,RIGHT,0.6255732953708835,12
390,1,0.34241335682326723,-167.63683293366938,43.48499798918633,-172.17649316394048,RIGHT,0.6220061596186036,12
391,1,0.3344762946881733,-167.66084553606942,43.120039457001226,-172.54477375084952,RIGHT,0.6183332137410276,12
392,1,0.3394355468392716,-167.34244756009025,42.58638072501549,-172.85984205621983,RIGHT,0.6165174334801586,12
393,1,0.3326219082429352,-166.98927858167494,41.97423716003403,-173.04699745158365,RIGHT,0.616138005352135,12
394,1,0.33838182504456304,-166.665989446364,41.49449446820004,-173.11938858927786,RIGHT,0.6186448924087873,12
395,1,0.3392953643831813,-166.33211080337884,40.986035724936414,-173.19537091582865,RIGHT,0.6212551917263612,12
396,1,0.3433492919177315,-166.02670870593934,40.64411035568976,-173.1800076132044,RIGHT,0.6213777070852011,12
397,1,0.3575166121859398,-165.891409488824,40.655519267561154,-172.89002907620113,RIGHT,0.6192935065403484,12
398,1,0.3508177099135641,-165.87365559566578,40.60608144231467,-172.66423514507693,RIGHT,0.6183945981164534,12
399,1,0.3512747446039685,-99.23068460689043,40.157766779720134,-140.1366840039144,RIGHT,0.6163722173831439,12
400,1,0.3488927674306656,-99.28818603119589,40.006629356805824,-139.8894442467782,RIGHT,0.6157392456214614,12
401,1,0.3500390684808641,-32.36853313752011,39.35699575768611,-107.2605648078531,RIGHT,0.613804213312372,12
402,1,0.35237906589942436,34.72914740389923,38.475630404261345,-74.87362875398479,RIGHT,0.6039706377960867,12
403,1,0.2932830903711009,102.09531118874467,37.02492675242219,-42.34082330711479,CENTER,0.5835148043819123,12
404,1,0.28500674396818965,102.93210533973729,35.32724199178643,-42.03501934828373,CENTER,0.5647909083447239,12
405,1,0.2741634085030737,170.76830883249147,32.76634054540462,-9.420772355392511,CENTER,0.5260676313572127,12
406,1,0.2225720156730547,171.73603542505634,29.55267258758851,-8.902105432440717,CENTER,0.5009433800720868,12
407,1,0.2275317516303988,172.59583145591014,26.059585942876318,-8.41129662986164,CENTER,0.49164215032389313,12
408,1,0.2286348973944366,173.41628288124434,22.434790456436655,-8.103261565939507,CENTER,0.48944075762449835,12
409,1,0.22371133007586375,174.0720265100602,19.104572253330495,-7.905022147226004,CENTER,0.4844029564925677,12
410,1,0.23025758297026766,174.10321193835836,13.550532666538164,-7.204254227923156,CENTER,0.5026757488578643,12
411,1,0.2608618342612202,174.0714171106196,6.100837730922482,-6.32695945007106,CENTER,0.501587001391949,12
412,1,0.2729871702460853,173.71379262090986,-1.359106349150797,-5.414911966826439,CENTER,0.4942354867057629,12
413,1,0.24077594614888476,173.0185113906947,-9.030496762484528,-4.235233466086475,CENTER,0.4894852765790647,12
414,1,0.23748932597062064,172.60279713826898,-16.66449349992293,-3.2739056236728836,CENTER,0.48589126463640187,12
415,1,0.2351302290837717,172.25495578313112,-21.887470918998325,-2.811540465015896,CENTER,0.47964231999385065,12
416,1,0.22842869521817533,171.76793098297176,-24.870296163591345,-2.5489802107723247,CENTER,0.4784253182165904,12
417,1,0.22415744572559124,171.23402911518644,-28.06251859181299,-2.0783475179806428,CENTER,0.47828544726797045,12
418,1,0.18755161449779445,104.55708311221717,-32.471524600084116,30.248483894212796,CENTER,0.48028653651920017,12
419,1,0.21766588085923932,103.72935399064757,-35.13073763500189,30.913525907591755,CENTER,0.49479182479079764,13
420,1,0.2294440510346005,103.04283380937818,-37.587580211537464,31.766669346159603,CENTER,0.4979811900638594,13
421,1,0.23865670379871562,102.53893726921612,-39.35725919562187,32.359756375544755,CENTER,0.5081776105416775,13
422,1,0.23494505214645628,101.88507517122864,-40.66335689702923,32.99531686551556,CENTER,0.5106639946524606,13
423,1,0.2370234491841927,98.84414918425794,-26.7548706918708,31.53050276956422,CENTER,0.49282715010388795,13
424,1,0.27042380279377937,97.86835235717777,-19.05787315036162,32.66448030528352,CENTER,0.4546058035754618,13
425,1,0.23544922059719509,34.142488993530165,-14.812362982294804,65.65387671877556,CENTER,0.433480846244246,13
426,1,0.26978878219594205,-28.12518641179915,-10.823799014856489,98.46006250630695,CENTER,0.40318432994133246,13
427,1,0.29285588429191134,-28.609606959661818,-2.6285518399696266,100.1517356143296,LEFT,0.3938010469365973,13
428,1,0.256555745811504,34.330595825208476,6.826053079769319,61.6302275812438,LEFT,0.39301359753443343,13
429,1,0.29294496540833176,15.879287189403229,11.880742950942896,47.14832898580654,LEFT,0.39935601826727674,13
430,1,0.34064856318337167,78.71818924941383,15.661957332042993,16.4986981542276,CENTER,0.40369984892620947,13
431,1,0.365035974811077,135.13306687218977,33.94146759749741,-21.64764594906656,CENTER,0.4194383142113476,13
432,1,0.3704441951887866,135.06406096096302,33.98244776735906,-21.173878175414508,CENTER,0.40513923162914545,13
433,1,0.4160331612087893,129.65845357371586,25.637675912147767,-17.426823561485946,CENTER,0.41924279735482284,13
434,1,0.4418031350061469,129.1135968474885,26.941726919173583,-9.519743772049603,CENTER,0.4575108088528469,13
435,1,0.3753758326892452,123.65486210799445,41.05119341130006,-20.544816536762674,CENTER,0.45018965070596656,13
436,1,0.41512816141659237,123.92594343555422,32.210512406564376,-18.436017290472837,CENTER,0.4632423734199551,13
437,1,0.42495036154637933,118.38779436056173,46.453562628257416,-27.873190066041936,CENTER,0.4904094020674081,13
438,1,0.4066529757183097,128.96858185662336,40.698113472813326,-21.912518333235532,CENTER,0.49217390583897513,13
439,1,0.4171168037636548,148.06978541294842,34.38771776821356,-14.538318761443076,CENTER,0.46393484302536186,13
440,1,0.451754748650102,153.4368479614405,20.376713871669914,-2.466892254492773,CENTER,0.488500362995262,13
441,1,0.4542388916289044,158.12452003233233,14.97283490123364,3.2411738280840168,CENTER,0.4779718551983156,13
442,1,0.46892590325336403,163.67262910732762,0.7339287434867325,12.789076944680746,CENTER,0.4764742481866816,13
443,1,0.4447149418113455,163.65750604177566,0.7245945806364957,12.85387775532568,CENTER,0.47944908259806046,13
444,1,0.4439768210616468,163.53335321527547,0.7666247991730819,12.8500550256263,CENTER,0.49042347318941915,13
445,1,0.42325612893395836,147.5943478667445,6.949102863298438,0.010496765465247294,CENTER,0.4784316934034874,13
446,1,0.4246510357470819,143.77430026975253,11.60292847641389,-4.584929418766543,CENTER,0.4952950928876511,13
447,1,0.42555602266157905,143.47804022927554,11.524807951118207,-6.1136027912343165,CENTER,0.49003264537142377,13
448,1,0.44955676033837716,143.56923112010546,11.533085507551949,-4.9008057485268655,CENTER,0.48030026158053685,13
449,1,0.44823700414800577,143.73055934035816,1.803035344866458,-5.004204341505925,CENTER,0.4817671138889515,13
450,1,0.4407250653556506,159.82750991748202,-4.444324896317996,5.006956780853403,CENTER,0.49426143413724366,13
451,1,0.4380066810527566,148.12744968002724,-2.8210208075762293,-2.063665963738406,CENTER,0.49423904223390364,13
452,1,0.4055400399901099,85.23849116138356,-15.644299817096826,27.2711380068957,CENTER,0.5125976343667571,13
453,1,0.35942255636487785,85.24409912391941,-15.642680610686586,27.34744317284113,CENTER,0.5522957657303982,13
454,1,0.3305593774699103,85.13767165107278,-5.941128014106601,28.569324860164595,CENTER,0.5866681825807223,13
455,1,0.32537316100854546,84.85684770062984,-6.042248941789407,29.459738992340146,RIGHT,0.613329497470087,13
456,1,0.3132321694658774,95.58619106616726,-7.248491602874319,37.12777869026777,RIGHT,0.6219557905347883,13
457,1,0.33397169918140485,144.65671205192353,5.743741828514235,5.2453109227551895,RIGHT,0.6203436485566745,13
458,1,0.35711091828054053,144.89059455340097,-3.605872404562567,4.777077594798677,CENTER,0.5989579438208548,13
459,1,0.35351457918073115,144.9009882486485,-3.6207295458694224,2.9928240143381606,CENTER,0.5571075385860845,13
460,1,0.4113497935524176,144.8256866223813,-3.5800246119345225,2.1469910034290627,CENTER,0.5184895015199078,13
461,1,0.4443887660681564,149.5733829483355,-8.675721031722723,4.864758979684984,CENTER,0.48387542476013934,13
462,1,0.42301157215805874,165.5741487492947,-18.286516688991075,7.818634817969189,CENTER,0.4687702948256004,13
463,1,0.40007828898753117,164.78481129441568,-4.210394342395051,3.2426867514190834,CENTER,0.44193488773504475,13
464,1,0.37091283548655735,164.5617180570074,-4.245043921903437,2.4805220719457477,CENTER,0.4419463133665948,13
465,1,0.3761371106504663,151.6683441130429,2.417721449423521,-5.86864947638872,CENTER,0.43497112157168394,13
466,1,0.3304358386920261,140.9231444314632,9.409247740501284,-12.160495347262982,CENTER,0.4568016159938974,13
467,1,0.2866060954378088,133.55548852702435,33.04421460177637,-21.715011205245766,CENTER,0.4810131081469766,13
468,1,0.318790912671126,128.8659296955466,42.57621251474716,-26.207458717731686,CENTER,0.48248740468591755,13
469,1,0.2942665898105384,123.65712474130927,56.81283136184112,-33.62914638592053,CENTER,0.47595403988088136,13
470,1,0.28720449931137726,122.71324443470226,56.277797395172044,-33.22880392405816,CENTER,0.48564306502176163,13
471,1,0.25751766656440844,133.49832317585359,49.305748284611745,-24.925133223012704,CENTER,0.4730771584741804,13
472,1,0.24616845382435493,133.7332967088907,49.37997517346706,-24.086176824036226,CENTER,0.44749626921891483,13
473,1,0.2445181509937547,138.99538839201628,35.10883695518829,-16.06910858890503,CENTER,0.463786303789985,13
474,1,0.26546653885815763,110.94366577207934,34.17548127093032,-16.946488925539953,CENTER,0.47351461610474566,13
475,1,0.24838246232063693,91.20502577018192,15.17450485439088,1.8977790673101602,CENTER,0.4860733035642884,13
476,1,0.2532019182150228,85.86340871004487,29.29665995672307,-9.448009731888689,CENTER,0.4924377740778517,13
477,1,0.284219666470243,60.75199087830845,4.09592522639411,3.8229816314892324,CENTER,0.49262785864832825,13
478,1,0.233220313068427,60.747067043218145,4.0950684710088465,3.984207433273549,CENTER,0.48770824589870154,13
479,1,0.20895679373806417,94.18942503346406,-9.185451107009921,13.17598142492688,CENTER,0.5094174651539607,13
480,1,0.19996145847935426,128.06596899990913,3.699370463746255,3.1743448223061557,CENTER,0.5223368669260614,13
481,1,0.2251649259108484,127.93755358299168,4.027149314738256,5.651826338598733,CENTER,0.5512156511265958,14
482,1,0.2521625968927471,153.01610274156852,29.301854327021875,-7.028734877178669,CENTER,0.5720418043758899,14
483,1,0.3329380821629085,147.25007676924113,43.04788362425791,-21.37486281519086,RIGHT,0.61606551115118,14
484,1,0.3485161948877434,141.83971985791186,57.29630408954082,-29.959542481524856,RIGHT,0.6437377304533113,14
485,1,0.36343018240991587,136.6139962926162,72.13275889013023,-32.19664044102511,RIGHT,0.6767135574795071,14
486,1,0.48280130046117986,136.55841111632714,71.98314437805286,-33.01136579385714,RIGHT,0.7189645430324154,14
487,1,0.5412714656119941,141.84881895114253,57.72576730619475,-23.391946251897355,RIGHT,0.7694214043743148,14
488,1,0.5292349641068645,147.67045324615117,44.01025696839061,-7.733127982255657,RIGHT,0.7954319369386941,14
489,1,0.5075665660718431,153.07012714523006,29.781751874632892,4.148815092424519,RIGHT,0.8095411541473526,14
490,1,0.4632523898835442,158.36955236236025,15.039573800454434,9.013791021403957,RIGHT,0.8136365776741525,14
491,1,0.5154690821278943,163.93610979237968,0.7717783090507642,19.51466677430469,RIGHT,0.811654291906897,14
492,1,0.4972685569223071,163.95560543668313,0.7956623411332352,21.273960649890004,RIGHT,0.802873795534623,14
493,1,0.5112186326891888,163.97196068675447,0.8125786632293421,23.04550190656559,RIGHT,0.8075537131530865,14
494,1,0.5208089346070925,164.08590541049236,0.8530411733263481,22.552014371612866,RIGHT,0.8197852172873088,14
495,1,0.5169736747576724,164.05252982308554,0.7818232434454844,20.660596607035586,RIGHT,0.8351057264692976,14
496,1,0.36976313623556367,158.61236843579596,15.075149472761018,9.722630101004109,RIGHT,0.8242732706670004,14
497,0,nan,nan,nan,nan,UNKNOWN,nan,14
498,1,0.5117972643734163,153.229104397844,29.384832039788353,-0.7939562222735923,RIGHT,0.8238200220016416,14
499,1,0.4225040218821508,147.60880515827785,43.61294096809486,-12.350138031788067,RIGHT,0.7994141308806267,14
500,1,0.44534198006628034,84.00929553739863,30.49638732424841,15.322508139306004,RIGHT,0.7796273538578721,14
501,1,0.5191933803903422,78.38982545507629,44.80622568428212,6.677704629938447,RIGHT,0.7706406694953575,14
502,1,0.4428473489617545,78.19452378569957,44.80206862875012,6.790830209498415,RIGHT,0.7489545858647626,14
503,1,0.3968541059634958,78.18114897664286,44.81206150709613,6.654787107209195,RIGHT,0.7230652034971822,14
504,1,0.38082471802234613,78.30736603158397,44.88782507707657,7.452442365879625,RIGHT,0.71510423224591,14
505,1,0.3639554639112297,135.73066096304868,72.0700556581613,-30.907430421666298,RIGHT,0.7094989955077537,14
506,1,0.35629300128451785,135.98355729494847,71.97576482227991,-31.628891777085972,RIGHT,0.6794144317791245,14
507,1,0.2751469595139604,143.07861009459126,54.84392724900978,-3.927802073651865,RIGHT,0.6631937069806075,14
508,1,0.26110065378682346,149.33809183072282,33.32626655734545,4.4068105776588045,RIGHT,0.6334706350907217,14
509,1,0.23127962791482304,155.32742803444646,11.80973829850381,13.527424089073804,RIGHT,0.6281235236046242,14
510,1,0.23417108423961308,161.95225912707252,-9.103017697200801,23.135523104551186,RIGHT,0.6083928771743542,14
511,1,0.24154869204708446,167.80434141012623,-29.90259012073928,33.31097412562106,RIGHT,0.6066715361897749,14
512,1,0.22056963312168232,166.93146074914375,-33.38952480507645,15.233754759212747,CENTER,0.5894751673290051,14
513,1,0.21813118438746218,100.1386957806898,-36.709378247949935,47.91367755665321,CENTER,0.5852947278559002,14
514,1,0.2177173870158549,33.70604951779455,-39.866081384180056,79.99668522294333,CENTER,0.5577970780797552,14
515,1,0.2073515070618921,34.15815824866975,-39.3316072220402,79.59291513716423,CENTER,0.5273687977342544,14
516,1,0.20408136601901056,34.82653039157974,-38.77435254780105,78.985249378808,CENTER,0.4948647366818607,14
517,1,0.20151026038680064,35.360914218480886,-38.4556376090591,78.4670020804173,CENTER,0.49070651078034,14
518,1,0.2073926645229497,102.26656030887605,-34.13874100481898,45.76434743594003,CENTER,0.4957993360095191,14
519,1,0.20745455344740382,169.20114833079376,-29.98628596985656,13.209261514022392,CENTER,0.4867737027487119,14
520,1,0.2179939301450032,169.09934237171512,-29.975629484452384,12.96977279465077,CENTER,0.4850511113028652,15
521,1,0.22098983315191173,168.8647384167203,-30.29191841537057,12.810182939231941,CENTER,0.48438482770288244,15
522,1,0.241672930195186,168.54863998654704,-30.372506429060593,12.560176628825882,CENTER,0.4762580137766693,15
523,1,0.2443544494790441,168.57053894585198,-30.326444531486533,12.271548644036537,CENTER,0.4666361600095863,15
524,1,0.25040936770129635,168.54127207895183,-30.17690726699742,11.94125831839985,CENTER,0.4657463046587407,15
525,1,0.256414974789959,168.77578073592127,-29.9248685653187,11.696119559535287,CENTER,0.465440937984558,15
526,1,0.2643571409609903,168.78498841804588,-29.70220254236893,11.37770113796731,CENTER,0.4724367227092577,15
527,1,0.26431722450727024,169.05652257032094,-29.703272890416212,11.218846909456174,CENTER,0.47950357824906814,15
528,1,0.2791734916890777,169.0394985467691,-29.440937764038914,10.953073531348952,CENTER,0.4859590032852429,15
529,1,0.26180124128624493,169.17667929971657,-29.45456284454516,10.651580199726752,CENTER,0.5079458581284408,15
530,1,0.23695622496505092,169.40990153252943,-29.240206004716235,10.16720557478003,CENTER,0.5259379211802434,15
531,1,0.22523020860882684,169.8237031042427,-28.818740813318207,9.747715584423,CENTER,0.537873842237717,15
532,1,0.21596899459874436,170.08644886690223,-28.53094032068434,9.349123717638333,CENTER,0.5577652039596115,15
533,1,0.2257724367895143,170.42375301646615,-28.693475976132465,9.150046222772595,CENTER,0.5687528970152842,15
534,1,0.24786425035949827,170.53151207425287,-28.50353226848126,9.013038476076712,CENTER,0.5665321191079874,15
535,1,0.23551951614367306,170.4854447882171,-28.356307803209347,9.002163586002442,CENTER,0.5633992495858253,15
536,1,0.2286610023589281,170.39918829960143,-28.142372803531707,9.0010732393737,CENTER,0.5514557842261898,15
537,1,0.22591929559097634,170.25147341713054,-27.630651205088974,8.877029184336823,CENTER,0.5359188479354919,15
538,1,0.21528003921813943,170.13484690958134,-26.811884768065386,8.645441466347155,CENTER,0.5262055449694752,15
539,1,0.2084120738454729,170.02996771724855,-26.243559074103967,8.427041309966546,CENTER,0.5146641375801713,15
540,1,0.17673151286909522,169.8880480901555,-25.781111563665313,8.298267560410341,CENTER,0.5065634583901213,15
541,1,0.13381025551529105,169.69804068403005,-25.448723657661027,8.2963670260735,CENTER,0.5055588996506468,15
542,1,0.12904588303746914,169.52062553145387,-25.134753798950644,8.3441701181413,CENTER,0.5065717265456375,15
543,1,0.11760862107922355,169.374462353443,-24.759541133268492,8.37292375630891,CENTER,0.5082954080031502,15
544,1,0.11898646752442518,169.23524971965182,-24.19153125485133,8.35858576970228,CENTER,0.5098878010295318,15
545,1,0.1224175746389824,169.10579453469367,-23.751339131974824,8.315902677010277,CENTER,0.5104128438026412,15
546,1,0.11787394235812843,169.07859096976668,-23.372806682538872,8.248157817497361,CENTER,0.5104718002015158,15
547,1,0.15706434229062044,168.95960660258055,-23.195398185823173,8.198255926824991,CENTER,0.5094814183680344,15
548,1,0.1754266350230355,168.94412986243464,-23.203677111091803,8.101809253208854,CENTER,0.5078731756711988,15
549,1,0.19629623465321638,168.97970435647565,-23.455499801834133,8.05060841255226,CENTER,0.5068337090615037,15
550,1,0.20467620232838374,168.93160464431307,-23.689605846397463,7.967120443499018,CENTER,0.505329903583702,15
551,1,0.19986658105212005,168.80314999842113,-23.838534771534636,7.826482416314983,CENTER,0.5041400155058973,15
552,1,0.21937082480691683,168.7997059217111,-24.053206784160555,7.702371613453775,CENTER,0.5037586452888343,16
553,1,0.24870673225914278,168.58352010325547,-24.211593620110463,7.680650375349747,CENTER,0.5014943783522746,16
554,1,0.22615844494781323,168.2808576172247,-24.068765021487305,7.665214461796498,CENTER,0.5012205438352841,16
555,1,0.20041740578089973,168.06301275476443,-23.388453451572076,7.587802009224996,CENTER,0.5007038839428315,16
556,1,0.1913296124933634,167.8144203022858,-22.495925639828375,7.437567059653683,CENTER,0.49919718063985136,16
557,1,0.18732662211334994,167.56355217166916,-21.446404475789812,7.267069260598407,CENTER,0.49958381584083444,16
558,1,0.16750859879222732,167.24542080903228,-20.230274826392645,7.089590094124897,CENTER,0.5004918384326829,16
559,1,0.18705805296613875,167.0457308633134,-18.753419519496852,6.659153559189503,CENTER,0.5011067818373025,16
560,1,0.17302828862943553,167.0916556417813,-17.658690205890615,6.323466937716559,CENTER,0.4996537366568322,16
561,1,0.18309994772311522,167.30906751229563,-17.12404671812803,6.071304076003154,CENTER,0.4979279338443316,16
562,1,0.22687040955917465,167.73068547738816,-16.758532412424483,5.753405847290772,CENTER,0.5009293398411584,17
563,1,0.19821806826364188,168.4286585906063,-15.46564913579862,5.255049789590931,CENTER,0.5001020071099516,17
564,1,0.20654972648916264,168.69248829900246,-14.912826686939828,5.292879709936094,CENTER,0.5007596291160112,17
565,1,0.2014919755904023,168.78212729512111,-14.28759417466495,5.315147335150708,CENTER,0.5043681964511075,17
566,1,0.23032307164904597,168.93543936579377,-13.573383162544934,5.6062231268142515,CENTER,0.5054204667984176,18
567,1,0.23934219081082625,168.8834688089527,-12.497329838737468,6.020527297609961,CENTER,0.49875069964933605,18
568,1,0.21614765395875266,168.49335486365027,-12.558715600812736,6.580631333792978,CENTER,0.5015843426613655,18
569,1,0.22106922095630552,168.90849006313528,-12.546746782961987,7.073744181400855,CENTER,0.500060755870282,18
570,1,0.15068632537389892,168.98738303541248,-11.777825483270266,7.406021293254606,CENTER,0.5021809589484411,18
571,1,0.18303189520119661,169.0406131082908,-10.928215705265126,7.566030381446888,CENTER,0.5065175164006509,18
572,1,0.20801980780086238,168.92811140281506,-10.427631470262552,7.851654972106472,CENTER,0.5107239616207567,18
573,1,0.20959188560796654,169.12913083724206,-9.97202109474895,8.249954583671078,CENTER,0.5114550287571028,18
574,1,0.2649564202694379,169.55590208713107,-10.431987414696511,8.23416517867113,CENTER,0.5083145743972084,19
575,1,0.21031988758066317,170.13302483105366,-11.654361875825137,8.541621013670644,CENTER,0.5048752331820856,19
576,1,0.1903248455900311,170.4757341714762,-12.393154710146236,8.571069569179603,CENTER,0.5050595223998082,19
577,1,0.21496047052214434,171.58519379555304,-14.048374825068958,8.579842580226131,CENTER,0.5119958205589071,20
578,1,0.2620366973933789,172.6021710723249,-16.16301371125632,8.59323599443123,CENTER,0.5118363131394925,20
579,1,0.24934911999577103,173.43051526012786,-17.14696054998189,8.401840513443002,CENTER,0.5167306608943054,20
580,1,0.19782808183031395,174.30232437228148,-17.516557678138913,8.10605021751282,CENTER,0.5172681606164264,20
581,1,0.23717992791662545,175.04383678466056,-16.846526829173733,8.114490684426599,CENTER,0.5156534423334034,21
582,1,0.21593083897563614,175.57000034788925,-16.011119803036234,7.624020910418214,CENTER,0.5088430062522086,21
583,1,0.22643259498995622,176.20852391233535,-14.423941079198986,7.136532560130024,CENTER,0.5078574447773591,21
584,1,0.24013043575662762,176.805324368585,-12.965249939562309,6.842807884419419,CENTER,0.5044437753578767,21
585,1,0.2056124197640843,177.26213845088532,-12.440989581892392,6.559005301229774,CENTER,0.5028436532010901,21
586,1,0.2267828078885712,106.56006618359868,-14.102527791353896,5.830906931467839,CENTER,0.502196100445907,22
587,1,0.19849966687397236,35.33401062012794,-13.988522556781778,5.4346758226171366,CENTER,0.5034732762345071,22
588,1,0.23101953312686038,-35.5088052855001,-14.44984941508992,4.696336808923581,CENTER,0.5029861544629339,23
589,1,0.2397921404901635,-106.49535875005124,-14.900507522286148,4.287399022721797,CENTER,0.5059573502828428,23
590,1,0.22604724874367332,-177.2804303279921,-15.106501701884145,3.659670915363465,CENTER,0.507159993064692,23
591,1,0.23408080664448339,-176.68800948744118,-14.2273197037367,3.572566262347597,CENTER,0.508365653206406,23
592,1,0.23942514348801025,-175.61178649968397,-14.775996046326913,3.5362137585671625,CENTER,0.5084044940929731,23
593,1,0.23959843531591313,-175.0122707831825,-14.867121175617083,3.6547071883571425,CENTER,0.5097140152445752,23
594,1,0.27611668849244764,-174.70266835083493,-14.415817919964406,3.8523800494144673,CENTER,0.5130408203644292,23
595,1,0.2627315971038463,-174.48261860733626,-14.22416408001456,4.014085781780167,CENTER,0.5246586326524199,23
596,1,0.20854943448078958,-174.15853158526042,-14.231453583465543,3.6916911717073804,CENTER,0.5367954639741548,23
597,1,0.1497334068250074,-174.50347738022742,-10.9778041844451,3.05399813188078,CENTER,0.5384916490983567,23
598,1,0.19575668865421902,-175.07799608734337,-9.31620490938179,2.477993921897909,CENTER,0.5299175281569483,23
599,1,0.20857071947274097,-175.8559029166019,-8.722466753934508,1.6815322374510253,CENTER,0.5224881879458606,23
600,1,0.32913628755762503,-176.80944028860068,-8.152860212842999,0.9352297710301143,CENTER,0.507059469376212,24
601,1,0.33170840465375817,-106.05570779631178,-8.224934074333369,0.6235898165879449,CENTER,0.48798870704142044,24
602,1,0.3049456323940643,-35.04162351085496,-11.021775416760697,0.7952208565500538,CENTER,0.4790252764346426,24
603,1,0.29401840012028063,35.957787393346294,-12.273791846327345,1.0773557404417764,CENTER,0.4826211373670418,24
604,1,0.27714810701062254,107.23945744597691,-12.82414559992851,1.4287056626146815,CENTER,0.48288834290122756,24
605,1,0.18769152380140824,179.09181874613276,-11.527957475928236,1.8811457876860604,CENTER,0.4823431085522255,24
606,1,0.1758762634763248,179.0878080216329,-10.002686773734954,2.2960672228048664,CENTER,0.48182465364520544,24
607,1,0.1776130184107682,179.16017518952103,-9.451335308902618,2.565462633812131,CENTER,0.4869273021004939,24
608,1,0.1897287032192806,107.53504168848806,-9.746859005864033,2.9204598469648384,CENTER,0.49103718619550135,24
609,1,0.16778945775147364,35.8408932432883,-10.027429812285305,3.3542497348120164,CENTER,0.4913447783094719,24
610,1,0.1978104282366689,35.7333753058487,-11.833162546923479,4.213867469598423,CENTER,0.49137317417032556,24
611,1,0.21075526732034638,35.6662246999246,-13.493765479466655,5.093956751634799,CENTER,0.4904853808352138,25
612,1,0.21340088828915155,35.64304241476126,-14.093682059039917,5.963136193638242,CENTER,0.4790358911183997,25
613,1,0.23847026752200384,107.59071819277888,-13.86077069488548,6.784217009865875,CENTER,0.46660355970758116,25
614,1,0.24805765122204654,107.70393472597019,-14.096482245870055,7.421861809478214,CENTER,0.4572520166590608,25
615,1,0.2683959938750188,36.22991477678328,-14.345594119053837,7.732931489587206,CENTER,0.4471363895412315,25
616,1,0.2706397490726296,-35.33381619231987,-14.280214657046594,8.023651049539586,CENTER,0.4397038720038899,25
617,1,0.26320278463207847,-107.0959330372461,-14.38648430737002,8.498828652507644,CENTER,0.43815703858582167,25
618,1,0.23068548744220113,-179.01731943121484,-14.195752506059009,8.843872453785929,CENTER,0.44193003422346716,25
619,1,0.14675794770724798,-178.77001573340834,-13.34468182350723,9.300231976656297,CENTER,0.44405218068934477,25
620,1,0.1415174651631137,-178.75570723623628,-12.395514975974,9.702014230784844,CENTER,0.4469309718685068,25
621,1,0.131292208826088,-178.6657843580693,-11.375139593086182,9.70290122415496,CENTER,0.4533668838200483,25
622,1,0.16276000671702406,-178.57254345448683,-10.433875430767177,9.222920382434502,CENTER,0.46584762148727527,25
623,1,0.13443914688779202,-178.19485249718383,-9.904146919314446,8.5751190873569,CENTER,0.47996316672583655,25
624,1,0.16153762227812135,-178.2796253577681,-9.405342347252965,7.658673502398441,CENTER,0.49547636331420036,25
625,1,0.17452524219217536,-178.29065095344967,-9.158351644677083,6.603419118125222,CENTER,0.5087496911514975,25
626,1,0.18001447289174283,-178.16664594278024,-9.626068592608323,5.645279418228555,CENTER,0.5241048179321439,25
627,1,0.17383696974674692,-177.9088249222229,-9.496102701703222,4.761697311747298,CENTER,0.5271021838353316,25
628,1,0.16211277999208354,-178.00760598548518,-8.922156844545333,3.861126142271354,CENTER,0.5257019000608837,25
629,1,0.200819405928701,-107.05649716246705,-6.374151569441592,2.096496717720487,CENTER,0.5186450700488148,25
630,1,0.17866147002829008,-36.08159349558918,-5.403948845484786,-0.2314585923373734,CENTER,0.5192347816801559,25
631,1,0.2143808328455049,35.18213795714124,-5.373566355900704,-2.582689089388809,CENTER,0.519915216663508,26
632,1,0.1966371871370923,106.10370888496315,-6.131243249243221,-4.784030191616693,CENTER,0.5272292039853518,26
633,1,0.21646728214304908,177.06505108079978,-7.471420531741967,-6.8006895512711925,CENTER,0.5307678936275741,27
634,1,0.2217686657096758,176.81401322688376,-11.3942348812331,-7.648958983809905,CENTER,0.5360249370472522,27
635,1,0.20098943984822942,176.36605724731467,-14.022177463012289,-7.903112803579307,CENTER,0.5359798798580848,27
636,1,0.1913320381619406,175.35314244203062,-15.251270473686095,-7.941423901684748,CENTER,0.5297162182299672,27
637,1,0.19298726065410046,174.6075019817017,-16.47456396558947,-7.7492805792382145,CENTER,0.5220843242230895,27
638,1,0.17649266087138768,173.8903454303754,-17.34670879668991,-7.449734012406014,CENTER,0.517525378386028,27
639,1,0.2347641917863531,173.360149187255,-16.90551325510378,-7.232291550766094,CENTER,0.5245551188348665,28
640,1,0.19686644357965535,173.00394976290943,-16.31742323956288,-6.891246288382709,CENTER,0.5256417009399919,28
641,1,0.16095698078248274,173.00654433239612,-15.206082825534065,-6.66355832888191,CENTER,0.526885693995806,28
642,1,0.18687419852947457,172.96413706565082,-13.997498006184122,-6.437677062001379,CENTER,0.5298921747842364,28
643,1,0.21904399475860653,173.39403297188653,-10.906445833574704,-6.571360824075924,CENTER,0.5264679966992162,29
644,1,0.2194488048772092,173.92021134421785,-8.564530466912746,-6.565177594135489,CENTER,0.5202446357706039,29
645,1,0.22418816135708935,174.24508440466164,-6.166217741246597,-6.356924124173892,CENTER,0.5236158930181973,29
646,1,0.23764893473933754,174.52245310349593,-3.2462248927943405,-6.03010572437223,CENTER,0.5290344976186526,29
647,1,0.26004039480403873,175.00390187332104,1.6986988371567335,-5.918569884867044,CENTER,0.5362348713760305,29
648,1,0.2700526499951258,174.8621327206732,6.375390631057475,-5.471244288746016,CENTER,0.5579300228944012,29
649,1,0.2514666374549226,174.28999832350323,12.069421483525632,-5.052544742776984,CENTER,0.5705211187859609,29
650,1,0.23914596083451428,173.81745006756464,18.491509704811513,-4.643112771091131,CENTER,0.5837040377658309,29
651,1,0.20089757762678637,172.94557526861936,24.262227848686745,-4.212675732881918,CENTER,0.5953311986446156,29
652,1,0.1875494434089897,171.79310423734574,28.107988382854415,-3.71659169971416,RIGHT,0.6031963816070485,29
653,1,0.1955385325970979,171.05772757060046,30.328798613897995,-3.1967697694239128,RIGHT,0.601478473561819,29
654,1,0.20014647377247854,171.0446314440142,31.418299844582396,-2.7037639959352044,RIGHT,0.6038151984067308,29
655,1,0.22791811920844024,171.1753402969452,31.825657514348713,-2.346120819015114,RIGHT,0.6029248515726637,30
656,1,0.22776871265618798,171.50832358105677,31.729100014299398,-2.060723044997558,RIGHT,0.6016789804519348,30
657,1,0.24796126532408183,172.10550366185686,31.644768801114946,-1.7697302205456737,RIGHT,0.6007965322644464,30
658,1,0.25555475375873565,172.61199575978756,31.51761232156688,-1.57257297371956,CENTER,0.5991757591890526,30
659,1,0.25727348634858976,172.86334364622206,31.11441561632497,-1.4474965995693778,CENTER,0.5963808095957324,30
660,1,0.26599616858609215,173.0828321134733,30.552882453903102,-1.3411469337755932,CENTER,0.5930786929726299,30
661,1,0.2668348552197926,173.39853693442026,30.017412127213408,-1.2033397521497942,CENTER,0.5903933995430247,30
662,1,0.2717873277301245,173.7695609403928,29.449439370942894,-1.1011063424061833,CENTER,0.5890379067419893,30
663,1,0.27385652184020653,174.37150339108865,28.325487889891644,-0.9718531183385479,CENTER,0.5865490554158171,30
664,1,0.26869104578687597,175.34410233896256,26.00145209641435,-0.7363507933650247,CENTER,0.5823219996779281,30
665,1,0.2089232405964409,176.2876341075189,22.0208188740586,-0.6376896537204856,CENTER,0.5766365459881586,30
666,1,0.23215680017447132,177.06032924594302,17.46366682146573,-0.5500470038037715,CENTER,0.5696392080070842,31
667,1,0.23317679438196204,177.5267582988457,10.429141851609554,-0.28874222951751877,CENTER,0.5563293825299042,31
668,1,0.2431698004282098,177.86154502219355,2.447161453409435,-0.12867218454907864,CENTER,0.5412257433433834,31
669,1,0.223480720710332,178.03156496282077,-4.834545089737344,-0.15200434219839573,CENTER,0.528261759465645,31
670,1,0.20885724962205385,106.41236327133154,-10.367588196078788,-0.1422323391618147,CENTER,0.5179855043644331,31
671,1,0.2787944339914865,35.09107772706183,-15.573483127435395,-0.012774222362364713,CENTER,0.5049215487605239,32
672,1,0.2654005733635114,-35.45886758946985,-18.221127480068695,-0.18080913650110833,CENTER,0.4950817155058716,32
673,1,0.2788159133928679,-105.81080659070301,-19.777630986848294,-0.24895627144897076,CENTER,0.49296860060147357,32
674,1,0.3119849584889599,-176.02368362796673,-21.19919699735448,-0.21402871110135693,CENTER,0.49298715535421717,32
675,1,0.30470602086314436,-174.43314852910694,-22.949267774993228,-0.015989573804280913,CENTER,0.49223686605689093,32
676,1,0.3457577830365369,-173.34206469935575,-24.167284105101427,0.1436791677747822,CENTER,0.4887625242465671,32
677,1,0.31276528559964417,-172.73623695850225,-25.15553515873081,0.39135255351511133,CENTER,0.4842520233237371,32
678,1,0.3404217595290733,-172.35831055037596,-25.88419354545465,0.7005411229483105,CENTER,0.4717618443757014,32
679,1,0.33016481212856397,-172.33379604137656,-25.982838654945972,0.7338373902128985,CENTER,0.45902271526893446,32
680,1,0.36328697476392785,-172.4353504400133,-25.854305938147615,0.5657727942384746,CENTER,0.44655620510291855,32
681,1,0.36634104311276217,-172.3352207411049,-25.832073005104753,0.3186549772064776,CENTER,0.44392016637510645,32
682,1,0.36724168931844126,-172.40788210097494,-26.014914181334756,0.1290272449071989,CENTER,0.4469725915529197,32
683,1,0.36216970075272165,-172.64780495281153,-26.257937674563447,-0.18203843934231081,CENTER,0.45296807194466043,32
684,1,0.36148713210353756,-173.1100156983685,-26.769632259277635,-0.2473850421439215,CENTER,0.46013945156746816,32
685,1,0.32299619010259417,-173.50805648795574,-26.797497221336823,-0.854619868581682,CENTER,0.4741840406985266,32
686,1,0.2698753605747011,-173.79545098076818,-26.47611972042454,-2.027117587121679,CENTER,0.49271524358441876,32
687,1,0.23789465748504335,-173.9316412030451,-26.236082244564113,-3.578876837833228,CENTER,0.5093416154053244,32
688,1,0.23198867341572119,-174.34192992313018,-25.233398183484173,-5.201635262874264,CENTER,0.5189735187582076,32
689,1,0.2301865828786413,-174.57406834138993,-24.265595383405127,-7.077967545797923,CENTER,0.5236740625155276,32
690,1,0.27970986384745467,-175.07859213274946,-23.912541463535696,-8.612044325234397,CENTER,0.5176763261085696,32
691,1,0.27481330966037454,-175.60233416220143,-23.88453864033523,-9.923524787530473,CENTER,0.5047503457337101,32
692,1,0.2688036563221942,-176.3014220311979,-23.865697850994103,-11.159541535478134,CENTER,0.49345324540952024,32
693,1,0.26548294123545557,-176.98890054131658,-24.416105086717465,-12.5575659562609,CENTER,0.4933411261523727,32
694,1,0.2526402492731523,-105.97435560358706,-25.149414691366594,-14.774754251972956,CENTER,0.49134579838489534,32
695,1,0.2765506837915005,-34.97753755869707,-24.925237594686337,-17.03492181951422,CENTER,0.49110842535815874,32
696,1,0.27169318109823637,35.94882109105894,-25.075958590315434,-19.012371992908914,CENTER,0.4912499519284104,32
697,1,0.28153115887306823,107.0518981596357,-24.495952405482846,-20.90028605509757,CENTER,0.4921703064524009,32
698,1,0.2829972071486555,178.37237129631924,-23.832675975753066,-22.676725142530664,CENTER,0.48576768683444255,32
699,1,0.2780208655981168,178.20464542036734,-22.087805084214217,-23.495864706989174,CENTER,0.4859123664538812,32
700,1,0.2622110624026591,178.46781669164778,-20.82701093608867,-23.869236854170275,CENTER,0.4881033443721995,32
701,1,0.2456034204836824,178.73529923066718,-18.840996175178073,-24.256247565687936,CENTER,0.48914379573682815,32
702,1,0.27155855022444175,178.71609428224266,-17.790108329336128,-24.27600615478642,CENTER,0.48447487291679464,32
703,1,0.2745113745637145,178.7497179876591,-16.993847665418123,-23.904802868068042,CENTER,0.4844727537335631,32
704,1,0.2635345092436743,178.6482072122512,-16.745601802809198,-23.14987676791474,CENTER,0.4824057974798319,32
705,1,0.23348225443248888,178.22018794471558,-16.70026480345483,-22.177526453670133,CENTER,0.48064411637881116,32
706,1,0.22248256020857224,177.7860761811624,-17.04288655811093,-20.77062965359179,CENTER,0.48059003528906674,32
707,1,0.2291667926038914,177.73741821197748,-17.358737389840247,-19.081273633191167,CENTER,0.4846599942564918,32
708,1,0.1970599203669569,177.72928805974462,-17.073357368985246,-17.070096048610203,CENTER,0.49179807544005455,32
709,1,0.19436505888492447,177.76786136297227,-16.558846323062077,-14.829715925952751,CENTER,0.49558285131900803,32
710,1,0.19406867389208252,177.83401735349076,-15.45471635758823,-12.253894798959996,CENTER,0.5001851453472232,32
711,1,0.19628692696779723,178.13079673625495,-14.07878607471991,-9.581208222114203,CENTER,0.5084490937836008,32
712,1,0.20505689549240766,178.16602641400746,-12.49964554404136,-6.937756662912046,CENTER,0.5096140374802914,32
713,1,0.22817464354930517,178.35950749071657,-11.186862988928677,-4.1623861161102855,CENTER,0.5145663681811337,33
714,1,0.20991878590807028,178.3851515696498,-10.078407450536224,-1.3990767414032874,CENTER,0.5199566017634917,33
715,1,0.20601947505029167,178.66093734117163,-9.94921256278843,1.2585361588543589,CENTER,0.5306653268961894,33
716,1,0.21223929578101475,178.68475233395375,-9.738103964835542,3.9224662434055553,CENTER,0.5279091637693509,34
717,1,0.2235695868955036,178.67926011598087,-8.665950075643646,6.562552060610581,CENTER,0.5274554651870367,34
718,1,0.2469910407696641,178.49736094279385,-8.16670371094984,9.78307530824583,CENTER,0.523901357676275,34
719,1,0.21139210503410513,178.31843975342647,-7.718821405805755,13.028911715145743,CENTER,0.5182489265246955,34
720,1,0.23983413244239993,178.08247381859974,-7.007908640882891,15.834093369788647,CENTER,0.5071643611453608,34
721,1,0.2466846483194728,178.12759027268362,-6.608898905758937,18.306796019414293,CENTER,0.4989385861057219,34
722,1,0.23466075749549056,178.43027610149014,-6.821137502884435,20.348128505986733,CENTER,0.49778855475286904,34
723,1,0.23605907913498198,178.7190481412877,-6.718402039559076,21.1628807864549,CENTER,0.494327079915225,34
724,1,0.19982500904687517,178.94057114414815,-6.137036228111699,21.43913862583286,CENTER,0.4984286891479681,34
725,1,0.18575407432494578,179.0065952376246,-5.413025957045095,21.54634203827911,CENTER,0.5042563679796462,34
726,1,0.19168823171180224,178.99283551017328,-4.596773956720593,21.227828141428397,CENTER,0.5181552164242553,34
727,1,0.1970087388200277,107.38162099168707,-4.172867577557639,20.767996131468998,CENTER,0.5257545881318795,34
728,1,0.19767296584593214,36.08613673638004,-3.687168846462516,20.260948273056222,CENTER,0.5374286115914968,34
729,1,0.19747599828569834,-35.09233455717917,-3.8400555475843694,19.684614447088414,CENTER,0.5456508614188992,34
730,1,0.1452080804148715,-105.94514830285773,-4.61081948282113,19.039180932029772,CENTER,0.5451030101345417,34
731,1,0.20638382513847833,-177.08628421377733,-6.222774789184456,18.482892892220384,CENTER,0.5407209744816905,34
732,1,0.18034535312800662,-177.08443871886453,-6.142989172642555,18.08913646378514,CENTER,0.5368549720077791,34
733,1,0.19967196620123662,-105.8176439320868,-6.545986451050533,17.747123506221307,CENTER,0.5257008544252458,34
734,1,0.2256471122740952,-34.6711991404798,-6.797173479886046,17.42832558708784,CENTER,0.52040511916787,35
735,1,0.2521080602132289,-35.439913758832844,-7.419998016591016,17.06239606820244,CENTER,0.5190670646389848,35
736,1,0.25972392003307404,-35.72950094903563,-7.410732112011786,16.39448994549415,CENTER,0.522823677249945,35
737,0,nan,nan,nan,nan,UNKNOWN,nan,35
738,1,0.15691948697127128,34.246690014501276,-5.096434322488513,15.010740367129358,CENTER,0.5241348796334027,35
739,1,0.2541886051723767,33.07423296878763,-3.60940184297149,13.856778509254287,CENTER,0.5247848357633792,36
740,1,0.24560696628580475,31.584891587519344,-2.8997560366639927,12.727559380716137,CENTER,0.5210287999111151,36
741,1,0.20447945165302014,102.290478473289,-1.7018015024129531,12.0348451047599,CENTER,0.5172275913322755,36
742,1,0.21432004699500412,172.51710710605937,-0.025316034486141302,11.43865734127331,CENTER,0.5093728002959397,37
743,1,0.21139058536970967,172.74410947406216,-2.4418433750863504,11.310021817412892,CENTER,0.5019030276268831,37
744,1,0.1734749496547463,172.366411459348,-3.0479403703225434,10.612626647799047,CENTER,0.5046315043770548,37
745,1,0.204683835771564,172.30859140862523,-3.1715452565973625,9.799259710673441,CENTER,0.5102037549125142,37
746,1,0.23445247860480645,172.04601302530648,-3.0070785145696854,8.42252550455923,CENTER,0.5122479019584194,38
747,1,0.2302814909202672,172.0730843501828,-2.6367648031969093,7.084903872110942,CENTER,0.5195359492489235,38
748,1,0.2606274794353661,171.65713474624178,-3.906904482296781,6.310643392223238,CENTER,0.528363069358786,38
749,1,0.2501813258971326,171.54612295438034,-5.548502526376704,5.6719150307619115,CENTER,0.5319707550600754,38
750,1,0.2961105270846618,172.14788819893312,-7.808236651221317,5.0978763772999605,CENTER,0.5268751899926769,38
751,1,0.24797850518642417,171.8643296940577,-9.1882853147424,4.774373960351745,CENTER,0.530951282647545,38
752,1,0.24258324998707534,171.81285947377242,-11.432636367773009,4.5601929629406985,CENTER,0.5390506583141262,38
753,1,0.28542021395138817,172.24284400296386,-12.129806147205851,4.000860132300576,CENTER,0.5419627197741056,38
754,1,0.23922616779803663,172.69157565869025,-12.465913627768467,3.409917258698531,CENTER,0.5406341055609157,38
755,1,0.22543221138322353,172.4890974466832,-11.751576249126355,3.098275096289401,CENTER,0.5439918211195744,38
756,1,0.2762897798320041,173.0808727982947,-12.324228334204955,3.006473873820328,CENTER,0.54717927305293,38
757,1,0.20945160767202997,173.3681698281347,-12.025543243781247,2.830237723682718,CENTER,0.5385667766674426,38
758,1,0.25354411191022835,173.58288015782242,-12.365885468316506,3.093576688590287,CENTER,0.5363780271526639,39
759,1,0.2778088866386006,173.78148761843462,-12.11630232909838,3.1297724830159828,CENTER,0.541493325516802,39
760,1,0.30612885915352345,173.6550947004851,-13.112399016723009,3.244249812366756,CENTER,0.5416311919044697,39
761,1,0.23273272867567346,173.46745083010723,-13.166201396660677,2.9557964980854843,CENTER,0.5336059254070655,39
762,1,0.14604212371631317,173.3705313620037,-12.924530987597,2.814811389291566,CENTER,0.5281086023076543,39
763,1,0.13945763924423682,173.7708178702694,-12.18991633892146,2.2533835989556033,CENTER,0.5251298848393642,39
764,1,0.21223401213524945,173.97789975551046,-13.217213029909052,2.2967832985319077,CENTER,0.5116962855106767,40
765,1,0.23871211148649768,174.4616637602373,-13.54517456922708,2.1720881555835763,CENTER,0.5052595604463381,40
766,1,0.15888065994761524,174.6180194874143,-13.364614195470576,2.149049106737027,CENTER,0.5073544032185169,40
767,1,0.1914908020475888,174.678415825117,-13.446434079418802,2.14984336068461,CENTER,0.5070368079692031,40
768,1,0.10175209214122752,174.19316343183326,-12.869992951678677,2.3037129080044894,CENTER,0.5083200648318562,40
769,1,0.14094614417382878,174.15335313965184,-11.78231201185552,2.2728335839275715,CENTER,0.512482854540874,40
770,1,0.1945167969397059,174.04617474260243,-11.482186588174724,2.220009243009563,CENTER,0.5119178641749738,40
771,1,0.20462232860831348,174.61445807984015,-11.868472751997064,2.128745815246092,CENTER,0.5022097552107591,40
772,1,0.2971368452314563,104.09052263639546,-14.636652154242281,1.7925893606803132,CENTER,0.5018804118242427,41
773,1,0.277135954460105,34.28489352762712,-16.907721532884644,1.6212972747696512,CENTER,0.5009244550936269,41
774,0,nan,nan,nan,nan,UNKNOWN,nan,41
775,1,0.27888415973130354,-34.494050788132895,-17.03080773454644,0.43629277459211374,CENTER,0.4938719157053534,41
776,1,0.26507345888423883,-102.71895630347399,-15.996082916454696,-0.4011392283703759,CENTER,0.4903155933588102,41
777,1,0.2901587389374024,-172.346140916669,-15.54991844363424,-0.9174430935069008,CENTER,0.5015036486632057,41
778,1,0.28601788200300116,-171.20053217271487,-13.641902773699268,-0.8911906880958851,CENTER,0.5002283610931502,41
779,1,0.28024743096014443,-170.1444430313245,-12.672505385709355,-1.053651633103469,CENTER,0.5009970774768513,41
780,1,0.3083762028356522,-170.14001087366609,-14.647129745748021,-0.6330741095081098,CENTER,0.507717629163756,41
781,1,0.30711188811824014,-169.93105176848655,-15.744611941185969,-0.46857930199771525,CENTER,0.5134770796746746,41
782,1,0.2971165800215836,-169.0697345424305,-17.592821731798388,-0.6251746944998595,CENTER,0.5118142230800282,41
783,1,0.30010387401017724,-167.66046758417366,-18.693803979131495,-0.8217651712082101,CENTER,0.5224165434482672,41
784,1,0.30025520416231655,-166.9004296361458,-19.68776462514306,-0.9453706938131907,CENTER,0.5276257233223121,41
785,1,0.34145170443428513,-166.25490552171317,-20.04508595166393,-0.804718586749557,CENTER,0.5391811179300365,41
786,1,0.31074259030331797,-166.47158596289847,-21.4020593672987,-0.7716657343811593,CENTER,0.5429541257365654,41
787,1,0.27290980657057995,-166.11120227553252,-21.569162292356516,-0.6910905250652574,CENTER,0.5427964041012199,41
788,0,nan,nan,nan,nan,UNKNOWN,nan,41
789,1,0.24642762852584138,-167.01551101497733,-20.193248220049433,-0.41436846392746174,CENTER,0.5348026418257998,41
790,1,0.2747217316949776,-168.10231792207213,-19.67290452984441,-0.22329627561851875,CENTER,0.5332690300588877,41
791,1,0.30283009545103023,-169.883450019779,-19.243970698852646,0.27185932800082957,CENTER,0.5225136472032753,41
792,1,0.3130687943224372,-171.58940551437485,-18.308344165187204,0.697328021988457,CENTER,0.5192824547872501,41
793,1,0.3004329924120255,-173.74809162076443,-17.612275977112493,1.2737544663154805,CENTER,0.5190686637409841,41
794,1,0.30060773199006485,-174.91897651234405,-18.169289342402237,1.448083569497755,CENTER,0.5137388930710005,41
795,1,0.3249206115441276,-175.94051705435146,-17.971558863007477,1.5284646116554108,CENTER,0.5081228100181101,41
796,1,0.33248536264928963,-176.58920566772125,-17.53142872926319,1.463474688376263,CENTER,0.5084400683887902,41
797,1,0.3195025642560594,-177.09328307711957,-17.463922010241035,1.3508424604636882,CENTER,0.5090334440547813,41
798,1,0.33458529241897356,-177.4937203227088,-17.072684338704338,1.2166836269119152,CENTER,0.509107678435359,41
799,1,0.3404241584127212,-177.73656900423634,-17.354944777145,1.0433320486753197,CENTER,0.5167162369996298,41
800,1,0.33319398075000795,-177.83862866468186,-17.501554131401207,0.8188230570201587,CENTER,0.5217096325694348,41
801,1,0.3329811913596993,-177.86180189665328,-17.444508664103914,0.5794973285399021,CENTER,0.5244534761903304,41
802,1,0.3191942162460012,-177.97272286301177,-17.19064694498139,0.36429120273664445,CENTER,0.5263358849582532,41
803,1,0.2774748630519135,-178.02884541034032,-16.174426632432493,0.06259040300307508,CENTER,0.5193883397411123,41
804,1,0.24435600090628057,-178.03768783206507,-15.141909493995339,-0.16269098369507048,CENTER,0.5102287372349158,41
805,1,0.21409568458440653,-178.00943830333014,-13.665532245869366,-0.247987254500209,CENTER,0.5027106310623336,41
806,1,0.23568040452977054,-178.17186121805423,-11.78363753401814,-0.4063201418527747,CENTER,0.49559458170937587,41
807,1,0.22491944794612334,-178.16643686571564,-9.880280273821294,-0.5021375894574426,CENTER,0.4909235497962422,41
808,1,0.18834772790238927,-178.1961580227913,-8.934962439819408,-0.3588300493755599,CENTER,0.4992773912177265,41
809,1,0.17013662423045947,-178.59931612203619,-7.955646743255214,-0.00013438070637185052,CENTER,0.5039346919457455,41
810,1,0.1874777802537006,-178.9850077208372,-7.083987939710417,0.4468865921370395,CENTER,0.5050304249853127,41
811,1,0.24876376553694268,-179.20385983137527,-6.809990836947849,1.0779037015169617,CENTER,0.5018003069729894,42
812,1,0.28974746145451313,-179.3376021688352,-7.174020937979485,1.862705072159796,CENTER,0.4946999935863886,42
813,1,0.31738323245270983,-179.5792703313893,-7.127821973249601,2.6340477386706334,CENTER,0.48019815333616556,42
814,1,0.3137990070459895,-107.81266598973593,-7.3205426963565445,3.431661949013544,CENTER,0.4724432874768163,42
815,1,0.2981995500876126,-36.13890117031206,-7.386982189419771,4.239602380582472,CENTER,0.4699403170785317,42
816,1,0.28809104980294453,35.39029085545948,-7.32217543035865,5.011966322431186,CENTER,0.471521587154707,42
817,1,0.28383181100062815,106.81145027316809,-6.891476779175504,5.635255277913373,CENTER,0.47509786796869,42
818,1,0.28046576693530945,178.33865402831307,-6.770213280164212,6.09980656385254,CENTER,0.4817318034190247,42
819,1,0.2895854909595652,178.11528277982845,-6.4982065644261215,6.382466318877183,CENTER,0.4868669174939143,42
820,1,0.2877295667360269,178.01931203045734,-6.518419797890583,6.43545204453892,CENTER,0.48593100846218895,42
821,1,0.2890310562480478,178.15719233346778,-6.400762204750679,6.358345077099736,CENTER,0.48675661352275135,42
822,1,0.2846185687638302,178.42770735748658,-6.222668480069895,6.181746311145103,CENTER,0.4887810428456206,42
823,1,0.2833154271876114,178.71125765738446,-5.697177540081494,5.938464683214738,CENTER,0.4900386926415875,42
824,1,0.2920225781299062,179.03821406557236,-4.9878759450581835,5.668526197495013,CENTER,0.4922728238041468,42
825,1,0.2290750584076279,107.76448690108973,-4.523633207147053,5.234380276069625,CENTER,0.4991143587644877,42
826,1,0.17848999697954093,36.393288146879726,-4.280476628053622,4.720173607544774,CENTER,0.5076692214131902,42
827,1,0.17883601230470594,-34.93342571823539,-4.042884282819267,4.097676621970453,CENTER,0.5118758962495852,42
828,1,0.14167522052107906,-106.441629847798,-3.766854887268656,3.4888829777993187,CENTER,0.5162907530102188,42
829,1,0.16671656774921922,-178.2073335565231,-3.9136210481330544,2.9220837652992695,CENTER,0.5166341773371214,42
830,1,0.17411632517103168,-178.4102808472494,-3.907932146394134,2.584302258959993,CENTER,0.5122282370255293,42
831,1,0.16103402379573256,-178.51269961541357,-3.713024937173164,2.314492852502902,CENTER,0.5032147418678182,42
832,1,0.1634110256497835,-178.78466670000176,-3.413236878697867,2.1368054589023506,CENTER,0.49850020822544233,42
833,1,0.18080880593590118,-178.8891550245085,-3.632978279817915,1.9791816177851866,CENTER,0.49448053929793545,42
834,1,0.16693672438054988,-178.69288914623777,-3.6387285716303834,1.6905881015820974,CENTER,0.49605168042812886,42
835,1,0.19368488070760115,-178.2906145811213,-3.9515606956194738,1.3069745987838237,CENTER,0.5017130659077369,42
836,1,0.17009661675359422,-177.92495099001638,-3.903952285633401,0.9583454651530523,CENTER,0.5088496367783125,42
837,1,0.1529729411315457,-177.52661897352152,-3.902243646657395,0.6863980439031945,CENTER,0.5160641473725024,42
838,1,0.11294716481365127,-177.24144821559713,-3.455580431196514,0.4870239994732922,CENTER,0.5239994981102838,42
839,1,0.1373829535843293,-177.2374035866347,-3.098258645616306,0.34146035939405317,CENTER,0.5277063175427645,42
840,1,0.14426937398545941,-177.42236275449218,-2.690881043845538,0.26533206314963736,CENTER,0.5280808557346159,42
841,1,0.14434089098538158,-177.59451102439434,-2.729889964161304,0.23507648863293387,CENTER,0.5285176878880351,42
842,1,0.14199852479767297,-177.8045956790582,-2.841937953089099,0.2060100496218264,CENTER,0.5287972406043169,42
843,1,0.14780265430550787,-177.9504678344435,-3.3677958374226216,0.17198960748363215,CENTER,0.5264148851101076,42
844,1,0.12740328239489332,-177.89100121137648,-3.7611661381348265,0.18853430636117594,CENTER,0.5243325132804288,42
845,1,0.11293023194727772,-177.8195445474736,-3.7825486616697597,0.24244258030627758,CENTER,0.5205369610143026,42
846,1,0.10560519382989138,-177.76370455881334,-3.9601100969002188,0.2915872266267206,CENTER,0.5194173488811462,42
847,1,0.09122947755265318,-177.60658168365313,-4.349419707666096,0.30303905340632703,CENTER,0.515947560875572,42
848,1,0.097880211159387,-177.40438380975178,-4.414045501966768,0.2872728756817794,CENTER,0.5143320459977858,42
849,1,0.1722169403036894,-177.25664677143203,-5.013053650293407,0.33029036740927664,CENTER,0.5141265324944551,42
850,1,0.22442079016021993,-177.35441444369096,-5.9515639027196965,0.35848891536241523,CENTER,0.5161030580900345,43
851,1,0.24196235839709979,-177.71857060967696,-7.24292872040864,0.41928168965668206,CENTER,0.5161954092505956,43
852,1,0.2597974031496292,-178.16133590637838,-8.137739031894457,0.509955224550912,CENTER,0.5167588124340542,43
853,1,0.28120371851598136,-178.70641210105217,-9.333930675952507,0.564893962439163,CENTER,0.5193239686183094,43
854,1,0.3030757921542571,-107.31688848594017,-10.305506736812589,0.5592281902972609,CENTER,0.5215376041000847,43
855,1,0.28775841999385043,-107.67435828261553,-10.890375105449962,0.4379856393301922,CENTER,0.523008414457035,43
856,1,0.2893053064288242,-35.94111870815145,-10.838916943523184,0.2690833556119337,CENTER,0.5229801031993374,43
857,1,0.22178404277794792,35.266734669302636,-10.449352714626233,-0.14182637411804225,CENTER,0.5256585747024236,43
858,1,0.21976812414391342,106.66703470018828,-10.154591885338565,-0.6040994778036121,CENTER,0.522907333827804,43
859,1,0.21985354006095525,106.19560163995456,-9.511970185921259,-1.0884663811129716,CENTER,0.5179619335918909,43
860,1,0.22938072188869962,177.6642963895053,-8.932342651935151,-1.4798001098497586,CENTER,0.5132135964568715,43
861,1,0.23870926153171249,177.09387733417745,-8.5766488202626,-1.8816059241271756,CENTER,0.5103590898122409,43
862,1,0.24077570758633515,177.090677863956,-8.9099115922691,-2.0778061187950128,CENTER,0.5064540553468981,43
863,1,0.24799004733417906,177.0575792102024,-8.818198545580278,-2.222562054331358,CENTER,0.5068976717954315,43
864,1,0.26285145726594017,176.97463187606732,-8.94927578177591,-2.2652395867753685,CENTER,0.508505866069239,43
865,1,0.26008916322524533,176.78139821973068,-8.88168204036656,-2.258485437143343,CENTER,0.5106091333222664,43
866,1,0.26191730553219195,176.85136586458597,-8.87320005879649,-2.2023098662744856,CENTER,0.5118529293156262,43
867,1,0.2635093206685486,176.84078875979813,-8.782828351095306,-2.0822494525132482,CENTER,0.5126067263840911,43
868,1,0.26382294334789214,176.80469317920247,-8.886080246874425,-1.9039536896201557,CENTER,0.5113624515627047,43
869,1,0.2634979780955278,176.68559615706903,-9.003876078001094,-1.7249744994182543,CENTER,0.5105984287361456,43
870,1,0.2534159486312135,176.53924841315245,-9.42550357805448,-1.5509838708225345,CENTER,0.5090631060637933,43
871,1,0.2701891323719423,176.24623687907948,-9.60965129329657,-1.4030634841538703,CENTER,0.5070922290099392,43
872,1,0.2640539319934243,176.0637226034123,-9.709200288681634,-1.3323023167113166,CENTER,0.5039514257752995,43
873,1,0.2684988882031222,175.74842557770387,-9.729154690867315,-1.295083582883398,CENTER,0.5017331441810754,43
874,1,0.28092778176579936,175.55860776533854,-9.591552864468278,-1.3375052327051709,CENTER,0.4998822710672721,43
875,1,0.2837520608096852,175.51668167693748,-9.479612568769316,-1.3631412315818836,CENTER,0.49883865868650573,43
876,1,0.2870427341741527,175.6223994617543,-9.457974336262815,-1.3697350504235297,CENTER,0.4975367372598692,43
877,1,0.2921813809493184,175.73684032276338,-9.62748756820702,-1.249025330934448,CENTER,0.49765322114286004,43
878,1,0.2890136840380633,175.9185751217086,-9.798096533776967,-1.0906281825024828,CENTER,0.4977666827647294,43
879,1,0.2797889932260485,175.9332096154705,-10.121390983956362,-0.8471675010762203,CENTER,0.49768858674078836,43
880,1,0.2335008869328034,176.08551479171365,-10.274062608294233,-0.6842889215200398,CENTER,0.4975781181130884,43
881,1,0.2448349583115632,176.13780271702157,-10.363929111887725,-0.5320313525852188,CENTER,0.49996490796501136,43
882,1,0.25875004878434227,176.0584262955427,-10.332857297552202,-0.433717607187022,CENTER,0.5028397708358698,43
883,1,0.265736476087272,176.0904306019758,-10.513186619626547,-0.4007976934049566,CENTER,0.5063748724590006,43
884,1,0.25227362533982517,176.27234945126108,-10.694041049014395,-0.4335160630599601,CENTER,0.5103440935624938,43
885,1,0.2611202761588661,176.27642321082593,-10.844633788010864,-0.4127820677517938,CENTER,0.513873997325468,43
886,1,0.2591684777707801,176.3416894423729,-11.046518152014736,-0.3770500220578956,CENTER,0.5153089261859336,43
887,1,0.2656700717614363,176.47603908426422,-11.08530822903125,-0.3679539801638415,CENTER,0.5164908119749232,43
888,1,0.2631768273818602,176.49843335772485,-10.892652908635288,-0.34089807973845937,CENTER,0.5169808058563211,43
889,1,0.2546476424337536,176.4563914288687,-10.623419865288039,-0.28375146804770673,CENTER,0.5175058374969463,43
890,1,0.2555285160851967,176.47391628663277,-10.34999206056799,-0.2612984295851633,CENTER,0.5181919048397257,43
891,1,0.25405960739173455,176.47463062204815,-10.092571027553028,-0.2559733032698388,CENTER,0.5187504164702166,43
892,1,0.2524939319012542,176.44284170121642,-9.89558493099272,-0.2442547010104638,CENTER,0.5191471752866963,43
893,1,0.2528335655934648,176.4265354411586,-9.763704427353812,-0.21508362766842604,CENTER,0.5190680769286429,43
894,1,0.25255684721889493,176.45825189043003,-9.582499481381715,-0.2115047583898753,CENTER,0.5191313033883187,43
895,1,0.2545838101079054,176.496602510382,-9.449583613892562,-0.20750655621663744,CENTER,0.5190784618539646,43
896,1,0.257223174944813,176.5480099320154,-9.276065584804638,-0.2098581290278893,CENTER,0.5191721240674315,43
897,1,0.2597210937667007,176.66299565154296,-9.134020468650643,-0.2202380315829106,CENTER,0.5199834767804038,43
898,1,0.261256911813265,176.79061186739054,-9.058174638743552,-0.2561390984153048,CENTER,0.5210715859779821,43
899,1,0.2630363965372704,176.90614097647796,-9.041556296523918,-0.28139640438623215,CENTER,0.5209260926531083,43
900,1,0.2573101666018522,177.04421571434364,-8.988156455933586,-0.31324810830580263,CENTER,0.5209147520499813,43
901,1,0.2588547144766427,177.15450552025473,-8.878566218980106,-0.34368307914808244,CENTER,0.519550872602095,43
902,1,0.2614586702697918,177.21394607253413,-8.720743515644406,-0.3758394813189393,CENTER,0.5175215324106529,43
903,1,0.2597864792252882,177.30477957159422,-8.58081963610599,-0.391201851103074,CENTER,0.5153862311816824,43
904,1,0.26345298123937677,177.39713006338306,-8.416601610000574,-0.4342244798501514,CENTER,0.5142503685405868,43
905,1,0.26640353057978283,177.48871466945522,-8.37749704302743,-0.46308961290125616,CENTER,0.5141214101321332,43
906,1,0.26766017856997426,177.58330535756116,-8.402271007061904,-0.4814340824083475,CENTER,0.5151989519754168,43
907,1,0.27296184585588873,177.735538885939,-8.480864277446459,-0.4856153983320978,CENTER,0.5158340768875087,43
908,1,0.2725323177033438,177.87797425948784,-8.511295736487282,-0.48924822108019334,CENTER,0.516511452652887,43
909,1,0.26943601716100535,178.06646663024202,-8.540199319967076,-0.4867487469287199,CENTER,0.5167989532672301,43
910,1,0.267400094345152,178.23729529840165,-8.51028447151349,-0.4671435870172904,CENTER,0.5160443144745288,43
911,1,0.2691744322444989,178.37946540474599,-8.453308541709399,-0.4433489933352308,CENTER,0.5154295803792316,43
912,1,0.2747416742722245,178.4422586700183,-8.4279370354129,-0.3994945097405328,CENTER,0.5155903018628893,43
913,1,0.2757820940034528,178.4586798192961,-8.42993286786451,-0.34747350772598085,CENTER,0.5159696754191108,43
914,1,0.273438302899317,178.45155091999945,-8.427753409459012,-0.279715351599485,CENTER,0.5167443741093674,43
915,1,0.27162249520138393,178.44332440670252,-8.446986462362101,-0.22517662388465096,CENTER,0.5177560015553734,43
916,1,0.267874450162637,178.45962975125553,-8.535942251127318,-0.17653628507729713,CENTER,0.518489507649486,43
917,1,0.2441088132540291,178.42675617725513,-8.42715415829255,-0.09905187654218163,CENTER,0.5166997656514624,43
918,1,0.21034333918681583,178.43349362860184,-8.198591230410207,-0.035962274003912595,CENTER,0.5132789391422401,43
919,1,0.1637836470879795,178.4170591793192,-7.389983310648629,-0.019395940587595067,CENTER,0.5086741694932588,43
920,1,0.13764476047942253,178.4768729046427,-6.164437516017019,-0.06938582565978646,CENTER,0.5047449494777458,43
921,1,0.1458428855670633,178.54884167995343,-5.034229906138544,-0.11766759736971968,CENTER,0.5021677481789658,43
922,1,0.13619745598526334,178.6623377590751,-4.046488340806999,-0.23523932075996873,CENTER,0.5007597636143166,43
923,1,0.13414262535417554,178.7600075754401,-2.9323170707212096,-0.3876795629351045,CENTER,0.500698305300366,43
924,1,0.1301628389178115,178.89965187234034,-2.3654516499645033,-0.5148094882635181,CENTER,0.5031632992910833,43
925,1,0.12607324334550346,179.02750942464715,-2.015367343418876,-0.5844959437834398,CENTER,0.5043123146589841,43
926,1,0.12163596485798944,179.241771127252,-1.634645105528504,-0.6553785635443093,CENTER,0.5043051730128255,43
927,1,0.12134405740533989,107.50405594985281,-1.4493280646923714,-0.6820249218690789,CENTER,0.5076701263108749,43
928,1,0.1486835469166195,35.773776884646864,-1.5281686548339966,-0.6756808341033873,CENTER,0.5110321988882658,43
929,1,0.1719364774473769,-35.93191545970852,-1.9485916846537013,-0.6385362740083627,CENTER,0.5129987971676412,43
930,1,0.17622798479436308,-107.73490804994717,-2.5680585782032828,-0.5954087261632283,CENTER,0.515508310629541,43
931,1,0.1789673606232284,-179.6130400775704,-3.1494265393304377,-0.5466183026106645,CENTER,0.5175275302526228,43
932,1,0.18118320025191145,-179.40715896138443,-3.7161668527340623,-0.5087477774982554,CENTER,0.5182369349951296,43
933,1,0.19467251612003073,-179.2372741377639,-4.603324127406637,-0.4059382316527089,CENTER,0.5193076572436424,43
934,1,0.19731853401319965,-179.22097006302732,-5.355566507580498,-0.28946447855474905,CENTER,0.5202964130704627,43
935,1,0.20337833432300034,-179.1603910948242,-6.1708628416953655,-0.18415252507636642,CENTER,0.5211682985361887,43
936,1,0.2287612802611822,-179.14175636586367,-7.1099104058015525,-0.07452937512015195,CENTER,0.5237209779083198,44
937,1,0.24495584512644686,-179.19870308344787,-8.084342480993005,0.04189489705866401,CENTER,0.5247262649817686,44
938,1,0.2760267798887043,-179.2370894008348,-8.479966265331836,0.104304134225729,CENTER,0.5246820328244125,44
939,1,0.2841188928908319,-179.23128261623975,-8.411433505072441,0.13084211557349318,CENTER,0.5226823816069255,44
940,1,0.28818783739470233,-179.36439875650944,-8.16122881555511,0.1831460263941824,CENTER,0.5207541767791832,44
941,1,0.28291038628034276,-107.53176726517829,-7.6700402835518044,0.2342532776084941,CENTER,0.5180278728265891,44
942,1,0.27501999749531714,-35.81382012277318,-7.015364947959074,0.27490863543142485,CENTER,0.516281354984834,44
943,1,0.2888010106167553,35.83762218346071,-6.552217331020242,0.28497903947662967,CENTER,0.5158026198416779,44
944,1,0.30555587499740455,107.54854666795275,-6.3648294748573,0.30256889888473026,CENTER,0.5171128495880056,44
945,1,0.3128410743680298,179.44176182074733,-6.518983882348616,0.32454690969069244,CENTER,0.5159526000285954,44
946,1,0.31547331334569106,179.3646784488973,-6.915942948582829,0.3723752275593579,CENTER,0.5141693761881667,44
947,1,0.3244430348455034,179.38464707930734,-7.391595275285432,0.426533416005645,CENTER,0.5110347708139902,44
948,1,0.3371900160190864,179.5400346813742,-7.832556663060617,0.5123073463613073,CENTER,0.5075981187331254,44
949,1,0.33446673481370365,107.73650724887625,-8.216526762903085,0.5836834591516689,CENTER,0.5042432694143801,44
950,1,0.3378336297098521,35.90690146471365,-8.187439560231779,0.6097822241888491,CENTER,0.501771765209572,44
951,1,0.3360213616850056,-35.881852892138326,-7.862193433536417,0.5884492086909154,CENTER,0.4992020314155522,44
952,1,0.3339868017770609,-107.65594657363756,-7.476995392525394,0.5613582655772847,CENTER,0.4974576135438573,44
953,1,0.3307473726242662,-179.47266516993037,-7.0202365016876715,0.5008486725360861,CENTER,0.49638920938035014,44
954,1,0.32975589492894986,-179.30782413263185,-6.495797892481372,0.43945653098939746,CENTER,0.49595056660498243,44
955,1,0.33025758933473703,-179.177043763482,-6.008400020771556,0.34929086262267434,CENTER,0.4979597282305653,44
956,1,0.33223841344895555,-179.05509835272784,-5.400591290069455,0.24347676350954112,CENTER,0.5005902205110936,44
957,1,0.3309972250208948,-178.91962497834945,-4.640402715761196,0.08866472516872878,CENTER,0.502857391549165,44
958,1,0.3334962569314376,-178.78904421728777,-4.105227401774151,-0.018460070434240063,CENTER,0.5037347426695901,44
959,1,0.3328465208471334,-178.68993208938292,-3.9082424267838705,-0.08955974387145561,CENTER,0.5032730203744931,44
960,1,0.3329009387010866,-178.59669344956475,-3.89258518140241,-0.1103170370383146,CENTER,0.5014848522564467,44
961,1,0.33380620453245446,-178.48704935609192,-4.1310020180117215,-0.10670575477091812,CENTER,0.4996184816095095,44
962,1,0.33435674673986093,-178.41494430390202,-4.527596436988153,-0.06203116809974728,CENTER,0.4981395547401,44
963,1,0.33467439920447695,-178.36373233901037,-4.6493780646086975,-0.05826789879013322,CENTER,0.49735412544091523,44
964,1,0.3349852600724529,-178.32161689303624,-4.645754554501581,-0.07581053823985844,CENTER,0.49714288110249666,44
965,1,0.33512519407591346,-178.28335619637053,-4.544673670526311,-0.09496143117756861,CENTER,0.4975524418671319,44
966,1,0.3330082222758459,-178.26553109725324,-4.397618552160388,-0.11192247263112103,CENTER,0.497945347901333,44
967,1,0.3321329516982464,-178.25183956676693,-4.212244715385855,-0.1273117873940453,CENTER,0.4982789166184117,44
968,1,0.3320194859560921,-178.2753373720639,-4.31212758778925,-0.11554412727748928,CENTER,0.4990336293943902,44
969,1,0.329473726400368,-178.31278311588858,-4.320076812823784,-0.12164790996579414,CENTER,0.5002675645484495,44
970,1,0.32819905946057526,-178.37368323177643,-4.292771882212955,-0.1306137671091225,CENTER,0.501032403260555,44
971,1,0.33097947809167527,-178.44171185835734,-4.236917543555949,-0.1364085760014576,CENTER,0.5016219148519931,44
972,1,0.3300711460131478,-178.50829957738478,-4.222586663219473,-0.14209792976733765,CENTER,0.5021450908095458,44
973,1,0.3304007667967748,-178.52991775573872,-4.085620691291453,-0.146685050860238,CENTER,0.5017933204892696,44
974,1,0.3299532451178634,-178.5499184523498,-4.032922219878121,-0.12076643718679639,CENTER,0.5007558922139566,44
975,1,0.3300328106042536,-178.5400683144041,-4.067277044963609,-0.10048890174345997,CENTER,0.4995299059171022,44
976,1,0.3319672433076888,-178.52773262727254,-4.19132158995748,-0.08351215460433356,CENTER,0.49833495498751484,44
977,1,0.3332994801246135,-178.523750829825,-4.2807522516405445,-0.07860549779790862,CENTER,0.4967496340269256,44
978,1,0.33467149351521097,-178.51837994366127,-4.447255460078341,-0.06802806921350853,CENTER,0.49471097823319904,44
979,1,0.3352998691443556,-178.48664748376845,-4.559790649289569,-0.07184310668763969,CENTER,0.49271638247879157,44
980,1,0.3381061078011588,-178.43861190259366,-4.710913591465288,-0.05021159573926755,CENTER,0.4903348181651193,44
981,1,0.3392604268317275,-178.3822644931867,-4.824468540076014,-0.02464688024946932,CENTER,0.48775939809648106,44
982,1,0.33935903548121005,-178.31812853592902,-4.886007456806431,0.010792882436220461,CENTER,0.48567548593065435,44
983,1,0.3409868931202761,-178.26912025367193,-4.967071454817427,0.04262125774893037,CENTER,0.4844294129264183,44
984,1,0.3423709055009192,-178.24640025039352,-5.043615779394377,0.07249602077656676,CENTER,0.48407121336945214,44
985,1,0.34261901039461135,-178.25145741607298,-5.023275432269377,0.08192942004831551,CENTER,0.4850916321148072,44
986,1,0.34177795221853297,-178.25104425023227,-5.00357645294406,0.08588063462413806,CENTER,0.486395474159806,44
987,1,0.34349298406318285,-178.24631323051597,-5.027370561081771,0.08426449716840677,CENTER,0.49053618821558037,44
988,1,0.334646470756813,-178.25588067420176,-4.890714622775716,0.060004631545042694,CENTER,0.49586762008861485,44
989,1,0.3324074888062655,-178.2415113183361,-4.721421591777693,0.0361154987994295,CENTER,0.5019155470334281,44
990,1,0.32515193032370215,-178.21927426359798,-4.463852707153003,-0.005837657488701445,CENTER,0.50838896172884,44
991,1,0.3142879970502933,-178.22318752846485,-3.871352262723602,-0.07599958359286209,CENTER,0.5151593828225698,44
992,1,0.31536987780387693,-178.23684341662369,-3.3532308767141172,-0.13057749593471193,CENTER,0.519099642126852,44
993,1,0.31573660115117486,-178.25406990625783,-2.774842915475483,-0.17278754908391547,CENTER,0.5220917929522988,44
994,1,0.3154023036022234,-178.28674934812415,-2.056929949914175,-0.21152188112086226,CENTER,0.5228713128385877,44
995,1,0.3153541583903662,-178.34694497244672,-1.1763952614960318,-0.2387639868535875,CENTER,0.5231083090738283,44
996,1,0.3156181189280115,-178.4184472744556,0.00490470160716947,-0.28165071394034574,CENTER,0.5228103114417904,44
997,1,0.31630632450150953,-178.4837596321997,1.2375214397568635,-0.326439401514021,CENTER,0.5229938043793645,44
998,1,0.3148501704965714,-178.50340986718228,2.4765006045060267,-0.37359472283274914,CENTER,0.5230047270943764,44
999,1,0.31424212972152377,-178.5375669462366,3.2105202572307063,-0.40007997635323084,CENTER,0.5238210106770096,44
1000,1,0.3129979986247476,-178.56364951407235,3.0218847542232607,-0.3674518787700819,CENTER,0.5248982411466839,44
1001,1,0.32269040905426494,-178.50636193099336,2.6265487027043446,-0.35868485812320505,CENTER,0.5255920930772661,44
1002,1,0.3218599266494075,-178.37228748295982,2.426474521393947,-0.3726445700055332,CENTER,0.5246880882825999,44
1003,1,0.31667276523543847,-178.29840354924983,1.8678367840472336,-0.3603944707023859,CENTER,0.5238439777946894,44
1004,1,0.3178196948508034,-178.25611241049654,1.5156479502258327,-0.3499466866321076,CENTER,0.5225393131087266,44
1005,1,0.3181488210785808,-178.2141592799888,1.863416704451221,-0.39076741408664983,CENTER,0.5201184942659427,44
1006,1,0.3212911177292402,-178.1916285075896,1.948825360346169,-0.36264423530203704,CENTER,0.518123180434694,44
1007,1,0.32754978475530405,-178.2503409645215,1.026134223708041,-0.2552286794065359,CENTER,0.5158231747456885,44
1008,1,0.32949650554740667,-178.28727620579184,0.5405732614799799,-0.16853032487892694,CENTER,0.5130565003871523,44
1009,1,0.3300142668958387,-178.2779537841371,0.017575061284004857,-0.0967928207643769,CENTER,0.5108570625011003,44
1010,1,0.33077234998030636,-178.2495100635579,-0.5396601249250528,-0.03333318590200704,CENTER,0.5088879660819512,44
1011,1,0.33186274529164606,-178.23334289494056,-1.6538062173072448,0.05202776551934111,CENTER,0.506849039000213,44
1012,1,0.3293665081650121,-178.21172500455052,-2.667886953096657,0.12695373428324414,CENTER,0.505503089351685,44
1013,1,0.33200960024861614,-178.20789361437238,-4.12712610053323,0.2056165757371149,CENTER,0.503908306033179,44
1014,1,0.3313011880052846,-178.2210058959128,-5.405752043012928,0.28151913333585366,CENTER,0.5016359582682821,44
1015,1,0.3326123312537691,-178.2307875116934,-6.690989565372921,0.36600121257163465,CENTER,0.49933342092210936,44
1016,1,0.33359553425905775,-178.27246028492058,-7.60911681576888,0.43372166434826376,CENTER,0.4972332330820707,44
1017,1,0.3333025022329723,-178.3185318410419,-7.7274386777497055,0.44622592775006276,CENTER,0.4962276951709913,44
1018,1,0.33326295935368866,-178.3287633317952,-7.59259363651538,0.4519532631691566,CENTER,0.4957854594307687,44
1019,1,0.3315742463025272,-178.29638861736288,-7.453085343474254,0.4373069937891339,CENTER,0.4957190711468479,44
1020,1,0.33083090565517675,-178.24886517746273,-7.415604387936992,0.4319927848051516,CENTER,0.49555121370278765,44
1021,1,0.3343044840647087,-178.20237493816444,-7.344924953857986,0.4207935257277494,CENTER,0.49533049719246325,44
1022,1,0.3351435621524358,-178.1425176378968,-7.341273356900919,0.41024774677692355,CENTER,0.494402140473289,44
1023,1,0.3385155724313319,-178.0815201072499,-7.249002193462165,0.3994710806540148,CENTER,0.4929492333678754,44
1024,1,0.3387283785246743,-178.0007651223703,-7.1558333760705155,0.4124583017450455,CENTER,0.49174186164071976,44
1025,1,0.3440370547080183,-177.93725267381032,-6.868256110404398,0.429377743225167,CENTER,0.49168049005421255,44
1026,1,0.34505302260063253,-177.89363387896705,-6.414847425791146,0.44265817977687505,CENTER,0.49290923710829554,44
1027,1,0.34503063055849437,-177.85654110340516,-5.973650002834004,0.45118910008243185,CENTER,0.4945480016072321,44
1028,1,0.3446601753355739,-177.8422411786321,-5.598205578829628,0.4653125016957345,CENTER,0.4965105515400484,44
1029,1,0.3465396578505456,-177.87169283714087,-5.4537299699883945,0.4853765454568789,CENTER,0.49832274540698335,44
1030,1,0.34481726338808505,-177.91812201333718,-5.446224803800186,0.5000398484434475,CENTER,0.49924095969749976,44
1031,1,0.3426636243668332,-177.95222985335027,-5.588037258925473,0.5211881640424216,CENTER,0.49925155833419554,44
1032,1,0.34119966369758015,-177.99255075942094,-5.47387466302313,0.5354792446438738,CENTER,0.5011595348236375,44
1033,1,0.3421588065731518,-177.97967997540883,-5.4895991415529775,0.5510144108876829,CENTER,0.504458859859263,44
1034,1,0.3454229524815394,-177.95859489073788,-4.818969407188486,0.5260836909700662,CENTER,0.5144610506227518,44
1035,1,0.3449634898585572,-177.91069278350565,-3.0809003364355583,0.4460889664994914,CENTER,0.5243950163798831,44
