frame, face_id, timestamp, confidence, success, AU01_r, AU02_r, AU04_r, AU05_r, AU06_r, AU07_r, AU09_r, AU10_r, AU12_r, AU14_r, AU15_r, AU17_r, AU20_r, AU23_r, AU25_r, AU26_r, AU45_r, AU01_c, AU02_c, AU04_c, AU05_c, AU06_c, AU07_c, AU09_c, AU10_c, AU12_c, AU14_c, AU15_c, AU17_c, AU20_c, AU23_c, AU25_c, AU26_c, AU28_c, AU45_c
1,  0,  0.000,  0.88,  1, 0.08, 1.24, 1.56, 1.41, 0.00, 2.86, 0.37, 0.00, 0.00, 0.00, 0.00, 1.57, 0.38, 0.00, 0.00, 0.00, 0.00, 0.00, 1.00, 1.00, 1.00, 0.00, 0.00, 0.00, 1.00, 0.00, 0.00, 0.00, 1.00, 1.00, 1.00, 1.00, 0.00, 0.00, 0.00
2,  0,  0.033,  0.88,  1, 0.03, 0.46, 1.66, 1.18, 0.00, 3.04, 0.20, 0.17, 0.00, 0.04, 0.00, 1.74, 0.58, 0.00, 0.00, 0.00, 0.00, 0.00, 0.00, 1.00, 1.00, 0.00, 0.00, 0.00, 0.00, 0.00, 0.00, 1.00, 1.00, 1.00, 1.00, 0.00, 0.00, 0.00, 0.00
3,  0,  0.067,  0.88,  1, 0.00, 0.13, 1.76, 1.15, 0.00, 3.00, 0.08, 0.25, 0.00, 0.04, 0.00, 1.66, 0.83, 0.00, 0.02, 0.00, 0.00, 0.00, 0.00, 1.00, 1.00, 0.00, 1.00, 0.00, 1.00, 0.00, 0.00, 1.00, 1.00, 1.00, 1.00, 1.00, 0.00, 0.00, 0.00
4,  0,  0.100,  0.88,  1, 0.28, 0.21, 1.88, 1.43, 0.00, 2.82, 0.01, 0.47, 0.00, 0.00, 0.00, 1.59, 0.85, 0.00, 0.17, 0.00, 0.00, 0.00, 1.00, 1.00, 1.00, 0.00, 0.00, 0.00, 0.00, 0.00, 0.00, 1.00, 1.00, 1.00, 1.00, 1.00, 0.00, 0.00, 0.00
5,  0,  0.133,  0.88,  1, 0.28, 0.56, 1.67, 1.43, 0.00, 1.99, 0.00, 0.73, 0.07, 0.00, 0.00, 1.27, 0.72, 0.00, 0.26, 0.00, 0.00, 0.00, 1.00, 1.00, 1.00, 0.00, 0.00, 0.00, 0.00, 0.00, 0.00, 1.00, 1.00, 1.00, 1.00, 1.00, 0.00, 0.00, 0.00
6,  0,  0.167,  0.88,  1, 0.30, 1.06, 1.50, 1.39, 0.05, 1.58, 0.00, 1.01, 0.11, 0.00, 0.00, 1.29, 0.51, 0.00, 0.31, 0.00, 0.00, 0.00, 1.00, 1.00, 1.00, 0.00, 0.00, 0.00, 0.00, 0.00, 0.00, 1.00, 1.00, 1.00, 1.00, 1.00, 0.00, 0.00, 0.00
7,  0,  0.200,  0.88,  1, 0.15, 1.42, 1.14, 1.33, 0.05, 1.20, 0.00, 1.16, 0.12, 0.00, 0.00, 1.38, 0.33, 0.01, 0.20, 0.00, 0.00, 0.00, 1.00, 1.00, 1.00, 0.00, 0.00, 0.00, 0.00, 0.00, 0.00, 1.00, 1.00, 0.00, 1.00, 1.00, 0.00, 0.00, 0.00
8,  0,  0.233,  0.88,  1, 0.26, 1.42, 1.11, 1.20, 0.05, 1.36, 0.00, 1.01, 0.05, 0.00, 0.00, 1.41, 0.49, 0.02, 0.10, 0.00, 0.00, 0.00, 1.00, 1.00, 1.00, 0.00, 0.00, 0.00, 0.00, 0.00, 0.00, 1.00, 1.00, 0.00, 1.00, 1.00, 0.00, 0.00, 0.00
9,  0,  0.267,  0.88,  1, 0.26, 1.15, 0.89, 1.08, 0.00, 1.49, 0.00, 0.92, 0.01, 0.00, 0.00, 1.62, 0.44, 0.06, 0.03, 0.00, 0.00, 0.00, 1.00, 1.00, 1.00, 0.00, 0.00, 0.00, 0.00, 0.00, 0.00, 1.00, 1.00, 0.00, 1.00, 0.00, 0.00, 0.00, 0.00
10,  0,  0.300,  0.88,  1, 0.30, 1.19, 1.11, 0.94, 0.00, 1.74, 0.00, 0.75, 0.00, 0.00, 0.00, 1.85, 0.45, 0.15, 0.00, 0.00, 0.00, 0.00, 1.00, 1.00, 1.00, 0.00, 0.00, 0.00, 0.00, 0.00, 0.00, 1.00, 1.00, 1.00, 1.00, 0.00, 0.00, 0.00, 0.00
11,  0,  0.333,  0.98,  1, 0.37, 1.12, 1.27, 1.23, 0.00, 1.68, 0.00, 0.59, 0.00, 0.00, 0.00, 2.22, 0.38, 0.14, 0.00, 0.00, 0.00, 0.00, 1.00, 1.00, 1.00, 0.00, 0.00, 0.00, 0.00, 0.00, 0.00, 1.00, 1.00, 1.00, 1.00, 1.00, 0.00, 0.00, 0.00
12,  0,  0.367,  0.98,  1, 0.35, 0.97, 1.44, 1.54, 0.00, 1.77, 0.14, 0.30, 0.00, 0.00, 0.00, 2.03, 0.70, 0.10, 0.10, 0.00, 0.00, 0.00, 1.00, 1.00, 1.00, 0.00, 0.00, 0.00, 0.00, 0.00, 0.00, 1.00, 1.00, 1.00, 1.00, 1.00, 0.00, 0.00, 0.00
13,  0,  0.400,  0.98,  1, 0.18, 0.45, 1.13, 1.50, 0.00, 2.03, 0.14, 0.15, 0.00, 0.00, 0.00, 1.91, 1.06, 0.04, 0.28, 0.19, 0.00, 0.00, 1.00, 1.00, 1.00, 0.00, 0.00, 0.00, 0.00, 0.00, 0.00, 1.00, 1.00, 1.00, 1.00, 1.00, 0.00, 0.00, 0.00
14,  0,  0.433,  0.88,  1, 0.00, 0.29, 1.03, 1.39, 0.00, 2.49, 0.14, 0.13, 0.00, 0.00, 0.00, 1.90, 1.23, 0.11, 0.38, 0.21, 0.00, 0.00, 1.00, 1.00, 1.00, 0.00, 0.00, 0.00, 0.00, 0.00, 0.00, 1.00, 1.00, 1.00, 1.00, 1.00, 0.00, 0.00, 0.00
15,  0,  0.467,  0.88,  1, 0.00, 0.12, 0.83, 1.04, 0.00, 2.46, 0.00, 0.13, 0.00, 0.00, 0.00, 2.17, 0.99, 0.52, 0.30, 0.37, 0.00, 0.00, 1.00, 1.00, 1.00, 0.00, 0.00, 0.00, 0.00, 0.00, 0.00, 1.00, 1.00, 1.00, 1.00, 1.00, 1.00, 0.00, 0.00
16,  0,  0.500,  0.88,  1, 0.00, 0.14, 0.71, 1.00, 0.00, 2.45, 0.00, 0.10, 0.00, 0.00, 0.00, 2.14, 0.66, 0.84, 0.25, 0.18, 0.00, 0.00, 1.00, 1.00, 1.00, 0.00, 0.00, 0.00, 0.00, 0.00, 0.00, 1.00, 1.00, 1.00, 1.00, 1.00, 1.00, 0.00, 0.00
17,  0,  0.533,  0.88,  1, 0.00, 0.14, 0.46, 0.98, 0.00, 2.31, 0.00, 0.00, 0.00, 0.00, 0.02, 1.95, 0.55, 1.13, 0.35, 0.21, 0.00, 0.00, 0.00, 1.00, 1.00, 0.00, 0.00, 0.00, 0.00, 0.00, 0.00, 1.00, 1.00, 1.00, 1.00, 1.00, 1.00, 0.00, 0.00
18,  0,  0.567,  0.88,  1, 0.00, 0.19, 0.40, 1.13, 0.00, 2.45, 0.00, 0.00, 0.00, 0.00, 0.02, 1.63, 0.73, 1.02, 0.64, 0.05, 0.00, 0.00, 0.00, 1.00, 1.00, 0.00, 0.00, 0.00, 0.00, 0.00, 0.00, 1.00, 1.00, 1.00, 1.00, 1.00, 1.00, 0.00, 0.00
19,  0,  0.600,  0.88,  1, 0.00, 0.17, 0.61, 0.80, 0.00, 2.26, 0.00, 0.00, 0.00, 0.00, 0.02, 1.72, 0.69, 1.06, 0.64, 0.36, 0.00, 0.00, 0.00, 1.00, 1.00, 0.00, 0.00, 0.00, 0.00, 0.00, 0.00, 1.00, 1.00, 1.00, 1.00, 1.00, 1.00, 0.00, 0.00
20,  0,  0.633,  0.98,  1, 0.00, 0.05, 0.75, 0.41, 0.00, 1.92, 0.00, 0.00, 0.00, 0.00, 0.18, 1.79, 0.54, 1.03, 0.61, 0.54, 0.00, 0.00, 0.00, 1.00, 1.00, 0.00, 0.00, 0.00, 0.00, 0.00, 0.00, 1.00, 1.00, 1.00, 0.00, 1.00, 1.00, 0.00, 0.00
21,  0,  0.667,  0.98,  1, 0.00, 0.00, 1.05, 0.02, 0.00, 1.70, 0.00, 0.00, 0.00, 0.00, 0.18, 1.68, 0.39, 0.92, 0.38, 0.64, 0.00, 0.00, 0.00, 1.00, 1.00, 0.00, 0.00, 0.00, 0.00, 0.00, 0.00, 1.00, 1.00, 1.00, 0.00, 1.00, 1.00, 0.00, 0.00
22,  0,  0.700,  0.98,  1, 0.00, 0.00, 1.21, 0.02, 0.00, 1.43, 0.00, 0.00, 0.00, 0.00, 0.23, 1.56, 0.47, 0.77, 0.23, 0.57, 0.00, 0.00, 0.00, 1.00, 1.00, 0.00, 0.00, 0.00, 0.00, 0.00, 0.00, 1.00, 1.00, 1.00, 0.00, 1.00, 0.00, 0.00, 0.00
23,  0,  0.733,  0.98,  1, 0.00, 0.02, 1.37, 0.00, 0.00, 1.48, 0.00, 0.00, 0.00, 0.00, 0.06, 1.42, 0.63, 0.64, 0.16, 0.52, 0.00, 0.00, 0.00, 1.00, 1.00, 0.00, 0.00, 0.00, 0.00, 0.00, 0.00, 1.00, 1.00, 1.00, 0.00, 1.00, 0.00, 0.00, 0.00
24,  0,  0.767,  0.98,  1, 0.00, 0.02, 1.34, 0.00, 0.00, 1.20, 0.00, 0.00, 0.00, 0.00, 0.19, 1.35, 0.53, 0.71, 0.37, 0.69, 0.01, 0.00, 0.00, 1.00, 1.00, 0.00, 0.00, 0.00, 0.00, 0.00, 0.00, 1.00, 1.00, 1.00, 0.00, 1.00, 0.00, 0.00, 0.00
25,  0,  0.800,  0.98,  1, 0.00, 0.02, 1.19, 0.00, 0.00, 1.15, 0.00, 0.00, 0.00, 0.00, 0.32, 1.22, 0.36, 0.64, 0.39, 0.69, 0.01, 0.00, 0.00, 1.00, 1.00, 0.00, 0.00, 0.00, 0.00, 0.00, 0.00, 1.00, 1.00, 1.00, 0.00, 1.00, 0.00, 0.00, 0.00
26,  0,  0.833,  0.98,  1, 0.00, 0.00, 1.15, 0.00, 0.00, 0.97, 0.00, 0.00, 0.00, 0.00, 0.32, 0.95, 0.25, 0.67, 0.74, 0.88, 0.01, 0.00, 0.00, 1.00, 1.00, 0.00, 0.00, 0.00, 0.00, 0.00, 0.00, 1.00, 1.00, 1.00, 0.00, 1.00, 0.00, 0.00, 0.00
27,  0,  0.867,  0.98,  1, 0.00, 0.00, 1.19, 0.00, 0.00, 0.88, 0.00, 0.00, 0.00, 0.00, 0.56, 0.94, 0.21, 0.52, 0.84, 0.97, 0.00, 0.00, 0.00, 1.00, 1.00, 0.00, 0.00, 0.00, 0.00, 0.00, 0.00, 1.00, 0.00, 1.00, 0.00, 1.00, 0.00, 0.00, 0.00
28,  0,  0.900,  0.98,  1, 0.00, 0.00, 1.23, 0.00, 0.00, 1.02, 0.00, 0.00, 0.00, 0.00, 0.38, 0.81, 0.36, 0.44, 1.07, 0.90, 0.00, 0.00, 0.00, 1.00, 1.00, 0.00, 0.00, 0.00, 0.00, 0.00, 0.00, 1.00, 0.00, 1.00, 0.00, 1.00, 0.00, 0.00, 0.00
29,  0,  0.933,  0.98,  1, 0.00, 0.00, 1.27, 0.00, 0.00, 1.18, 0.00, 0.00, 0.00, 0.00, 0.38, 0.71, 0.34, 0.30, 0.79, 0.73, 0.00, 0.00, 0.00, 1.00, 1.00, 0.00, 0.00, 0.00, 0.00, 0.00, 0.00, 1.00, 0.00, 1.00, 0.00, 1.00, 0.00, 0.00, 0.00
30,  0,  0.967,  0.98,  1, 0.00, 0.00, 1.24, 0.00, 0.00, 1.22, 0.00, 0.00, 0.00, 0.00, 0.02, 0.56, 0.24, 0.28, 0.65, 0.57, 0.00, 0.00, 0.00, 1.00, 1.00, 0.00, 0.00, 0.00, 0.00, 0.00, 0.00, 1.00, 0.00, 1.00, 0.00, 1.00, 0.00, 0.00, 0.00
31,  0,  1.000,  0.98,  1, 0.00, 0.00, 1.27, 0.00, 0.00, 0.98, 0.00, 0.00, 0.00, 0.00, 0.02, 0.50, 0.20, 0.27, 0.67, 0.55, 0.00, 0.00, 0.00, 1.00, 1.00, 0.00, 0.00, 0.00, 0.00, 0.00, 0.00, 1.00, 0.00, 1.00, 0.00, 1.00, 0.00, 0.00, 0.00
32,  0,  1.033,  0.98,  1, 0.00, 0.00, 1.16, 0.00, 0.00, 0.70, 0.00, 0.00, 0.00, 0.00, 0.05, 0.56, 0.21, 0.18, 0.58, 0.56, 0.01, 0.00, 0.00, 1.00, 1.00, 0.00, 0.00, 0.00, 0.00, 0.00, 0.00, 1.00, 0.00, 1.00, 0.00, 0.00, 0.00, 0.00, 0.00
33,  0,  1.067,  0.98,  1, 0.01, 0.00, 1.26, 0.00, 0.00, 0.68, 0.00, 0.00, 0.00, 0.00, 0.05, 0.54, 0.25, 0.18, 0.60, 0.62, 0.06, 0.00, 0.00, 1.00, 1.00, 0.00, 0.00, 0.00, 0.00, 0.00, 0.00, 0.00, 0.00, 1.00, 0.00, 0.00, 0.00, 0.00, 0.00
34,  0,  1.100,  0.98,  1, 0.07, 0.00, 1.32, 0.00, 0.00, 0.65, 0.00, 0.00, 0.00, 0.00, 0.05, 0.45, 0.26, 0.09, 0.41, 0.85, 0.06, 0.00, 0.00, 1.00, 1.00, 0.00, 0.00, 0.00, 0.00, 0.00, 0.00, 0.00, 0.00, 0.00, 0.00, 0.00, 0.00, 0.00, 0.00
35,  0,  1.133,  0.98,  1, 0.13, 0.00, 1.36, 0.00, 0.00, 0.77, 0.00, 0.00, 0.00, 0.00, 0.02, 0.46, 0.16, 0.12, 0.49, 0.87, 0.05, 0.00, 0.00, 1.00, 1.00, 0.00, 0.00, 0.00, 0.00, 0.00, 0.00, 0.00, 0.00, 0.00, 0.00, 0.00, 0.00, 0.00, 0.00
36,  0,  1.167,  0.98,  1, 0.14, 0.00, 1.19, 0.00, 0.00, 0.92, 0.00, 0.00, 0.00, 0.00, 0.00, 0.51, 0.12, 0.03, 0.26, 0.61, 0.00, 0.00, 0.00, 1.00, 1.00, 0.00, 0.00, 0.00, 0.00, 0.00, 0.00, 0.00, 0.00, 0.00, 0.00, 0.00, 0.00, 0.00, 0.00
37,  0,  1.200,  0.98,  1, 0.19, 0.00, 1.03, 0.00, 0.00, 0.99, 0.00, 0.00, 0.00, 0.00, 0.08, 0.67, 0.07, 0.10, 0.29, 0.35, 0.00, 0.00, 0.00, 1.00, 1.00, 0.00, 0.00, 0.00, 0.00, 0.00, 0.00, 1.00, 0.00, 0.00, 0.00, 0.00, 0.00, 0.00, 0.00
38,  0,  1.233,  0.98,  1, 0.21, 0.00, 1.04, 0.00, 0.00, 1.05, 0.00, 0.00, 0.00, 0.00, 0.08, 0.68, 0.10, 0.07, 0.15, 0.25, 0.02, 0.00, 0.00, 1.00, 1.00, 0.00, 0.00, 0.00, 0.00, 0.00, 0.00, 1.00, 0.00, 0.00, 0.00, 0.00, 0.00, 0.00, 0.00
39,  0,  1.267,  0.98,  1, 0.25, 0.00, 1.10, 0.00, 0.00, 0.99, 0.00, 0.00, 0.00, 0.00, 0.08, 0.79, 0.10, 0.08, 0.16, 0.43, 0.06, 0.00, 0.00, 1.00, 1.00, 0.00, 0.00, 0.00, 0.00, 0.00, 0.00, 1.00, 0.00, 0.00, 0.00, 0.00, 0.00, 0.00, 0.00
40,  0,  1.300,  0.98,  1, 0.17, 0.00, 1.14, 0.00, 0.00, 1.00, 0.00, 0.00, 0.00, 0.00, 0.00, 0.81, 0.20, 0.01, 0.06, 0.32, 0.05, 0.00, 0.00, 1.00, 1.00, 0.00, 0.00, 0.00, 0.00, 0.00, 0.00, 1.00, 0.00, 1.00, 0.00, 0.00, 0.00, 0.00, 0.00
41,  0,  1.333,  0.98,  1, 0.16, 0.00, 1.08, 0.00, 0.00, 0.89, 0.00, 0.00, 0.00, 0.00, 0.00, 0.66, 0.29, 0.00, 0.09, 0.23, 0.04, 0.00, 0.00, 1.00, 1.00, 0.00, 0.00, 0.00, 0.00, 0.00, 0.00, 1.00, 0.00, 1.00, 0.00, 0.00, 0.00, 0.00, 0.00
42,  0,  1.367,  0.98,  1, 0.18, 0.03, 1.04, 0.00, 0.00, 0.86, 0.00, 0.00, 0.00, 0.00, 0.00, 0.60, 0.41, 0.00, 0.10, 0.04, 0.03, 0.00, 0.00, 1.00, 1.00, 0.00, 0.00, 0.00, 0.00, 0.00, 0.00, 1.00, 0.00, 1.00, 0.00, 0.00, 0.00, 0.00, 0.00
43,  0,  1.400,  0.98,  1, 0.19, 0.03, 1.09, 0.00, 0.00, 0.90, 0.00, 0.00, 0.00, 0.00, 0.00, 0.44, 0.27, 0.03, 0.17, 0.04, 0.03, 0.00, 0.00, 1.00, 1.00, 0.00, 0.00, 0.00, 0.00, 0.00, 0.00, 1.00, 0.00, 1.00, 0.00, 0.00, 0.00, 0.00, 0.00
44,  0,  1.433,  0.98,  1, 0.16, 0.09, 1.13, 0.00, 0.00, 0.93, 0.00, 0.00, 0.00, 0.00, 0.00, 0.37, 0.15, 0.04, 0.24, 0.10, 0.03, 0.00, 0.00, 1.00, 1.00, 0.00, 0.00, 0.00, 0.00, 0.00, 0.00, 1.00, 0.00, 1.00, 0.00, 0.00, 0.00, 0.00, 0.00
45,  0,  1.467,  0.98,  1, 0.12, 0.06, 1.16, 0.00, 0.00, 0.93, 0.00, 0.00, 0.00, 0.00, 0.00, 0.29, 0.10, 0.07, 0.34, 0.20, 0.00, 0.00, 0.00, 1.00, 1.00, 0.00, 0.00, 0.00, 0.00, 0.00, 0.00, 1.00, 0.00, 1.00, 0.00, 0.00, 0.00, 0.00, 0.00
46,  0,  1.500,  0.98,  1, 0.13, 0.06, 1.13, 0.00, 0.00, 0.94, 0.00, 0.00, 0.00, 0.00, 0.00, 0.30, 0.08, 0.04, 0.27, 0.24, 0.00, 0.00, 0.00, 1.00, 1.00, 0.00, 0.00, 0.00, 0.00, 0.00, 0.00, 1.00, 0.00, 1.00, 0.00, 0.00, 0.00, 0.00, 0.00
47,  0,  1.533,  0.98,  1, 0.15, 0.00, 1.20, 0.00, 0.00, 1.14, 0.00, 0.00, 0.00, 0.00, 0.00, 0.47, 0.08, 0.06, 0.25, 0.15, 0.00, 0.00, 0.00, 1.00, 1.00, 0.00, 0.00, 0.00, 0.00, 0.00, 0.00, 1.00, 0.00, 1.00, 0.00, 0.00, 0.00, 0.00, 0.00
48,  0,  1.567,  0.98,  1, 0.21, 0.03, 1.23, 0.00, 0.00, 1.33, 0.00, 0.00, 0.00, 0.00, 0.00, 0.53, 0.13, 0.02, 0.29, 0.44, 0.00, 0.00, 0.00, 1.00, 1.00, 0.00, 0.00, 0.00, 0.00, 0.00, 0.00, 1.00, 0.00, 1.00, 0.00, 0.00, 0.00, 0.00, 0.00
49,  0,  1.600,  0.98,  1, 0.16, 0.03, 1.23, 0.00, 0.00, 1.33, 0.00, 0.00, 0.00, 0.00, 0.13, 0.68, 0.24, 0.05, 0.46, 0.81, 0.00, 0.00, 0.00, 1.00, 1.00, 0.00, 0.00, 0.00, 0.00, 0.00, 0.00, 1.00, 1.00, 1.00, 0.00, 0.00, 0.00, 0.00, 0.00
50,  0,  1.633,  0.98,  1, 0.11, 0.03, 1.07, 0.00, 0.00, 1.10, 0.00, 0.00, 0.00, 0.00, 0.13, 0.77, 0.24, 0.03, 0.49, 1.31, 0.00, 0.00, 0.00, 1.00, 1.00, 0.00, 0.00, 0.00, 0.00, 0.00, 0.00, 1.00, 1.00, 1.00, 1.00, 0.00, 0.00, 0.00, 0.00
51,  0,  1.667,  0.98,  1, 0.01, 0.00, 0.94, 0.00, 0.00, 0.90, 0.00, 0.00, 0.00, 0.00, 0.13, 0.86, 0.12, 0.03, 0.43, 1.27, 0.00, 1.00, 0.00, 1.00, 1.00, 0.00, 0.00, 0.00, 0.00, 0.00, 0.00, 1.00, 1.00, 1.00, 1.00, 0.00, 0.00, 0.00, 0.00
52,  0,  1.700,  0.98,  1, 0.07, 0.00, 0.86, 0.00, 0.00, 0.85, 0.00, 0.00, 0.00, 0.00, 0.18, 1.09, 0.10, 0.08, 0.27, 1.29, 0.00, 0.00, 0.00, 1.00, 1.00, 0.00, 0.00, 0.00, 0.00, 0.00, 0.00, 1.00, 1.00, 1.00, 1.00, 0.00, 0.00, 0.00, 0.00
53,  0,  1.733,  0.98,  1, 0.18, 0.04, 0.85, 0.00, 0.00, 0.87, 0.00, 0.00, 0.00, 0.00, 0.41, 1.13, 0.20, 0.10, 0.25, 0.96, 0.00, 0.00, 0.00, 1.00, 1.00, 0.00, 0.00, 0.00, 0.00, 0.00, 0.00, 1.00, 1.00, 1.00, 1.00, 0.00, 0.00, 0.00, 0.00
54,  0,  1.767,  0.98,  1, 0.20, 0.04, 0.85, 0.00, 0.00, 0.79, 0.00, 0.00, 0.00, 0.00, 0.52, 1.18, 0.26, 0.15, 0.19, 0.86, 0.00, 0.00, 0.00, 1.00, 1.00, 0.00, 0.00, 0.00, 0.00, 0.00, 0.00, 1.00, 1.00, 1.00, 1.00, 0.00, 0.00, 0.00, 0.00
55,  0,  1.800,  0.98,  1, 0.14, 0.06, 0.80, 0.00, 0.00, 0.80, 0.00, 0.00, 0.00, 0.00, 0.35, 0.71, 0.18, 0.14, 0.37, 0.43, 0.06, 0.00, 0.00, 1.00, 1.00, 0.00, 0.00, 0.00, 0.00, 0.00, 0.00, 1.00, 1.00, 1.00, 0.00, 0.00, 0.00, 0.00, 0.00
56,  0,  1.833,  0.98,  1, 0.03, 0.02, 0.73, 0.00, 0.00, 0.69, 0.00, 0.00, 0.00, 0.00, 0.11, 0.58, 0.35, 0.12, 0.42, 0.43, 0.13, 0.00, 0.00, 1.00, 1.00, 0.00, 0.00, 0.00, 0.00, 0.00, 0.00, 1.00, 1.00, 1.00, 0.00, 0.00, 0.00, 0.00, 0.00
57,  0,  1.867,  0.98,  1, 0.00, 0.02, 0.72, 0.00, 0.00, 0.77, 0.00, 0.00, 0.00, 0.00, 0.06, 0.51, 0.27, 0.18, 0.45, 0.18, 0.21, 0.00, 0.00, 1.00, 1.00, 0.00, 0.00, 0.00, 0.00, 0.00, 0.00, 1.00, 1.00, 1.00, 0.00, 0.00, 0.00, 0.00, 0.00
58,  0,  1.900,  0.93,  1, 0.00, 0.00, 0.76, 0.00, 0.00, 0.74, 0.00, 0.00, 0.00, 0.00, 0.06, 0.53, 0.33, 0.13, 0.42, 0.33, 0.15, 0.00, 0.00, 1.00, 1.00, 0.00, 0.00, 0.00, 0.00, 0.00, 0.00, 1.00, 1.00, 1.00, 1.00, 0.00, 0.00, 0.00, 0.00
59,  0,  1.933,  0.98,  1, 0.00, 0.00, 0.92, 0.00, 0.00, 0.90, 0.00, 0.00, 0.00, 0.00, 0.06, 0.62, 0.05, 0.24, 0.38, 0.21, 0.08, 0.00, 0.00, 1.00, 1.00, 0.00, 0.00, 0.00, 0.00, 0.00, 0.00, 1.00, 0.00, 1.00, 1.00, 0.00, 0.00, 0.00, 0.00
60,  0,  1.967,  0.98,  1, 0.00, 0.00, 0.95, 0.00, 0.00, 0.94, 0.00, 0.00, 0.00, 0.00, 0.00, 0.64, 0.12, 0.32, 0.41, 0.28, 0.00, 0.00, 0.00, 1.00, 1.00, 0.00, 0.00, 0.00, 0.00, 0.00, 0.00, 1.00, 0.00, 1.00, 1.00, 0.00, 0.00, 0.00, 0.00
61,  0,  2.000,  0.98,  1, 0.00, 0.00, 0.99, 0.00, 0.00, 1.04, 0.00, 0.00, 0.00, 0.00, 0.00, 0.70, 0.09, 0.42, 0.41, 0.22, 0.00, 0.00, 0.00, 1.00, 1.00, 0.00, 0.00, 0.00, 0.00, 0.00, 0.00, 1.00, 0.00, 1.00, 1.00, 0.00, 0.00, 0.00, 0.00
62,  0,  2.033,  0.98,  1, 0.00, 0.00, 0.93, 0.00, 0.00, 1.00, 0.00, 0.00, 0.00, 0.00, 0.00, 0.60, 0.09, 0.40, 0.44, 0.16, 0.00, 0.00, 0.00, 1.00, 1.00, 0.00, 0.00, 0.00, 0.00, 0.00, 0.00, 1.00, 0.00, 1.00, 1.00, 0.00, 0.00, 0.00, 0.00
63,  0,  2.067,  0.98,  1, 0.00, 0.00, 0.93, 0.00, 0.00, 0.91, 0.00, 0.00, 0.00, 0.00, 0.00, 0.59, 0.03, 0.36, 0.34, 0.09, 0.00, 0.00, 0.00, 1.00, 1.00, 0.00, 0.00, 0.00, 0.00, 0.00, 0.00, 1.00, 0.00, 1.00, 1.00, 0.00, 0.00, 0.00, 0.00
64,  0,  2.100,  0.98,  1, 0.00, 0.00, 0.81, 0.00, 0.00, 0.76, 0.00, 0.00, 0.00, 0.00, 0.00, 0.68, 0.00, 0.39, 0.37, 0.04, 0.00, 0.00, 0.00, 1.00, 1.00, 0.00, 0.00, 0.00, 0.00, 0.00, 0.00, 1.00, 0.00, 1.00, 1.00, 0.00, 0.00, 0.00, 0.00
65,  0,  2.133,  0.98,  1, 0.00, 0.00, 0.76, 0.00, 0.00, 0.72, 0.00, 0.00, 0.00, 0.00, 0.00, 0.72, 0.10, 0.44, 0.35, 0.29, 0.00, 0.00, 0.00, 1.00, 1.00, 0.00, 0.00, 0.00, 0.00, 0.00, 0.00, 1.00, 0.00, 1.00, 1.00, 0.00, 0.00, 0.00, 0.00
66,  0,  2.167,  0.98,  1, 0.00, 0.00, 0.67, 0.00, 0.00, 0.62, 0.00, 0.00, 0.00, 0.00, 0.00, 0.69, 0.18, 0.43, 0.61, 0.54, 0.00, 0.00, 0.00, 1.00, 1.00, 0.00, 0.00, 0.00, 0.00, 0.00, 0.00, 1.00, 0.00, 1.00, 1.00, 0.00, 0.00, 0.00, 0.00
67,  0,  2.200,  0.98,  1, 0.00, 0.00, 0.70, 0.00, 0.00, 0.62, 0.00, 0.00, 0.00, 0.00, 0.00, 0.81, 0.24, 0.47, 0.63, 0.65, 0.00, 0.00, 0.00, 1.00, 1.00, 0.00, 0.00, 0.00, 0.00, 0.00, 0.00, 1.00, 0.00, 1.00, 1.00, 0.00, 0.00, 0.00, 0.00
68,  0,  2.233,  0.98,  1, 0.00, 0.00, 0.75, 0.00, 0.00, 0.56, 0.00, 0.00, 0.00, 0.00, 0.00, 0.88, 0.21, 0.50, 0.71, 0.40, 0.00, 0.00, 0.00, 1.00, 1.00, 0.00, 0.00, 0.00, 0.00, 0.00, 0.00, 1.00, 0.00, 1.00, 1.00, 0.00, 0.00, 0.00, 0.00
69,  0,  2.267,  0.98,  1, 0.00, 0.00, 0.78, 0.00, 0.00, 0.65, 0.00, 0.00, 0.00, 0.00, 0.00, 0.93, 0.30, 0.52, 0.61, 0.62, 0.00, 0.00, 0.00, 1.00, 1.00, 0.00, 0.00, 0.00, 0.00, 0.00, 0.00, 1.00, 0.00, 1.00, 1.00, 0.00, 0.00, 0.00, 0.00
70,  0,  2.300,  0.98,  1, 0.00, 0.00, 0.81, 0.00, 0.00, 0.74, 0.00, 0.00, 0.00, 0.00, 0.00, 0.81, 0.46, 0.47, 0.68, 0.86, 0.00, 0.00, 0.00, 1.00, 1.00, 0.00, 0.00, 0.00, 0.00, 0.00, 0.00, 1.00, 0.00, 1.00, 1.00, 0.00, 0.00, 0.00, 0.00
71,  0,  2.333,  0.98,  1, 0.00, 0.00, 0.78, 0.00, 0.00, 0.88, 0.00, 0.00, 0.00, 0.00, 0.00, 0.90, 0.58, 0.53, 0.65, 1.12, 0.00, 0.00, 0.00, 1.00, 1.00, 0.00, 0.00, 0.00, 0.00, 0.00, 0.00, 1.00, 0.00, 1.00, 1.00, 0.00, 0.00, 0.00, 0.00
72,  0,  2.367,  0.98,  1, 0.00, 0.00, 0.98, 0.00, 0.00, 0.85, 0.00, 0.00, 0.00, 0.00, 0.00, 1.03, 0.41, 0.55, 0.61, 1.02, 0.00, 0.00, 0.00, 1.00, 1.00, 0.00, 0.00, 0.00, 0.00, 0.00, 0.00, 1.00, 0.00, 1.00, 1.00, 0.00, 0.00, 0.00, 0.00
73,  0,  2.400,  0.98,  1, 0.00, 0.00, 1.23, 0.00, 0.00, 0.89, 0.00, 0.00, 0.00, 0.00, 0.00, 1.28, 0.19, 0.56, 0.52, 1.02, 0.00, 0.00, 0.00, 1.00, 1.00, 0.00, 0.00, 0.00, 0.00, 0.00, 0.00, 1.00, 1.00, 1.00, 1.00, 0.00, 0.00, 0.00, 0.00
74,  0,  2.433,  0.98,  1, 0.02, 0.00, 1.52, 0.00, 0.00, 0.79, 0.00, 0.00, 0.00, 0.00, 0.00, 1.56, 0.00, 0.44, 0.35, 1.03, 0.00, 0.00, 0.00, 1.00, 1.00, 0.00, 0.00, 0.00, 0.00, 0.00, 0.00, 1.00, 1.00, 0.00, 0.00, 0.00, 0.00, 0.00, 0.00
75,  0,  2.467,  0.98,  1, 0.02, 0.00, 1.60, 0.00, 0.00, 0.94, 0.00, 0.00, 0.00, 0.00, 0.00, 1.63, 0.07, 0.37, 0.28, 0.96, 0.00, 0.00, 0.00, 1.00, 1.00, 0.00, 0.00, 0.00, 0.00, 0.00, 0.00, 0.00, 1.00, 0.00, 0.00, 0.00, 0.00, 0.00, 0.00
76,  0,  2.500,  0.98,  1, 0.02, 0.00, 1.63, 0.00, 0.00, 1.04, 0.00, 0.00, 0.00, 0.00, 0.09, 1.55, 0.31, 0.20, 0.16, 0.75, 0.00, 0.00, 0.00, 1.00, 1.00, 0.00, 0.00, 0.00, 0.00, 0.00, 0.00, 0.00, 1.00, 0.00, 0.00, 0.00, 0.00, 0.00, 0.00
77,  0,  2.533,  0.98,  1, 0.00, 0.00, 1.59, 0.09, 0.00, 1.09, 0.00, 0.00, 0.00, 0.00, 0.09, 1.30, 0.31, 0.16, 0.23, 0.68, 0.00, 0.00, 0.00, 1.00, 1.00, 0.00, 0.00, 0.00, 0.00, 0.00, 0.00, 0.00, 1.00, 0.00, 0.00, 0.00, 0.00, 0.00, 0.00
78,  0,  2.567,  0.98,  1, 0.00, 0.00, 1.46, 0.11, 0.00, 1.09, 0.00, 0.00, 0.00, 0.00, 0.09, 1.25, 0.29, 0.10, 0.22, 0.66, 0.00, 0.00, 0.00, 1.00, 1.00, 0.00, 0.00, 0.00, 0.00, 0.00, 0.00, 0.00, 1.00, 0.00, 0.00, 0.00, 0.00, 0.00, 0.00
79,  0,  2.600,  0.98,  1, 0.02, 0.00, 1.41, 0.25, 0.00, 0.89, 0.00, 0.00, 0.00, 0.00, 0.00, 1.15, 0.16, 0.20, 0.38, 0.64, 0.01, 0.00, 0.00, 1.00, 1.00, 0.00, 0.00, 0.00, 0.00, 0.00, 0.00, 0.00, 1.00, 0.00, 0.00, 1.00, 0.00, 0.00, 0.00
80,  0,  2.633,  0.98,  1, 0.02, 0.00, 1.39, 0.17, 0.00, 1.04, 0.00, 0.00, 0.00, 0.00, 0.00, 1.05, 0.35, 0.13, 0.45, 0.62, 0.07, 0.00, 0.00, 1.00, 1.00, 0.00, 0.00, 0.00, 0.00, 0.00, 0.00, 0.00, 1.00, 0.00, 0.00, 1.00, 0.00, 0.00, 0.00
81,  0,  2.667,  0.98,  1, 0.03, 0.00, 1.46, 0.14, 0.00, 0.96, 0.00, 0.00, 0.00, 0.00, 0.00, 0.97, 0.39, 0.11, 0.60, 0.48, 0.17, 0.00, 0.00, 1.00, 1.00, 0.00, 0.00, 0.00, 0.00, 0.00, 0.00, 0.00, 0.00, 0.00, 0.00, 1.00, 0.00, 0.00, 0.00
82,  0,  2.700,  0.98,  1, 0.04, 0.00, 1.51, 0.00, 0.00, 1.12, 0.00, 0.00, 0.00, 0.00, 0.00, 0.98, 0.58, 0.01, 0.54, 0.37, 0.31, 0.00, 0.00, 1.00, 1.00, 0.00, 0.00, 0.00, 0.00, 0.00, 0.00, 0.00, 0.00, 0.00, 0.00, 1.00, 0.00, 0.00, 0.00
83,  0,  2.733,  0.98,  1, 0.09, 0.00, 1.50, 0.00, 0.00, 1.09, 0.00, 0.00, 0.00, 0.00, 0.00, 0.93, 0.39, 0.01, 0.45, 0.37, 0.25, 0.00, 0.00, 1.00, 1.00, 0.00, 0.00, 0.00, 0.00, 0.00, 0.00, 0.00, 0.00, 0.00, 0.00, 0.00, 0.00, 0.00, 0.00
84,  0,  2.767,  0.98,  1, 0.08, 0.00, 1.35, 0.00, 0.00, 0.95, 0.00, 0.00, 0.00, 0.00, 0.00, 0.78, 0.33, 0.00, 0.24, 0.65, 0.15, 0.00, 0.00, 1.00, 1.00, 0.00, 0.00, 0.00, 0.00, 0.00, 0.00, 0.00, 0.00, 0.00, 0.00, 0.00, 0.00, 0.00, 0.00
85,  0,  2.800,  0.98,  1, 0.06, 0.00, 1.13, 0.00, 0.00, 0.73, 0.00, 0.00, 0.00, 0.00, 0.00, 0.77, 0.02, 0.02, 0.18, 0.93, 0.00, 0.00, 0.00, 1.00, 1.00, 0.00, 0.00, 0.00, 0.00, 0.00, 0.00, 0.00, 0.00, 0.00, 0.00, 0.00, 0.00, 0.00, 0.00
86,  0,  2.833,  0.98,  1, 0.00, 0.00, 1.01, 0.00, 0.00, 0.50, 0.00, 0.00, 0.00, 0.00, 0.00, 0.74, 0.02, 0.05, 0.23, 1.01, 0.00, 0.00, 0.00, 1.00, 1.00, 0.00, 0.00, 0.00, 0.00, 0.00, 0.00, 0.00, 0.00, 0.00, 0.00, 0.00, 0.00, 0.00, 0.00
87,  0,  2.867,  0.98,  1, 0.00, 0.00, 1.04, 0.00, 0.00, 0.50, 0.00, 0.00, 0.00, 0.00, 0.00, 0.79, 0.00, 0.09, 0.34, 1.00, 0.00, 0.00, 0.00, 1.00, 1.00, 0.00, 0.00, 0.00, 0.00, 0.00, 0.00, 0.00, 1.00, 0.00, 0.00, 0.00, 0.00, 0.00, 0.00
88,  0,  2.900,  0.98,  1, 0.00, 0.00, 1.00, 0.00, 0.00, 0.51, 0.00, 0.00, 0.00, 0.00, 0.00, 0.68, 0.00, 0.07, 0.29, 0.85, 0.00, 0.00, 0.00, 1.00, 1.00, 0.00, 0.00, 0.00, 0.00, 0.00, 0.00, 0.00, 1.00, 0.00, 0.00, 0.00, 0.00, 0.00, 0.00
89,  0,  2.933,  0.98,  1, 0.00, 0.00, 0.98, 0.00, 0.00, 0.64, 0.00, 0.00, 0.00, 0.00, 0.00, 0.74, 0.00, 0.05, 0.21, 0.97, 0.00, 0.00, 0.00, 1.00, 1.00, 0.00, 0.00, 0.00, 0.00, 0.00, 0.00, 0.00, 1.00, 0.00, 0.00, 0.00, 0.00, 0.00, 0.00
90,  0,  2.967,  0.98,  1, 0.00, 0.00, 0.99, 0.00, 0.00, 0.77, 0.00, 0.00, 0.00, 0.00, 0.00, 0.84, 0.00, 0.01, 0.07, 0.88, 0.00, 0.00, 0.00, 1.00, 1.00, 0.00, 0.00, 0.00, 0.00, 0.00, 0.00, 0.00, 1.00, 0.00, 0.00, 0.00, 0.00, 0.00, 0.00
91,  0,  3.000,  0.98,  1, 0.00, 0.00, 0.96, 0.00, 0.00, 0.78, 0.00, 0.00, 0.00, 0.00, 0.00, 0.97, 0.07, 0.00, 0.20, 1.08, 0.00, 0.00, 0.00, 1.00, 1.00, 0.00, 0.00, 0.00, 0.00, 0.00, 0.00, 0.00, 1.00, 0.00, 0.00, 0.00, 0.00, 0.00, 0.00
92,  0,  3.033,  0.98,  1, 0.00, 0.00, 0.91, 0.00, 0.00, 0.57, 0.00, 0.00, 0.00, 0.00, 0.00, 0.92, 0.07, 0.00, 0.25, 0.83, 0.00, 0.00, 0.00, 1.00, 1.00, 0.00, 0.00, 0.00, 0.00, 0.00, 0.00, 0.00, 1.00, 0.00, 0.00, 0.00, 0.00, 0.00, 0.00
93,  0,  3.067,  0.98,  1, 0.00, 0.00, 0.79, 0.02, 0.00, 0.43, 0.00, 0.00, 0.00, 0.00, 0.00, 0.78, 0.07, 0.00, 0.36, 0.49, 0.00, 0.00, 0.00, 1.00, 1.00, 0.00, 0.00, 0.00, 0.00, 0.00, 0.00, 0.00, 1.00, 0.00, 0.00, 0.00, 1.00, 0.00, 0.00
94,  0,  3.100,  0.98,  1, 0.00, 0.00, 0.81, 0.02, 0.00, 0.46, 0.00, 0.00, 0.00, 0.00, 0.00, 0.78, 0.00, 0.00, 0.32, 0.37, 0.04, 0.00, 0.00, 1.00, 1.00, 0.00, 0.00, 0.00, 0.00, 0.00, 0.00, 0.00, 1.00, 0.00, 0.00, 0.00, 1.00, 0.00, 0.00
95,  0,  3.133,  0.98,  1, 0.00, 0.00, 0.86, 0.02, 0.00, 0.56, 0.00, 0.00, 0.00, 0.00, 0.13, 0.85, 0.00, 0.00, 0.29, 0.38, 0.05, 0.00, 0.00, 1.00, 1.00, 0.00, 0.00, 0.00, 0.00, 0.00, 0.00, 0.00, 1.00, 0.00, 0.00, 0.00, 1.00, 0.00, 0.00
96,  0,  3.167,  0.98,  1, 0.00, 0.00, 1.02, 0.00, 0.00, 0.53, 0.00, 0.00, 0.00, 0.00, 0.17, 0.90, 0.00, 0.03, 0.41, 0.71, 0.05, 0.00, 0.00, 1.00, 1.00, 0.00, 0.00, 0.00, 0.00, 0.00, 0.00, 0.00, 1.00, 0.00, 0.00, 0.00, 1.00, 0.00, 0.00
97,  0,  3.200,  0.98,  1, 0.00, 0.00, 1.05, 0.00, 0.00, 0.48, 0.00, 0.00, 0.00, 0.00, 0.17, 0.77, 0.06, 0.05, 0.47, 0.74, 0.01, 0.00, 0.00, 1.00, 1.00, 0.00, 0.00, 0.00, 0.00, 0.00, 0.00, 0.00, 1.00, 0.00, 0.00, 0.00, 1.00, 0.00, 0.00
98,  0,  3.233,  0.98,  1, 0.00, 0.00, 1.09, 0.00, 0.00, 0.41, 0.00, 0.00, 0.00, 0.00, 0.03, 0.63, 0.13, 0.10, 0.63, 0.85, 0.00, 0.00, 0.00, 1.00, 1.00, 0.00, 0.00, 0.00, 0.00, 0.00, 0.00, 0.00, 1.00, 0.00, 0.00, 0.00, 1.00, 0.00, 0.00
99,  0,  3.267,  0.98,  1, 0.00, 0.00, 1.08, 0.00, 0.00, 0.33, 0.00, 0.00, 0.00, 0.00, 0.05, 0.78, 0.13, 0.09, 0.59, 0.70, 0.00, 0.00, 0.00, 1.00, 1.00, 0.00, 0.00, 0.00, 0.00, 0.00, 0.00, 0.00, 1.00, 0.00, 0.00, 0.00, 1.00, 0.00, 0.00
100,  0,  3.300,  0.98,  1, 0.00, 0.00, 1.12, 0.00, 0.00, 0.37, 0.00, 0.00, 0.00, 0.00, 0.06, 0.99, 0.07, 0.12, 0.53, 0.67, 0.00, 0.00, 0.00, 1.00, 1.00, 0.00, 0.00, 0.00, 0.00, 0.00, 0.00, 0.00, 1.00, 1.00, 0.00, 0.00, 1.00, 0.00, 0.00
101,  0,  3.333,  0.98,  1, 0.00, 0.00, 1.06, 0.00, 0.00, 0.42, 0.00, 0.00, 0.00, 0.00, 0.06, 1.17, 0.02, 0.10, 0.39, 0.72, 0.00, 0.00, 0.00, 1.00, 1.00, 0.00, 0.00, 0.00, 0.00, 0.00, 0.00, 0.00, 1.00, 1.00, 0.00, 0.00, 1.00, 0.00, 0.00
102,  0,  3.367,  0.98,  1, 0.00, 0.00, 1.05, 0.00, 0.00, 0.60, 0.00, 0.00, 0.00, 0.00, 0.07, 1.24, 0.03, 0.15, 0.20, 1.04, 0.00, 0.00, 0.00, 1.00, 1.00, 0.00, 0.00, 0.00, 0.00, 0.00, 0.00, 1.00, 1.00, 1.00, 0.00, 0.00, 1.00, 0.00, 0.00
103,  0,  3.400,  0.98,  1, 0.03, 0.00, 1.07, 0.00, 0.00, 0.51, 0.00, 0.00, 0.00, 0.00, 0.08, 1.18, 0.25, 0.19, 0.20, 1.18, 0.00, 0.00, 0.00, 1.00, 1.00, 0.00, 0.00, 0.00, 0.00, 0.00, 0.00, 1.00, 1.00, 1.00, 0.00, 0.00, 1.00, 0.00, 0.00
104,  0,  3.433,  0.98,  1, 0.08, 0.00, 1.14, 0.00, 0.00, 0.69, 0.00, 0.00, 0.00, 0.00, 0.13, 1.09, 0.40, 0.19, 0.30, 1.10, 0.00, 0.00, 0.00, 1.00, 1.00, 0.00, 0.00, 0.00, 0.00, 0.00, 0.00, 1.00, 1.00, 1.00, 0.00, 0.00, 1.00, 0.00, 0.00
105,  0,  3.467,  0.98,  1, 0.08, 0.00, 1.10, 0.00, 0.00, 0.80, 0.00, 0.00, 0.00, 0.00, 0.07, 0.89, 0.46, 0.12, 0.48, 0.79, 0.00, 0.00, 0.00, 1.00, 1.00, 0.00, 0.00, 0.00, 0.00, 0.00, 0.00, 1.00, 1.00, 1.00, 0.00, 0.00, 1.00, 0.00, 0.00
106,  0,  3.500,  0.98,  1, 0.05, 0.00, 1.04, 0.00, 0.00, 0.95, 0.00, 0.00, 0.00, 0.00, 0.04, 0.79, 0.36, 0.03, 0.59, 0.57, 0.00, 0.00, 0.00, 1.00, 1.00, 0.00, 0.00, 0.00, 0.00, 0.00, 0.00, 1.00, 1.00, 0.00, 0.00, 0.00, 1.00, 0.00, 0.00
107,  0,  3.533,  0.98,  1, 0.04, 0.00, 0.98, 0.00, 0.00, 0.87, 0.00, 0.00, 0.00, 0.00, 0.00, 0.73, 0.25, 0.00, 0.67, 0.51, 0.00, 0.00, 0.00, 1.00, 1.00, 0.00, 0.00, 0.00, 0.00, 0.00, 0.00, 1.00, 1.00, 0.00, 0.00, 0.00, 1.00, 0.00, 0.00
108,  0,  3.567,  0.98,  1, 0.04, 0.00, 1.10, 0.00, 0.00, 0.90, 0.00, 0.00, 0.00, 0.00, 0.00, 0.88, 0.27, 0.08, 0.56, 0.57, 0.00, 0.00, 0.00, 1.00, 1.00, 0.00, 0.00, 0.00, 0.00, 0.00, 0.00, 1.00, 1.00, 0.00, 0.00, 0.00, 1.00, 0.00, 0.00
109,  0,  3.600,  0.98,  1, 0.04, 0.00, 1.12, 0.00, 0.00, 0.94, 0.00, 0.00, 0.00, 0.00, 0.00, 1.12, 0.22, 0.16, 0.47, 0.80, 0.00, 0.00, 0.00, 1.00, 1.00, 0.00, 0.00, 0.00, 0.00, 0.00, 0.00, 1.00, 1.00, 0.00, 0.00, 0.00, 1.00, 0.00, 0.00
110,  0,  3.633,  0.98,  1, 0.00, 0.00, 1.21, 0.00, 0.00, 1.05, 0.00, 0.00, 0.00, 0.00, 0.00, 1.26, 0.26, 0.21, 0.38, 0.81, 0.00, 0.00, 0.00, 1.00, 1.00, 0.00, 0.00, 0.00, 0.00, 0.00, 0.00, 1.00, 1.00, 0.00, 0.00, 0.00, 1.00, 0.00, 0.00
111,  0,  3.667,  0.98,  1, 0.00, 0.00, 1.09, 0.00, 0.00, 1.02, 0.00, 0.00, 0.00, 0.00, 0.00, 1.29, 0.32, 0.23, 0.44, 0.67, 0.00, 0.00, 0.00, 1.00, 1.00, 0.00, 0.00, 0.00, 0.00, 0.00, 0.00, 1.00, 1.00, 0.00, 0.00, 0.00, 1.00, 0.00, 0.00
112,  0,  3.700,  0.98,  1, 0.00, 0.00, 1.15, 0.00, 0.00, 0.99, 0.00, 0.00, 0.00, 0.00, 0.00, 1.27, 0.37, 0.24, 0.39, 0.42, 0.00, 0.00, 0.00, 1.00, 1.00, 0.00, 0.00, 0.00, 0.00, 0.00, 0.00, 1.00, 1.00, 0.00, 0.00, 0.00, 1.00, 0.00, 0.00
113,  0,  3.733,  0.98,  1, 0.00, 0.00, 1.06, 0.00, 0.00, 1.05, 0.00, 0.00, 0.00, 0.00, 0.05, 1.50, 0.39, 0.28, 0.39, 0.49, 0.00, 0.00, 0.00, 1.00, 1.00, 0.00, 0.00, 0.00, 0.00, 0.00, 0.00, 0.00, 1.00, 0.00, 0.00, 0.00, 1.00, 0.00, 0.00
114,  0,  3.767,  0.98,  1, 0.00, 0.00, 1.06, 0.00, 0.00, 1.09, 0.00, 0.00, 0.00, 0.00, 0.06, 1.53, 0.26, 0.24, 0.34, 0.44, 0.00, 0.00, 0.00, 1.00, 1.00, 0.00, 0.00, 0.00, 0.00, 0.00, 0.00, 0.00, 1.00, 0.00, 0.00, 0.00, 1.00, 0.00, 0.00
115,  0,  3.800,  0.98,  1, 0.03, 0.00, 0.90, 0.00, 0.00, 1.28, 0.00, 0.00, 0.00, 0.00, 0.06, 1.34, 0.19, 0.20, 0.47, 0.30, 0.00, 0.00, 0.00, 1.00, 1.00, 0.00, 0.00, 0.00, 0.00, 0.00, 0.00, 0.00, 1.00, 0.00, 0.00, 0.00, 1.00, 0.00, 0.00
116,  0,  3.833,  0.98,  1, 0.03, 0.00, 0.82, 0.00, 0.00, 1.45, 0.00, 0.00, 0.00, 0.00, 0.02, 1.21, 0.07, 0.15, 0.54, 0.25, 0.00, 0.00, 0.00, 1.00, 1.00, 0.00, 0.00, 0.00, 0.00, 0.00, 0.00, 0.00, 1.00, 0.00, 0.00, 1.00, 1.00, 0.00, 0.00
117,  0,  3.867,  0.98,  1, 0.03, 0.04, 0.71, 0.00, 0.00, 1.85, 0.00, 0.00, 0.00, 0.00, 0.00, 1.17, 0.05, 0.17, 0.86, 0.71, 0.00, 0.00, 0.00, 1.00, 1.00, 0.00, 0.00, 0.00, 0.00, 0.00, 0.00, 0.00, 1.00, 0.00, 0.00, 1.00, 1.00, 0.00, 0.00
118,  0,  3.900,  0.98,  1, 0.00, 0.04, 1.05, 0.00, 0.00, 2.16, 0.00, 0.00, 0.00, 0.00, 0.00, 1.16, 0.00, 0.11, 1.24, 0.92, 0.16, 0.00, 0.00, 1.00, 1.00, 0.00, 1.00, 0.00, 0.00, 0.00, 0.00, 0.00, 1.00, 0.00, 0.00, 1.00, 0.00, 0.00, 0.00
119,  0,  3.933,  0.98,  1, 0.00, 0.04, 1.40, 0.00, 0.00, 2.24, 0.00, 0.00, 0.00, 0.00, 0.00, 0.93, 0.00, 0.07, 1.55, 0.74, 0.33, 0.00, 0.00, 1.00, 0.00, 0.00, 1.00, 0.00, 0.00, 0.00, 0.00, 0.00, 1.00, 0.00, 0.00, 1.00, 0.00, 0.00, 0.00
120,  0,  3.967,  0.93,  1, 0.00, 0.01, 1.69, 0.00, 0.00, 2.14, 0.17, 0.00, 0.00, 0.09, 0.00, 0.61, 0.00, 0.00, 1.78, 0.30, 0.33, 0.00, 0.00, 1.00, 0.00, 0.00, 1.00, 0.00, 0.00, 0.00, 0.00, 0.00, 1.00, 0.00, 0.00, 1.00, 0.00, 0.00, 0.00
121,  0,  4.000,  0.88,  1, 0.00, 0.27, 1.29, 0.00, 0.11, 1.80, 0.25, 0.03, 0.00, 0.21, 0.28, 0.39, 0.00, 0.00, 1.91, 0.08, 0.17, 0.00, 0.00, 1.00, 0.00, 0.00, 1.00, 0.00, 0.00, 0.00, 0.00, 0.00, 1.00, 0.00, 0.00, 1.00, 0.00, 0.00, 0.00
122,  0,  4.033,  0.82,  1, 0.00, 0.46, 1.05, 0.00, 0.16, 1.54, 0.39, 0.20, 0.00, 0.55, 0.47, 0.19, 0.00, 0.00, 2.03, 0.34, 0.00, 0.00, 0.00, 1.00, 0.00, 0.00, 1.00, 0.00, 0.00, 0.00, 0.00, 0.00, 0.00, 0.00, 0.00, 1.00, 0.00, 0.00, 1.00
123,  0,  4.067,  0.88,  1, 0.00, 0.49, 0.98, 0.00, 0.16, 1.23, 0.56, 0.34, 0.00, 0.63, 0.74, 0.16, 0.00, 0.00, 1.78, 0.39, 0.00, 0.00, 0.00, 1.00, 0.00, 0.00, 1.00, 0.00, 0.00, 0.00, 0.00, 0.00, 0.00, 0.00, 0.00, 1.00, 0.00, 0.00, 1.00
124,  0,  4.100,  0.88,  1, 0.00, 0.24, 1.24, 0.00, 0.05, 1.00, 0.90, 0.46, 0.00, 0.55, 0.52, 0.14, 0.00, 0.00, 1.49, 0.45, 0.00, 0.00, 0.00, 1.00, 0.00, 0.00, 0.00, 1.00, 0.00, 0.00, 0.00, 0.00, 0.00, 0.00, 0.00, 1.00, 0.00, 0.00, 0.00
125,  0,  4.133,  0.98,  1, 0.00, 0.08, 1.29, 0.00, 0.00, 0.85, 1.11, 0.44, 0.00, 0.37, 0.36, 0.24, 0.00, 0.00, 1.33, 0.28, 0.00, 0.00, 0.00, 1.00, 0.00, 0.00, 0.00, 1.00, 0.00, 0.00, 0.00, 0.00, 0.00, 0.00, 0.00, 1.00, 0.00, 0.00, 0.00
126,  0,  4.167,  0.98,  1, 0.00, 0.04, 1.29, 0.00, 0.00, 0.85, 1.14, 0.45, 0.00, 0.31, 0.09, 0.30, 0.00, 0.02, 1.50, 0.26, 0.00, 0.00, 0.00, 1.00, 0.00, 0.00, 0.00, 1.00, 0.00, 0.00, 0.00, 0.00, 0.00, 0.00, 0.00, 1.00, 0.00, 0.00, 0.00
127,  0,  4.200,  0.98,  1, 0.00, 0.04, 1.29, 0.12, 0.00, 0.96, 1.14, 0.45, 0.00, 0.28, 0.05, 0.41, 0.00, 0.02, 1.54, 0.27, 0.00, 0.00, 0.00, 1.00, 0.00, 0.00, 0.00, 1.00, 0.00, 0.00, 0.00, 1.00, 0.00, 0.00, 0.00, 1.00, 0.00, 0.00, 0.00
128,  0,  4.233,  0.88,  1, 0.00, 0.12, 1.54, 0.16, 0.00, 1.15, 1.17, 0.45, 0.00, 0.20, 0.05, 0.44, 0.00, 0.04, 1.39, 0.20, 0.00, 0.00, 0.00, 1.00, 0.00, 0.00, 0.00, 1.00, 0.00, 0.00, 0.00, 1.00, 0.00, 0.00, 0.00, 1.00, 0.00, 0.00, 0.00
129,  0,  4.267,  0.98,  1, 0.00, 0.12, 1.61, 0.24, 0.00, 1.18, 1.09, 0.47, 0.00, 0.33, 0.07, 0.57, 0.00, 0.05, 1.25, 0.08, 0.00, 0.00, 0.00, 1.00, 0.00, 0.00, 0.00, 1.00, 0.00, 0.00, 0.00, 1.00, 0.00, 0.00, 0.00, 1.00, 0.00, 0.00, 0.00
130,  0,  4.300,  0.93,  1, 0.00, 0.12, 1.71, 0.22, 0.00, 1.35, 0.98, 0.51, 0.00, 0.64, 0.19, 0.54, 0.00, 0.05, 1.18, 0.02, 0.00, 0.00, 0.00, 1.00, 0.00, 0.00, 0.00, 1.00, 0.00, 0.00, 0.00, 1.00, 0.00, 0.00, 0.00, 1.00, 0.00, 0.00, 0.00
131,  0,  4.333,  0.98,  1, 0.00, 0.00, 1.57, 0.31, 0.00, 1.38, 0.86, 0.49, 0.00, 0.77, 0.40, 0.51, 0.00, 0.04, 1.35, 0.00, 0.00, 0.00, 0.00, 1.00, 0.00, 0.00, 0.00, 1.00, 0.00, 0.00, 0.00, 1.00, 0.00, 0.00, 0.00, 1.00, 0.00, 0.00, 0.00
132,  0,  4.367,  0.98,  1, 0.00, 0.00, 1.62, 0.30, 0.00, 1.44, 0.92, 0.51, 0.00, 1.05, 0.60, 0.47, 0.00, 0.00, 1.30, 0.19, 0.00, 0.00, 0.00, 1.00, 0.00, 0.00, 0.00, 1.00, 0.00, 0.00, 0.00, 1.00, 0.00, 0.00, 0.00, 1.00, 0.00, 0.00, 0.00
133,  0,  4.400,  0.88,  1, 0.00, 0.00, 1.71, 0.40, 0.00, 1.37, 0.92, 0.48, 0.00, 1.16, 0.84, 0.49, 0.00, 0.00, 1.34, 0.22, 0.00, 0.00, 0.00, 1.00, 0.00, 0.00, 0.00, 1.00, 0.00, 0.00, 0.00, 1.00, 0.00, 0.00, 0.00, 1.00, 0.00, 0.00, 0.00
134,  0,  4.433,  0.88,  1, 0.00, 0.00, 1.81, 0.40, 0.00, 1.34, 0.96, 0.55, 0.00, 1.40, 0.88, 0.59, 0.00, 0.00, 1.42, 0.41, 0.00, 0.00, 0.00, 1.00, 0.00, 0.00, 0.00, 1.00, 0.00, 0.00, 0.00, 1.00, 0.00, 0.00, 0.00, 1.00, 0.00, 0.00, 0.00
135,  0,  4.467,  0.88,  1, 0.00, 0.00, 1.74, 0.49, 0.00, 1.23, 0.93, 0.60, 0.00, 1.43, 0.80, 0.58, 0.00, 0.00, 1.64, 0.40, 0.00, 0.00, 0.00, 1.00, 0.00, 0.00, 0.00, 1.00, 0.00, 0.00, 0.00, 1.00, 0.00, 0.00, 0.00, 1.00, 0.00, 0.00, 0.00
136,  0,  4.500,  0.88,  1, 0.00, 0.00, 1.73, 0.52, 0.00, 1.26, 0.92, 0.67, 0.00, 1.47, 0.72, 0.69, 0.00, 0.00, 1.60, 0.52, 0.00, 0.00, 0.00, 1.00, 0.00, 0.00, 0.00, 1.00, 0.00, 0.00, 0.00, 1.00, 0.00, 0.00, 0.00, 1.00, 0.00, 0.00, 0.00
137,  0,  4.533,  0.88,  1, 0.00, 0.00, 1.73, 0.58, 0.00, 1.28, 0.94, 0.70, 0.00, 1.54, 0.72, 0.71, 0.00, 0.00, 1.39, 0.52, 0.00, 0.00, 0.00, 1.00, 0.00, 0.00, 0.00, 1.00, 0.00, 0.00, 0.00, 1.00, 1.00, 0.00, 0.00, 1.00, 0.00, 0.00, 0.00
138,  0,  4.567,  0.88,  1, 0.00, 0.00, 1.77, 0.78, 0.00, 1.26, 0.92, 0.70, 0.00, 1.52, 0.83, 0.75, 0.00, 0.00, 1.14, 0.48, 0.00, 0.00, 0.00, 1.00, 0.00, 0.00, 0.00, 1.00, 0.00, 0.00, 0.00, 1.00, 1.00, 0.00, 0.00, 1.00, 0.00, 0.00, 0.00
139,  0,  4.600,  0.88,  1, 0.00, 0.00, 1.68, 0.77, 0.00, 1.16, 1.00, 0.64, 0.00, 1.64, 0.66, 0.75, 0.00, 0.00, 1.24, 0.46, 0.00, 0.00, 0.00, 1.00, 0.00, 0.00, 0.00, 1.00, 0.00, 0.00, 0.00, 1.00, 1.00, 0.00, 0.00, 1.00, 0.00, 0.00, 0.00
140,  0,  4.633,  0.88,  1, 0.00, 0.00, 1.53, 0.93, 0.00, 0.96, 0.89, 0.52, 0.00, 1.57, 0.55, 0.78, 0.00, 0.00, 1.42, 0.45, 0.00, 0.00, 0.00, 1.00, 0.00, 0.00, 0.00, 1.00, 0.00, 0.00, 0.00, 1.00, 1.00, 0.00, 0.00, 1.00, 0.00, 0.00, 0.00
141,  0,  4.667,  0.88,  1, 0.00, 0.00, 1.46, 0.93, 0.00, 0.98, 0.78, 0.35, 0.00, 1.51, 0.42, 0.69, 0.00, 0.01, 1.70, 0.32, 0.00, 0.00, 0.00, 1.00, 0.00, 0.00, 0.00, 1.00, 0.00, 0.00, 0.00, 1.00, 0.00, 0.00, 0.00, 1.00, 0.00, 0.00, 0.00
142,  0,  4.700,  0.88,  1, 0.00, 0.00, 1.41, 1.04, 0.00, 0.87, 0.56, 0.21, 0.00, 1.27, 0.38, 0.49, 0.00, 0.01, 1.73, 0.19, 0.00, 0.00, 0.00, 1.00, 0.00, 0.00, 0.00, 1.00, 0.00, 0.00, 0.00, 1.00, 0.00, 0.00, 0.00, 1.00, 0.00, 0.00, 0.00
143,  0,  4.733,  0.88,  1, 0.00, 0.00, 1.50, 1.02, 0.00, 0.99, 0.37, 0.12, 0.00, 0.93, 0.21, 0.23, 0.00, 0.03, 1.67, 0.02, 0.00, 0.00, 0.00, 1.00, 0.00, 0.00, 0.00, 0.00, 0.00, 0.00, 0.00, 1.00, 0.00, 0.00, 0.00, 1.00, 0.00, 0.00, 0.00
144,  0,  4.767,  0.88,  1, 0.00, 0.00, 1.46, 0.67, 0.00, 1.37, 0.19, 0.07, 0.00, 0.48, 0.10, 0.07, 0.00, 0.01, 1.57, 0.00, 0.00, 0.00, 0.00, 1.00, 0.00, 0.00, 0.00, 0.00, 0.00, 0.00, 0.00, 1.00, 0.00, 0.00, 0.00, 1.00, 0.00, 0.00, 0.00
145,  0,  4.800,  0.88,  1, 0.00, 0.03, 1.64, 0.52, 0.00, 1.71, 0.03, 0.01, 0.00, 0.15, 0.00, 0.02, 0.00, 0.11, 1.45, 0.17, 0.00, 0.00, 0.00, 1.00, 0.00, 0.00, 0.00, 0.00, 0.00, 0.00, 0.00, 0.00, 0.00, 0.00, 0.00, 1.00, 0.00, 0.00, 0.00
146,  0,  4.833,  0.88,  1, 0.00, 0.03, 1.61, 0.25, 0.00, 1.94, 0.00, 0.00, 0.00, 0.03, 0.00, 0.00, 0.04, 0.23, 1.44, 0.17, 0.00, 0.00, 0.00, 1.00, 0.00, 0.00, 0.00, 0.00, 0.00, 0.00, 0.00, 0.00, 0.00, 1.00, 0.00, 1.00, 0.00, 0.00, 0.00
147,  0,  4.867,  0.98,  1, 0.00, 0.03, 1.74, 0.25, 0.00, 2.08, 0.00, 0.00, 0.00, 0.02, 0.00, 0.07, 0.42, 0.26, 1.12, 0.17, 0.00, 0.00, 0.00, 1.00, 0.00, 0.00, 0.00, 0.00, 0.00, 0.00, 0.00, 0.00, 0.00, 1.00, 0.00, 1.00, 0.00, 0.00, 0.00
148,  0,  4.900,  0.98,  1, 0.00, 0.00, 1.45, 0.06, 0.00, 2.02, 0.00, 0.00, 0.00, 0.00, 0.00, 0.23, 0.93, 0.17, 0.88, 0.00, 0.00, 0.00, 0.00, 1.00, 1.00, 0.00, 0.00, 0.00, 0.00, 0.00, 0.00, 0.00, 0.00, 1.00, 0.00, 0.00, 0.00, 0.00, 0.00
149,  0,  4.933,  0.98,  1, 0.00, 0.00, 1.16, 0.00, 0.00, 1.59, 0.00, 0.00, 0.00, 0.00, 0.00, 0.51, 1.06, 0.03, 0.58, 0.23, 0.00, 0.00, 0.00, 1.00, 1.00, 0.00, 0.00, 0.00, 0.00, 0.00, 0.00, 0.00, 0.00, 1.00, 0.00, 0.00, 0.00, 0.00, 0.00
150,  0,  4.967,  0.98,  1, 0.00, 0.00, 0.81, 0.00, 0.00, 1.01, 0.00, 0.00, 0.00, 0.00, 0.00, 0.63, 0.83, 0.00, 0.63, 0.64, 0.00, 0.00, 0.00, 1.00, 1.00, 0.00, 0.00, 0.00, 0.00, 0.00, 0.00, 0.00, 0.00, 1.00, 0.00, 0.00, 0.00, 0.00, 0.00
151,  0,  5.000,  0.88,  1, 0.00, 0.00, 0.78, 0.00, 0.00, 0.66, 0.00, 0.20, 0.00, 0.00, 0.00, 0.76, 0.64, 0.00, 0.68, 1.43, 0.00, 0.00, 0.00, 1.00, 0.00, 0.00, 0.00, 0.00, 0.00, 0.00, 0.00, 0.00, 0.00, 1.00, 0.00, 0.00, 0.00, 0.00, 0.00
152,  0,  5.033,  0.88,  1, 0.00, 0.00, 0.80, 0.00, 0.00, 0.48, 0.03, 0.41, 0.00, 0.00, 0.26, 0.59, 0.91, 0.00, 0.67, 1.70, 0.00, 0.00, 0.00, 1.00, 0.00, 0.00, 0.00, 0.00, 0.00, 0.00, 0.00, 0.00, 0.00, 1.00, 0.00, 0.00, 0.00, 0.00, 0.00
153,  0,  5.067,  0.88,  1, 0.00, 0.00, 0.81, 0.00, 0.00, 0.20, 0.13, 0.76, 0.00, 0.00, 1.00, 0.54, 0.96, 0.00, 0.71, 1.58, 0.00, 0.00, 0.00, 1.00, 0.00, 0.00, 0.00, 0.00, 0.00, 0.00, 0.00, 0.00, 0.00, 1.00, 0.00, 0.00, 0.00, 0.00, 0.00
154,  0,  5.100,  0.98,  1, 0.00, 0.00, 0.89, 0.00, 0.00, 0.01, 0.13, 0.78, 0.00, 0.00, 1.76, 0.26, 0.78, 0.00, 0.65, 1.02, 0.00, 0.00, 0.00, 1.00, 0.00, 0.00, 0.00, 0.00, 0.00, 0.00, 0.00, 0.00, 0.00, 0.00, 0.00, 0.00, 0.00, 0.00, 0.00
155,  0,  5.133,  0.98,  1, 0.00, 0.00, 1.08, 0.00, 0.00, 0.00, 0.17, 0.94, 0.00, 0.00, 2.30, 0.15, 0.78, 0.00, 0.45, 0.64, 0.00, 0.00, 0.00, 1.00, 0.00, 0.00, 0.00, 0.00, 0.00, 0.00, 0.00, 0.00, 0.00, 0.00, 1.00, 0.00, 0.00, 0.00, 0.00
156,  0,  5.167,  0.98,  1, 0.00, 0.00, 1.39, 0.00, 0.00, 0.00, 0.29, 0.80, 0.00, 0.00, 2.40, 0.00, 0.71, 0.00, 0.28, 0.37, 0.00, 0.00, 0.00, 1.00, 0.00, 0.00, 0.00, 0.00, 0.00, 0.00, 0.00, 0.00, 0.00, 0.00, 1.00, 0.00, 0.00, 0.00, 0.00
157,  0,  5.200,  0.88,  1, 0.00, 0.00, 1.60, 0.00, 0.00, 0.00, 0.37, 0.76, 0.00, 0.00, 2.92, 0.00, 0.68, 0.00, 0.19, 0.13, 0.00, 0.00, 0.00, 1.00, 1.00, 0.00, 0.00, 0.00, 0.00, 0.00, 0.00, 1.00, 0.00, 0.00, 1.00, 0.00, 0.00, 0.00, 0.00
158,  0,  5.233,  0.88,  1, 0.00, 0.00, 1.73, 0.00, 0.08, 0.00, 0.47, 0.59, 0.00, 0.00, 2.22, 0.00, 0.24, 0.00, 0.32, 0.00, 0.00, 0.00, 0.00, 1.00, 1.00, 0.00, 0.00, 0.00, 0.00, 0.00, 0.00, 0.00, 0.00, 0.00, 1.00, 0.00, 0.00, 0.00, 0.00
159,  0,  5.267,  0.88,  1, 0.00, 0.00, 1.90, 0.00, 0.13, 0.00, 0.49, 0.63, 0.00, 0.00, 1.43, 0.00, 0.13, 0.00, 0.22, 0.01, 0.00, 0.00, 0.00, 1.00, 1.00, 0.00, 0.00, 0.00, 0.00, 0.00, 0.00, 0.00, 0.00, 0.00, 1.00, 0.00, 0.00, 0.00, 0.00
160,  0,  5.300,  0.88,  1, 0.00, 0.00, 1.98, 0.00, 0.23, 0.00, 0.62, 0.70, 0.00, 0.00, 0.17, 0.00, 0.00, 0.00, 0.24, 0.01, 0.00, 0.00, 0.00, 1.00, 1.00, 0.00, 0.00, 0.00, 0.00, 0.00, 0.00, 0.00, 0.00, 0.00, 1.00, 0.00, 0.00, 0.00, 0.00
161,  0,  5.333,  0.88,  1, 0.00, 0.00, 1.95, 0.00, 0.26, 0.00, 0.59, 0.82, 0.00, 0.00, 0.29, 0.00, 0.00, 0.00, 0.29, 0.01, 0.00, 0.00, 0.00, 1.00, 1.00, 0.00, 0.00, 0.00, 0.00, 0.00, 0.00, 0.00, 0.00, 0.00, 1.00, 0.00, 0.00, 0.00, 0.00
162,  0,  5.367,  0.88,  1, 0.00, 0.00, 1.78, 0.00, 0.39, 0.00, 0.53, 0.88, 0.00, 0.00, 0.23, 0.00, 0.00, 0.00, 0.51, 0.00, 0.00, 0.00, 0.00, 1.00, 1.00, 0.00, 0.00, 0.00, 0.00, 0.00, 0.00, 0.00, 0.00, 0.00, 0.00, 0.00, 0.00, 0.00, 0.00
163,  0,  5.400,  0.88,  1, 0.00, 0.00, 1.81, 0.00, 0.33, 0.01, 0.47, 0.95, 0.00, 0.00, 0.21, 0.00, 0.04, 0.00, 0.57, 0.05, 0.00, 0.00, 0.00, 1.00, 1.00, 0.00, 0.00, 0.00, 0.00, 0.00, 0.00, 0.00, 0.00, 0.00, 0.00, 0.00, 0.00, 0.00, 0.00
164,  0,  5.433,  0.88,  1, 0.00, 0.00, 1.96, 0.00, 0.21, 0.01, 0.34, 0.99, 0.00, 0.00, 0.68, 0.00, 0.04, 0.00, 0.76, 0.05, 0.00, 0.00, 0.00, 1.00, 1.00, 0.00, 0.00, 0.00, 0.00, 0.00, 0.00, 0.00, 0.00, 0.00, 0.00, 0.00, 0.00, 0.00, 0.00
165,  0,  5.467,  0.88,  1, 0.00, 0.00, 2.09, 0.00, 0.03, 0.01, 0.16, 0.91, 0.00, 0.00, 1.23, 0.00, 0.18, 0.00, 0.79, 0.05, 0.00, 0.00, 0.00, 1.00, 1.00, 0.00, 0.00, 0.00, 0.00, 0.00, 0.00, 0.00, 0.00, 0.00, 0.00, 0.00, 0.00, 0.00, 0.00
166,  0,  5.500,  0.88,  1, 0.00, 0.00, 2.06, 0.00, 0.00, 0.10, 0.00, 0.68, 0.00, 0.00, 1.88, 0.00, 0.23, 0.00, 0.95, 0.00, 0.01, 0.00, 0.00, 1.00, 0.00, 0.00, 0.00, 0.00, 0.00, 0.00, 0.00, 0.00, 0.00, 0.00, 0.00, 0.00, 0.00, 0.00, 0.00
167,  0,  5.533,  0.88,  1, 0.00, 0.00, 1.86, 0.00, 0.00, 0.10, 0.00, 0.31, 0.00, 0.00, 1.61, 0.00, 0.26, 0.00, 0.94, 0.00, 0.01, 0.00, 0.00, 1.00, 0.00, 0.00, 0.00, 0.00, 0.00, 0.00, 0.00, 0.00, 0.00, 0.00, 1.00, 0.00, 0.00, 0.00, 0.00
168,  0,  5.567,  0.88,  1, 0.00, 0.00, 1.54, 0.00, 0.00, 0.10, 0.00, 0.09, 0.00, 0.00, 2.73, 0.30, 0.12, 0.00, 0.71, 0.00, 0.01, 0.00, 0.00, 1.00, 0.00, 0.00, 0.00, 0.00, 0.00, 0.00, 0.00, 0.00, 0.00, 0.00, 1.00, 0.00, 0.00, 0.00, 0.00
169,  0,  5.600,  0.88,  1, 0.00, 0.00, 1.31, 0.00, 0.00, 0.00, 0.00, 0.00, 0.00, 0.00, 3.59, 0.43, 0.03, 0.00, 0.45, 0.00, 0.00, 0.00, 0.00, 1.00, 0.00, 0.00, 0.00, 0.00, 0.00, 0.00, 0.00, 0.00, 0.00, 0.00, 1.00, 0.00, 0.00, 0.00, 0.00
170,  0,  5.633,  0.88,  1, 0.00, 0.00, 1.30, 0.00, 0.00, 0.00, 0.05, 0.00, 0.00, 0.00, 3.73, 0.46, 0.00, 0.00, 0.31, 0.09, 0.02, 0.00, 0.00, 1.00, 0.00, 0.00, 0.00, 0.00, 0.00, 0.00, 0.00, 0.00, 0.00, 0.00, 1.00, 0.00, 0.00, 0.00, 0.00
171,  0,  5.667,  0.88,  1, 0.00, 0.00, 1.47, 0.00, 0.00, 0.00, 0.06, 0.21, 0.00, 0.00, 2.29, 0.29, 0.00, 0.00, 0.65, 0.25, 0.20, 0.00, 0.00, 1.00, 0.00, 0.00, 0.00, 0.00, 0.00, 0.00, 0.00, 0.00, 0.00, 0.00, 1.00, 0.00, 0.00, 0.00, 0.00
172,  0,  5.700,  0.88,  1, 0.00, 0.00, 1.60, 0.00, 0.00, 0.10, 0.11, 0.21, 0.00, 0.00, 2.45, 0.19, 0.00, 0.00, 0.57, 0.25, 0.31, 0.00, 0.00, 1.00, 0.00, 0.00, 0.00, 0.00, 0.00, 0.00, 0.00, 0.00, 0.00, 0.00, 1.00, 0.00, 0.00, 0.00, 0.00
173,  0,  5.733,  0.88,  1, 0.00, 0.00, 1.50, 0.00, 0.00, 0.10, 0.09, 0.22, 0.00, 0.00, 3.35, 0.17, 0.00, 0.00, 0.40, 0.16, 0.29, 0.00, 0.00, 1.00, 0.00, 0.00, 0.00, 0.00, 0.00, 0.00, 0.00, 0.00, 0.00, 0.00, 1.00, 0.00, 0.00, 0.00, 0.00
174,  0,  5.767,  0.88,  1, 0.00, 0.00, 1.51, 0.00, 0.00, 0.14, 0.12, 0.09, 0.00, 0.00, 4.36, 0.13, 0.00, 0.00, 0.28, 0.00, 0.19, 0.00, 0.00, 1.00, 0.00, 0.00, 0.00, 0.00, 0.00, 0.00, 0.00, 0.00, 0.00, 0.00, 1.00, 0.00, 0.00, 0.00, 0.00
175,  0,  5.800,  0.88,  1, 0.00, 0.00, 1.44, 0.00, 0.00, 0.05, 0.13, 0.12, 0.00, 0.00, 4.02, 0.16, 0.00, 0.00, 0.56, 0.00, 0.09, 0.00, 0.00, 1.00, 0.00, 0.00, 0.00, 0.00, 0.00, 0.00, 0.00, 0.00, 0.00, 0.00, 1.00, 0.00, 0.00, 0.00, 0.00
176,  0,  5.833,  0.88,  1, 0.00, 0.00, 1.55, 0.00, 0.00, 0.05, 0.09, 0.34, 0.00, 0.00, 3.89, 0.43, 0.00, 0.00, 0.84, 0.01, 0.09, 0.00, 0.00, 1.00, 0.00, 0.00, 0.00, 0.00, 0.00, 0.00, 0.00, 0.00, 0.00, 0.00, 1.00, 0.00, 0.00, 0.00, 0.00
177,  0,  5.867,  0.88,  1, 0.00, 0.00, 1.58, 0.00, 0.00, 0.06, 0.06, 0.55, 0.00, 0.00, 3.39, 0.52, 0.00, 0.00, 0.99, 0.05, 0.01, 0.00, 0.00, 1.00, 0.00, 0.00, 0.00, 0.00, 0.00, 0.00, 0.00, 0.00, 0.00, 0.00, 1.00, 0.00, 0.00, 0.00, 0.00
178,  0,  5.900,  0.88,  1, 0.00, 0.00, 1.68, 0.00, 0.00, 0.20, 0.00, 0.52, 0.00, 0.00, 3.62, 0.50, 0.00, 0.00, 0.96, 0.05, 0.00, 0.00, 0.00, 1.00, 0.00, 0.00, 0.00, 0.00, 0.00, 0.00, 0.00, 0.00, 0.00, 0.00, 1.00, 0.00, 0.00, 0.00, 0.00
179,  0,  5.933,  0.88,  1, 0.00, 0.00, 1.77, 0.00, 0.00, 0.23, 0.00, 0.50, 0.00, 0.00, 2.95, 0.35, 0.00, 0.00, 1.04, 0.10, 0.00, 0.00, 0.00, 1.00, 0.00, 0.00, 0.00, 0.00, 0.00, 0.00, 0.00, 0.00, 0.00, 0.00, 1.00, 0.00, 0.00, 0.00, 0.00
180,  0,  5.967,  0.88,  1, 0.00, 0.00, 1.86, 0.00, 0.00, 0.32, 0.00, 0.41, 0.00, 0.00, 2.49, 0.33, 0.00, 0.00, 1.26, 0.17, 0.00, 0.00, 0.00, 1.00, 0.00, 0.00, 0.00, 0.00, 0.00, 0.00, 0.00, 0.00, 0.00, 0.00, 1.00, 0.00, 0.00, 0.00, 0.00
181,  0,  6.000,  0.88,  1, 0.00, 0.00, 1.86, 0.00, 0.00, 0.34, 0.00, 0.67, 0.00, 0.00, 0.99, 0.52, 0.00, 0.00, 1.57, 0.29, 0.00, 0.00, 0.00, 1.00, 0.00, 0.00, 0.00, 0.00, 0.00, 0.00, 0.00, 0.00, 0.00, 0.00, 1.00, 0.00, 0.00, 0.00, 0.00
182,  0,  6.033,  0.88,  1, 0.00, 0.00, 1.85, 0.00, 0.00, 0.47, 0.00, 0.45, 0.00, 0.00, 1.69, 0.40, 0.01, 0.00, 1.68, 0.23, 0.00, 0.00, 0.00, 1.00, 0.00, 0.00, 0.00, 0.00, 0.00, 0.00, 0.00, 0.00, 0.00, 0.00, 0.00, 0.00, 0.00, 0.00, 0.00
183,  0,  6.067,  0.88,  1, 0.00, 0.00, 1.85, 0.00, 0.00, 0.60, 0.00, 0.35, 0.00, 0.00, 2.14, 0.45, 0.01, 0.00, 1.68, 0.19, 0.01, 0.00, 0.00, 1.00, 0.00, 0.00, 0.00, 0.00, 0.00, 0.00, 0.00, 0.00, 0.00, 0.00, 0.00, 0.00, 0.00, 0.00, 0.00
184,  0,  6.100,  0.88,  1, 0.00, 0.00, 1.88, 0.00, 0.00, 0.72, 0.00, 0.18, 0.00, 0.00, 2.82, 0.43, 0.11, 0.00, 1.61, 0.33, 0.01, 0.00, 0.00, 1.00, 0.00, 0.00, 0.00, 0.00, 0.00, 0.00, 0.00, 0.00, 0.00, 0.00, 0.00, 0.00, 0.00, 0.00, 0.00
185,  0,  6.133,  0.88,  1, 0.00, 0.00, 1.92, 0.00, 0.00, 0.76, 0.00, 0.31, 0.00, 0.00, 2.00, 0.62, 0.09, 0.00, 1.52, 0.52, 0.01, 0.00, 0.00, 1.00, 0.00, 0.00, 0.00, 0.00, 0.00, 0.00, 0.00, 0.00, 0.00, 0.00, 1.00, 0.00, 0.00, 0.00, 0.00
186,  0,  6.167,  0.88,  1, 0.00, 0.00, 1.97, 0.00, 0.00, 0.62, 0.00, 0.40, 0.00, 0.00, 2.08, 0.58, 0.09, 0.00, 1.09, 0.61, 0.00, 0.00, 0.00, 1.00, 0.00, 0.00, 0.00, 0.00, 0.00, 0.00, 0.00, 0.00, 0.00, 0.00, 1.00, 0.00, 0.00, 0.00, 0.00
187,  0,  6.200,  0.88,  1, 0.00, 0.00, 1.95, 0.00, 0.00, 0.53, 0.00, 0.48, 0.00, 0.00, 1.51, 0.65, 0.00, 0.00, 0.89, 0.57, 0.17, 0.00, 0.00, 1.00, 0.00, 0.00, 0.00, 0.00, 0.00, 0.00, 0.00, 0.00, 0.00, 0.00, 1.00, 0.00, 0.00, 0.00, 0.00
188,  0,  6.233,  0.98,  1, 0.00, 0.00, 2.04, 0.00, 0.00, 0.55, 0.00, 0.58, 0.00, 0.00, 1.18, 0.81, 0.00, 0.00, 0.68, 0.70, 0.26, 0.00, 0.00, 1.00, 0.00, 0.00, 0.00, 0.00, 0.00, 0.00, 0.00, 0.00, 0.00, 0.00, 1.00, 0.00, 0.00, 0.00, 0.00
189,  0,  6.267,  0.98,  1, 0.00, 0.00, 2.07, 0.00, 0.00, 0.66, 0.00, 0.72, 0.00, 0.00, 0.51, 1.10, 0.06, 0.00, 0.97, 0.90, 0.42, 0.00, 0.00, 1.00, 0.00, 0.00, 0.00, 0.00, 0.00, 0.00, 0.00, 0.00, 0.00, 0.00, 1.00, 0.00, 0.00, 0.00, 0.00
190,  0,  6.300,  0.98,  1, 0.00, 0.00, 2.14, 0.00, 0.00, 0.54, 0.00, 0.85, 0.00, 0.00, 0.60, 0.91, 0.09, 0.00, 1.04, 0.84, 0.41, 0.00, 0.00, 1.00, 0.00, 0.00, 0.00, 0.00, 0.00, 0.00, 0.00, 0.00, 0.00, 0.00, 1.00, 0.00, 0.00, 0.00, 0.00
191,  0,  6.333,  0.98,  1, 0.00, 0.00, 2.06, 0.00, 0.00, 0.31, 0.00, 0.95, 0.00, 0.00, 0.41, 1.09, 0.09, 0.00, 1.25, 0.85, 0.40, 0.00, 0.00, 1.00, 0.00, 0.00, 0.00, 0.00, 0.00, 0.00, 0.00, 0.00, 0.00, 0.00, 1.00, 0.00, 0.00, 0.00, 0.00
192,  0,  6.367,  0.98,  1, 0.00, 0.00, 1.98, 0.00, 0.00, 0.09, 0.00, 0.81, 0.00, 0.16, 0.29, 0.63, 0.03, 0.00, 1.58, 0.49, 0.24, 0.00, 0.00, 1.00, 0.00, 0.00, 0.00, 0.00, 0.00, 0.00, 0.00, 0.00, 0.00, 0.00, 1.00, 0.00, 0.00, 0.00, 0.00
193,  0,  6.400,  0.88,  1, 0.00, 0.00, 1.86, 0.00, 0.00, 0.00, 0.00, 0.80, 0.00, 0.16, 0.10, 0.52, 0.00, 0.00, 1.73, 0.33, 0.12, 0.00, 0.00, 1.00, 0.00, 0.00, 0.00, 0.00, 0.00, 0.00, 0.00, 0.00, 0.00, 0.00, 0.00, 0.00, 0.00, 0.00, 0.00
194,  0,  6.433,  0.98,  1, 0.00, 0.00, 1.78, 0.00, 0.00, 0.00, 0.02, 0.75, 0.00, 0.16, 0.13, 0.00, 0.00, 0.00, 1.84, 0.00, 0.13, 0.00, 0.00, 1.00, 0.00, 0.00, 0.00, 0.00, 0.00, 0.00, 0.00, 0.00, 0.00, 0.00, 0.00, 0.00, 0.00, 0.00, 0.00
195,  0,  6.467,  0.88,  1, 0.00, 0.00, 1.76, 0.00, 0.00, 0.00, 0.02, 0.80, 0.00, 0.00, 0.09, 0.00, 0.00, 0.00, 1.67, 0.00, 0.14, 0.00, 0.00, 1.00, 0.00, 0.00, 0.00, 0.00, 0.00, 0.00, 0.00, 0.00, 0.00, 0.00, 0.00, 0.00, 0.00, 0.00, 0.00
196,  0,  6.500,  0.98,  1, 0.00, 0.00, 1.77, 0.00, 0.00, 0.00, 0.02, 0.81, 0.00, 0.00, 0.03, 0.06, 0.00, 0.00, 1.60, 0.00, 0.14, 0.00, 0.00, 1.00, 0.00, 0.00, 0.00, 0.00, 0.00, 0.00, 0.00, 0.00, 0.00, 0.00, 0.00, 0.00, 0.00, 0.00, 0.00
197,  0,  6.533,  0.98,  1, 0.00, 0.00, 1.73, 0.00, 0.00, 0.00, 0.08, 0.81, 0.00, 0.00, 0.20, 0.09, 0.00, 0.00, 1.61, 0.00, 0.04, 0.00, 0.00, 1.00, 0.00, 0.00, 0.00, 0.00, 0.00, 0.00, 0.00, 0.00, 0.00, 0.00, 0.00, 0.00, 0.00, 0.00, 0.00
198,  0,  6.567,  0.98,  1, 0.00, 0.00, 1.71, 0.00, 0.00, 0.00, 0.08, 0.89, 0.00, 0.00, 0.89, 0.09, 0.00, 0.00, 1.59, 0.00, 0.04, 0.00, 0.00, 1.00, 0.00, 0.00, 0.00, 0.00, 0.00, 0.00, 0.00, 0.00, 0.00, 0.00, 0.00, 0.00, 0.00, 0.00, 0.00
199,  0,  6.600,  0.98,  1, 0.00, 0.00, 1.70, 0.00, 0.00, 0.00, 0.12, 0.90, 0.00, 0.00, 1.04, 0.18, 0.11, 0.00, 1.60, 0.00, 0.00, 0.00, 0.00, 1.00, 0.00, 0.00, 0.00, 0.00, 0.00, 0.00, 0.00, 0.00, 0.00, 0.00, 0.00, 0.00, 0.00, 0.00, 0.00
200,  0,  6.633,  0.98,  1, 0.00, 0.00, 1.67, 0.00, 0.00, 0.00, 0.09, 0.73, 0.00, 0.00, 0.84, 0.14, 0.13, 0.00, 1.47, 0.00, 0.00, 0.00, 0.00, 1.00, 0.00, 0.00, 0.00, 0.00, 0.00, 0.00, 0.00, 0.00, 0.00, 0.00, 0.00, 0.00, 0.00, 0.00, 0.00
201,  0,  6.667,  0.88,  1, 0.00, 0.00, 1.64, 0.00, 0.00, 0.00, 0.09, 0.61, 0.00, 0.00, 0.15, 0.14, 0.27, 0.00, 1.29, 0.00, 0.00, 0.00, 0.00, 1.00, 0.00, 0.00, 0.00, 0.00, 0.00, 0.00, 0.00, 0.00, 0.00, 0.00, 0.00, 0.00, 0.00, 0.00, 0.00
202,  0,  6.700,  0.88,  1, 0.00, 0.00, 1.69, 0.00, 0.00, 0.00, 0.04, 0.40, 0.00, 0.00, 0.03, 0.00, 0.22, 0.00, 1.21, 0.00, 0.00, 0.00, 0.00, 1.00, 0.00, 0.00, 0.00, 0.00, 0.00, 0.00, 0.00, 0.00, 0.00, 0.00, 0.00, 0.00, 0.00, 0.00, 0.00
203,  0,  6.733,  0.93,  1, 0.00, 0.00, 1.76, 0.00, 0.00, 0.00, 0.00, 0.64, 0.00, 0.00, 0.44, 0.15, 0.48, 0.00, 1.29, 0.00, 0.00, 0.00, 0.00, 1.00, 0.00, 0.00, 0.00, 0.00, 0.00, 0.00, 0.00, 0.00, 0.00, 0.00, 0.00, 0.00, 0.00, 0.00, 0.00
204,  0,  6.767,  0.88,  1, 0.00, 0.00, 1.87, 0.00, 0.00, 0.00, 0.10, 0.61, 0.00, 0.00, 0.88, 0.40, 0.33, 0.00, 1.24, 0.00, 0.00, 0.00, 0.00, 1.00, 0.00, 0.00, 0.00, 0.00, 0.00, 0.00, 0.00, 0.00, 0.00, 0.00, 0.00, 0.00, 0.00, 0.00, 0.00
205,  0,  6.800,  0.88,  1, 0.00, 0.00, 1.97, 0.00, 0.00, 0.00, 0.10, 0.75, 0.00, 0.00, 1.26, 0.54, 0.28, 0.00, 1.12, 0.00, 0.00, 0.00, 0.00, 1.00, 0.00, 0.00, 0.00, 0.00, 0.00, 0.00, 0.00, 0.00, 0.00, 0.00, 1.00, 0.00, 0.00, 0.00, 0.00
206,  0,  6.833,  0.88,  1, 0.00, 0.00, 2.12, 0.00, 0.00, 0.00, 0.10, 0.66, 0.00, 0.00, 1.26, 0.79, 0.00, 0.00, 0.78, 0.00, 0.00, 0.00, 0.00, 1.00, 0.00, 0.00, 0.00, 0.00, 0.00, 0.00, 0.00, 0.00, 0.00, 0.00, 1.00, 0.00, 0.00, 0.00, 0.00
207,  0,  6.867,  0.88,  1, 0.00, 0.00, 2.12, 0.00, 0.00, 0.00, 0.00, 0.81, 0.00, 0.00, 1.18, 0.86, 0.00, 0.00, 0.61, 0.00, 0.00, 0.00, 0.00, 1.00, 0.00, 0.00, 0.00, 0.00, 0.00, 0.00, 0.00, 0.00, 0.00, 0.00, 1.00, 0.00, 0.00, 0.00, 0.00
208,  0,  6.900,  0.88,  1, 0.00, 0.00, 2.09, 0.00, 0.00, 0.00, 0.00, 0.82, 0.00, 0.00, 1.28, 1.08, 0.00, 0.00, 0.50, 0.00, 0.00, 0.00, 0.00, 1.00, 0.00, 0.00, 0.00, 0.00, 0.00, 0.00, 0.00, 0.00, 0.00, 0.00, 1.00, 0.00, 0.00, 0.00, 0.00
209,  0,  6.933,  0.88,  1, 0.00, 0.00, 2.10, 0.00, 0.01, 0.00, 0.00, 0.89, 0.00, 0.00, 1.26, 1.04, 0.07, 0.00, 0.34, 0.00, 0.00, 0.00, 0.00, 1.00, 0.00, 0.00, 0.00, 0.00, 0.00, 0.00, 0.00, 0.00, 0.00, 0.00, 1.00, 0.00, 0.00, 0.00, 0.00
210,  0,  6.967,  0.88,  1, 0.00, 0.00, 2.10, 0.00, 0.01, 0.00, 0.11, 0.97, 0.00, 0.06, 1.37, 1.05, 0.07, 0.00, 0.39, 0.00, 0.03, 0.00, 0.00, 1.00, 0.00, 0.00, 0.00, 0.00, 0.00, 0.00, 0.00, 0.00, 0.00, 0.00, 1.00, 0.00, 0.00, 0.00, 0.00
211,  0,  7.000,  0.98,  1, 0.00, 0.00, 1.85, 0.00, 0.01, 0.00, 0.39, 0.99, 0.00, 0.06, 0.86, 0.76, 0.07, 0.00, 0.58, 0.16, 0.22, 0.00, 0.00, 1.00, 0.00, 0.00, 0.00, 0.00, 0.00, 0.00, 0.00, 0.00, 0.00, 0.00, 1.00, 0.00, 0.00, 0.00, 0.00
212,  0,  7.033,  0.88,  1, 0.00, 0.00, 1.58, 0.00, 0.00, 0.00, 0.57, 0.82, 0.00, 0.06, 0.47, 0.40, 0.00, 0.00, 0.62, 0.38, 0.31, 0.00, 0.00, 1.00, 0.00, 0.00, 0.00, 0.00, 0.00, 0.00, 0.00, 0.00, 0.00, 0.00, 1.00, 0.00, 0.00, 0.00, 0.00
213,  0,  7.067,  0.88,  1, 0.00, 0.00, 1.28, 0.00, 0.00, 0.00, 0.45, 0.58, 0.00, 0.00, 0.76, 0.07, 0.00, 0.00, 0.92, 0.41, 0.41, 0.00, 0.00, 1.00, 0.00, 0.00, 0.00, 0.00, 0.00, 0.00, 0.00, 0.00, 0.00, 0.00, 1.00, 0.00, 0.00, 0.00, 0.00
214,  0,  7.100,  0.88,  1, 0.00, 0.00, 0.93, 0.00, 0.00, 0.00, 0.17, 0.29, 0.00, 0.00, 1.63, 0.28, 0.00, 0.00, 1.52, 0.27, 0.22, 0.00, 0.00, 1.00, 0.00, 0.00, 0.00, 0.00, 0.00, 0.00, 0.00, 0.00, 0.00, 0.00, 1.00, 0.00, 0.00, 0.00, 0.00
215,  0,  7.133,  0.77,  1, 0.08, 0.00, 0.92, 0.00, 0.00, 0.23, 0.00, 0.13, 0.00, 0.00, 1.61, 0.54, 0.00, 0.00, 1.64, 0.73, 0.30, 0.00, 0.00, 1.00, 0.00, 0.00, 1.00, 0.00, 0.00, 0.00, 0.00, 0.00, 0.00, 0.00, 0.00, 0.00, 0.00, 0.00, 0.00
216,  0,  7.167,  0.98,  1, 0.08, 0.00, 0.56, 0.00, 0.12, 0.99, 0.23, 0.00, 0.00, 0.00, 0.87, 0.54, 0.38, 0.00, 1.83, 0.78, 0.19, 0.00, 0.00, 1.00, 0.00, 0.00, 1.00, 0.00, 0.00, 0.00, 0.00, 0.00, 0.00, 0.00, 0.00, 0.00, 0.00, 0.00, 0.00
217,  0,  7.200,  0.82,  1, 0.08, 0.00, 1.03, 0.02, 0.12, 1.94, 0.36, 0.00, 0.00, 0.00, 0.00, 0.26, 0.38, 0.00, 1.83, 0.85, 0.53, 0.00, 0.00, 1.00, 0.00, 0.00, 1.00, 0.00, 0.00, 0.00, 0.00, 0.00, 0.00, 0.00, 0.00, 1.00, 0.00, 0.00, 0.00
218,  0,  7.233,  0.88,  1, 0.00, 0.00, 1.23, 0.02, 0.14, 2.59, 0.67, 0.00, 0.00, 0.00, 0.16, 0.00, 0.38, 0.00, 2.29, 0.20, 0.35, 0.00, 0.00, 1.00, 0.00, 0.00, 1.00, 0.00, 0.00, 0.00, 0.00, 0.00, 0.00, 0.00, 0.00, 1.00, 0.00, 0.00, 0.00
219,  0,  7.267,  0.88,  1, 0.03, 0.03, 1.68, 0.07, 0.02, 2.47, 0.74, 0.05, 0.00, 0.14, 0.22, 0.01, 0.00, 0.00, 2.28, 0.35, 0.33, 0.00, 0.00, 1.00, 0.00, 0.00, 1.00, 1.00, 0.00, 0.00, 0.00, 0.00, 0.00, 0.00, 0.00, 1.00, 0.00, 0.00, 0.00
220,  0,  7.300,  0.88,  1, 0.03, 0.27, 1.55, 0.09, 0.05, 2.05, 0.98, 0.18, 0.00, 0.49, 0.22, 0.19, 0.00, 0.06, 1.75, 0.43, 0.00, 0.00, 0.00, 1.00, 0.00, 0.00, 1.00, 1.00, 0.00, 0.00, 0.00, 0.00, 0.00, 0.00, 0.00, 1.00, 0.00, 0.00, 0.00
221,  0,  7.333,  0.98,  1, 0.03, 0.27, 1.37, 0.21, 0.04, 1.17, 1.00, 0.18, 0.00, 0.73, 0.06, 0.53, 0.00, 0.21, 1.32, 0.83, 0.00, 0.00, 0.00, 1.00, 0.00, 0.00, 1.00, 1.00, 0.00, 0.00, 0.00, 0.00, 0.00, 0.00, 0.00, 1.00, 0.00, 0.00, 0.00
222,  0,  7.367,  0.88,  1, 0.00, 0.24, 1.37, 0.27, 0.04, 0.53, 1.06, 0.13, 0.00, 0.72, 0.00, 0.80, 0.00, 0.35, 0.88, 0.69, 0.00, 0.00, 0.00, 1.00, 0.00, 0.00, 0.00, 1.00, 0.00, 0.00, 0.00, 0.00, 1.00, 0.00, 0.00, 0.00, 0.00, 0.00, 0.00
223,  0,  7.400,  0.88,  1, 0.00, 0.00, 1.38, 0.22, 0.00, 0.00, 1.10, 0.14, 0.00, 0.38, 0.19, 1.02, 0.00, 0.44, 0.57, 0.53, 0.00, 0.00, 0.00, 1.00, 0.00, 0.00, 0.00, 1.00, 0.00, 0.00, 0.00, 0.00, 1.00, 0.00, 0.00, 0.00, 0.00, 0.00, 0.00
224,  0,  7.433,  0.88,  1, 0.00, 0.00, 1.29, 0.10, 0.00, 0.00, 1.26, 0.29, 0.00, 0.14, 0.29, 1.21, 0.00, 0.60, 0.35, 0.38, 0.00, 0.00, 0.00, 1.00, 0.00, 0.00, 0.00, 1.00, 0.00, 0.00, 0.00, 0.00, 1.00, 0.00, 0.00, 0.00, 0.00, 0.00, 0.00
225,  0,  7.467,  0.88,  1, 0.00, 0.00, 1.20, 0.00, 0.00, 0.00, 1.27, 0.48, 0.00, 0.00, 0.29, 1.31, 0.00, 0.83, 0.14, 0.53, 0.00, 0.00, 0.00, 1.00, 0.00, 0.00, 0.00, 1.00, 0.00, 0.00, 0.00, 0.00, 1.00, 0.00, 0.00, 0.00, 0.00, 0.00, 0.00
226,  0,  7.500,  0.88,  1, 0.00, 0.00, 1.09, 0.00, 0.00, 0.00, 1.21, 0.54, 0.00, 0.00, 0.10, 1.29, 0.00, 1.04, 0.28, 1.07, 0.00, 0.00, 0.00, 1.00, 0.00, 0.00, 0.00, 1.00, 0.00, 0.00, 0.00, 0.00, 1.00, 0.00, 0.00, 0.00, 0.00, 0.00, 0.00
227,  0,  7.533,  0.88,  1, 0.00, 0.00, 1.12, 0.00, 0.00, 0.00, 1.06, 0.64, 0.00, 0.00, 0.00, 1.26, 0.00, 1.10, 0.56, 1.27, 0.00, 0.00, 0.00, 1.00, 0.00, 0.00, 0.00, 1.00, 0.00, 0.00, 0.00, 0.00, 1.00, 0.00, 0.00, 0.00, 0.00, 0.00, 0.00
228,  0,  7.567,  0.88,  1, 0.00, 0.00, 1.12, 0.00, 0.00, 0.00, 0.97, 0.59, 0.00, 0.10, 0.00, 1.19, 0.00, 1.01, 0.88, 1.50, 0.00, 0.00, 0.00, 1.00, 0.00, 0.00, 0.00, 1.00, 0.00, 0.00, 0.00, 0.00, 1.00, 0.00, 0.00, 0.00, 0.00, 0.00, 0.00
229,  0,  7.600,  0.88,  1, 0.00, 0.00, 1.15, 0.02, 0.00, 0.00, 0.96, 0.46, 0.00, 0.10, 0.00, 1.03, 0.00, 0.91, 1.06, 1.59, 0.00, 0.00, 0.00, 1.00, 0.00, 0.00, 0.00, 1.00, 0.00, 0.00, 0.00, 0.00, 1.00, 0.00, 0.00, 0.00, 0.00, 0.00, 0.00
230,  0,  7.633,  0.88,  1, 0.00, 0.00, 1.07, 0.02, 0.00, 0.00, 0.94, 0.39, 0.00, 0.10, 0.00, 0.83, 0.00, 0.80, 0.97, 1.26, 0.00, 0.00, 0.00, 1.00, 0.00, 0.00, 0.00, 1.00, 0.00, 0.00, 0.00, 0.00, 1.00, 0.00, 0.00, 0.00, 0.00, 0.00, 0.00
231,  0,  7.667,  0.88,  1, 0.00, 0.00, 0.93, 0.02, 0.00, 0.00, 0.91, 0.44, 0.00, 0.00, 0.00, 0.76, 0.00, 0.88, 0.75, 1.08, 0.00, 0.00, 0.00, 1.00, 0.00, 0.00, 0.00, 1.00, 0.00, 0.00, 0.00, 0.00, 1.00, 0.00, 0.00, 0.00, 0.00, 0.00, 0.00
232,  0,  7.700,  0.88,  1, 0.00, 0.00, 0.84, 0.00, 0.00, 0.00, 0.86, 0.60, 0.00, 0.00, 0.00, 0.86, 0.00, 1.01, 0.62, 0.63, 0.00, 0.00, 0.00, 1.00, 0.00, 0.00, 0.00, 1.00, 0.00, 0.00, 0.00, 0.00, 1.00, 0.00, 0.00, 0.00, 0.00, 0.00, 0.00
233,  0,  7.733,  0.88,  1, 0.00, 0.00, 0.72, 0.00, 0.00, 0.00, 0.87, 0.67, 0.00, 0.00, 0.04, 0.91, 0.00, 1.08, 0.58, 0.72, 0.00, 0.00, 0.00, 1.00, 0.00, 0.00, 0.00, 1.00, 0.00, 0.00, 0.00, 0.00, 1.00, 0.00, 0.00, 0.00, 0.00, 0.00, 0.00
234,  0,  7.767,  0.88,  1, 0.00, 0.00, 0.73, 0.00, 0.00, 0.00, 0.91, 0.68, 0.00, 0.00, 0.04, 1.08, 0.00, 1.06, 0.76, 0.60, 0.00, 0.00, 0.00, 1.00, 0.00, 0.00, 0.00, 1.00, 0.00, 0.00, 0.00, 0.00, 1.00, 0.00, 0.00, 0.00, 0.00, 0.00, 0.00
235,  0,  7.800,  0.88,  1, 0.00, 0.00, 0.71, 0.00, 0.00, 0.00, 0.87, 0.56, 0.00, 0.02, 0.04, 1.15, 0.00, 1.03, 0.77, 0.56, 0.00, 0.00, 0.00, 1.00, 0.00, 0.00, 0.00, 1.00, 0.00, 0.00, 0.00, 0.00, 1.00, 0.00, 0.00, 0.00, 0.00, 0.00, 0.00
236,  0,  7.833,  0.88,  1, 0.00, 0.00, 0.72, 0.00, 0.00, 0.00, 0.87, 0.56, 0.00, 0.02, 0.00, 1.25, 0.00, 0.98, 0.97, 0.57, 0.00, 0.00, 0.00, 1.00, 0.00, 0.00, 0.00, 1.00, 0.00, 0.00, 0.00, 0.00, 1.00, 0.00, 0.00, 0.00, 0.00, 0.00, 0.00
237,  0,  7.867,  0.88,  1, 0.00, 0.00, 0.66, 0.00, 0.00, 0.00, 0.81, 0.57, 0.00, 0.02, 0.00, 1.30, 0.00, 0.98, 1.00, 0.54, 0.00, 0.00, 0.00, 1.00, 0.00, 0.00, 0.00, 1.00, 0.00, 0.00, 0.00, 0.00, 1.00, 0.00, 0.00, 0.00, 0.00, 0.00, 0.00
238,  0,  7.900,  0.88,  1, 0.00, 0.00, 0.50, 0.00, 0.00, 0.00, 0.80, 0.70, 0.00, 0.00, 0.00, 1.44, 0.00, 0.94, 0.89, 0.41, 0.00, 0.00, 0.00, 1.00, 0.00, 0.00, 0.00, 1.00, 0.00, 0.00, 0.00, 0.00, 1.00, 0.00, 0.00, 0.00, 0.00, 0.00, 0.00
239,  0,  7.933,  0.88,  1, 0.00, 0.00, 0.35, 0.00, 0.00, 0.00, 0.77, 0.71, 0.00, 0.00, 0.00, 1.46, 0.00, 1.02, 0.84, 0.16, 0.00, 0.00, 0.00, 1.00, 0.00, 0.00, 0.00, 1.00, 0.00, 0.00, 0.00, 0.00, 1.00, 0.00, 0.00, 0.00, 0.00, 0.00, 0.00
240,  0,  7.967,  0.88,  1, 0.00, 0.00, 0.33, 0.00, 0.00, 0.00, 0.72, 0.74, 0.00, 0.08, 0.07, 1.28, 0.00, 1.00, 0.63, 0.01, 0.00, 0.00, 0.00, 1.00, 0.00, 0.00, 0.00, 1.00, 0.00, 0.00, 0.00, 0.00, 1.00, 0.00, 0.00, 0.00, 0.00, 0.00, 0.00
241,  0,  8.000,  0.88,  1, 0.00, 0.00, 0.36, 0.00, 0.00, 0.00, 0.72, 0.70, 0.00, 0.21, 0.07, 0.93, 0.00, 1.02, 0.65, 0.00, 0.00, 0.00, 0.00, 1.00, 0.00, 0.00, 0.00, 1.00, 0.00, 0.00, 0.00, 0.00, 1.00, 0.00, 0.00, 0.00, 0.00, 0.00, 0.00
242,  0,  8.033,  0.88,  1, 0.00, 0.03, 0.47, 0.00, 0.00, 0.00, 0.65, 0.66, 0.00, 0.35, 0.11, 0.86, 0.00, 1.16, 0.52, 0.00, 0.00, 0.00, 0.00, 1.00, 0.00, 0.00, 0.00, 1.00, 0.00, 0.00, 0.00, 0.00, 1.00, 0.00, 0.00, 0.00, 0.00, 0.00, 0.00
243,  0,  8.067,  0.88,  1, 0.00, 0.03, 0.51, 0.00, 0.00, 0.00, 0.64, 0.58, 0.00, 0.33, 0.16, 1.09, 0.00, 1.31, 0.77, 0.00, 0.00, 0.00, 0.00, 1.00, 0.00, 0.00, 0.00, 1.00, 0.00, 0.00, 0.00, 0.00, 1.00, 0.00, 0.00, 0.00, 0.00, 0.00, 0.00
244,  0,  8.100,  0.88,  1, 0.00, 0.03, 0.48, 0.00, 0.00, 0.00, 0.70, 0.66, 0.00, 0.20, 0.39, 1.40, 0.00, 1.46, 0.89, 0.00, 0.00, 0.00, 0.00, 1.00, 0.00, 0.00, 0.00, 1.00, 0.00, 0.00, 0.00, 0.00, 1.00, 0.00, 0.00, 0.00, 0.00, 0.00, 0.00
245,  0,  8.133,  0.88,  1, 0.00, 0.00, 0.34, 0.00, 0.00, 0.00, 0.81, 0.66, 0.00, 0.06, 0.46, 1.44, 0.00, 1.44, 1.06, 0.00, 0.00, 0.00, 0.00, 1.00, 0.00, 0.00, 0.00, 1.00, 0.00, 0.00, 0.00, 0.00, 1.00, 0.00, 0.00, 0.00, 0.00, 0.00, 0.00
246,  0,  8.167,  0.88,  1, 0.00, 0.00, 0.19, 0.00, 0.00, 0.00, 0.87, 0.84, 0.00, 0.00, 0.49, 1.55, 0.00, 1.50, 1.14, 0.00, 0.00, 0.00, 0.00, 1.00, 0.00, 0.00, 0.00, 1.00, 0.00, 0.00, 0.00, 0.00, 1.00, 0.00, 0.00, 0.00, 0.00, 0.00, 0.00
247,  0,  8.200,  0.88,  1, 0.00, 0.00, 0.12, 0.00, 0.00, 0.00, 0.82, 0.99, 0.00, 0.00, 0.26, 1.54, 0.00, 1.50, 1.24, 0.00, 0.00, 0.00, 0.00, 1.00, 0.00, 0.00, 0.00, 1.00, 0.00, 0.00, 0.00, 0.00, 1.00, 0.00, 0.00, 0.00, 0.00, 0.00, 0.00
248,  0,  8.233,  0.88,  1, 0.00, 0.00, 0.10, 0.00, 0.00, 0.00, 0.80, 0.99, 0.00, 0.00, 0.15, 1.58, 0.00, 1.46, 1.30, 0.00, 0.00, 0.00, 0.00, 1.00, 0.00, 0.00, 0.00, 1.00, 0.00, 0.00, 0.00, 0.00, 1.00, 0.00, 0.00, 0.00, 0.00, 0.00, 0.00
249,  0,  8.267,  0.88,  1, 0.00, 0.00, 0.08, 0.00, 0.00, 0.00, 0.79, 0.84, 0.00, 0.00, 0.00, 1.48, 0.00, 1.33, 1.07, 0.00, 0.00, 0.00, 0.00, 1.00, 0.00, 0.00, 0.00, 1.00, 0.00, 0.00, 0.00, 0.00, 1.00, 0.00, 0.00, 0.00, 0.00, 0.00, 0.00
250,  0,  8.300,  0.88,  1, 0.00, 0.00, 0.22, 0.00, 0.00, 0.00, 0.79, 0.61, 0.00, 0.00, 0.00, 1.42, 0.00, 1.21, 0.84, 0.00, 0.00, 0.00, 0.00, 1.00, 0.00, 0.00, 0.00, 1.00, 0.00, 0.00, 0.00, 0.00, 1.00, 0.00, 0.00, 0.00, 0.00, 0.00, 0.00
251,  0,  8.333,  0.88,  1, 0.00, 0.03, 0.33, 0.00, 0.00, 0.00, 0.68, 0.64, 0.00, 0.00, 0.00, 1.24, 0.00, 1.16, 0.44, 0.00, 0.00, 0.00, 0.00, 1.00, 0.00, 0.00, 0.00, 1.00, 0.00, 0.00, 0.00, 0.00, 1.00, 0.00, 0.00, 0.00, 0.00, 0.00, 0.00
252,  0,  8.367,  0.88,  1, 0.00, 0.03, 0.54, 0.00, 0.00, 0.00, 0.67, 0.69, 0.00, 0.00, 0.00, 0.88, 0.00, 1.04, 0.50, 0.08, 0.00, 0.00, 0.00, 1.00, 0.00, 0.00, 0.00, 1.00, 0.00, 0.00, 0.00, 0.00, 1.00, 0.00, 0.00, 0.00, 0.00, 0.00, 0.00
253,  0,  8.400,  0.88,  1, 0.00, 0.03, 0.63, 0.00, 0.00, 0.00, 0.66, 0.64, 0.00, 0.00, 0.00, 0.55, 0.00, 0.90, 0.65, 0.24, 0.00, 0.00, 0.00, 1.00, 0.00, 0.00, 0.00, 1.00, 0.00, 0.00, 0.00, 0.00, 1.00, 0.00, 0.00, 0.00, 0.00, 0.00, 0.00
254,  0,  8.433,  0.88,  1, 0.00, 0.00, 0.84, 0.00, 0.00, 0.00, 0.61, 0.46, 0.00, 0.00, 0.06, 0.35, 0.00, 0.83, 0.94, 0.53, 0.00, 0.00, 0.00, 1.00, 0.00, 0.00, 0.00, 1.00, 0.00, 0.00, 0.00, 0.00, 0.00, 0.00, 0.00, 0.00, 0.00, 0.00, 0.00
255,  0,  8.467,  0.77,  1, 0.00, 0.00, 0.98, 0.00, 0.00, 0.45, 0.37, 0.23, 0.00, 0.00, 0.06, 0.34, 0.01, 0.61, 1.17, 0.47, 0.15, 0.00, 0.00, 1.00, 0.00, 0.00, 0.00, 1.00, 0.00, 0.00, 0.00, 0.00, 0.00, 0.00, 0.00, 0.00, 0.00, 0.00, 0.00
256,  0,  8.500,  0.98,  1, 0.00, 0.02, 1.11, 0.00, 0.00, 0.86, 0.14, 0.07, 0.00, 0.00, 0.06, 0.39, 0.03, 0.40, 0.83, 0.31, 0.26, 0.00, 0.00, 1.00, 1.00, 0.00, 0.00, 0.00, 0.00, 0.00, 0.00, 0.00, 0.00, 0.00, 0.00, 0.00, 0.00, 0.00, 0.00
257,  0,  8.533,  0.98,  1, 0.00, 0.02, 1.12, 0.00, 0.00, 1.33, 0.00, 0.00, 0.00, 0.00, 0.00, 0.56, 0.03, 0.14, 0.67, 0.02, 0.32, 0.00, 0.00, 1.00, 1.00, 0.00, 1.00, 0.00, 0.00, 0.00, 0.00, 0.00, 0.00, 0.00, 0.00, 0.00, 0.00, 0.00, 0.00
258,  0,  8.567,  0.98,  1, 0.00, 0.02, 0.95, 0.00, 0.00, 1.16, 0.00, 0.00, 0.00, 0.00, 0.00, 0.60, 0.01, 0.15, 0.19, 0.00, 0.17, 0.00, 0.00, 1.00, 1.00, 0.00, 1.00, 0.00, 0.00, 0.00, 0.00, 0.00, 0.00, 0.00, 0.00, 0.00, 0.00, 0.00, 0.00
259,  0,  8.600,  0.98,  1, 0.05, 0.00, 0.80, 0.00, 0.00, 1.12, 0.00, 0.00, 0.00, 0.00, 0.00, 0.62, 0.03, 0.17, 0.27, 0.00, 0.06, 0.00, 0.00, 1.00, 1.00, 0.00, 1.00, 0.00, 0.00, 0.00, 0.00, 0.00, 0.00, 0.00, 0.00, 0.00, 0.00, 0.00, 0.00
260,  0,  8.633,  0.98,  1, 0.19, 0.00, 0.73, 0.00, 0.00, 1.04, 0.00, 0.00, 0.00, 0.00, 0.00, 0.55, 0.03, 0.13, 0.24, 0.00, 0.00, 0.00, 0.00, 1.00, 1.00, 0.00, 1.00, 0.00, 0.00, 0.00, 0.00, 0.00, 0.00, 0.00, 0.00, 0.00, 0.00, 0.00, 0.00
261,  0,  8.667,  0.98,  1, 0.53, 0.05, 0.91, 0.00, 0.00, 1.17, 0.00, 0.00, 0.00, 0.00, 0.00, 0.67, 0.03, 0.13, 0.24, 0.00, 0.07, 1.00, 0.00, 1.00, 1.00, 0.00, 1.00, 0.00, 0.00, 0.00, 0.00, 0.00, 0.00, 0.00, 0.00, 0.00, 0.00, 0.00, 0.00
262,  0,  8.700,  0.98,  1, 0.75, 0.11, 0.92, 0.00, 0.00, 1.19, 0.00, 0.00, 0.00, 0.00, 0.00, 0.73, 0.00, 0.10, 0.24, 0.09, 0.07, 1.00, 0.00, 1.00, 1.00, 0.00, 1.00, 0.00, 0.00, 0.00, 0.00, 0.00, 0.00, 0.00, 0.00, 0.00, 0.00, 0.00, 0.00
263,  0,  8.733,  0.98,  1, 0.87, 0.11, 0.85, 0.00, 0.00, 1.42, 0.00, 0.00, 0.00, 0.00, 0.00, 0.75, 0.00, 0.08, 0.34, 0.24, 0.10, 1.00, 0.00, 1.00, 1.00, 0.00, 0.00, 0.00, 0.00, 0.00, 0.00, 0.00, 0.00, 0.00, 0.00, 0.00, 0.00, 0.00, 0.00
264,  0,  8.767,  0.98,  1, 0.52, 0.06, 0.74, 0.00, 0.00, 1.34, 0.00, 0.00, 0.00, 0.00, 0.00, 0.59, 0.03, 0.04, 0.43, 0.35, 0.10, 1.00, 0.00, 1.00, 1.00, 0.00, 0.00, 0.00, 0.00, 0.00, 0.00, 0.00, 0.00, 0.00, 0.00, 0.00, 0.00, 0.00, 0.00
265,  0,  8.800,  0.98,  1, 0.26, 0.00, 0.91, 0.00, 0.00, 1.24, 0.00, 0.00, 0.00, 0.00, 0.00, 0.45, 0.03, 0.01, 0.37, 0.26, 0.12, 1.00, 0.00, 1.00, 1.00, 0.00, 0.00, 0.00, 0.00, 0.00, 0.00, 0.00, 0.00, 0.00, 0.00, 0.00, 0.00, 0.00, 0.00
266,  0,  8.833,  0.98,  1, 0.22, 0.03, 1.20, 0.00, 0.00, 1.05, 0.00, 0.00, 0.00, 0.00, 0.00, 0.23, 0.03, 0.01, 0.22, 0.11, 0.08, 1.00, 0.00, 1.00, 1.00, 0.00, 0.00, 0.00, 0.00, 0.00, 0.00, 0.00, 0.00, 0.00, 0.00, 0.00, 0.00, 0.00, 0.00
267,  0,  8.867,  0.98,  1, 0.42, 0.03, 1.34, 0.00, 0.00, 1.12, 0.00, 0.00, 0.00, 0.00, 0.00, 0.22, 0.00, 0.00, 0.26, 0.17, 0.02, 1.00, 0.00, 1.00, 1.00, 0.00, 0.00, 0.00, 0.00, 0.00, 0.00, 0.00, 0.00, 0.00, 0.00, 0.00, 0.00, 0.00, 0.00
268,  0,  8.900,  0.98,  1, 0.65, 0.03, 1.28, 0.00, 0.00, 1.32, 0.00, 0.00, 0.00, 0.00, 0.00, 0.29, 0.03, 0.00, 0.41, 0.27, 0.01, 1.00, 0.00, 1.00, 1.00, 0.00, 0.00, 0.00, 0.00, 0.00, 0.00, 0.00, 0.00, 0.00, 0.00, 0.00, 0.00, 0.00, 0.00
269,  0,  8.933,  0.98,  1, 0.58, 0.00, 1.12, 0.00, 0.00, 1.43, 0.00, 0.00, 0.00, 0.00, 0.00, 0.35, 0.03, 0.00, 0.54, 0.40, 0.01, 1.00, 0.00, 1.00, 1.00, 0.00, 0.00, 0.00, 0.00, 0.00, 0.00, 0.00, 0.00, 0.00, 0.00, 0.00, 0.00, 0.00, 0.00
270,  0,  8.967,  0.98,  1, 0.39, 0.00, 0.97, 0.00, 0.00, 1.68, 0.00, 0.00, 0.00, 0.01, 0.00, 0.38, 0.03, 0.00, 0.57, 0.45, 0.01, 1.00, 0.00, 1.00, 1.00, 0.00, 0.00, 0.00, 0.00, 0.00, 0.00, 0.00, 0.00, 1.00, 0.00, 0.00, 0.00, 0.00, 0.00
271,  0,  9.000,  0.98,  1, 0.24, 0.00, 0.90, 0.00, 0.00, 1.73, 0.00, 0.00, 0.00, 0.01, 0.00, 0.48, 0.02, 0.01, 0.51, 0.38, 0.00, 0.00, 0.00, 1.00, 1.00, 0.00, 0.00, 0.00, 0.00, 0.00, 0.00, 0.00, 0.00, 1.00, 0.00, 0.00, 0.00, 0.00, 0.00
272,  0,  9.033,  0.98,  1, 0.23, 0.07, 0.89, 0.00, 0.00, 1.55, 0.00, 0.00, 0.00, 0.01, 0.00, 0.65, 0.13, 0.01, 0.52, 0.45, 0.00, 0.00, 0.00, 1.00, 1.00, 0.00, 0.00, 0.00, 0.00, 0.00, 0.00, 0.00, 0.00, 1.00, 0.00, 0.00, 0.00, 0.00, 0.00
273,  0,  9.067,  0.98,  1, 0.22, 0.07, 1.23, 0.00, 0.00, 1.46, 0.43, 0.27, 0.00, 0.06, 0.00, 0.79, 0.13, 0.05, 0.87, 0.82, 0.10, 0.00, 0.00, 1.00, 0.00, 0.00, 0.00, 0.00, 0.00, 0.00, 0.00, 0.00, 0.00, 1.00, 0.00, 0.00, 0.00, 0.00, 0.00
274,  0,  9.100,  0.88,  1, 0.13, 0.07, 1.37, 0.00, 0.29, 1.16, 0.76, 0.58, 0.10, 0.44, 0.00, 1.04, 0.10, 0.09, 1.18, 1.35, 0.10, 0.00, 0.00, 1.00, 0.00, 0.00, 0.00, 1.00, 0.00, 0.00, 0.00, 0.00, 1.00, 1.00, 0.00, 0.00, 0.00, 0.00, 0.00
275,  0,  9.133,  0.77,  1, 0.00, 0.00, 1.37, 0.00, 0.29, 0.79, 0.88, 1.24, 0.10, 0.44, 1.58, 1.66, 0.00, 0.89, 0.99, 1.47, 0.10, 0.00, 0.00, 1.00, 0.00, 0.00, 0.00, 1.00, 0.00, 0.00, 1.00, 1.00, 1.00, 0.00, 0.00, 0.00, 0.00, 0.00, 0.00
276,  0,  9.167,  0.88,  1, 0.00, 0.00, 0.99, 0.00, 0.32, 0.23, 0.65, 1.20, 0.10, 0.44, 2.27, 2.39, 0.11, 1.61, 1.23, 1.77, 0.00, 0.00, 0.00, 1.00, 0.00, 0.00, 0.00, 1.00, 0.00, 0.00, 1.00, 1.00, 1.00, 0.00, 0.00, 0.00, 0.00, 0.00, 0.00
277,  0,  9.200,  0.88,  1, 0.00, 0.00, 0.85, 0.00, 0.11, 0.00, 0.63, 1.46, 0.00, 0.43, 2.97, 3.03, 0.11, 2.25, 1.31, 1.82, 0.00, 0.00, 0.00, 1.00, 0.00, 0.00, 0.00, 1.00, 0.00, 0.00, 1.00, 1.00, 1.00, 0.00, 0.00, 0.00, 0.00, 0.00, 1.00
278,  0,  9.233,  0.88,  1, 0.00, 0.00, 0.72, 0.00, 0.11, 0.00, 0.92, 1.09, 0.00, 0.57, 2.04, 3.03, 0.24, 2.11, 1.90, 2.30, 0.00, 0.00, 0.00, 1.00, 0.00, 0.00, 0.00, 1.00, 0.00, 0.00, 1.00, 1.00, 1.00, 0.00, 0.00, 0.00, 0.00, 0.00, 1.00
279,  0,  9.267,  0.88,  1, 0.00, 0.00, 0.57, 0.00, 0.08, 0.00, 1.23, 1.07, 0.00, 0.62, 1.56, 2.67, 0.13, 1.97, 1.45, 2.06, 0.00, 0.00, 0.00, 1.00, 0.00, 0.00, 0.00, 1.00, 0.00, 0.00, 1.00, 1.00, 1.00, 0.00, 0.00, 0.00, 0.00, 0.00, 1.00
280,  0,  9.300,  0.88,  1, 0.00, 0.00, 0.47, 0.00, 0.00, 0.00, 1.33, 0.67, 0.00, 0.25, 0.99, 1.67, 0.13, 1.65, 1.19, 1.89, 0.00, 0.00, 0.00, 1.00, 0.00, 0.00, 0.00, 1.00, 0.00, 0.00, 1.00, 1.00, 1.00, 0.00, 0.00, 0.00, 0.00, 0.00, 1.00
281,  0,  9.333,  0.88,  1, 0.00, 0.00, 0.71, 0.00, 0.00, 0.00, 1.36, 0.66, 0.00, 0.12, 0.33, 1.08, 0.00, 1.25, 0.84, 1.32, 0.00, 0.00, 0.00, 1.00, 0.00, 0.00, 0.00, 1.00, 0.00, 0.00, 1.00, 0.00, 1.00, 0.00, 0.00, 0.00, 0.00, 0.00, 1.00
282,  0,  9.367,  0.77,  1, 0.00, 0.00, 0.93, 0.02, 0.00, 0.66, 1.16, 0.72, 0.00, 0.22, 0.19, 0.41, 0.00, 0.63, 0.89, 0.78, 0.17, 0.00, 0.00, 1.00, 0.00, 0.00, 0.00, 1.00, 0.00, 0.00, 1.00, 0.00, 0.00, 0.00, 0.00, 0.00, 0.00, 0.00, 1.00
283,  0,  9.400,  0.88,  1, 0.00, 0.00, 1.37, 0.39, 0.00, 1.28, 0.75, 0.55, 0.00, 0.29, 0.07, 0.37, 0.00, 0.28, 1.22, 0.34, 0.19, 0.00, 0.00, 1.00, 0.00, 0.00, 0.00, 1.00, 0.00, 0.00, 1.00, 0.00, 0.00, 0.00, 0.00, 1.00, 0.00, 0.00, 1.00
284,  0,  9.433,  0.88,  1, 0.00, 0.00, 1.71, 0.39, 0.00, 1.91, 0.31, 0.26, 0.00, 0.51, 0.07, 0.24, 0.00, 0.06, 1.63, 0.23, 0.40, 0.00, 0.00, 1.00, 0.00, 0.00, 0.00, 0.00, 0.00, 0.00, 0.00, 0.00, 0.00, 1.00, 0.00, 1.00, 0.00, 0.00, 0.00
285,  0,  9.467,  0.77,  1, 0.00, 0.00, 2.29, 0.38, 0.03, 1.54, 0.00, 0.11, 0.08, 0.73, 0.00, 0.54, 0.34, 0.22, 1.97, 0.27, 0.54, 0.00, 0.00, 1.00, 0.00, 0.00, 0.00, 0.00, 0.00, 0.00, 0.00, 0.00, 0.00, 1.00, 0.00, 1.00, 0.00, 0.00, 0.00
286,  0,  9.500,  0.82,  1, 0.00, 0.00, 2.01, 0.00, 0.03, 1.49, 0.00, 0.11, 0.08, 0.66, 0.00, 0.78, 0.65, 0.21, 1.54, 0.35, 0.55, 0.00, 0.00, 1.00, 1.00, 0.00, 0.00, 0.00, 0.00, 0.00, 0.00, 0.00, 0.00, 1.00, 0.00, 1.00, 0.00, 0.00, 0.00
287,  0,  9.533,  0.98,  1, 0.10, 0.05, 1.57, 0.00, 0.03, 1.30, 0.00, 0.11, 0.08, 0.43, 0.00, 1.16, 0.79, 0.27, 1.08, 0.46, 0.33, 0.00, 0.00, 1.00, 1.00, 0.00, 0.00, 0.00, 0.00, 0.00, 0.00, 0.00, 0.00, 1.00, 0.00, 0.00, 0.00, 0.00, 0.00
288,  0,  9.567,  0.98,  1, 0.10, 0.05, 0.95, 0.00, 0.00, 1.49, 0.00, 0.00, 0.00, 0.00, 0.00, 1.01, 0.60, 0.10, 0.48, 0.53, 0.03, 0.00, 0.00, 1.00, 1.00, 0.00, 0.00, 0.00, 0.00, 0.00, 0.00, 0.00, 0.00, 1.00, 0.00, 0.00, 0.00, 0.00, 0.00
289,  0,  9.600,  0.98,  1, 0.10, 0.04, 0.88, 0.00, 0.00, 1.19, 0.00, 0.00, 0.00, 0.00, 0.00, 0.98, 0.39, 0.09, 0.44, 0.68, 0.09, 0.00, 0.00, 1.00, 1.00, 0.00, 0.00, 0.00, 0.00, 0.00, 0.00, 0.00, 0.00, 0.00, 0.00, 0.00, 0.00, 0.00, 0.00
290,  0,  9.633,  0.98,  1, 0.06, 0.00, 0.79, 0.00, 0.00, 1.14, 0.00, 0.00, 0.00, 0.00, 0.00, 0.72, 0.26, 0.00, 0.36, 0.99, 0.29, 0.00, 0.00, 1.00, 1.00, 0.00, 0.00, 0.00, 0.00, 0.00, 0.00, 0.00, 0.00, 0.00, 0.00, 0.00, 0.00, 0.00, 0.00
291,  0,  9.667,  0.98,  1, 0.20, 0.04, 0.81, 0.00, 0.00, 1.15, 0.00, 0.00, 0.00, 0.00, 0.00, 0.74, 0.11, 0.00, 0.28, 1.13, 0.29, 0.00, 0.00, 1.00, 1.00, 0.00, 0.00, 0.00, 0.00, 0.00, 0.00, 0.00, 0.00, 0.00, 0.00, 0.00, 0.00, 0.00, 0.00
292,  0,  9.700,  0.98,  1, 0.40, 0.14, 0.88, 0.00, 0.00, 1.48, 0.00, 0.00, 0.00, 0.00, 0.00, 0.66, 0.08, 0.00, 0.20, 1.20, 0.20, 0.00, 0.00, 1.00, 1.00, 0.00, 0.00, 0.00, 0.00, 0.00, 0.00, 0.00, 0.00, 0.00, 0.00, 0.00, 0.00, 0.00, 0.00
293,  0,  9.733,  0.98,  1, 0.66, 0.31, 1.11, 0.00, 0.00, 1.58, 0.00, 0.00, 0.00, 0.00, 0.00, 0.70, 0.08, 0.00, 0.09, 0.81, 0.00, 1.00, 0.00, 1.00, 1.00, 0.00, 0.00, 0.00, 0.00, 0.00, 0.00, 0.00, 0.00, 0.00, 0.00, 0.00, 0.00, 0.00, 0.00
294,  0,  9.767,  0.98,  1, 0.85, 0.43, 1.24, 0.08, 0.00, 1.72, 0.00, 0.00, 0.00, 0.00, 0.00, 0.92, 0.20, 0.00, 0.06, 0.72, 0.00, 1.00, 0.00, 1.00, 1.00, 0.00, 0.00, 0.00, 0.00, 0.00, 0.00, 0.00, 1.00, 0.00, 0.00, 0.00, 0.00, 0.00, 0.00
295,  0,  9.800,  0.98,  1, 0.96, 0.42, 1.23, 0.08, 0.00, 1.65, 0.00, 0.00, 0.00, 0.00, 0.00, 1.02, 0.11, 0.00, 0.00, 0.80, 0.04, 1.00, 0.00, 1.00, 1.00, 0.00, 0.00, 0.00, 0.00, 0.00, 0.00, 0.00, 1.00, 0.00, 0.00, 0.00, 0.00, 0.00, 0.00
296,  0,  9.833,  0.98,  1, 0.76, 0.24, 0.90, 0.08, 0.00, 1.53, 0.00, 0.00, 0.00, 0.00, 0.00, 1.04, 0.11, 0.00, 0.00, 1.01, 0.10, 1.00, 0.00, 1.00, 1.00, 0.00, 0.00, 0.00, 0.00, 0.00, 0.00, 0.00, 1.00, 0.00, 0.00, 0.00, 0.00, 0.00, 0.00
297,  0,  9.867,  0.98,  1, 0.58, 0.08, 0.77, 0.00, 0.00, 1.58, 0.00, 0.00, 0.00, 0.00, 0.00, 1.00, 0.00, 0.00, 0.00, 1.10, 0.21, 1.00, 0.00, 1.00, 1.00, 0.00, 0.00, 0.00, 0.00, 0.00, 0.00, 0.00, 1.00, 0.00, 0.00, 0.00, 1.00, 0.00, 0.00
298,  0,  9.900,  0.98,  1, 0.49, 0.01, 0.68, 0.02, 0.00, 1.78, 0.00, 0.00, 0.00, 0.00, 0.00, 1.09, 0.00, 0.00, 0.00, 1.04, 0.23, 1.00, 0.00, 1.00, 1.00, 0.00, 0.00, 0.00, 0.00, 0.00, 0.00, 0.00, 1.00, 0.00, 0.00, 0.00, 1.00, 0.00, 0.00
299,  0,  9.933,  0.98,  1, 0.54, 0.10, 0.80, 0.02, 0.00, 1.92, 0.00, 0.00, 0.00, 0.00, 0.00, 1.14, 0.04, 0.00, 0.00, 0.98, 0.23, 1.00, 0.00, 1.00, 1.00, 0.00, 0.00, 0.00, 0.00, 0.00, 0.00, 0.00, 1.00, 0.00, 0.00, 0.00, 1.00, 0.00, 0.00
300,  0,  9.967,  0.98,  1, 0.59, 0.10, 1.00, 0.02, 0.00, 1.89, 0.00, 0.00, 0.00, 0.00, 0.00, 0.93, 0.21, 0.00, 0.08, 1.10, 0.12, 0.00, 0.00, 1.00, 1.00, 0.00, 0.00, 0.00, 0.00, 0.00, 0.00, 0.00, 1.00, 1.00, 0.00, 0.00, 1.00, 0.00, 0.00
301,  0,  10.000,  0.98,  1, 0.50, 0.09, 1.23, 0.00, 0.00, 1.90, 0.00, 0.00, 0.00, 0.00, 0.00, 0.85, 0.47, 0.00, 0.14, 1.34, 0.05, 1.00, 0.00, 1.00, 1.00, 0.00, 0.00, 0.00, 0.00, 0.00, 0.00, 0.00, 1.00, 1.00, 0.00, 1.00, 1.00, 0.00, 0.00
302,  0,  10.033,  0.98,  1, 0.61, 0.00, 1.55, 0.00, 0.00, 2.19, 0.03, 0.00, 0.00, 0.00, 0.00, 0.60, 0.65, 0.00, 0.26, 1.45, 0.00, 1.00, 0.00, 1.00, 1.00, 0.00, 0.00, 0.00, 0.00, 0.00, 0.00, 0.00, 1.00, 1.00, 0.00, 1.00, 1.00, 0.00, 0.00
303,  0,  10.067,  0.98,  1, 0.80, 0.46, 1.69, 0.00, 0.00, 1.97, 0.03, 0.00, 0.00, 0.00, 0.00, 0.80, 0.63, 0.00, 0.50, 1.34, 0.00, 1.00, 0.00, 1.00, 1.00, 0.00, 0.00, 0.00, 0.00, 0.00, 0.00, 0.00, 1.00, 1.00, 0.00, 1.00, 1.00, 0.00, 0.00
304,  0,  10.100,  0.98,  1, 0.93, 0.67, 1.97, 0.00, 0.00, 1.83, 0.03, 0.00, 0.00, 0.00, 0.00, 0.78, 0.38, 0.00, 0.96, 0.98, 0.24, 0.00, 0.00, 1.00, 0.00, 0.00, 0.00, 0.00, 0.00, 0.00, 0.00, 0.00, 1.00, 1.00, 0.00, 1.00, 1.00, 0.00, 0.00
305,  0,  10.133,  0.88,  1, 0.89, 0.84, 2.17, 0.00, 0.00, 1.86, 0.18, 0.00, 0.00, 0.01, 0.00, 0.73, 0.16, 0.00, 1.35, 0.57, 0.36, 0.00, 0.00, 1.00, 0.00, 0.00, 0.00, 0.00, 0.00, 0.00, 0.00, 0.00, 1.00, 0.00, 0.00, 1.00, 1.00, 0.00, 0.00
306,  0,  10.167,  0.88,  1, 0.52, 0.61, 2.09, 0.03, 0.06, 2.07, 0.46, 0.12, 0.07, 0.02, 0.00, 0.44, 0.00, 0.00, 1.81, 0.28, 0.72, 0.00, 0.00, 1.00, 0.00, 0.00, 0.00, 0.00, 0.00, 0.00, 0.00, 0.00, 1.00, 0.00, 0.00, 1.00, 0.00, 0.00, 0.00
307,  0,  10.200,  0.82,  1, 0.26, 0.47, 1.89, 0.19, 0.06, 1.56, 0.86, 0.32, 0.07, 0.09, 0.00, 0.55, 0.00, 0.00, 1.70, 0.23, 0.53, 0.00, 0.00, 1.00, 0.00, 0.00, 0.00, 1.00, 0.00, 0.00, 0.00, 0.00, 1.00, 0.00, 0.00, 1.00, 0.00, 0.00, 0.00
308,  0,  10.233,  0.88,  1, 0.02, 0.30, 1.59, 0.25, 0.06, 0.72, 1.07, 0.59, 0.07, 0.31, 0.00, 0.88, 0.00, 0.14, 1.36, 0.31, 0.40, 0.00, 0.00, 1.00, 0.00, 0.00, 0.00, 1.00, 0.00, 0.00, 0.00, 0.00, 1.00, 0.00, 0.00, 0.00, 0.00, 0.00, 0.00
309,  0,  10.267,  0.88,  1, 0.00, 0.07, 1.36, 0.23, 0.00, 0.10, 1.11, 0.72, 0.10, 0.67, 0.09, 1.63, 0.00, 0.55, 0.75, 0.24, 0.05, 0.00, 0.00, 1.00, 0.00, 0.00, 0.00, 1.00, 0.00, 0.00, 0.00, 0.00, 1.00, 0.00, 0.00, 0.00, 0.00, 0.00, 0.00
310,  0,  10.300,  0.88,  1, 0.00, 0.00, 1.04, 0.06, 0.00, 0.00, 1.00, 0.72, 0.11, 0.73, 0.13, 1.79, 0.00, 0.93, 0.70, 0.09, 0.00, 0.00, 0.00, 1.00, 0.00, 0.00, 0.00, 1.00, 0.00, 0.00, 0.00, 0.00, 1.00, 0.00, 0.00, 0.00, 0.00, 0.00, 0.00
311,  0,  10.333,  0.88,  1, 0.00, 0.00, 0.76, 0.00, 0.00, 0.00, 1.05, 0.85, 0.14, 0.69, 0.13, 1.83, 0.00, 1.12, 0.96, 0.00, 0.00, 0.00, 0.00, 1.00, 0.00, 0.00, 0.00, 1.00, 0.00, 0.00, 0.00, 0.00, 1.00, 0.00, 0.00, 0.00, 0.00, 0.00, 0.00
312,  0,  10.367,  0.88,  1, 0.00, 0.00, 0.59, 0.00, 0.00, 0.00, 1.15, 0.78, 0.04, 0.48, 0.71, 1.56, 0.00, 1.27, 1.07, 0.00, 0.00, 0.00, 0.00, 1.00, 0.00, 0.00, 0.00, 1.00, 0.00, 0.00, 0.00, 0.00, 1.00, 0.00, 0.00, 0.00, 0.00, 0.00, 0.00
313,  0,  10.400,  0.88,  1, 0.00, 0.02, 0.55, 0.00, 0.00, 0.00, 1.24, 0.79, 0.02, 0.54, 1.41, 1.51, 0.00, 1.53, 0.71, 0.00, 0.00, 0.00, 0.00, 1.00, 0.00, 0.00, 0.00, 1.00, 0.00, 0.00, 0.00, 1.00, 1.00, 0.00, 1.00, 0.00, 0.00, 0.00, 0.00
314,  0,  10.433,  0.88,  1, 0.00, 0.02, 0.57, 0.00, 0.00, 0.00, 1.16, 0.54, 0.00, 0.60, 2.17, 1.60, 0.00, 1.83, 0.30, 0.00, 0.00, 0.00, 0.00, 1.00, 0.00, 0.00, 0.00, 1.00, 0.00, 0.00, 0.00, 1.00, 1.00, 0.00, 1.00, 0.00, 0.00, 0.00, 0.00
315,  0,  10.467,  0.88,  1, 0.00, 0.02, 0.58, 0.00, 0.00, 0.00, 1.19, 0.48, 0.00, 0.62, 2.22, 1.60, 0.00, 1.87, 0.06, 0.00, 0.00, 0.00, 0.00, 1.00, 0.00, 0.00, 0.00, 1.00, 0.00, 0.00, 0.00, 1.00, 1.00, 0.00, 1.00, 0.00, 0.00, 0.00, 0.00
316,  0,  10.500,  0.88,  1, 0.00, 0.00, 0.57, 0.00, 0.00, 0.00, 1.20, 0.38, 0.00, 0.56, 2.11, 1.70, 0.00, 1.80, 0.23, 0.00, 0.00, 0.00, 0.00, 1.00, 0.00, 0.00, 0.00, 1.00, 0.00, 0.00, 0.00, 1.00, 1.00, 0.00, 1.00, 0.00, 0.00, 0.00, 0.00
317,  0,  10.533,  0.88,  1, 0.00, 0.00, 0.58, 0.00, 0.00, 0.00, 1.28, 0.39, 0.00, 0.46, 2.06, 1.76, 0.00, 1.76, 0.42, 0.00, 0.00, 0.00, 0.00, 1.00, 0.00, 0.00, 0.00, 1.00, 0.00, 0.00, 0.00, 1.00, 1.00, 0.00, 1.00, 0.00, 0.00, 0.00, 0.00
318,  0,  10.567,  0.88,  1, 0.00, 0.00, 0.71, 0.00, 0.00, 0.00, 1.20, 0.48, 0.00, 0.47, 2.10, 1.65, 0.00, 1.75, 0.38, 0.00, 0.00, 0.00, 0.00, 1.00, 0.00, 0.00, 0.00, 1.00, 0.00, 0.00, 0.00, 1.00, 1.00, 0.00, 1.00, 0.00, 0.00, 0.00, 0.00
319,  0,  10.600,  0.88,  1, 0.00, 0.00, 0.79, 0.00, 0.00, 0.00, 1.17, 0.52, 0.00, 0.53, 2.25, 1.39, 0.00, 1.77, 0.31, 0.00, 0.00, 0.00, 0.00, 1.00, 0.00, 0.00, 0.00, 1.00, 0.00, 0.00, 0.00, 1.00, 1.00, 0.00, 1.00, 0.00, 0.00, 0.00, 0.00
320,  0,  10.633,  0.88,  1, 0.00, 0.00, 0.85, 0.00, 0.00, 0.00, 1.15, 0.56, 0.00, 0.49, 2.20, 1.18, 0.00, 1.80, 0.10, 0.00, 0.00, 0.00, 0.00, 1.00, 0.00, 0.00, 0.00, 1.00, 0.00, 0.00, 0.00, 1.00, 1.00, 0.00, 1.00, 0.00, 0.00, 0.00, 0.00
321,  0,  10.667,  0.88,  1, 0.00, 0.00, 0.84, 0.00, 0.00, 0.00, 1.18, 0.57, 0.00, 0.42, 1.60, 1.29, 0.00, 1.74, 0.32, 0.00, 0.00, 0.00, 0.00, 1.00, 0.00, 0.00, 0.00, 1.00, 0.00, 0.00, 0.00, 0.00, 0.00, 0.00, 1.00, 0.00, 0.00, 0.00, 0.00
322,  0,  10.700,  0.88,  1, 0.00, 0.00, 0.86, 0.00, 0.00, 0.00, 1.20, 0.65, 0.00, 0.37, 1.29, 1.35, 0.00, 1.68, 0.30, 0.00, 0.00, 0.00, 0.00, 1.00, 0.00, 0.00, 0.00, 1.00, 0.00, 0.00, 0.00, 0.00, 0.00, 0.00, 1.00, 0.00, 0.00, 0.00, 0.00
323,  0,  10.733,  0.88,  1, 0.00, 0.01, 0.88, 0.00, 0.00, 0.00, 1.24, 0.63, 0.00, 0.34, 1.04, 1.38, 0.00, 1.62, 0.34, 0.00, 0.00, 0.00, 0.00, 1.00, 0.00, 0.00, 0.00, 1.00, 0.00, 0.00, 0.00, 0.00, 0.00, 0.00, 1.00, 0.00, 0.00, 0.00, 0.00
324,  0,  10.767,  0.88,  1, 0.00, 0.03, 0.90, 0.00, 0.00, 0.00, 1.24, 0.62, 0.00, 0.36, 1.10, 1.35, 0.00, 1.54, 0.20, 0.27, 0.00, 0.00, 0.00, 1.00, 0.00, 0.00, 0.00, 1.00, 0.00, 0.00, 0.00, 0.00, 0.00, 0.00, 1.00, 0.00, 0.00, 0.00, 0.00
325,  0,  10.800,  0.88,  1, 0.00, 0.03, 0.81, 0.00, 0.00, 0.00, 1.26, 0.59, 0.00, 0.30, 0.78, 1.57, 0.00, 1.52, 0.24, 0.40, 0.00, 0.00, 0.00, 1.00, 0.00, 0.00, 0.00, 1.00, 0.00, 0.00, 0.00, 0.00, 1.00, 0.00, 0.00, 0.00, 0.00, 0.00, 0.00
326,  0,  10.833,  0.88,  1, 0.00, 0.09, 0.73, 0.00, 0.00, 0.00, 1.22, 0.51, 0.00, 0.23, 0.59, 1.74, 0.00, 1.48, 0.20, 0.40, 0.00, 0.00, 0.00, 1.00, 0.00, 0.00, 0.00, 1.00, 0.00, 0.00, 0.00, 0.00, 1.00, 0.00, 0.00, 0.00, 0.00, 0.00, 0.00
327,  0,  10.867,  0.88,  1, 0.00, 0.08, 0.74, 0.00, 0.00, 0.00, 1.25, 0.38, 0.00, 0.23, 0.79, 1.71, 0.00, 1.60, 0.28, 0.27, 0.00, 0.00, 0.00, 1.00, 0.00, 0.00, 0.00, 1.00, 0.00, 0.00, 0.00, 0.00, 1.00, 0.00, 0.00, 0.00, 0.00, 0.00, 0.00
328,  0,  10.900,  0.88,  1, 0.00, 0.08, 0.84, 0.00, 0.00, 0.00, 1.34, 0.22, 0.00, 0.43, 1.02, 1.58, 0.00, 1.60, 0.32, 0.21, 0.00, 0.00, 0.00, 1.00, 0.00, 0.00, 0.00, 1.00, 0.00, 0.00, 0.00, 0.00, 1.00, 0.00, 0.00, 0.00, 0.00, 0.00, 0.00
329,  0,  10.933,  0.88,  1, 0.00, 0.08, 0.95, 0.00, 0.00, 0.00, 1.39, 0.21, 0.00, 0.61, 1.11, 1.49, 0.00, 1.61, 0.54, 0.25, 0.00, 0.00, 0.00, 1.00, 0.00, 0.00, 0.00, 1.00, 0.00, 0.00, 0.00, 0.00, 1.00, 0.00, 0.00, 0.00, 0.00, 0.00, 0.00
330,  0,  10.967,  0.88,  1, 0.00, 0.08, 1.01, 0.00, 0.00, 0.00, 1.44, 0.23, 0.00, 0.59, 0.95, 1.46, 0.00, 1.48, 0.62, 0.27, 0.00, 0.00, 0.00, 1.00, 0.00, 0.00, 0.00, 1.00, 0.00, 0.00, 0.00, 0.00, 1.00, 0.00, 0.00, 0.00, 0.00, 0.00, 0.00
331,  0,  11.000,  0.88,  1, 0.00, 0.18, 1.10, 0.00, 0.00, 0.00, 1.37, 0.32, 0.00, 0.40, 0.89, 1.44, 0.00, 1.44, 0.56, 0.32, 0.00, 0.00, 0.00, 1.00, 0.00, 0.00, 0.00, 1.00, 0.00, 0.00, 0.00, 0.00, 1.00, 0.00, 0.00, 0.00, 0.00, 0.00, 0.00
332,  0,  11.033,  0.88,  1, 0.00, 0.09, 1.13, 0.00, 0.00, 0.00, 1.34, 0.30, 0.00, 0.39, 0.76, 1.44, 0.00, 1.39, 0.51, 0.27, 0.00, 0.00, 0.00, 1.00, 0.00, 0.00, 0.00, 1.00, 0.00, 0.00, 0.00, 0.00, 1.00, 0.00, 1.00, 0.00, 0.00, 0.00, 0.00
333,  0,  11.067,  0.88,  1, 0.00, 0.10, 1.12, 0.00, 0.00, 0.00, 1.34, 0.27, 0.00, 0.50, 0.89, 1.42, 0.00, 1.45, 0.38, 0.18, 0.00, 0.00, 0.00, 1.00, 0.00, 0.00, 0.00, 1.00, 0.00, 0.00, 0.00, 0.00, 1.00, 0.00, 0.00, 0.00, 0.00, 0.00, 0.00
334,  0,  11.100,  0.88,  1, 0.00, 0.01, 1.06, 0.00, 0.00, 0.00, 1.37, 0.26, 0.00, 0.62, 1.06, 1.47, 0.00, 1.56, 0.28, 0.06, 0.00, 0.00, 0.00, 1.00, 0.00, 0.00, 0.00, 1.00, 0.00, 0.00, 0.00, 0.00, 1.00, 0.00, 0.00, 0.00, 0.00, 0.00, 0.00
335,  0,  11.133,  0.88,  1, 0.00, 0.08, 1.02, 0.00, 0.00, 0.00, 1.35, 0.26, 0.00, 0.57, 1.29, 1.41, 0.00, 1.57, 0.15, 0.13, 0.00, 0.00, 0.00, 1.00, 0.00, 0.00, 0.00, 1.00, 0.00, 0.00, 0.00, 0.00, 1.00, 0.00, 0.00, 0.00, 0.00, 0.00, 0.00
336,  0,  11.167,  0.88,  1, 0.00, 0.07, 1.05, 0.00, 0.00, 0.00, 1.32, 0.34, 0.00, 0.37, 1.03, 1.36, 0.00, 1.47, 0.04, 0.12, 0.00, 0.00, 0.00, 1.00, 0.00, 0.00, 0.00, 1.00, 0.00, 0.00, 0.00, 0.00, 1.00, 0.00, 0.00, 0.00, 0.00, 0.00, 0.00
337,  0,  11.200,  0.88,  1, 0.00, 0.07, 1.08, 0.00, 0.00, 0.00, 1.39, 0.38, 0.00, 0.19, 0.78, 1.17, 0.00, 1.34, 0.03, 0.12, 0.00, 0.00, 0.00, 1.00, 0.00, 0.00, 0.00, 1.00, 0.00, 0.00, 0.00, 0.00, 0.00, 0.00, 0.00, 0.00, 0.00, 0.00, 0.00
338,  0,  11.233,  0.88,  1, 0.00, 0.00, 1.03, 0.00, 0.00, 0.00, 1.41, 0.47, 0.00, 0.10, 0.56, 1.12, 0.00, 1.21, 0.00, 0.06, 0.00, 0.00, 0.00, 1.00, 0.00, 0.00, 0.00, 1.00, 0.00, 0.00, 0.00, 0.00, 0.00, 0.00, 0.00, 0.00, 0.00, 0.00, 0.00
339,  0,  11.267,  0.88,  1, 0.00, 0.00, 0.98, 0.00, 0.00, 0.00, 1.39, 0.44, 0.01, 0.10, 0.46, 1.07, 0.00, 1.11, 0.00, 0.00, 0.00, 0.00, 0.00, 1.00, 0.00, 0.00, 0.00, 1.00, 0.00, 0.00, 0.00, 0.00, 0.00, 0.00, 0.00, 0.00, 0.00, 0.00, 0.00
340,  0,  11.300,  0.88,  1, 0.00, 0.00, 1.00, 0.00, 0.00, 0.00, 1.31, 0.43, 0.02, 0.07, 0.23, 1.01, 0.00, 0.95, 0.00, 0.10, 0.00, 0.00, 0.00, 1.00, 0.00, 0.00, 0.00, 1.00, 0.00, 0.00, 0.00, 0.00, 0.00, 0.00, 0.00, 0.00, 0.00, 0.00, 0.00
341,  0,  11.333,  0.88,  1, 0.00, 0.02, 1.14, 0.00, 0.00, 0.00, 1.33, 0.53, 0.05, 0.00, 0.20, 0.99, 0.00, 0.84, 0.00, 0.28, 0.00, 0.00, 0.00, 1.00, 0.00, 0.00, 0.00, 1.00, 0.00, 0.00, 0.00, 0.00, 0.00, 0.00, 0.00, 0.00, 0.00, 0.00, 0.00
342,  0,  11.367,  0.88,  1, 0.00, 0.14, 1.23, 0.00, 0.00, 0.00, 1.35, 0.66, 0.04, 0.03, 0.26, 1.05, 0.00, 0.78, 0.00, 0.28, 0.00, 0.00, 0.00, 1.00, 0.00, 0.00, 0.00, 1.00, 0.00, 0.00, 0.00, 0.00, 0.00, 0.00, 0.00, 0.00, 0.00, 0.00, 0.00
343,  0,  11.400,  0.88,  1, 0.00, 0.14, 1.08, 0.00, 0.00, 0.00, 1.32, 0.77, 0.04, 0.18, 0.26, 1.07, 0.00, 0.78, 0.01, 0.18, 0.00, 0.00, 0.00, 1.00, 0.00, 0.00, 0.00, 1.00, 0.00, 0.00, 0.00, 0.00, 0.00, 0.00, 0.00, 0.00, 0.00, 0.00, 0.00
344,  0,  11.433,  0.88,  1, 0.00, 0.13, 0.99, 0.02, 0.00, 0.00, 1.13, 0.96, 0.01, 0.47, 0.33, 0.99, 0.00, 0.77, 0.28, 0.00, 0.00, 0.00, 0.00, 1.00, 0.00, 0.00, 0.00, 1.00, 0.00, 0.00, 0.00, 0.00, 1.00, 0.00, 0.00, 0.00, 0.00, 0.00, 0.00
345,  0,  11.467,  0.88,  1, 0.00, 0.00, 1.09, 0.06, 0.00, 0.00, 0.86, 1.11, 0.01, 0.82, 0.23, 0.87, 0.00, 0.71, 0.48, 0.00, 0.00, 0.00, 0.00, 1.00, 0.00, 0.00, 0.00, 1.00, 0.00, 0.00, 0.00, 0.00, 1.00, 0.00, 0.00, 0.00, 0.00, 0.00, 0.00
346,  0,  11.500,  0.88,  1, 0.00, 0.00, 1.50, 0.12, 0.00, 0.56, 0.54, 1.21, 0.00, 0.79, 0.23, 0.91, 0.00, 0.56, 0.77, 0.00, 0.00, 0.00, 0.00, 1.00, 0.00, 0.00, 0.00, 1.00, 0.00, 0.00, 0.00, 0.00, 1.00, 0.00, 0.00, 0.00, 0.00, 0.00, 0.00
347,  0,  11.533,  0.88,  1, 0.03, 0.06, 1.84, 0.18, 0.00, 1.15, 0.30, 0.92, 0.00, 0.51, 0.00, 0.91, 0.00, 0.33, 1.13, 0.00, 0.00, 0.00, 0.00, 1.00, 0.00, 0.00, 0.00, 0.00, 0.00, 0.00, 0.00, 0.00, 1.00, 0.00, 0.00, 0.00, 0.00, 0.00, 0.00
348,  0,  11.567,  0.88,  1, 0.08, 0.19, 2.11, 0.14, 0.00, 2.04, 0.12, 0.51, 0.00, 0.15, 0.00, 0.65, 0.00, 0.14, 1.39, 0.00, 0.00, 0.00, 0.00, 1.00, 0.00, 0.00, 0.00, 0.00, 0.00, 0.00, 0.00, 0.00, 1.00, 0.00, 0.00, 1.00, 0.00, 0.00, 0.00
349,  0,  11.600,  0.88,  1, 0.10, 0.42, 2.32, 0.08, 0.00, 2.45, 0.02, 0.17, 0.00, 0.03, 0.00, 0.29, 0.00, 0.01, 1.48, 0.00, 0.00, 0.00, 0.00, 1.00, 0.00, 0.00, 0.00, 0.00, 0.00, 0.00, 0.00, 0.00, 1.00, 0.00, 0.00, 1.00, 0.00, 0.00, 0.00
350,  0,  11.633,  0.88,  1, 0.08, 0.43, 2.16, 0.00, 0.00, 2.96, 0.00, 0.00, 0.00, 0.01, 0.00, 0.19, 0.00, 0.03, 1.18, 0.00, 0.00, 0.00, 0.00, 1.00, 0.00, 0.00, 1.00, 0.00, 0.00, 0.00, 0.00, 0.00, 1.00, 0.00, 0.00, 1.00, 0.00, 0.00, 0.00
351,  0,  11.667,  0.88,  1, 0.02, 0.37, 1.82, 0.12, 0.00, 3.04, 0.02, 0.00, 0.00, 0.05, 0.00, 0.24, 0.00, 0.08, 0.97, 0.00, 0.00, 0.00, 0.00, 1.00, 0.00, 0.00, 1.00, 0.00, 0.00, 0.00, 0.00, 0.00, 1.00, 0.00, 0.00, 1.00, 0.00, 0.00, 0.00
352,  0,  11.700,  0.98,  1, 0.00, 0.26, 1.43, 0.12, 0.00, 3.20, 0.02, 0.00, 0.00, 0.27, 0.00, 0.42, 0.00, 0.14, 0.86, 0.00, 0.00, 0.00, 0.00, 1.00, 1.00, 0.00, 1.00, 0.00, 0.00, 0.00, 0.00, 0.00, 1.00, 0.00, 0.00, 1.00, 0.00, 0.00, 0.00
353,  0,  11.733,  0.98,  1, 0.11, 0.31, 1.53, 0.23, 0.00, 2.84, 0.02, 0.00, 0.00, 0.70, 0.00, 0.73, 0.00, 0.15, 0.75, 0.00, 0.00, 1.00, 0.00, 1.00, 1.00, 0.00, 1.00, 0.00, 0.00, 0.00, 1.00, 0.00, 1.00, 0.00, 0.00, 1.00, 0.00, 0.00, 0.00
354,  0,  11.767,  0.98,  1, 0.17, 0.28, 1.79, 0.29, 0.00, 2.39, 0.00, 0.00, 0.00, 1.08, 0.00, 1.07, 0.00, 0.13, 0.79, 0.00, 0.00, 1.00, 0.00, 1.00, 1.00, 0.00, 0.00, 0.00, 0.00, 0.00, 1.00, 0.00, 1.00, 0.00, 0.00, 1.00, 1.00, 0.00, 0.00
355,  0,  11.800,  0.98,  1, 0.24, 0.15, 1.94, 0.55, 0.00, 1.80, 0.00, 0.00, 0.00, 1.12, 0.00, 1.21, 0.00, 0.08, 0.86, 0.00, 0.00, 1.00, 0.00, 1.00, 0.00, 0.00, 0.00, 0.00, 0.00, 0.00, 1.00, 0.00, 1.00, 0.00, 0.00, 1.00, 1.00, 0.00, 0.00
356,  0,  11.833,  0.98,  1, 0.27, 0.15, 2.04, 0.66, 0.00, 1.61, 0.00, 0.00, 0.00, 1.06, 0.00, 0.94, 0.00, 0.04, 0.91, 0.00, 0.05, 1.00, 0.00, 1.00, 0.00, 0.00, 0.00, 0.00, 0.00, 0.00, 1.00, 0.00, 1.00, 0.00, 0.00, 1.00, 1.00, 0.00, 0.00
357,  0,  11.867,  0.98,  1, 0.34, 0.30, 2.06, 0.54, 0.00, 1.71, 0.00, 0.00, 0.00, 0.90, 0.00, 0.92, 0.00, 0.02, 0.89, 0.19, 0.05, 1.00, 0.00, 1.00, 0.00, 0.00, 0.00, 0.00, 0.00, 0.00, 1.00, 0.00, 1.00, 0.00, 0.00, 1.00, 1.00, 0.00, 0.00
358,  0,  11.900,  0.98,  1, 0.36, 0.47, 2.09, 0.35, 0.00, 1.87, 0.00, 0.00, 0.00, 0.96, 0.00, 0.99, 0.00, 0.03, 0.87, 0.28, 0.05, 1.00, 0.00, 1.00, 0.00, 0.00, 0.00, 0.00, 0.00, 0.00, 1.00, 0.00, 1.00, 0.00, 0.00, 1.00, 1.00, 0.00, 0.00
359,  0,  11.933,  0.98,  1, 0.25, 0.60, 2.10, 0.31, 0.00, 1.94, 0.00, 0.00, 0.00, 0.94, 0.00, 1.12, 0.00, 0.04, 0.85, 0.42, 0.00, 1.00, 0.00, 1.00, 0.00, 0.00, 0.00, 0.00, 0.00, 0.00, 1.00, 0.00, 1.00, 0.00, 0.00, 1.00, 1.00, 0.00, 0.00
360,  0,  11.967,  0.98,  1, 0.13, 0.56, 1.67, 0.24, 0.00, 1.74, 0.00, 0.00, 0.00, 0.99, 0.00, 0.94, 0.00, 0.04, 0.86, 0.50, 0.00, 1.00, 0.00, 1.00, 0.00, 0.00, 0.00, 0.00, 0.00, 0.00, 1.00, 0.00, 1.00, 0.00, 0.00, 1.00, 1.00, 0.00, 0.00
361,  0,  12.000,  0.98,  1, 0.04, 0.59, 1.32, 0.18, 0.00, 1.54, 0.00, 0.00, 0.00, 0.94, 0.00, 0.81, 0.00, 0.01, 0.85, 0.51, 0.00, 1.00, 1.00, 1.00, 1.00, 0.00, 0.00, 0.00, 0.00, 0.00, 1.00, 0.00, 1.00, 1.00, 0.00, 1.00, 1.00, 0.00, 0.00
362,  0,  12.033,  0.88,  1, 0.00, 0.51, 1.08, 0.17, 0.00, 1.38, 0.00, 0.00, 0.00, 0.87, 0.00, 0.73, 0.00, 0.00, 0.88, 0.54, 0.00, 1.00, 1.00, 1.00, 1.00, 0.00, 0.00, 0.00, 0.00, 0.00, 1.00, 0.00, 1.00, 1.00, 0.00, 1.00, 1.00, 0.00, 0.00
363,  0,  12.067,  0.88,  1, 0.00, 0.50, 1.23, 0.37, 0.00, 1.65, 0.00, 0.00, 0.00, 0.75, 0.00, 0.94, 0.00, 0.00, 0.74, 0.47, 0.00, 1.00, 1.00, 1.00, 1.00, 0.00, 0.00, 0.00, 0.00, 0.00, 1.00, 0.00, 1.00, 1.00, 0.00, 1.00, 1.00, 0.00, 0.00
364,  0,  12.100,  0.88,  1, 0.02, 0.49, 1.41, 0.67, 0.00, 1.73, 0.00, 0.00, 0.00, 0.72, 0.00, 1.12, 0.00, 0.00, 0.61, 0.43, 0.00, 1.00, 1.00, 1.00, 1.00, 0.00, 0.00, 0.00, 0.00, 0.00, 1.00, 0.00, 1.00, 1.00, 0.00, 1.00, 1.00, 0.00, 0.00
365,  0,  12.133,  0.88,  1, 0.13, 0.52, 1.57, 0.73, 0.00, 1.89, 0.01, 0.00, 0.00, 0.69, 0.00, 1.29, 0.00, 0.07, 0.62, 0.34, 0.00, 1.00, 1.00, 1.00, 1.00, 0.00, 0.00, 0.00, 0.00, 0.00, 1.00, 0.00, 1.00, 1.00, 0.00, 1.00, 1.00, 0.00, 0.00
366,  0,  12.167,  0.98,  1, 0.26, 0.80, 1.79, 0.79, 0.00, 1.88, 0.02, 0.00, 0.00, 0.80, 0.00, 1.24, 0.00, 0.09, 0.73, 0.14, 0.00, 1.00, 1.00, 1.00, 1.00, 0.00, 0.00, 0.00, 0.00, 0.00, 1.00, 0.00, 1.00, 1.00, 0.00, 1.00, 1.00, 0.00, 0.00
367,  0,  12.200,  0.88,  1, 0.27, 0.80, 1.91, 0.64, 0.00, 1.93, 0.10, 0.00, 0.00, 0.82, 0.00, 1.12, 0.00, 0.11, 0.81, 0.15, 0.00, 1.00, 1.00, 1.00, 1.00, 0.00, 0.00, 0.00, 0.00, 0.00, 1.00, 0.00, 1.00, 1.00, 0.00, 1.00, 1.00, 0.00, 0.00
368,  0,  12.233,  0.88,  1, 0.21, 0.93, 1.90, 0.63, 0.00, 2.00, 0.23, 0.00, 0.00, 0.80, 0.00, 0.92, 0.00, 0.04, 0.94, 0.21, 0.00, 1.00, 1.00, 1.00, 1.00, 0.00, 0.00, 0.00, 0.00, 0.00, 1.00, 0.00, 1.00, 0.00, 0.00, 1.00, 1.00, 0.00, 0.00
369,  0,  12.267,  0.98,  1, 0.12, 0.96, 1.90, 0.63, 0.00, 2.02, 0.30, 0.00, 0.00, 0.62, 0.00, 0.77, 0.00, 0.01, 1.06, 0.39, 0.00, 1.00, 0.00, 1.00, 1.00, 0.00, 0.00, 0.00, 0.00, 0.00, 0.00, 0.00, 1.00, 0.00, 0.00, 1.00, 1.00, 0.00, 0.00
370,  0,  12.300,  0.98,  1, 0.13, 0.85, 1.92, 0.72, 0.00, 1.88, 0.38, 0.00, 0.00, 0.49, 0.00, 0.70, 0.00, 0.00, 1.32, 0.57, 0.00, 1.00, 0.00, 1.00, 0.00, 0.00, 0.00, 0.00, 0.00, 0.00, 0.00, 0.00, 1.00, 0.00, 0.00, 1.00, 1.00, 0.00, 0.00
371,  0,  12.333,  0.88,  1, 0.10, 0.56, 1.92, 0.52, 0.00, 1.58, 0.58, 0.05, 0.00, 0.35, 0.00, 0.55, 0.00, 0.00, 1.33, 0.73, 0.00, 1.00, 0.00, 1.00, 0.00, 0.00, 0.00, 0.00, 0.00, 0.00, 0.00, 0.00, 1.00, 0.00, 0.00, 1.00, 1.00, 0.00, 0.00
372,  0,  12.367,  0.88,  1, 0.12, 0.21, 1.86, 0.25, 0.00, 1.51, 1.09, 0.22, 0.00, 0.46, 0.19, 0.36, 0.00, 0.00, 1.54, 0.56, 0.00, 0.00, 0.00, 1.00, 0.00, 0.00, 0.00, 1.00, 0.00, 0.00, 0.00, 0.00, 1.00, 0.00, 0.00, 1.00, 0.00, 0.00, 0.00
373,  0,  12.400,  0.88,  1, 0.10, 0.39, 1.94, 0.03, 0.00, 1.71, 1.47, 0.42, 0.00, 0.68, 0.41, 0.35, 0.00, 0.00, 1.60, 0.37, 0.00, 0.00, 0.00, 1.00, 0.00, 0.00, 0.00, 1.00, 0.00, 0.00, 0.00, 0.00, 1.00, 0.00, 0.00, 1.00, 0.00, 0.00, 0.00
374,  0,  12.433,  0.88,  1, 0.07, 0.48, 1.98, 0.19, 0.00, 1.60, 1.54, 0.57, 0.00, 0.69, 0.41, 0.55, 0.00, 0.00, 1.60, 0.28, 0.00, 0.00, 0.00, 1.00, 0.00, 0.00, 0.00, 1.00, 0.00, 0.00, 0.00, 1.00, 1.00, 0.00, 0.00, 1.00, 0.00, 0.00, 0.00
375,  0,  12.467,  0.88,  1, 0.02, 0.39, 1.81, 0.33, 0.00, 0.98, 1.28, 0.61, 0.00, 0.68, 0.26, 1.03, 0.10, 0.02, 1.45, 0.42, 0.00, 0.00, 0.00, 1.00, 0.00, 0.00, 0.00, 1.00, 0.00, 0.00, 0.00, 1.00, 1.00, 0.00, 0.00, 1.00, 0.00, 0.00, 0.00
376,  0,  12.500,  0.77,  1, 0.00, 0.13, 1.55, 0.41, 0.00, 0.29, 1.23, 0.61, 0.00, 0.38, 0.30, 1.13, 0.10, 0.20, 1.18, 0.63, 0.00, 0.00, 0.00, 1.00, 0.00, 0.00, 0.00, 1.00, 0.00, 0.00, 0.00, 1.00, 1.00, 0.00, 0.00, 0.00, 0.00, 0.00, 0.00
377,  0,  12.533,  0.88,  1, 0.00, 0.00, 1.36, 0.29, 0.00, 0.00, 1.25, 0.72, 0.00, 0.32, 0.54, 1.16, 0.10, 0.41, 0.95, 0.53, 0.00, 0.00, 0.00, 1.00, 0.00, 0.00, 0.00, 1.00, 0.00, 0.00, 0.00, 1.00, 1.00, 0.00, 0.00, 0.00, 0.00, 0.00, 0.00
378,  0,  12.567,  0.88,  1, 0.00, 0.00, 1.45, 0.22, 0.00, 0.00, 1.41, 0.80, 0.00, 0.15, 0.90, 0.97, 0.00, 0.58, 0.72, 0.45, 0.00, 0.00, 0.00, 1.00, 0.00, 0.00, 0.00, 1.00, 0.00, 0.00, 0.00, 0.00, 1.00, 0.00, 0.00, 0.00, 0.00, 0.00, 0.00
379,  0,  12.600,  0.88,  1, 0.00, 0.00, 1.65, 0.15, 0.00, 0.00, 1.30, 1.01, 0.00, 0.31, 0.88, 0.84, 0.00, 0.53, 0.49, 0.25, 0.00, 0.00, 0.00, 1.00, 0.00, 0.00, 0.00, 1.00, 0.00, 0.00, 0.00, 0.00, 0.00, 0.00, 0.00, 0.00, 0.00, 0.00, 0.00
380,  0,  12.633,  0.88,  1, 0.00, 0.00, 1.58, 0.25, 0.00, 0.00, 1.28, 1.06, 0.00, 0.41, 0.86, 0.71, 0.00, 0.47, 0.57, 0.15, 0.00, 0.00, 0.00, 1.00, 0.00, 0.00, 0.00, 1.00, 0.00, 0.00, 0.00, 0.00, 0.00, 0.00, 0.00, 0.00, 0.00, 0.00, 0.00
381,  0,  12.667,  0.88,  1, 0.00, 0.00, 1.65, 0.17, 0.00, 0.00, 1.25, 1.16, 0.00, 0.66, 0.64, 0.61, 0.00, 0.36, 0.61, 0.09, 0.00, 0.00, 0.00, 1.00, 0.00, 0.00, 0.00, 1.00, 0.00, 0.00, 0.00, 0.00, 0.00, 0.00, 0.00, 0.00, 0.00, 0.00, 0.00
382,  0,  12.700,  0.88,  1, 0.00, 0.00, 1.46, 0.27, 0.00, 0.00, 1.30, 1.19, 0.00, 0.78, 0.51, 0.64, 0.00, 0.36, 0.61, 0.09, 0.00, 0.00, 0.00, 1.00, 0.00, 0.00, 0.00, 1.00, 0.00, 0.00, 0.00, 0.00, 0.00, 0.00, 0.00, 0.00, 0.00, 0.00, 0.00
383,  0,  12.733,  0.88,  1, 0.00, 0.00, 1.53, 0.17, 0.00, 0.00, 1.35, 1.21, 0.00, 0.93, 0.40, 0.66, 0.00, 0.30, 0.38, 0.09, 0.00, 0.00, 0.00, 1.00, 0.00, 0.00, 0.00, 1.00, 0.00, 0.00, 0.00, 0.00, 0.00, 0.00, 0.00, 0.00, 0.00, 0.00, 0.00
384,  0,  12.767,  0.88,  1, 0.03, 0.00, 1.43, 0.34, 0.00, 0.00, 1.26, 1.25, 0.00, 0.98, 0.36, 0.71, 0.00, 0.26, 0.37, 0.15, 0.00, 0.00, 0.00, 1.00, 0.00, 0.00, 0.00, 1.00, 0.00, 0.00, 0.00, 0.00, 0.00, 0.00, 0.00, 0.00, 0.00, 0.00, 0.00
385,  0,  12.800,  0.88,  1, 0.08, 0.00, 1.43, 0.22, 0.00, 0.00, 1.15, 1.22, 0.00, 0.87, 0.56, 0.53, 0.00, 0.20, 0.38, 0.06, 0.00, 0.00, 0.00, 1.00, 0.00, 0.00, 0.00, 1.00, 0.00, 0.00, 0.00, 0.00, 0.00, 0.00, 0.00, 0.00, 0.00, 0.00, 0.00
386,  0,  12.833,  0.88,  1, 0.18, 0.09, 1.41, 0.16, 0.00, 0.17, 1.14, 1.25, 0.00, 0.94, 0.54, 0.54, 0.00, 0.12, 0.50, 0.06, 0.00, 0.00, 0.00, 1.00, 0.00, 0.00, 0.00, 1.00, 0.00, 0.00, 0.00, 0.00, 0.00, 0.00, 0.00, 0.00, 0.00, 0.00, 0.00
387,  0,  12.867,  0.88,  1, 0.14, 0.09, 1.43, 0.00, 0.00, 0.30, 1.14, 1.23, 0.00, 0.87, 0.50, 0.42, 0.00, 0.18, 0.52, 0.08, 0.00, 0.00, 1.00, 1.00, 0.00, 0.00, 0.00, 1.00, 0.00, 0.00, 0.00, 0.00, 0.00, 0.00, 0.00, 0.00, 0.00, 0.00, 0.00
388,  0,  12.900,  0.88,  1, 0.13, 0.09, 1.43, 0.00, 0.00, 0.36, 1.10, 1.24, 0.00, 0.98, 0.39, 0.54, 0.00, 0.18, 0.51, 0.08, 0.00, 0.00, 1.00, 1.00, 0.00, 0.00, 0.00, 1.00, 0.00, 0.00, 0.00, 0.00, 0.00, 0.00, 0.00, 0.00, 0.00, 0.00, 0.00
389,  0,  12.933,  0.88,  1, 0.12, 0.05, 1.46, 0.00, 0.00, 0.26, 0.96, 1.23, 0.00, 0.93, 0.46, 0.44, 0.00, 0.24, 0.48, 0.08, 0.00, 0.00, 1.00, 1.00, 0.00, 0.00, 0.00, 1.00, 0.00, 0.00, 0.00, 0.00, 0.00, 0.00, 0.00, 0.00, 0.00, 0.00, 0.00
390,  0,  12.967,  0.88,  1, 0.29, 0.19, 1.56, 0.00, 0.00, 0.25, 0.96, 1.19, 0.00, 0.86, 0.44, 0.50, 0.00, 0.24, 0.51, 0.00, 0.00, 0.00, 1.00, 1.00, 0.00, 0.00, 0.00, 1.00, 0.00, 0.00, 0.00, 0.00, 0.00, 0.00, 0.00, 0.00, 0.00, 0.00, 0.00
391,  0,  13.000,  0.88,  1, 0.36, 0.18, 1.62, 0.00, 0.00, 0.67, 1.02, 1.32, 0.00, 0.61, 0.54, 0.59, 0.00, 0.21, 0.46, 0.00, 0.00, 0.00, 1.00, 1.00, 0.00, 0.00, 0.00, 1.00, 0.00, 0.00, 0.00, 0.00, 0.00, 0.00, 0.00, 0.00, 0.00, 0.00, 0.00
392,  0,  13.033,  0.77,  1, 0.28, 0.14, 1.63, 0.20, 0.00, 0.73, 1.09, 1.41, 0.00, 0.29, 0.38, 0.81, 0.00, 0.29, 0.54, 0.13, 0.00, 0.00, 1.00, 1.00, 0.00, 0.00, 0.00, 1.00, 0.00, 0.00, 0.00, 0.00, 0.00, 0.00, 0.00, 0.00, 0.00, 0.00, 0.00
393,  0,  13.067,  0.93,  1, 0.11, 0.00, 1.52, 0.60, 0.00, 0.83, 1.11, 1.37, 0.00, 0.15, 0.31, 0.95, 0.00, 0.30, 0.60, 0.26, 0.00, 0.00, 0.00, 1.00, 0.00, 0.00, 0.00, 1.00, 0.00, 0.00, 0.00, 1.00, 1.00, 0.00, 0.00, 1.00, 0.00, 0.00, 0.00
394,  0,  13.100,  0.93,  1, 0.00, 0.00, 1.51, 0.98, 0.00, 0.80, 1.14, 1.17, 0.00, 0.38, 0.08, 1.04, 0.00, 0.30, 1.01, 0.40, 0.00, 0.00, 0.00, 1.00, 0.00, 0.00, 0.00, 1.00, 0.00, 0.00, 0.00, 1.00, 1.00, 0.00, 0.00, 1.00, 0.00, 0.00, 0.00
395,  0,  13.133,  0.93,  1, 0.03, 0.07, 1.58, 1.18, 0.00, 0.91, 1.15, 1.05, 0.00, 0.73, 0.25, 1.07, 0.00, 0.15, 1.09, 0.27, 0.00, 0.00, 0.00, 1.00, 0.00, 0.00, 0.00, 1.00, 0.00, 0.00, 0.00, 1.00, 1.00, 0.00, 0.00, 1.00, 0.00, 0.00, 0.00
396,  0,  13.167,  0.93,  1, 0.03, 0.07, 1.60, 1.28, 0.00, 0.97, 1.16, 1.08, 0.00, 0.91, 0.63, 1.26, 0.00, 0.17, 1.06, 0.35, 0.00, 0.00, 0.00, 1.00, 0.00, 0.00, 0.00, 1.00, 0.00, 0.00, 0.00, 1.00, 1.00, 0.00, 0.00, 1.00, 0.00, 0.00, 0.00
397,  0,  13.200,  0.93,  1, 0.03, 0.07, 1.50, 1.48, 0.00, 0.74, 1.17, 0.98, 0.00, 0.78, 0.91, 1.47, 0.00, 0.21, 1.00, 0.44, 0.00, 0.00, 0.00, 1.00, 0.00, 0.00, 0.00, 1.00, 0.00, 0.00, 0.00, 1.00, 1.00, 0.00, 0.00, 0.00, 0.00, 0.00, 0.00
398,  0,  13.233,  0.93,  1, 0.00, 0.00, 1.49, 1.46, 0.00, 0.92, 1.25, 0.99, 0.00, 0.75, 1.01, 1.52, 0.00, 0.24, 0.99, 0.49, 0.00, 0.00, 0.00, 1.00, 0.00, 0.00, 0.00, 1.00, 0.00, 0.00, 0.00, 1.00, 1.00, 0.00, 0.00, 0.00, 0.00, 0.00, 0.00
399,  0,  13.267,  0.93,  1, 0.00, 0.00, 1.47, 1.41, 0.00, 0.83, 1.30, 1.01, 0.00, 0.79, 0.85, 1.44, 0.00, 0.12, 1.00, 0.32, 0.00, 0.00, 0.00, 1.00, 0.00, 0.00, 0.00, 1.00, 0.00, 0.00, 0.00, 1.00, 1.00, 0.00, 0.00, 0.00, 0.00, 0.00, 0.00
400,  0,  13.300,  0.98,  1, 0.02, 0.10, 1.61, 1.18, 0.00, 0.85, 1.26, 1.03, 0.00, 1.00, 0.53, 1.26, 0.00, 0.03, 0.97, 0.09, 0.00, 0.00, 0.00, 1.00, 0.00, 0.00, 0.00, 1.00, 0.00, 0.00, 0.00, 1.00, 1.00, 0.00, 0.00, 0.00, 0.00, 0.00, 0.00
401,  0,  13.333,  0.93,  1, 0.04, 0.10, 1.38, 1.31, 0.00, 0.76, 1.03, 0.92, 0.00, 0.93, 0.50, 1.12, 0.00, 0.00, 1.16, 0.04, 0.00, 0.00, 0.00, 1.00, 0.00, 0.00, 0.00, 1.00, 0.00, 0.00, 0.00, 1.00, 1.00, 0.00, 0.00, 0.00, 0.00, 0.00, 0.00
402,  0,  13.367,  0.93,  1, 0.04, 0.10, 1.28, 1.20, 0.00, 0.90, 0.65, 0.69, 0.00, 0.77, 0.28, 0.91, 0.00, 0.03, 1.39, 0.00, 0.00, 0.00, 0.00, 1.00, 0.00, 0.00, 0.00, 0.00, 0.00, 0.00, 0.00, 1.00, 1.00, 0.00, 0.00, 1.00, 0.00, 0.00, 0.00
403,  0,  13.400,  0.93,  1, 0.02, 0.00, 1.23, 1.19, 0.00, 1.30, 0.30, 0.40, 0.00, 0.47, 0.23, 0.78, 0.00, 0.10, 1.49, 0.00, 0.00, 0.00, 0.00, 1.00, 0.00, 0.00, 0.00, 0.00, 0.00, 0.00, 0.00, 1.00, 1.00, 0.00, 0.00, 1.00, 0.00, 0.00, 0.00
404,  0,  13.433,  0.93,  1, 0.00, 0.26, 1.52, 0.95, 0.00, 1.69, 0.08, 0.13, 0.00, 0.31, 0.00, 0.75, 0.00, 0.24, 1.52, 0.03, 0.00, 0.00, 0.00, 1.00, 0.00, 0.00, 0.00, 0.00, 0.00, 0.00, 0.00, 0.00, 1.00, 0.00, 0.00, 1.00, 0.00, 0.00, 0.00
405,  0,  13.467,  0.98,  1, 0.00, 0.42, 1.80, 0.63, 0.00, 2.05, 0.00, 0.00, 0.00, 0.29, 0.00, 0.77, 0.00, 0.43, 1.38, 0.04, 0.00, 0.00, 1.00, 1.00, 0.00, 0.00, 1.00, 0.00, 0.00, 0.00, 0.00, 0.00, 1.00, 1.00, 0.00, 1.00, 0.00, 0.00, 0.00
406,  0,  13.500,  0.88,  1, 0.00, 0.59, 1.93, 0.28, 0.00, 2.28, 0.09, 0.00, 0.00, 0.30, 0.00, 0.81, 0.12, 0.62, 1.30, 0.04, 0.00, 0.00, 1.00, 1.00, 0.00, 0.00, 1.00, 0.00, 0.00, 0.00, 0.00, 0.00, 1.00, 1.00, 0.00, 1.00, 0.00, 0.00, 0.00
407,  0,  13.533,  0.98,  1, 0.00, 0.33, 2.07, 0.00, 0.00, 2.45, 0.15, 0.00, 0.00, 0.20, 0.00, 1.02, 0.25, 0.66, 1.13, 0.25, 0.00, 0.00, 1.00, 1.00, 0.00, 0.00, 1.00, 0.00, 0.00, 0.00, 0.00, 0.00, 1.00, 1.00, 1.00, 1.00, 0.00, 0.00, 0.00
408,  0,  13.567,  0.98,  1, 0.00, 0.17, 2.07, 0.00, 0.00, 2.58, 0.15, 0.00, 0.00, 0.06, 0.00, 1.16, 0.25, 0.46, 1.06, 0.26, 0.00, 0.00, 1.00, 1.00, 1.00, 0.00, 1.00, 0.00, 0.00, 0.00, 0.00, 0.00, 1.00, 1.00, 1.00, 1.00, 0.00, 0.00, 0.00
409,  0,  13.600,  0.98,  1, 0.00, 0.19, 1.95, 0.06, 0.00, 2.81, 0.06, 0.00, 0.00, 0.00, 0.00, 1.35, 0.13, 0.25, 0.69, 0.26, 0.00, 0.00, 1.00, 1.00, 1.00, 0.00, 1.00, 0.00, 0.00, 0.00, 0.00, 0.00, 1.00, 1.00, 1.00, 1.00, 0.00, 0.00, 0.00
410,  0,  13.633,  0.98,  1, 0.08, 0.19, 1.69, 0.11, 0.00, 2.74, 0.00, 0.00, 0.00, 0.00, 0.00, 1.08, 0.10, 0.08, 0.38, 0.02, 0.00, 0.00, 1.00, 1.00, 1.00, 0.00, 1.00, 0.00, 0.00, 0.00, 0.00, 0.00, 1.00, 1.00, 1.00, 0.00, 0.00, 0.00, 0.00
411,  0,  13.667,  0.98,  1, 0.25, 0.21, 1.50, 0.11, 0.00, 2.78, 0.00, 0.00, 0.00, 0.00, 0.00, 1.12, 0.10, 0.06, 0.13, 0.24, 0.00, 0.00, 1.00, 1.00, 1.00, 0.00, 0.00, 0.00, 0.00, 0.00, 0.00, 0.00, 1.00, 1.00, 0.00, 0.00, 0.00, 0.00, 0.00
412,  0,  13.700,  0.98,  1, 0.33, 0.02, 1.30, 0.09, 0.00, 2.32, 0.00, 0.00, 0.00, 0.00, 0.00, 1.06, 0.28, 0.14, 0.28, 1.05, 0.00, 0.00, 1.00, 1.00, 1.00, 0.00, 0.00, 0.00, 0.00, 0.00, 0.00, 0.00, 0.00, 1.00, 0.00, 0.00, 0.00, 0.00, 0.00
413,  0,  13.733,  0.88,  1, 0.35, 0.02, 1.26, 0.28, 0.00, 1.92, 0.00, 0.00, 0.00, 0.00, 0.00, 0.85, 0.19, 0.15, 0.51, 1.91, 0.00, 0.00, 0.00, 1.00, 1.00, 0.00, 0.00, 0.00, 0.00, 0.00, 0.00, 0.00, 0.00, 1.00, 0.00, 0.00, 0.00, 0.00, 0.00
414,  0,  13.767,  0.88,  1, 0.36, 0.00, 1.15, 0.41, 0.00, 1.04, 0.03, 0.21, 0.00, 0.00, 0.12, 0.43, 0.19, 0.14, 0.56, 2.34, 0.00, 0.00, 0.00, 1.00, 1.00, 0.00, 0.00, 0.00, 0.00, 0.00, 0.00, 0.00, 0.00, 1.00, 0.00, 0.00, 0.00, 0.00, 0.00
415,  0,  13.800,  0.88,  1, 0.45, 0.00, 1.10, 0.40, 0.00, 0.49, 0.21, 0.41, 0.00, 0.00, 0.34, 0.00, 0.15, 0.01, 0.54, 1.90, 0.00, 0.00, 0.00, 1.00, 0.00, 0.00, 0.00, 0.00, 0.00, 0.00, 0.00, 0.00, 0.00, 0.00, 0.00, 0.00, 0.00, 0.00, 0.00
416,  0,  13.833,  0.88,  1, 0.34, 0.00, 0.91, 0.17, 0.00, 0.09, 0.38, 0.41, 0.00, 0.00, 0.83, 0.00, 0.26, 0.00, 0.66, 1.15, 0.00, 0.00, 0.00, 1.00, 0.00, 0.00, 0.00, 0.00, 0.00, 0.00, 0.00, 0.00, 0.00, 0.00, 0.00, 0.00, 0.00, 0.00, 0.00
417,  0,  13.867,  0.98,  1, 0.17, 0.00, 0.85, 0.03, 0.00, 0.14, 0.58, 0.42, 0.00, 0.00, 1.07, 0.00, 0.31, 0.00, 0.69, 0.81, 0.00, 0.00, 0.00, 1.00, 0.00, 0.00, 0.00, 0.00, 0.00, 0.00, 0.00, 0.00, 0.00, 0.00, 0.00, 0.00, 0.00, 0.00, 0.00
418,  0,  13.900,  0.98,  1, 0.00, 0.00, 1.09, 0.00, 0.00, 0.06, 0.59, 0.38, 0.00, 0.00, 1.43, 0.00, 0.27, 0.00, 1.05, 0.70, 0.00, 0.00, 0.00, 1.00, 0.00, 0.00, 0.00, 0.00, 0.00, 0.00, 0.00, 0.00, 0.00, 0.00, 0.00, 0.00, 0.00, 0.00, 0.00
419,  0,  13.933,  0.98,  1, 0.00, 0.00, 1.44, 0.03, 0.02, 0.05, 0.52, 0.53, 0.00, 0.00, 1.25, 0.00, 0.51, 0.00, 0.97, 0.69, 0.00, 0.00, 0.00, 1.00, 0.00, 0.00, 0.00, 0.00, 0.00, 0.00, 0.00, 0.00, 0.00, 0.00, 0.00, 0.00, 0.00, 0.00, 0.00
420,  0,  13.967,  0.88,  1, 0.00, 0.00, 1.71, 0.18, 0.02, 0.00, 0.39, 0.65, 0.00, 0.00, 1.32, 0.00, 0.45, 0.00, 1.09, 0.57, 0.00, 0.00, 0.00, 1.00, 0.00, 0.00, 0.00, 0.00, 0.00, 0.00, 0.00, 0.00, 0.00, 0.00, 0.00, 0.00, 0.00, 0.00, 0.00
421,  0,  14.000,  0.88,  1, 0.00, 0.00, 1.63, 0.19, 0.02, 0.00, 0.36, 0.95, 0.00, 0.00, 1.33, 0.00, 0.46, 0.00, 0.95, 0.59, 0.00, 0.00, 0.00, 1.00, 0.00, 0.00, 0.00, 0.00, 0.00, 0.00, 0.00, 0.00, 0.00, 0.00, 0.00, 0.00, 0.00, 0.00, 0.00
422,  0,  14.033,  0.88,  1, 0.00, 0.00, 1.45, 0.16, 0.09, 0.28, 0.38, 1.12, 0.00, 0.00, 1.10, 0.00, 0.11, 0.00, 0.84, 0.75, 0.00, 0.00, 0.00, 1.00, 1.00, 0.00, 0.00, 0.00, 0.00, 0.00, 0.00, 0.00, 0.00, 0.00, 0.00, 0.00, 0.00, 0.00, 0.00
423,  0,  14.067,  0.88,  1, 0.00, 0.00, 1.32, 0.15, 0.17, 0.30, 0.28, 1.06, 0.00, 0.00, 1.45, 0.00, 0.11, 0.00, 1.03, 0.75, 0.00, 0.00, 0.00, 1.00, 1.00, 0.00, 0.00, 0.00, 0.00, 0.00, 0.00, 0.00, 0.00, 0.00, 0.00, 0.00, 0.00, 0.00, 0.00
424,  0,  14.100,  0.93,  1, 0.00, 0.00, 1.46, 0.32, 0.34, 0.45, 0.12, 1.07, 0.00, 0.00, 2.24, 0.10, 0.00, 0.00, 1.08, 0.52, 0.00, 0.00, 0.00, 1.00, 0.00, 0.00, 0.00, 0.00, 0.00, 0.00, 0.00, 0.00, 0.00, 0.00, 0.00, 0.00, 0.00, 0.00, 0.00
425,  0,  14.133,  0.88,  1, 0.00, 0.00, 1.61, 0.32, 0.44, 0.17, 0.00, 1.22, 0.00, 0.00, 3.40, 0.10, 0.00, 0.00, 1.32, 0.25, 0.00, 0.00, 0.00, 1.00, 0.00, 0.00, 0.00, 0.00, 0.00, 0.00, 0.00, 0.00, 0.00, 0.00, 0.00, 0.00, 0.00, 0.00, 0.00
426,  0,  14.167,  0.88,  1, 0.00, 0.00, 1.59, 0.19, 0.45, 0.14, 0.00, 1.22, 0.00, 0.00, 3.68, 0.10, 0.01, 0.00, 1.16, 0.05, 0.00, 0.00, 0.00, 1.00, 0.00, 0.00, 0.00, 0.00, 0.00, 0.00, 0.00, 0.00, 0.00, 0.00, 0.00, 0.00, 0.00, 0.00, 0.00
427,  0,  14.200,  0.88,  1, 0.02, 0.00, 1.56, 0.00, 0.42, 0.29, 0.00, 1.14, 0.00, 0.00, 3.96, 0.00, 0.19, 0.00, 1.33, 0.00, 0.00, 0.00, 0.00, 1.00, 0.00, 0.00, 0.00, 0.00, 0.00, 0.00, 0.00, 0.00, 0.00, 0.00, 1.00, 0.00, 0.00, 0.00, 0.00
428,  0,  14.233,  0.88,  1, 0.02, 0.00, 1.46, 0.00, 0.33, 0.56, 0.00, 1.10, 0.00, 0.00, 4.01, 0.00, 0.19, 0.00, 1.30, 0.00, 0.00, 0.00, 0.00, 1.00, 0.00, 0.00, 0.00, 0.00, 0.00, 0.00, 0.00, 0.00, 0.00, 0.00, 1.00, 0.00, 0.00, 0.00, 0.00
429,  0,  14.267,  0.88,  1, 0.02, 0.00, 1.58, 0.00, 0.35, 0.78, 0.00, 1.27, 0.00, 0.00, 4.08, 0.00, 0.18, 0.00, 1.46, 0.00, 0.00, 0.00, 0.00, 1.00, 0.00, 0.00, 0.00, 0.00, 0.00, 0.00, 0.00, 0.00, 0.00, 0.00, 1.00, 0.00, 0.00, 0.00, 0.00
430,  0,  14.300,  0.88,  1, 0.00, 0.00, 1.57, 0.00, 0.25, 0.67, 0.00, 1.21, 0.00, 0.00, 3.30, 0.00, 0.00, 0.00, 1.41, 0.00, 0.00, 0.00, 0.00, 1.00, 0.00, 0.00, 0.00, 0.00, 0.00, 0.00, 0.00, 0.00, 0.00, 0.00, 1.00, 0.00, 0.00, 0.00, 0.00
431,  0,  14.333,  0.88,  1, 0.00, 0.00, 1.83, 0.00, 0.24, 0.58, 0.00, 1.23, 0.00, 0.00, 3.22, 0.00, 0.00, 0.00, 1.59, 0.00, 0.00, 0.00, 0.00, 1.00, 0.00, 0.00, 0.00, 0.00, 0.00, 0.00, 0.00, 0.00, 0.00, 0.00, 1.00, 0.00, 0.00, 0.00, 0.00
432,  0,  14.367,  0.88,  1, 0.00, 0.00, 2.01, 0.00, 0.21, 0.51, 0.08, 1.19, 0.02, 0.00, 2.48, 0.00, 0.00, 0.00, 1.56, 0.00, 0.00, 0.00, 0.00, 1.00, 0.00, 0.00, 0.00, 0.00, 0.00, 0.00, 0.00, 0.00, 0.00, 0.00, 1.00, 0.00, 0.00, 0.00, 0.00
433,  0,  14.400,  0.88,  1, 0.00, 0.00, 2.05, 0.00, 0.23, 0.42, 0.08, 1.33, 0.02, 0.00, 2.20, 0.00, 0.00, 0.00, 1.33, 0.19, 0.00, 0.00, 0.00, 1.00, 0.00, 0.00, 0.00, 0.00, 0.00, 0.00, 0.00, 0.00, 0.00, 0.00, 1.00, 0.00, 0.00, 0.00, 0.00
434,  0,  14.433,  0.88,  1, 0.00, 0.00, 1.86, 0.00, 0.19, 0.27, 0.08, 1.36, 0.02, 0.00, 1.39, 0.05, 0.00, 0.00, 0.99, 0.23, 0.00, 0.00, 0.00, 1.00, 0.00, 0.00, 0.00, 0.00, 0.00, 0.00, 0.00, 0.00, 0.00, 0.00, 1.00, 0.00, 0.00, 0.00, 0.00
435,  0,  14.467,  0.88,  1, 0.00, 0.00, 1.67, 0.00, 0.14, 0.21, 0.00, 1.25, 0.00, 0.00, 2.00, 0.05, 0.00, 0.00, 0.64, 0.23, 0.00, 0.00, 0.00, 1.00, 0.00, 0.00, 0.00, 0.00, 0.00, 0.00, 0.00, 0.00, 0.00, 0.00, 1.00, 0.00, 0.00, 0.00, 0.00
436,  0,  14.500,  0.88,  1, 0.03, 0.00, 1.68, 0.00, 0.12, 0.21, 0.00, 1.00, 0.00, 0.00, 1.95, 0.23, 0.00, 0.00, 0.46, 0.03, 0.07, 0.00, 0.00, 1.00, 0.00, 0.00, 0.00, 0.00, 0.00, 0.00, 0.00, 0.00, 0.00, 0.00, 1.00, 0.00, 0.00, 0.00, 0.00
437,  0,  14.533,  0.88,  1, 0.03, 0.00, 1.64, 0.00, 0.12, 0.18, 0.00, 0.77, 0.00, 0.00, 2.13, 0.40, 0.00, 0.00, 0.21, 0.00, 0.15, 0.00, 0.00, 1.00, 0.00, 0.00, 0.00, 0.00, 0.00, 0.00, 0.00, 0.00, 0.00, 0.00, 1.00, 0.00, 0.00, 0.00, 0.00
438,  0,  14.567,  0.88,  1, 0.07, 0.00, 1.58, 0.00, 0.13, 0.09, 0.00, 0.77, 0.00, 0.00, 1.75, 0.68, 0.00, 0.00, 0.10, 0.01, 0.15, 0.00, 0.00, 1.00, 0.00, 0.00, 0.00, 0.00, 0.00, 0.00, 0.00, 0.00, 0.00, 0.00, 1.00, 0.00, 0.00, 0.00, 0.00
439,  0,  14.600,  0.88,  1, 0.04, 0.00, 1.44, 0.00, 0.13, 0.00, 0.00, 0.93, 0.00, 0.00, 1.85, 0.83, 0.00, 0.00, 0.00, 0.01, 0.08, 0.00, 0.00, 1.00, 0.00, 0.00, 0.00, 0.00, 0.00, 0.00, 0.00, 0.00, 0.00, 0.00, 1.00, 0.00, 0.00, 0.00, 0.00
440,  0,  14.633,  0.88,  1, 0.09, 0.00, 1.53, 0.00, 0.09, 0.14, 0.00, 0.94, 0.00, 0.00, 1.87, 0.85, 0.00, 0.00, 0.05, 0.01, 0.02, 0.00, 0.00, 1.00, 0.00, 0.00, 0.00, 0.00, 0.00, 0.00, 0.00, 0.00, 0.00, 0.00, 1.00, 0.00, 0.00, 0.00, 0.00
441,  0,  14.667,  0.88,  1, 0.09, 0.00, 1.67, 0.00, 0.05, 0.14, 0.00, 0.79, 0.00, 0.00, 2.01, 0.65, 0.00, 0.00, 0.19, 0.03, 0.02, 0.00, 0.00, 1.00, 0.00, 0.00, 0.00, 0.00, 0.00, 0.00, 0.00, 0.00, 0.00, 0.00, 1.00, 0.00, 0.00, 0.00, 0.00
442,  0,  14.700,  0.88,  1, 0.09, 0.00, 1.77, 0.00, 0.02, 0.17, 0.00, 0.67, 0.00, 0.00, 1.97, 0.47, 0.00, 0.00, 0.19, 0.03, 0.02, 0.00, 0.00, 1.00, 0.00, 0.00, 0.00, 0.00, 0.00, 0.00, 0.00, 0.00, 0.00, 0.00, 1.00, 0.00, 0.00, 0.00, 0.00
443,  0,  14.733,  0.88,  1, 0.10, 0.00, 1.80, 0.00, 0.04, 0.06, 0.00, 0.62, 0.00, 0.00, 1.76, 0.45, 0.00, 0.00, 0.14, 0.03, 0.00, 0.00, 0.00, 1.00, 0.00, 0.00, 0.00, 0.00, 0.00, 0.00, 0.00, 0.00, 0.00, 0.00, 1.00, 0.00, 0.00, 0.00, 0.00
444,  0,  14.767,  0.88,  1, 0.06, 0.00, 1.88, 0.00, 0.08, 0.06, 0.04, 0.68, 0.04, 0.06, 1.04, 0.39, 0.00, 0.00, 0.27, 0.00, 0.00, 0.00, 0.00, 1.00, 0.00, 0.00, 0.00, 0.00, 0.00, 0.00, 0.00, 0.00, 0.00, 0.00, 1.00, 0.00, 0.00, 0.00, 0.00
445,  0,  14.800,  0.88,  1, 0.06, 0.00, 1.91, 0.00, 0.10, 0.10, 0.05, 0.78, 0.14, 0.15, 0.41, 0.24, 0.00, 0.00, 0.51, 0.00, 0.00, 0.00, 0.00, 1.00, 0.00, 0.00, 0.00, 0.00, 0.00, 0.00, 0.00, 0.00, 0.00, 0.00, 1.00, 0.00, 0.00, 0.00, 0.00
446,  0,  14.833,  0.88,  1, 0.02, 0.00, 1.96, 0.00, 0.15, 0.16, 0.08, 0.91, 0.18, 0.21, 0.00, 0.03, 0.00, 0.00, 0.75, 0.00, 0.00, 0.00, 0.00, 1.00, 0.00, 0.00, 0.00, 0.00, 0.00, 0.00, 0.00, 0.00, 0.00, 0.00, 1.00, 0.00, 0.00, 0.00, 0.00
447,  0,  14.867,  0.98,  1, 0.02, 0.00, 1.91, 0.00, 0.14, 0.26, 0.03, 1.10, 0.18, 0.15, 0.00, 0.02, 0.00, 0.00, 0.59, 0.00, 0.06, 0.00, 0.00, 1.00, 0.00, 0.00, 0.00, 0.00, 0.00, 0.00, 0.00, 0.00, 0.00, 0.00, 1.00, 0.00, 0.00, 0.00, 0.00
448,  0,  14.900,  0.88,  1, 0.06, 0.00, 1.87, 0.00, 0.14, 0.32, 0.02, 1.20, 0.08, 0.07, 0.20, 0.02, 0.00, 0.00, 0.61, 0.00, 0.11, 0.00, 0.00, 1.00, 0.00, 0.00, 0.00, 0.00, 0.00, 0.00, 0.00, 0.00, 0.00, 0.00, 1.00, 0.00, 0.00, 0.00, 0.00
449,  0,  14.933,  0.98,  1, 0.11, 0.00, 1.85, 0.00, 0.15, 0.38, 0.00, 1.31, 0.05, 0.00, 0.58, 0.02, 0.00, 0.00, 0.49, 0.00, 0.14, 0.00, 0.00, 1.00, 0.00, 0.00, 0.00, 0.00, 0.00, 0.00, 0.00, 0.00, 0.00, 0.00, 1.00, 0.00, 0.00, 0.00, 0.00
450,  0,  14.967,  0.98,  1, 0.16, 0.00, 1.91, 0.00, 0.18, 0.56, 0.00, 1.29, 0.00, 0.00, 0.91, 0.07, 0.00, 0.00, 0.61, 0.00, 0.15, 0.00, 0.00, 1.00, 0.00, 0.00, 0.00, 0.00, 0.00, 0.00, 0.00, 0.00, 0.00, 0.00, 1.00, 0.00, 0.00, 0.00, 0.00
451,  0,  15.000,  0.98,  1, 0.12, 0.00, 1.95, 0.00, 0.24, 0.53, 0.00, 1.24, 0.00, 0.00, 1.29, 0.08, 0.00, 0.00, 0.38, 0.03, 0.10, 0.00, 0.00, 1.00, 0.00, 0.00, 0.00, 0.00, 0.00, 0.00, 0.00, 0.00, 0.00, 0.00, 1.00, 0.00, 0.00, 0.00, 0.00
452,  0,  15.033,  0.88,  1, 0.05, 0.00, 1.83, 0.00, 0.22, 0.59, 0.00, 1.28, 0.00, 0.00, 1.22, 0.08, 0.00, 0.00, 0.34, 0.07, 0.07, 0.00, 0.00, 1.00, 0.00, 0.00, 0.00, 0.00, 0.00, 0.00, 0.00, 0.00, 0.00, 0.00, 1.00, 0.00, 0.00, 0.00, 0.00
453,  0,  15.067,  0.98,  1, 0.04, 0.00, 1.86, 0.00, 0.16, 0.62, 0.04, 1.31, 0.02, 0.00, 1.01, 0.02, 0.00, 0.00, 0.24, 0.07, 0.00, 0.00, 0.00, 1.00, 0.00, 0.00, 0.00, 0.00, 0.00, 0.00, 0.00, 0.00, 0.00, 0.00, 0.00, 0.00, 0.00, 0.00, 0.00
454,  0,  15.100,  0.98,  1, 0.07, 0.00, 1.90, 0.00, 0.06, 1.00, 0.04, 1.32, 0.02, 0.00, 0.75, 0.00, 0.00, 0.00, 0.33, 0.04, 0.04, 0.00, 0.00, 1.00, 0.00, 0.00, 0.00, 0.00, 0.00, 0.00, 0.00, 0.00, 0.00, 0.00, 0.00, 0.00, 0.00, 0.00, 0.00
455,  0,  15.133,  0.98,  1, 0.11, 0.00, 2.00, 0.00, 0.02, 1.07, 0.04, 1.30, 0.02, 0.00, 0.78, 0.00, 0.00, 0.00, 0.33, 0.03, 0.10, 0.00, 0.00, 1.00, 0.00, 0.00, 0.00, 0.00, 0.00, 0.00, 0.00, 0.00, 0.00, 0.00, 0.00, 0.00, 0.00, 0.00, 0.00
456,  0,  15.167,  0.98,  1, 0.07, 0.00, 1.86, 0.00, 0.02, 0.97, 0.09, 1.12, 0.00, 0.04, 0.67, 0.00, 0.00, 0.00, 0.44, 0.03, 0.10, 0.00, 0.00, 1.00, 0.00, 0.00, 0.00, 0.00, 0.00, 0.00, 0.00, 0.00, 0.00, 0.00, 0.00, 0.00, 0.00, 0.00, 0.00
457,  0,  15.200,  0.98,  1, 0.05, 0.00, 1.84, 0.00, 0.01, 0.58, 0.17, 0.92, 0.00, 0.04, 0.34, 0.00, 0.00, 0.00, 0.65, 0.03, 0.08, 0.00, 0.00, 1.00, 0.00, 0.00, 0.00, 0.00, 0.00, 0.00, 0.00, 0.00, 0.00, 0.00, 0.00, 0.00, 0.00, 0.00, 0.00
458,  0,  15.233,  0.98,  1, 0.03, 0.00, 1.85, 0.00, 0.00, 0.32, 0.20, 0.57, 0.00, 0.04, 0.00, 0.00, 0.00, 0.00, 0.89, 0.00, 0.02, 0.00, 0.00, 1.00, 0.00, 0.00, 0.00, 0.00, 0.00, 0.00, 0.00, 0.00, 0.00, 0.00, 0.00, 0.00, 0.00, 0.00, 0.00
459,  0,  15.267,  0.98,  1, 0.07, 0.00, 1.90, 0.00, 0.00, 0.14, 0.15, 0.48, 0.00, 0.00, 0.00, 0.00, 0.00, 0.00, 0.93, 0.00, 0.02, 0.00, 0.00, 1.00, 0.00, 0.00, 0.00, 0.00, 0.00, 0.00, 0.00, 0.00, 0.00, 0.00, 0.00, 0.00, 0.00, 0.00, 0.00
460,  0,  15.300,  0.98,  1, 0.07, 0.00, 1.79, 0.00, 0.00, 0.04, 0.12, 0.27, 0.00, 0.00, 0.63, 0.00, 0.00, 0.00, 0.91, 0.00, 0.00, 0.00, 0.00, 1.00, 0.00, 0.00, 0.00, 0.00, 0.00, 0.00, 0.00, 0.00, 0.00, 0.00, 0.00, 0.00, 0.00, 0.00, 0.00
461,  0,  15.333,  0.98,  1, 0.04, 0.00, 1.79, 0.00, 0.00, 0.02, 0.17, 0.17, 0.00, 0.00, 1.64, 0.00, 0.00, 0.00, 0.69, 0.00, 0.00, 0.00, 0.00, 1.00, 0.00, 0.00, 0.00, 0.00, 0.00, 0.00, 0.00, 0.00, 0.00, 0.00, 0.00, 0.00, 0.00, 0.00, 0.00
462,  0,  15.367,  0.98,  1, 0.00, 0.00, 1.82, 0.00, 0.00, 0.00, 0.23, 0.10, 0.00, 0.00, 2.12, 0.00, 0.00, 0.00, 0.61, 0.00, 0.00, 0.00, 0.00, 1.00, 0.00, 0.00, 0.00, 0.00, 0.00, 0.00, 0.00, 0.00, 0.00, 0.00, 0.00, 0.00, 0.00, 0.00, 0.00
463,  0,  15.400,  0.98,  1, 0.00, 0.00, 2.06, 0.00, 0.00, 0.00, 0.27, 0.12, 0.00, 0.00, 2.75, 0.00, 0.00, 0.00, 0.37, 0.00, 0.00, 0.00, 0.00, 1.00, 0.00, 0.00, 0.00, 0.00, 0.00, 0.00, 0.00, 0.00, 0.00, 0.00, 0.00, 0.00, 0.00, 0.00, 0.00
464,  0,  15.433,  0.98,  1, 0.00, 0.00, 2.14, 0.00, 0.00, 0.00, 0.28, 0.28, 0.00, 0.00, 1.99, 0.00, 0.00, 0.00, 0.50, 0.04, 0.00, 0.00, 0.00, 1.00, 0.00, 0.00, 0.00, 0.00, 0.00, 0.00, 0.00, 0.00, 0.00, 0.00, 0.00, 0.00, 0.00, 0.00, 0.00
465,  0,  15.467,  0.98,  1, 0.00, 0.00, 2.21, 0.00, 0.00, 0.00, 0.27, 0.40, 0.00, 0.00, 1.82, 0.00, 0.00, 0.00, 0.53, 0.07, 0.00, 0.00, 0.00, 1.00, 0.00, 0.00, 0.00, 0.00, 0.00, 0.00, 0.00, 0.00, 0.00, 0.00, 0.00, 0.00, 0.00, 0.00, 0.00
466,  0,  15.500,  0.98,  1, 0.00, 0.00, 2.12, 0.00, 0.00, 0.00, 0.34, 0.43, 0.00, 0.06, 0.74, 0.00, 0.00, 0.00, 0.75, 0.07, 0.00, 0.00, 0.00, 1.00, 0.00, 0.00, 0.00, 0.00, 0.00, 0.00, 0.00, 0.00, 0.00, 0.00, 0.00, 0.00, 0.00, 0.00, 0.00
467,  0,  15.533,  0.88,  1, 0.00, 0.00, 2.04, 0.00, 0.00, 0.00, 0.31, 0.46, 0.00, 0.06, 0.94, 0.00, 0.00, 0.00, 0.78, 0.06, 0.00, 0.00, 0.00, 1.00, 0.00, 0.00, 0.00, 0.00, 0.00, 0.00, 0.00, 0.00, 0.00, 0.00, 0.00, 0.00, 0.00, 0.00, 0.00
468,  0,  15.567,  0.88,  1, 0.00, 0.00, 1.83, 0.00, 0.00, 0.00, 0.21, 0.34, 0.00, 0.12, 1.09, 0.00, 0.00, 0.00, 0.99, 0.03, 0.00, 0.00, 0.00, 1.00, 0.00, 0.00, 0.00, 0.00, 0.00, 0.00, 0.00, 0.00, 0.00, 0.00, 0.00, 0.00, 0.00, 0.00, 0.00
469,  0,  15.600,  0.88,  1, 0.00, 0.00, 1.66, 0.00, 0.00, 0.00, 0.06, 0.50, 0.00, 0.08, 1.09, 0.00, 0.00, 0.00, 1.15, 0.03, 0.00, 0.00, 0.00, 1.00, 0.00, 0.00, 0.00, 0.00, 0.00, 0.00, 0.00, 0.00, 0.00, 0.00, 0.00, 0.00, 0.00, 0.00, 0.00
470,  0,  15.633,  0.88,  1, 0.00, 0.00, 1.56, 0.00, 0.00, 0.00, 0.00, 0.44, 0.00, 0.09, 1.04, 0.00, 0.00, 0.00, 1.18, 0.00, 0.00, 0.00, 0.00, 1.00, 0.00, 0.00, 0.00, 0.00, 0.00, 0.00, 0.00, 0.00, 0.00, 0.00, 0.00, 0.00, 0.00, 0.00, 0.00
471,  0,  15.667,  0.88,  1, 0.00, 0.00, 1.69, 0.00, 0.00, 0.00, 0.04, 0.55, 0.00, 0.09, 1.23, 0.00, 0.00, 0.00, 1.13, 0.00, 0.00, 0.00, 0.00, 1.00, 0.00, 0.00, 0.00, 0.00, 0.00, 0.00, 0.00, 0.00, 0.00, 0.00, 0.00, 0.00, 0.00, 0.00, 0.00
472,  0,  15.700,  0.88,  1, 0.00, 0.00, 1.65, 0.00, 0.00, 0.00, 0.04, 0.51, 0.00, 0.07, 1.84, 0.00, 0.00, 0.00, 0.88, 0.00, 0.00, 0.00, 0.00, 1.00, 0.00, 0.00, 0.00, 0.00, 0.00, 0.00, 0.00, 0.00, 0.00, 0.00, 0.00, 0.00, 0.00, 0.00, 0.00
473,  0,  15.733,  0.88,  1, 0.00, 0.00, 1.61, 0.00, 0.00, 0.00, 0.10, 0.57, 0.00, 0.09, 1.76, 0.00, 0.00, 0.00, 0.97, 0.00, 0.00, 0.00, 0.00, 1.00, 0.00, 0.00, 0.00, 0.00, 0.00, 0.00, 0.00, 0.00, 0.00, 0.00, 0.00, 0.00, 0.00, 0.00, 0.00
474,  0,  15.767,  0.88,  1, 0.00, 0.00, 1.44, 0.00, 0.00, 0.00, 0.06, 0.58, 0.00, 0.04, 1.58, 0.00, 0.00, 0.00, 0.95, 0.01, 0.00, 0.00, 0.00, 1.00, 0.00, 0.00, 0.00, 0.00, 0.00, 0.00, 0.00, 0.00, 0.00, 0.00, 0.00, 0.00, 0.00, 0.00, 0.00
475,  0,  15.800,  0.88,  1, 0.00, 0.00, 1.43, 0.00, 0.00, 0.00, 0.06, 0.63, 0.00, 0.04, 1.13, 0.00, 0.00, 0.00, 1.05, 0.01, 0.00, 0.00, 0.00, 1.00, 0.00, 0.00, 0.00, 0.00, 0.00, 0.00, 0.00, 0.00, 0.00, 0.00, 0.00, 0.00, 0.00, 0.00, 0.00
476,  0,  15.833,  0.88,  1, 0.00, 0.00, 1.41, 0.01, 0.00, 0.00, 0.00, 0.61, 0.00, 0.00, 1.60, 0.00, 0.00, 0.00, 1.00, 0.01, 0.00, 0.00, 0.00, 1.00, 0.00, 0.00, 0.00, 0.00, 0.00, 0.00, 0.00, 0.00, 0.00, 0.00, 0.00, 0.00, 0.00, 0.00, 0.00
477,  0,  15.867,  0.88,  1, 0.00, 0.00, 1.49, 0.01, 0.00, 0.00, 0.08, 0.53, 0.00, 0.00, 1.79, 0.00, 0.00, 0.00, 1.02, 0.02, 0.00, 0.00, 0.00, 1.00, 0.00, 0.00, 0.00, 0.00, 0.00, 0.00, 0.00, 0.00, 0.00, 0.00, 0.00, 0.00, 0.00, 0.00, 0.00
478,  0,  15.900,  0.88,  1, 0.00, 0.10, 1.49, 0.01, 0.00, 0.00, 0.08, 0.57, 0.00, 0.00, 2.37, 0.00, 0.00, 0.00, 1.23, 0.02, 0.00, 0.00, 0.00, 1.00, 0.00, 0.00, 0.00, 0.00, 0.00, 0.00, 0.00, 0.00, 0.00, 0.00, 0.00, 0.00, 0.00, 0.00, 0.00
479,  0,  15.933,  0.98,  1, 0.00, 0.10, 1.45, 0.00, 0.00, 0.00, 0.08, 0.51, 0.00, 0.00, 2.44, 0.00, 0.00, 0.00, 1.08, 0.02, 0.00, 0.00, 0.00, 1.00, 0.00, 0.00, 0.00, 0.00, 0.00, 0.00, 0.00, 0.00, 0.00, 0.00, 0.00, 0.00, 0.00, 0.00, 0.00
480,  0,  15.967,  0.98,  1, 0.00, 0.10, 1.54, 0.00, 0.00, 0.00, 0.07, 0.55, 0.00, 0.00, 1.91, 0.00, 0.00, 0.00, 0.74, 0.00, 0.06, 0.00, 0.00, 1.00, 0.00, 0.00, 0.00, 0.00, 0.00, 0.00, 0.00, 0.00, 0.00, 0.00, 0.00, 0.00, 0.00, 0.00, 0.00
481,  0,  16.000,  0.98,  1, 0.00, 0.00, 1.60, 0.00, 0.04, 0.30, 0.07, 0.47, 0.00, 0.00, 1.07, 0.00, 0.00, 0.00, 0.45, 0.00, 0.06, 0.00, 0.00, 1.00, 0.00, 0.00, 0.00, 0.00, 0.00, 0.00, 0.00, 0.00, 0.00, 0.00, 0.00, 0.00, 0.00, 0.00, 0.00
482,  0,  16.033,  0.98,  1, 0.00, 0.00, 1.68, 0.00, 0.04, 0.43, 0.09, 0.60, 0.00, 0.00, 0.23, 0.00, 0.00, 0.00, 0.31, 0.00, 0.06, 0.00, 0.00, 1.00, 0.00, 0.00, 0.00, 0.00, 0.00, 0.00, 0.00, 0.00, 0.00, 0.00, 0.00, 0.00, 0.00, 0.00, 0.00
483,  0,  16.067,  0.98,  1, 0.00, 0.00, 1.61, 0.00, 0.08, 0.68, 0.10, 0.63, 0.00, 0.00, 0.16, 0.00, 0.00, 0.00, 0.52, 0.00, 0.00, 0.00, 0.00, 1.00, 0.00, 0.00, 0.00, 0.00, 0.00, 0.00, 0.00, 0.00, 0.00, 0.00, 0.00, 0.00, 0.00, 0.00, 0.00
484,  0,  16.100,  0.98,  1, 0.00, 0.00, 1.58, 0.00, 0.04, 0.59, 0.16, 0.60, 0.00, 0.00, 0.18, 0.00, 0.00, 0.00, 0.60, 0.00, 0.03, 0.00, 0.00, 1.00, 0.00, 0.00, 0.00, 0.00, 0.00, 0.00, 0.00, 0.00, 0.00, 0.00, 0.00, 0.00, 0.00, 0.00, 0.00
485,  0,  16.133,  0.98,  1, 0.00, 0.00, 1.47, 0.00, 0.04, 0.59, 0.24, 0.54, 0.00, 0.00, 0.15, 0.00, 0.00, 0.00, 0.91, 0.00, 0.03, 0.00, 0.00, 1.00, 0.00, 0.00, 0.00, 0.00, 0.00, 0.00, 0.00, 0.00, 0.00, 0.00, 0.00, 0.00, 0.00, 0.00, 0.00
486,  0,  16.167,  0.98,  1, 0.00, 0.00, 1.26, 0.00, 0.00, 0.54, 0.21, 0.43, 0.00, 0.00, 0.21, 0.00, 0.00, 0.00, 0.93, 0.00, 0.03, 0.00, 0.00, 1.00, 0.00, 0.00, 0.00, 0.00, 0.00, 0.00, 0.00, 0.00, 0.00, 0.00, 0.00, 0.00, 0.00, 0.00, 0.00
487,  0,  16.200,  0.98,  1, 0.00, 0.00, 1.15, 0.00, 0.00, 0.39, 0.14, 0.34, 0.00, 0.00, 0.09, 0.00, 0.00, 0.00, 0.98, 0.00, 0.00, 0.00, 0.00, 1.00, 0.00, 0.00, 0.00, 0.00, 0.00, 0.00, 0.00, 0.00, 0.00, 0.00, 0.00, 0.00, 0.00, 0.00, 0.00
488,  0,  16.233,  0.98,  1, 0.01, 0.00, 1.15, 0.00, 0.00, 0.33, 0.05, 0.34, 0.00, 0.00, 0.09, 0.00, 0.00, 0.00, 1.08, 0.00, 0.00, 0.00, 0.00, 1.00, 0.00, 0.00, 0.00, 0.00, 0.00, 0.00, 0.00, 0.00, 0.00, 0.00, 0.00, 0.00, 0.00, 0.00, 0.00
489,  0,  16.267,  0.98,  1, 0.02, 0.00, 1.21, 0.00, 0.00, 0.27, 0.00, 0.42, 0.00, 0.00, 0.00, 0.00, 0.00, 0.00, 1.31, 0.00, 0.04, 0.00, 0.00, 1.00, 0.00, 0.00, 0.00, 0.00, 0.00, 0.00, 0.00, 0.00, 0.00, 0.00, 0.00, 0.00, 0.00, 0.00, 0.00
490,  0,  16.300,  0.98,  1, 0.02, 0.08, 1.29, 0.00, 0.00, 0.21, 0.00, 0.57, 0.00, 0.00, 0.00, 0.00, 0.00, 0.00, 1.41, 0.00, 0.04, 0.00, 0.00, 1.00, 0.00, 0.00, 0.00, 0.00, 0.00, 0.00, 0.00, 0.00, 0.00, 0.00, 0.00, 0.00, 0.00, 0.00, 0.00
491,  0,  16.333,  0.98,  1, 0.01, 0.08, 1.33, 0.00, 0.00, 0.34, 0.00, 0.60, 0.00, 0.00, 0.00, 0.00, 0.00, 0.00, 1.32, 0.00, 0.06, 0.00, 0.00, 1.00, 0.00, 0.00, 0.00, 0.00, 0.00, 0.00, 0.00, 0.00, 0.00, 0.00, 0.00, 0.00, 0.00, 0.00, 0.00
492,  0,  16.367,  0.98,  1, 0.00, 0.08, 1.49, 0.00, 0.00, 0.26, 0.00, 0.64, 0.00, 0.00, 0.00, 0.16, 0.00, 0.00, 1.18, 0.22, 0.02, 0.00, 0.00, 1.00, 0.00, 0.00, 0.00, 0.00, 0.00, 0.00, 0.00, 0.00, 0.00, 0.00, 0.00, 0.00, 0.00, 0.00, 0.00
493,  0,  16.400,  0.98,  1, 0.00, 0.00, 1.58, 0.00, 0.00, 0.37, 0.00, 0.64, 0.00, 0.00, 0.12, 0.16, 0.00, 0.00, 1.12, 0.52, 0.02, 0.00, 0.00, 1.00, 0.00, 0.00, 0.00, 0.00, 0.00, 0.00, 0.00, 0.00, 0.00, 0.00, 0.00, 0.00, 0.00, 0.00, 0.00
494,  0,  16.433,  0.98,  1, 0.00, 0.06, 1.67, 0.00, 0.00, 0.22, 0.02, 0.56, 0.00, 0.00, 0.62, 0.16, 0.00, 0.00, 0.99, 0.52, 0.00, 0.00, 0.00, 1.00, 0.00, 0.00, 0.00, 0.00, 0.00, 0.00, 0.00, 0.00, 0.00, 0.00, 0.00, 0.00, 0.00, 0.00, 0.00
495,  0,  16.467,  0.98,  1, 0.00, 0.06, 1.62, 0.00, 0.00, 0.15, 0.02, 0.63, 0.00, 0.00, 0.62, 0.13, 0.00, 0.00, 0.95, 0.45, 0.00, 0.00, 0.00, 1.00, 0.00, 0.00, 0.00, 0.00, 0.00, 0.00, 0.00, 0.00, 0.00, 0.00, 0.00, 0.00, 0.00, 0.00, 0.00
496,  0,  16.500,  0.98,  1, 0.00, 0.20, 1.65, 0.00, 0.00, 0.04, 0.03, 0.69, 0.00, 0.00, 0.50, 0.26, 0.00, 0.00, 0.96, 0.26, 0.00, 0.00, 0.00, 1.00, 0.00, 0.00, 0.00, 0.00, 0.00, 0.00, 0.00, 0.00, 0.00, 0.00, 0.00, 0.00, 0.00, 0.00, 0.00
497,  0,  16.533,  0.98,  1, 0.00, 0.21, 1.73, 0.00, 0.00, 0.06, 0.04, 0.85, 0.00, 0.00, 0.00, 0.32, 0.00, 0.00, 1.12, 0.35, 0.00, 0.00, 0.00, 1.00, 0.00, 0.00, 0.00, 0.00, 0.00, 0.00, 0.00, 0.00, 0.00, 0.00, 0.00, 0.00, 0.00, 0.00, 0.00
498,  0,  16.567,  0.98,  1, 0.00, 0.21, 1.78, 0.00, 0.00, 0.06, 0.11, 0.89, 0.00, 0.00, 0.00, 0.30, 0.00, 0.00, 1.30, 0.29, 0.00, 0.00, 0.00, 1.00, 0.00, 0.00, 0.00, 0.00, 0.00, 0.00, 0.00, 0.00, 0.00, 0.00, 0.00, 0.00, 0.00, 0.00, 0.00
499,  0,  16.600,  0.98,  1, 0.00, 0.14, 1.78, 0.00, 0.00, 0.09, 0.10, 0.86, 0.00, 0.00, 0.29, 0.16, 0.00, 0.00, 1.45, 0.18, 0.00, 0.00, 0.00, 1.00, 0.00, 0.00, 0.00, 0.00, 0.00, 0.00, 0.00, 0.00, 0.00, 0.00, 0.00, 0.00, 0.00, 0.00, 0.00
500,  0,  16.633,  0.98,  1, 0.00, 0.23, 1.71, 0.00, 0.00, 0.08, 0.07, 0.82, 0.00, 0.00, 0.60, 0.20, 0.00, 0.00, 1.53, 0.10, 0.00, 0.00, 0.00, 1.00, 0.00, 0.00, 0.00, 0.00, 0.00, 0.00, 0.00, 0.00, 0.00, 0.00, 0.00, 0.00, 0.00, 0.00, 0.00
501,  0,  16.667,  0.98,  1, 0.00, 0.42, 1.76, 0.00, 0.00, 0.19, 0.00, 0.82, 0.00, 0.00, 1.22, 0.21, 0.00, 0.00, 1.49, 0.00, 0.03, 0.00, 0.00, 1.00, 0.00, 0.00, 0.00, 0.00, 0.00, 0.00, 0.00, 0.00, 0.00, 0.00, 0.00, 0.00, 0.00, 0.00, 0.00
502,  0,  16.700,  0.98,  1, 0.00, 0.48, 1.79, 0.00, 0.00, 0.35, 0.00, 0.84, 0.00, 0.00, 1.23, 0.32, 0.00, 0.00, 1.44, 0.03, 0.12, 0.00, 0.00, 1.00, 0.00, 0.00, 0.00, 0.00, 0.00, 0.00, 0.00, 0.00, 0.00, 0.00, 0.00, 0.00, 0.00, 0.00, 0.00
503,  0,  16.733,  0.98,  1, 0.00, 0.34, 1.76, 0.00, 0.00, 0.56, 0.00, 0.79, 0.00, 0.00, 1.20, 0.23, 0.00, 0.00, 1.12, 0.03, 0.43, 0.00, 0.00, 1.00, 0.00, 0.00, 0.00, 0.00, 0.00, 0.00, 0.00, 0.00, 0.00, 0.00, 0.00, 0.00, 0.00, 0.00, 0.00
504,  0,  16.767,  0.98,  1, 0.00, 0.15, 1.68, 0.00, 0.00, 0.66, 0.12, 0.47, 0.00, 0.00, 1.54, 0.11, 0.18, 0.00, 0.90, 0.03, 0.59, 0.00, 0.00, 1.00, 0.00, 0.00, 0.00, 0.00, 0.00, 0.00, 0.00, 0.00, 0.00, 0.00, 0.00, 0.00, 0.00, 0.00, 0.00
505,  0,  16.800,  0.98,  1, 0.00, 0.02, 1.59, 0.00, 0.00, 0.52, 0.35, 0.19, 0.00, 0.00, 1.76, 0.01, 0.43, 0.00, 0.77, 0.00, 0.72, 0.00, 0.00, 1.00, 0.00, 0.00, 0.00, 0.00, 0.00, 0.00, 0.00, 0.00, 0.00, 0.00, 0.00, 0.00, 0.00, 0.00, 0.00
506,  0,  16.833,  0.98,  1, 0.00, 0.00, 1.63, 0.00, 0.00, 0.26, 0.60, 0.18, 0.00, 0.00, 2.24, 0.01, 0.43, 0.00, 1.11, 0.04, 0.63, 0.00, 0.00, 1.00, 0.00, 0.00, 0.00, 0.00, 0.00, 0.00, 0.00, 0.00, 0.00, 0.00, 0.00, 0.00, 0.00, 0.00, 0.00
507,  0,  16.867,  0.98,  1, 0.00, 0.00, 1.59, 0.00, 0.00, 0.04, 0.56, 0.34, 0.00, 0.00, 2.81, 0.01, 0.25, 0.00, 1.21, 0.04, 0.57, 0.00, 0.00, 1.00, 0.00, 0.00, 0.00, 0.00, 0.00, 0.00, 0.00, 0.00, 0.00, 0.00, 0.00, 0.00, 0.00, 0.00, 0.00
508,  0,  16.900,  0.88,  1, 0.00, 0.00, 1.63, 0.00, 0.00, 0.00, 0.41, 0.71, 0.00, 0.00, 2.96, 0.00, 0.00, 0.00, 1.08, 0.43, 0.35, 0.00, 0.00, 1.00, 0.00, 0.00, 0.00, 0.00, 0.00, 0.00, 0.00, 0.00, 0.00, 0.00, 1.00, 0.00, 0.00, 0.00, 0.00
509,  0,  16.933,  0.88,  1, 0.00, 0.00, 1.70, 0.00, 0.00, 0.00, 0.23, 0.79, 0.00, 0.00, 2.70, 0.00, 0.00, 0.00, 0.74, 0.70, 0.13, 0.00, 0.00, 1.00, 1.00, 0.00, 0.00, 0.00, 0.00, 0.00, 0.00, 0.00, 0.00, 0.00, 1.00, 0.00, 0.00, 0.00, 0.00
510,  0,  16.967,  0.88,  1, 0.00, 0.00, 1.70, 0.00, 0.00, 0.00, 0.15, 0.93, 0.00, 0.00, 2.02, 0.00, 0.00, 0.00, 0.78, 1.15, 0.00, 0.00, 0.00, 1.00, 1.00, 0.00, 0.00, 0.00, 0.00, 0.00, 0.00, 0.00, 0.00, 0.00, 1.00, 0.00, 0.00, 0.00, 0.00
511,  0,  17.000,  0.98,  1, 0.00, 0.00, 1.64, 0.06, 0.00, 0.00, 0.12, 0.84, 0.00, 0.00, 1.82, 0.07, 0.00, 0.00, 0.79, 1.35, 0.11, 0.00, 0.00, 1.00, 1.00, 0.00, 0.00, 0.00, 0.00, 0.00, 0.00, 0.00, 0.00, 0.00, 1.00, 0.00, 0.00, 0.00, 0.00
512,  0,  17.033,  0.98,  1, 0.00, 0.00, 1.43, 0.06, 0.00, 0.10, 0.12, 0.83, 0.00, 0.00, 2.05, 0.13, 0.00, 0.00, 0.98, 1.40, 0.23, 0.00, 0.00, 1.00, 1.00, 0.00, 0.00, 0.00, 0.00, 0.00, 0.00, 0.00, 0.00, 0.00, 1.00, 0.00, 0.00, 0.00, 0.00
513,  0,  17.067,  0.88,  1, 0.00, 0.00, 1.38, 0.06, 0.00, 0.10, 0.15, 0.83, 0.00, 0.00, 1.90, 0.25, 0.00, 0.00, 1.00, 1.40, 0.23, 0.00, 1.00, 1.00, 1.00, 0.00, 0.00, 0.00, 0.00, 0.00, 0.00, 0.00, 0.00, 0.00, 1.00, 0.00, 0.00, 0.00, 0.00
514,  0,  17.100,  0.88,  1, 0.00, 0.00, 1.23, 0.00, 0.00, 0.10, 0.16, 0.94, 0.00, 0.00, 1.87, 0.26, 0.00, 0.00, 1.09, 1.26, 0.12, 0.00, 1.00, 1.00, 1.00, 0.00, 0.00, 0.00, 0.00, 0.00, 0.00, 0.00, 0.00, 0.00, 1.00, 0.00, 0.00, 0.00, 0.00
515,  0,  17.133,  0.88,  1, 0.01, 0.00, 1.29, 0.03, 0.00, 0.00, 0.10, 0.84, 0.00, 0.00, 1.82, 0.21, 0.00, 0.00, 1.05, 1.29, 0.00, 0.00, 1.00, 1.00, 1.00, 0.00, 0.00, 0.00, 0.00, 0.00, 0.00, 0.00, 0.00, 0.00, 0.00, 0.00, 0.00, 0.00, 0.00
516,  0,  17.167,  0.98,  1, 0.02, 0.00, 1.22, 0.24, 0.00, 0.00, 0.07, 0.71, 0.00, 0.00, 2.32, 0.09, 0.00, 0.00, 1.50, 0.93, 0.00, 0.00, 1.00, 1.00, 1.00, 0.00, 0.00, 0.00, 0.00, 0.00, 0.00, 0.00, 0.00, 0.00, 0.00, 0.00, 0.00, 0.00, 0.00
517,  0,  17.200,  0.98,  1, 0.06, 0.00, 1.32, 0.34, 0.00, 0.00, 0.03, 0.51, 0.00, 0.00, 2.42, 0.01, 0.00, 0.00, 1.80, 0.66, 0.00, 0.00, 1.00, 1.00, 1.00, 0.00, 0.00, 0.00, 0.00, 0.00, 0.00, 0.00, 0.00, 0.00, 0.00, 0.00, 0.00, 0.00, 0.00
518,  0,  17.233,  0.88,  1, 0.12, 0.00, 1.24, 0.53, 0.00, 0.00, 0.06, 0.54, 0.00, 0.00, 2.38, 0.00, 0.00, 0.00, 2.17, 0.51, 0.03, 0.00, 1.00, 1.00, 1.00, 0.00, 0.00, 0.00, 0.00, 0.00, 0.00, 0.00, 0.00, 0.00, 0.00, 0.00, 0.00, 0.00, 0.00
519,  0,  17.267,  0.88,  1, 0.24, 0.00, 1.33, 0.56, 0.00, 0.00, 0.22, 0.53, 0.00, 0.00, 1.47, 0.00, 0.00, 0.00, 1.69, 0.72, 0.03, 0.00, 1.00, 1.00, 1.00, 0.00, 0.00, 0.00, 0.00, 0.00, 0.00, 0.00, 0.00, 0.00, 0.00, 0.00, 0.00, 0.00, 0.00
520,  0,  17.300,  0.88,  1, 0.36, 0.00, 1.32, 0.55, 0.00, 0.00, 0.26, 0.50, 0.00, 0.00, 1.39, 0.00, 0.00, 0.00, 1.40, 0.79, 0.03, 0.00, 1.00, 1.00, 1.00, 0.00, 0.00, 0.00, 0.00, 0.00, 0.00, 0.00, 0.00, 0.00, 0.00, 0.00, 0.00, 0.00, 0.00
521,  0,  17.333,  0.88,  1, 0.52, 0.00, 1.33, 0.38, 0.00, 0.00, 0.25, 0.46, 0.00, 0.00, 1.28, 0.00, 0.00, 0.00, 1.08, 0.83, 0.00, 0.00, 1.00, 1.00, 1.00, 0.00, 0.00, 0.00, 0.00, 0.00, 0.00, 0.00, 0.00, 0.00, 0.00, 0.00, 0.00, 0.00, 0.00
522,  0,  17.367,  0.88,  1, 0.48, 0.00, 1.24, 0.14, 0.00, 0.00, 0.21, 0.45, 0.00, 0.00, 1.28, 0.00, 0.00, 0.00, 0.93, 0.83, 0.00, 0.00, 1.00, 1.00, 1.00, 0.00, 0.00, 0.00, 0.00, 0.00, 0.00, 0.00, 0.00, 0.00, 0.00, 0.00, 0.00, 0.00, 0.00
523,  0,  17.400,  0.88,  1, 0.33, 0.00, 1.19, 0.22, 0.00, 0.10, 0.20, 0.40, 0.00, 0.00, 1.08, 0.00, 0.00, 0.00, 0.79, 0.88, 0.00, 0.00, 1.00, 1.00, 1.00, 0.00, 0.00, 0.00, 0.00, 0.00, 0.00, 0.00, 0.00, 0.00, 0.00, 0.00, 0.00, 0.00, 0.00
524,  0,  17.433,  0.88,  1, 0.09, 0.00, 1.17, 0.29, 0.00, 0.10, 0.23, 0.37, 0.00, 0.00, 0.74, 0.00, 0.00, 0.00, 0.54, 1.01, 0.00, 0.00, 1.00, 1.00, 1.00, 0.00, 0.00, 0.00, 0.00, 0.00, 0.00, 0.00, 0.00, 0.00, 0.00, 0.00, 0.00, 0.00, 0.00
525,  0,  17.467,  0.88,  1, 0.08, 0.00, 1.32, 0.65, 0.00, 0.10, 0.11, 0.30, 0.00, 0.00, 0.76, 0.00, 0.00, 0.00, 0.57, 0.91, 0.00, 0.00, 1.00, 1.00, 1.00, 0.00, 0.00, 0.00, 0.00, 0.00, 0.00, 0.00, 0.00, 0.00, 0.00, 0.00, 0.00, 0.00, 0.00
526,  0,  17.500,  0.88,  1, 0.14, 0.00, 1.40, 0.73, 0.00, 0.00, 0.09, 0.18, 0.00, 0.00, 0.63, 0.00, 0.00, 0.00, 0.63, 0.99, 0.01, 0.00, 1.00, 1.00, 1.00, 0.00, 0.00, 0.00, 0.00, 0.00, 0.00, 0.00, 0.00, 0.00, 0.00, 0.00, 0.00, 0.00, 0.00
527,  0,  17.533,  0.88,  1, 0.16, 0.00, 1.48, 0.95, 0.00, 0.00, 0.11, 0.09, 0.00, 0.00, 0.48, 0.00, 0.00, 0.00, 0.69, 0.96, 0.01, 0.00, 1.00, 1.00, 1.00, 0.00, 0.00, 0.00, 0.00, 0.00, 0.00, 0.00, 0.00, 0.00, 0.00, 0.00, 0.00, 0.00, 0.00
528,  0,  17.567,  0.88,  1, 0.08, 0.00, 1.40, 0.88, 0.00, 0.00, 0.11, 0.12, 0.00, 0.00, 0.69, 0.00, 0.00, 0.00, 0.79, 1.13, 0.01, 0.00, 1.00, 1.00, 1.00, 0.00, 0.00, 0.00, 0.00, 0.00, 0.00, 0.00, 0.00, 0.00, 0.00, 0.00, 0.00, 0.00, 0.00
529,  0,  17.600,  0.88,  1, 0.02, 0.00, 1.37, 0.89, 0.00, 0.00, 0.09, 0.13, 0.00, 0.00, 0.90, 0.00, 0.00, 0.00, 0.75, 1.05, 0.00, 0.00, 1.00, 1.00, 1.00, 0.00, 0.00, 0.00, 0.00, 0.00, 0.00, 0.00, 0.00, 0.00, 0.00, 0.00, 0.00, 0.00, 0.00
530,  0,  17.633,  0.88,  1, 0.00, 0.00, 1.23, 0.85, 0.00, 0.00, 0.01, 0.13, 0.00, 0.00, 1.14, 0.00, 0.00, 0.00, 1.01, 0.99, 0.05, 0.00, 1.00, 0.00, 1.00, 0.00, 0.00, 0.00, 0.00, 0.00, 0.00, 0.00, 0.00, 0.00, 0.00, 0.00, 0.00, 0.00, 0.00
531,  0,  17.667,  0.88,  1, 0.06, 0.00, 1.23, 0.92, 0.00, 0.00, 0.01, 0.01, 0.00, 0.00, 1.10, 0.00, 0.00, 0.00, 1.06, 0.93, 0.05, 0.00, 1.00, 0.00, 1.00, 0.00, 0.00, 0.00, 0.00, 0.00, 0.00, 0.00, 0.00, 0.00, 0.00, 0.00, 0.00, 0.00, 0.00
532,  0,  17.700,  0.88,  1, 0.20, 0.00, 1.21, 0.96, 0.00, 0.00, 0.00, 0.11, 0.00, 0.00, 1.16, 0.00, 0.00, 0.00, 1.13, 1.06, 0.05, 0.00, 1.00, 0.00, 1.00, 0.00, 0.00, 0.00, 0.00, 0.00, 0.00, 0.00, 0.00, 0.00, 0.00, 0.00, 0.00, 0.00, 0.00
533,  0,  17.733,  0.88,  1, 0.24, 0.00, 1.29, 0.91, 0.00, 0.00, 0.00, 0.12, 0.00, 0.00, 1.25, 0.00, 0.00, 0.00, 0.94, 1.00, 0.00, 0.00, 1.00, 0.00, 1.00, 0.00, 0.00, 0.00, 0.00, 0.00, 0.00, 0.00, 0.00, 0.00, 0.00, 0.00, 0.00, 0.00, 0.00
534,  0,  17.767,  0.88,  1, 0.25, 0.00, 1.25, 0.72, 0.00, 0.00, 0.00, 0.15, 0.00, 0.00, 1.06, 0.00, 0.00, 0.00, 0.79, 0.92, 0.00, 0.00, 1.00, 0.00, 1.00, 0.00, 0.00, 0.00, 0.00, 0.00, 0.00, 0.00, 0.00, 0.00, 0.00, 0.00, 0.00, 0.00, 0.00
535,  0,  17.800,  0.88,  1, 0.13, 0.00, 1.33, 0.64, 0.00, 0.02, 0.00, 0.17, 0.00, 0.00, 1.00, 0.00, 0.00, 0.00, 0.76, 0.72, 0.00, 0.00, 1.00, 1.00, 1.00, 0.00, 0.00, 0.00, 0.00, 0.00, 0.00, 0.00, 0.00, 0.00, 0.00, 0.00, 0.00, 0.00, 0.00
536,  0,  17.833,  0.88,  1, 0.19, 0.00, 1.39, 0.62, 0.00, 0.10, 0.00, 0.21, 0.00, 0.00, 1.03, 0.00, 0.00, 0.00, 0.72, 0.58, 0.00, 0.00, 1.00, 1.00, 1.00, 0.00, 0.00, 0.00, 0.00, 0.00, 0.00, 0.00, 0.00, 0.00, 0.00, 0.00, 0.00, 0.00, 0.00
537,  0,  17.867,  0.88,  1, 0.22, 0.00, 1.46, 0.58, 0.00, 0.10, 0.00, 0.25, 0.00, 0.00, 0.94, 0.00, 0.00, 0.00, 0.62, 0.51, 0.00, 0.00, 1.00, 1.00, 1.00, 0.00, 0.00, 0.00, 0.00, 0.00, 0.00, 0.00, 0.00, 0.00, 0.00, 0.00, 0.00, 0.00, 0.00
538,  0,  17.900,  0.88,  1, 0.33, 0.00, 1.47, 0.52, 0.00, 0.08, 0.00, 0.18, 0.00, 0.00, 0.71, 0.00, 0.00, 0.00, 0.54, 0.36, 0.03, 0.00, 1.00, 1.00, 1.00, 0.00, 0.00, 0.00, 0.00, 0.00, 0.00, 0.00, 0.00, 0.00, 0.00, 0.00, 0.00, 0.00, 0.00
539,  0,  17.933,  0.88,  1, 0.39, 0.00, 1.56, 0.31, 0.00, 0.00, 0.00, 0.12, 0.00, 0.00, 0.69, 0.00, 0.00, 0.00, 0.56, 0.31, 0.17, 0.00, 1.00, 1.00, 1.00, 0.00, 0.00, 0.00, 0.00, 0.00, 0.00, 0.00, 0.00, 0.00, 0.00, 0.00, 0.00, 0.00, 0.00
540,  0,  17.967,  0.88,  1, 0.34, 0.00, 1.72, 0.16, 0.00, 0.00, 0.00, 0.05, 0.00, 0.00, 0.74, 0.00, 0.00, 0.00, 0.49, 0.35, 0.45, 0.00, 1.00, 1.00, 1.00, 0.00, 0.00, 0.00, 0.00, 0.00, 0.00, 0.00, 0.00, 0.00, 0.00, 0.00, 0.00, 0.00, 0.00
541,  0,  18.000,  0.88,  1, 0.31, 0.00, 1.87, 0.01, 0.00, 0.00, 0.00, 0.05, 0.00, 0.00, 0.92, 0.00, 0.00, 0.00, 0.37, 0.49, 0.72, 0.00, 1.00, 1.00, 1.00, 0.00, 0.00, 0.00, 0.00, 0.00, 0.00, 0.00, 0.00, 0.00, 0.00, 0.00, 0.00, 0.00, 1.00
542,  0,  18.033,  0.98,  1, 0.26, 0.00, 1.77, 0.02, 0.00, 0.00, 0.00, 0.05, 0.00, 0.00, 0.75, 0.00, 0.00, 0.00, 0.25, 0.54, 0.92, 0.00, 1.00, 1.00, 1.00, 0.00, 0.00, 0.00, 0.00, 0.00, 0.00, 0.00, 0.00, 0.00, 0.00, 0.00, 0.00, 0.00, 1.00
543,  0,  18.067,  0.98,  1, 0.34, 0.00, 1.61, 0.02, 0.00, 0.00, 0.00, 0.05, 0.00, 0.00, 0.78, 0.00, 0.00, 0.00, 0.40, 0.57, 0.96, 0.00, 1.00, 1.00, 1.00, 0.00, 0.00, 0.00, 0.00, 0.00, 0.00, 0.00, 0.00, 0.00, 0.00, 0.00, 0.00, 0.00, 1.00
544,  0,  18.100,  0.88,  1, 0.35, 0.00, 1.48, 0.06, 0.00, 0.00, 0.00, 0.00, 0.00, 0.00, 0.69, 0.00, 0.00, 0.00, 0.48, 0.37, 0.74, 0.00, 1.00, 1.00, 1.00, 0.00, 0.00, 0.00, 0.00, 0.00, 0.00, 0.00, 0.00, 0.00, 0.00, 0.00, 0.00, 0.00, 1.00
545,  0,  18.133,  0.88,  1, 0.27, 0.00, 1.44, 0.20, 0.00, 0.00, 0.00, 0.00, 0.00, 0.00, 0.62, 0.00, 0.00, 0.00, 0.55, 0.38, 0.59, 0.00, 1.00, 1.00, 1.00, 0.00, 0.00, 0.00, 0.00, 0.00, 0.00, 0.00, 0.00, 0.00, 0.00, 0.00, 0.00, 0.00, 1.00
546,  0,  18.167,  0.88,  1, 0.26, 0.00, 1.49, 0.42, 0.00, 0.05, 0.00, 0.00, 0.00, 0.00, 0.55, 0.00, 0.00, 0.00, 0.46, 0.29, 0.46, 0.00, 1.00, 1.00, 1.00, 0.00, 0.00, 0.00, 0.00, 0.00, 0.00, 0.00, 0.00, 0.00, 0.00, 0.00, 0.00, 0.00, 1.00
547,  0,  18.200,  0.98,  1, 0.29, 0.00, 1.43, 0.49, 0.00, 0.07, 0.00, 0.00, 0.00, 0.00, 0.43, 0.00, 0.00, 0.00, 0.42, 0.44, 0.51, 0.00, 1.00, 1.00, 1.00, 0.00, 0.00, 0.00, 0.00, 0.00, 0.00, 0.00, 0.00, 0.00, 0.00, 0.00, 0.00, 0.00, 1.00
548,  0,  18.233,  0.88,  1, 0.40, 0.00, 1.50, 0.37, 0.00, 0.07, 0.00, 0.00, 0.00, 0.00, 0.43, 0.00, 0.00, 0.00, 0.31, 0.52, 0.43, 0.00, 0.00, 1.00, 1.00, 0.00, 0.00, 0.00, 0.00, 0.00, 0.00, 0.00, 0.00, 0.00, 0.00, 0.00, 0.00, 0.00, 1.00
549,  0,  18.267,  0.88,  1, 0.42, 0.00, 1.46, 0.21, 0.00, 0.02, 0.00, 0.00, 0.00, 0.00, 0.39, 0.00, 0.00, 0.00, 0.28, 0.64, 0.41, 1.00, 0.00, 1.00, 1.00, 0.00, 0.00, 0.00, 0.00, 0.00, 0.00, 0.00, 0.00, 0.00, 0.00, 0.00, 0.00, 0.00, 0.00
550,  0,  18.300,  0.88,  1, 0.41, 0.00, 1.51, 0.23, 0.00, 0.00, 0.00, 0.00, 0.00, 0.00, 0.56, 0.00, 0.00, 0.00, 0.36, 0.57, 0.39, 1.00, 0.00, 1.00, 1.00, 0.00, 0.00, 0.00, 0.00, 0.00, 0.00, 0.00, 0.00, 0.00, 0.00, 0.00, 0.00, 0.00, 0.00
551,  0,  18.333,  0.88,  1, 0.37, 0.00, 1.49, 0.36, 0.00, 0.00, 0.00, 0.00, 0.00, 0.00, 0.65, 0.00, 0.00, 0.00, 0.50, 0.60, 0.42, 1.00, 0.00, 1.00, 1.00, 0.00, 0.00, 0.00, 0.00, 0.00, 0.00, 1.00, 0.00, 0.00, 0.00, 0.00, 0.00, 0.00, 0.00
552,  0,  18.367,  0.88,  1, 0.23, 0.00, 1.54, 0.51, 0.00, 0.25, 0.01, 0.00, 0.00, 0.00, 0.62, 0.00, 0.00, 0.00, 0.68, 0.61, 0.30, 0.00, 0.00, 1.00, 1.00, 0.00, 0.00, 0.00, 0.00, 0.00, 0.00, 1.00, 0.00, 0.00, 0.00, 0.00, 0.00, 0.00, 0.00
553,  0,  18.400,  0.88,  1, 0.10, 0.00, 1.56, 0.40, 0.00, 0.36, 0.01, 0.00, 0.00, 0.00, 0.60, 0.00, 0.00, 0.00, 0.58, 0.88, 0.21, 0.00, 0.00, 1.00, 1.00, 0.00, 0.00, 0.00, 0.00, 0.00, 0.00, 1.00, 0.00, 0.00, 0.00, 0.00, 0.00, 0.00, 0.00
554,  0,  18.433,  0.88,  1, 0.00, 0.00, 1.60, 0.23, 0.00, 0.36, 0.01, 0.00, 0.00, 0.00, 0.42, 0.00, 0.00, 0.00, 0.50, 1.05, 0.28, 0.00, 0.00, 1.00, 1.00, 0.00, 0.00, 0.00, 0.00, 0.00, 0.00, 0.00, 0.00, 0.00, 0.00, 0.00, 0.00, 0.00, 1.00
555,  0,  18.467,  0.88,  1, 0.00, 0.00, 1.66, 0.02, 0.00, 0.12, 0.00, 0.00, 0.00, 0.00, 0.43, 0.00, 0.00, 0.00, 0.44, 1.14, 0.58, 0.00, 0.00, 1.00, 1.00, 0.00, 0.00, 0.00, 0.00, 0.00, 0.00, 0.00, 0.00, 0.00, 0.00, 0.00, 0.00, 0.00, 1.00
556,  0,  18.500,  0.88,  1, 0.00, 0.00, 1.75, 0.00, 0.00, 0.18, 0.00, 0.00, 0.00, 0.00, 0.18, 0.00, 0.00, 0.00, 0.49, 1.10, 0.87, 0.00, 0.00, 1.00, 1.00, 0.00, 0.00, 0.00, 0.00, 0.00, 0.00, 0.00, 0.00, 0.00, 0.00, 0.00, 0.00, 0.00, 1.00
557,  0,  18.533,  0.88,  1, 0.00, 0.00, 1.77, 0.00, 0.00, 0.25, 0.00, 0.00, 0.00, 0.00, 0.27, 0.00, 0.00, 0.00, 0.58, 1.06, 0.95, 0.00, 0.00, 1.00, 1.00, 0.00, 0.00, 0.00, 0.00, 0.00, 0.00, 0.00, 0.00, 0.00, 0.00, 0.00, 0.00, 0.00, 1.00
558,  0,  18.567,  0.88,  1, 0.05, 0.00, 1.91, 0.00, 0.00, 0.61, 0.00, 0.00, 0.00, 0.00, 0.15, 0.00, 0.00, 0.00, 0.37, 1.05, 0.77, 0.00, 0.00, 1.00, 1.00, 0.00, 0.00, 0.00, 0.00, 0.00, 0.00, 0.00, 0.00, 0.00, 0.00, 0.00, 0.00, 0.00, 1.00
559,  0,  18.600,  0.88,  1, 0.05, 0.00, 1.96, 0.00, 0.00, 0.71, 0.00, 0.00, 0.00, 0.00, 0.16, 0.00, 0.00, 0.00, 0.21, 1.14, 0.64, 0.00, 0.00, 1.00, 1.00, 0.00, 1.00, 0.00, 0.00, 0.00, 0.00, 0.00, 0.00, 0.00, 0.00, 0.00, 0.00, 0.00, 0.00
560,  0,  18.633,  0.88,  1, 0.05, 0.00, 1.91, 0.00, 0.00, 0.85, 0.02, 0.00, 0.00, 0.00, 0.02, 0.00, 0.00, 0.00, 0.19, 1.23, 0.63, 0.00, 0.00, 1.00, 1.00, 0.00, 1.00, 0.00, 0.00, 0.00, 0.00, 0.00, 0.00, 0.00, 0.00, 0.00, 0.00, 0.00, 0.00
561,  0,  18.667,  0.88,  1, 0.00, 0.00, 1.65, 0.02, 0.00, 0.69, 0.02, 0.00, 0.00, 0.00, 0.01, 0.00, 0.00, 0.00, 0.39, 1.23, 0.47, 0.00, 0.00, 1.00, 1.00, 0.00, 1.00, 0.00, 0.00, 0.00, 0.00, 0.00, 0.00, 0.00, 0.00, 0.00, 0.00, 0.00, 0.00
562,  0,  18.700,  0.88,  1, 0.00, 0.00, 1.56, 0.10, 0.00, 0.87, 0.02, 0.00, 0.00, 0.00, 0.00, 0.00, 0.00, 0.00, 0.58, 1.17, 0.39, 0.00, 0.00, 1.00, 1.00, 0.00, 0.00, 0.00, 0.00, 0.00, 0.00, 0.00, 0.00, 0.00, 0.00, 0.00, 0.00, 0.00, 0.00
563,  0,  18.733,  0.88,  1, 0.00, 0.00, 1.58, 0.16, 0.00, 0.99, 0.00, 0.00, 0.00, 0.00, 0.00, 0.00, 0.00, 0.00, 0.52, 0.77, 0.11, 0.00, 0.00, 1.00, 1.00, 0.00, 0.00, 0.00, 0.00, 0.00, 0.00, 0.00, 0.00, 0.00, 0.00, 0.00, 0.00, 0.00, 0.00
564,  0,  18.767,  0.88,  1, 0.00, 0.00, 1.63, 0.14, 0.00, 0.87, 0.00, 0.00, 0.00, 0.00, 0.00, 0.00, 0.00, 0.00, 0.32, 0.43, 0.11, 0.00, 0.00, 1.00, 1.00, 0.00, 0.00, 0.00, 0.00, 0.00, 0.00, 0.00, 0.00, 0.00, 0.00, 0.00, 0.00, 0.00, 0.00
565,  0,  18.800,  0.88,  1, 0.00, 0.00, 1.57, 0.07, 0.00, 0.80, 0.00, 0.00, 0.00, 0.00, 0.00, 0.20, 0.00, 0.00, 0.26, 0.07, 0.04, 0.00, 0.00, 1.00, 1.00, 0.00, 1.00, 0.00, 0.00, 0.00, 0.00, 0.00, 0.00, 0.00, 0.00, 0.00, 0.00, 0.00, 0.00
566,  0,  18.833,  0.88,  1, 0.00, 0.00, 1.47, 0.00, 0.00, 0.98, 0.00, 0.00, 0.00, 0.00, 0.23, 0.20, 0.00, 0.00, 0.19, 0.00, 0.04, 0.00, 0.00, 1.00, 1.00, 0.00, 1.00, 0.00, 0.00, 0.00, 0.00, 0.00, 0.00, 0.00, 0.00, 0.00, 0.00, 0.00, 1.00
567,  0,  18.867,  0.88,  1, 0.00, 0.00, 1.32, 0.00, 0.00, 1.14, 0.00, 0.00, 0.00, 0.00, 0.94, 0.19, 0.00, 0.00, 0.35, 0.00, 0.04, 0.00, 0.00, 1.00, 1.00, 0.00, 1.00, 0.00, 0.00, 0.00, 0.00, 0.00, 0.00, 0.00, 0.00, 0.00, 0.00, 0.00, 1.00
568,  0,  18.900,  0.88,  1, 0.01, 0.00, 1.16, 0.00, 0.00, 0.98, 0.00, 0.00, 0.00, 0.00, 1.53, 0.05, 0.00, 0.00, 0.25, 0.00, 0.00, 0.00, 0.00, 1.00, 1.00, 0.00, 1.00, 0.00, 0.00, 0.00, 0.00, 0.00, 0.00, 0.00, 0.00, 0.00, 0.00, 0.00, 1.00
569,  0,  18.933,  0.88,  1, 0.05, 0.00, 1.02, 0.00, 0.00, 0.86, 0.00, 0.00, 0.00, 0.00, 1.31, 0.17, 0.06, 0.00, 0.34, 0.00, 0.00, 0.00, 0.00, 1.00, 0.00, 0.00, 1.00, 0.00, 0.00, 0.00, 0.00, 0.00, 0.00, 0.00, 0.00, 0.00, 0.00, 0.00, 1.00
570,  0,  18.967,  0.88,  1, 0.05, 0.00, 1.22, 0.00, 0.00, 1.12, 0.00, 0.00, 0.00, 0.00, 0.60, 0.17, 0.06, 0.00, 0.18, 0.00, 0.00, 0.00, 0.00, 1.00, 0.00, 0.00, 1.00, 0.00, 0.00, 0.00, 0.00, 0.00, 0.00, 0.00, 0.00, 0.00, 0.00, 0.00, 1.00
571,  0,  19.000,  0.88,  1, 0.06, 0.00, 1.33, 0.00, 0.00, 1.19, 0.00, 0.00, 0.00, 0.00, 0.00, 0.25, 0.06, 0.00, 0.15, 0.00, 0.03, 0.00, 0.00, 1.00, 0.00, 0.00, 1.00, 0.00, 0.00, 0.00, 0.00, 0.00, 0.00, 0.00, 0.00, 0.00, 0.00, 0.00, 1.00
572,  0,  19.033,  0.98,  1, 0.02, 0.00, 1.41, 0.00, 0.00, 1.40, 0.01, 0.00, 0.00, 0.00, 0.14, 0.30, 0.00, 0.00, 0.12, 0.53, 0.15, 0.00, 0.00, 1.00, 1.00, 0.00, 0.00, 0.00, 0.00, 0.00, 0.00, 0.00, 0.00, 0.00, 0.00, 0.00, 0.00, 0.00, 1.00
573,  0,  19.067,  0.88,  1, 0.02, 0.00, 1.34, 0.00, 0.00, 1.09, 0.13, 0.00, 0.00, 0.00, 0.14, 0.32, 0.00, 0.00, 0.27, 0.99, 0.15, 0.00, 0.00, 1.00, 1.00, 0.00, 0.00, 0.00, 0.00, 0.00, 0.00, 0.00, 0.00, 0.00, 0.00, 1.00, 0.00, 0.00, 1.00
574,  0,  19.100,  0.88,  1, 0.00, 0.00, 1.52, 0.01, 0.00, 0.86, 0.14, 0.00, 0.00, 0.00, 0.30, 0.46, 0.00, 0.00, 0.48, 1.33, 0.22, 0.00, 0.00, 1.00, 1.00, 0.00, 0.00, 0.00, 0.00, 0.00, 0.00, 0.00, 0.00, 0.00, 0.00, 1.00, 0.00, 0.00, 1.00
575,  0,  19.133,  0.88,  1, 0.00, 0.00, 1.65, 0.20, 0.00, 0.27, 0.25, 0.00, 0.00, 0.00, 0.16, 0.33, 0.00, 0.07, 0.74, 1.25, 0.33, 0.00, 0.00, 1.00, 1.00, 0.00, 0.00, 0.00, 0.00, 0.00, 0.00, 0.00, 0.00, 0.00, 0.00, 1.00, 0.00, 0.00, 0.00
576,  0,  19.167,  0.88,  1, 0.00, 0.00, 1.84, 0.20, 0.00, 0.06, 0.16, 0.00, 0.00, 0.00, 0.16, 0.32, 0.00, 0.09, 0.90, 0.88, 0.35, 0.00, 0.00, 1.00, 1.00, 0.00, 0.00, 0.00, 0.00, 0.00, 0.00, 0.00, 0.00, 0.00, 0.00, 1.00, 0.00, 0.00, 0.00
577,  0,  19.200,  0.88,  1, 0.17, 0.00, 1.81, 0.65, 0.00, 0.39, 0.15, 0.00, 0.00, 0.00, 0.00, 0.28, 0.00, 0.09, 0.78, 0.56, 0.43, 0.00, 0.00, 1.00, 1.00, 0.00, 0.00, 1.00, 0.00, 0.00, 0.00, 0.00, 0.00, 0.00, 0.00, 1.00, 0.00, 0.00, 0.00
578,  0,  19.233,  0.98,  1, 0.17, 0.00, 2.13, 0.45, 0.00, 0.82, 0.13, 0.00, 0.00, 0.00, 0.00, 0.37, 0.01, 0.03, 0.58, 0.40, 0.29, 0.00, 0.00, 1.00, 1.00, 0.00, 0.00, 1.00, 0.00, 0.00, 0.00, 0.00, 0.00, 0.00, 0.00, 1.00, 1.00, 0.00, 1.00
579,  0,  19.267,  0.88,  1, 0.17, 0.00, 2.21, 0.45, 0.00, 0.82, 0.43, 0.00, 0.00, 0.00, 0.00, 0.37, 0.02, 0.00, 0.74, 0.78, 0.43, 0.00, 0.00, 1.00, 1.00, 0.00, 0.00, 1.00, 0.00, 0.00, 0.00, 0.00, 0.00, 0.00, 0.00, 1.00, 1.00, 0.00, 1.00
580,  0,  19.300,  0.88,  1, 0.00, 0.00, 2.17, 0.00, 0.00, 0.43, 0.68, 0.00, 0.00, 0.00, 0.00, 0.15, 0.02, 0.08, 1.08, 1.33, 0.27, 0.00, 0.00, 1.00, 1.00, 0.00, 0.00, 1.00, 0.00, 0.00, 0.00, 0.00, 0.00, 0.00, 0.00, 1.00, 0.00, 0.00, 1.00
581,  0,  19.333,  0.82,  1, 0.00, 0.00, 1.85, 0.00, 0.00, 0.32, 0.65, 0.00, 0.00, 0.00, 0.26, 0.13, 0.01, 0.08, 0.89, 1.29, 0.18, 0.00, 0.00, 1.00, 1.00, 0.00, 0.00, 1.00, 0.00, 0.00, 0.00, 0.00, 0.00, 0.00, 0.00, 1.00, 0.00, 0.00, 1.00
582,  0,  19.367,  0.88,  1, 0.00, 0.00, 1.60, 0.00, 0.00, 0.43, 0.40, 0.00, 0.00, 0.00, 0.42, 0.36, 0.00, 0.08, 0.43, 0.94, 0.19, 0.00, 0.00, 1.00, 1.00, 0.00, 0.00, 1.00, 0.00, 0.00, 0.00, 1.00, 0.00, 0.00, 0.00, 1.00, 0.00, 0.00, 1.00
583,  0,  19.400,  0.88,  1, 0.00, 0.00, 1.34, 0.00, 0.00, 0.47, 0.33, 0.00, 0.00, 0.00, 0.42, 0.41, 0.00, 0.00, 0.01, 0.68, 0.22, 0.00, 0.00, 1.00, 1.00, 0.00, 0.00, 1.00, 0.00, 0.00, 0.00, 0.00, 0.00, 0.00, 0.00, 1.00, 0.00, 0.00, 1.00
584,  0,  19.433,  0.88,  1, 0.00, 0.00, 1.24, 0.00, 0.00, 0.35, 0.34, 0.00, 0.00, 0.00, 0.19, 0.39, 0.00, 0.03, 0.07, 0.76, 0.37, 0.00, 0.00, 1.00, 1.00, 0.00, 0.00, 1.00, 0.00, 0.00, 0.00, 0.00, 0.00, 0.00, 0.00, 1.00, 0.00, 0.00, 1.00
585,  0,  19.467,  0.88,  1, 0.00, 0.00, 1.15, 0.00, 0.00, 0.25, 0.36, 0.00, 0.00, 0.00, 0.02, 0.21, 0.00, 0.07, 0.29, 0.95, 0.22, 0.00, 0.00, 1.00, 1.00, 0.00, 0.00, 1.00, 0.00, 0.00, 0.00, 0.00, 0.00, 0.00, 0.00, 1.00, 0.00, 0.00, 1.00
586,  0,  19.500,  0.88,  1, 0.00, 0.00, 1.30, 0.00, 0.00, 0.21, 0.38, 0.00, 0.00, 0.00, 0.02, 0.16, 0.00, 0.21, 0.70, 0.85, 0.20, 0.00, 0.00, 1.00, 1.00, 0.00, 0.00, 1.00, 0.00, 0.00, 0.00, 0.00, 0.00, 0.00, 0.00, 1.00, 0.00, 0.00, 1.00
587,  0,  19.533,  0.88,  1, 0.00, 0.00, 1.50, 0.00, 0.00, 0.00, 0.51, 0.00, 0.00, 0.00, 0.00, 0.04, 0.00, 0.36, 0.87, 0.72, 0.28, 0.00, 0.00, 1.00, 1.00, 0.00, 0.00, 1.00, 0.00, 0.00, 0.00, 0.00, 0.00, 0.00, 0.00, 1.00, 0.00, 0.00, 1.00
588,  0,  19.567,  0.88,  1, 0.00, 0.00, 1.57, 0.00, 0.00, 0.00, 0.62, 0.00, 0.00, 0.00, 0.00, 0.00, 0.00, 0.55, 0.83, 0.83, 0.37, 0.00, 0.00, 1.00, 1.00, 0.00, 0.00, 1.00, 0.00, 0.00, 0.00, 1.00, 0.00, 0.00, 0.00, 1.00, 0.00, 0.00, 1.00
589,  0,  19.600,  0.82,  1, 0.00, 0.00, 1.70, 0.00, 0.00, 0.26, 0.51, 0.00, 0.00, 0.00, 0.08, 0.17, 0.00, 0.41, 0.40, 0.64, 0.34, 0.00, 0.00, 1.00, 0.00, 0.00, 0.00, 1.00, 0.00, 0.00, 0.00, 1.00, 0.00, 0.00, 0.00, 1.00, 0.00, 0.00, 1.00
590,  0,  19.633,  0.88,  1, 0.00, 0.00, 1.78, 0.00, 0.00, 0.26, 0.51, 0.00, 0.00, 0.00, 0.08, 0.17, 0.00, 0.23, 0.18, 0.52, 0.12, 0.00, 0.00, 1.00, 0.00, 0.00, 0.00, 1.00, 0.00, 0.00, 0.00, 1.00, 0.00, 0.00, 0.00, 0.00, 0.00, 0.00, 1.00
591,  0,  19.667,  0.88,  1, 0.00, 0.00, 1.96, 0.00, 0.00, 0.26, 0.62, 0.00, 0.00, 0.00, 0.11, 0.17, 0.00, 0.00, 0.15, 0.27, 0.00, 0.00, 0.00, 1.00, 0.00, 0.00, 0.00, 1.00, 0.00, 0.00, 0.00, 1.00, 0.00, 0.00, 0.00, 0.00, 0.00, 0.00, 1.00
592,  0,  19.700,  0.88,  1, 0.00, 0.00, 1.95, 0.00, 0.00, 0.16, 0.77, 0.00, 0.00, 0.00, 0.03, 0.00, 0.00, 0.00, 0.19, 0.56, 0.05, 0.00, 0.00, 1.00, 0.00, 0.00, 0.00, 1.00, 0.00, 0.00, 0.00, 1.00, 0.00, 0.00, 0.00, 0.00, 0.00, 0.00, 1.00
593,  0,  19.733,  0.88,  1, 0.00, 0.00, 1.88, 0.00, 0.00, 0.44, 0.75, 0.00, 0.00, 0.00, 0.11, 0.00, 0.00, 0.00, 0.23, 0.61, 0.22, 0.00, 0.00, 1.00, 0.00, 0.00, 0.00, 0.00, 0.00, 0.00, 0.00, 1.00, 0.00, 0.00, 0.00, 0.00, 0.00, 0.00, 1.00
594,  0,  19.767,  0.88,  1, 0.00, 0.00, 1.67, 0.00, 0.00, 0.66, 0.58, 0.00, 0.00, 0.00, 0.21, 0.00, 0.00, 0.00, 0.26, 0.50, 0.41, 0.00, 0.00, 1.00, 0.00, 0.00, 0.00, 0.00, 0.00, 0.00, 0.00, 1.00, 0.00, 0.00, 0.00, 0.00, 0.00, 0.00, 1.00
595,  0,  19.800,  0.88,  1, 0.00, 0.00, 1.71, 0.00, 0.00, 0.65, 0.39, 0.00, 0.00, 0.00, 0.21, 0.00, 0.00, 0.00, 0.37, 0.29, 0.58, 0.00, 0.00, 1.00, 0.00, 0.00, 0.00, 0.00, 0.00, 0.00, 0.00, 1.00, 0.00, 0.00, 0.00, 0.00, 0.00, 0.00, 1.00
596,  0,  19.833,  0.88,  1, 0.00, 0.00, 1.71, 0.00, 0.00, 0.54, 0.29, 0.00, 0.00, 0.00, 0.13, 0.00, 0.00, 0.00, 0.58, 0.21, 0.68, 0.00, 0.00, 1.00, 0.00, 0.00, 0.00, 0.00, 0.00, 0.00, 0.00, 1.00, 0.00, 0.00, 0.00, 0.00, 1.00, 0.00, 1.00
597,  0,  19.867,  0.88,  1, 0.01, 0.00, 1.78, 0.00, 0.00, 0.39, 0.14, 0.00, 0.00, 0.00, 0.06, 0.15, 0.00, 0.00, 0.43, 0.16, 0.79, 0.00, 0.00, 1.00, 0.00, 0.00, 0.00, 0.00, 0.00, 0.00, 0.00, 1.00, 0.00, 0.00, 0.00, 0.00, 1.00, 0.00, 1.00
598,  0,  19.900,  0.98,  1, 0.01, 0.00, 1.66, 0.00, 0.00, 0.60, 0.08, 0.00, 0.00, 0.00, 0.17, 0.24, 0.00, 0.00, 0.29, 0.16, 0.87, 0.00, 0.00, 1.00, 0.00, 0.00, 0.00, 0.00, 0.00, 0.00, 0.00, 1.00, 0.00, 0.00, 0.00, 0.00, 1.00, 0.00, 1.00
599,  0,  19.933,  0.98,  1, 0.03, 0.00, 1.54, 0.00, 0.00, 0.76, 0.00, 0.00, 0.00, 0.00, 0.26, 0.69, 0.00, 0.00, 0.15, 0.29, 0.89, 0.00, 0.00, 1.00, 0.00, 0.00, 0.00, 0.00, 0.00, 0.00, 0.00, 1.00, 0.00, 1.00, 0.00, 0.00, 1.00, 0.00, 1.00
600,  0,  19.967,  0.98,  1, 0.02, 0.00, 1.35, 0.00, 0.00, 1.00, 0.00, 0.00, 0.00, 0.00, 0.39, 0.74, 0.00, 0.00, 0.20, 0.49, 0.67, 0.00, 0.00, 1.00, 0.00, 0.00, 0.00, 0.00, 0.00, 0.00, 0.00, 1.00, 0.00, 1.00, 0.00, 0.00, 1.00, 0.00, 1.00
601,  0,  20.000,  0.98,  1, 0.02, 0.00, 1.26, 0.00, 0.00, 0.80, 0.00, 0.00, 0.00, 0.00, 0.54, 0.87, 0.00, 0.00, 0.20, 0.76, 0.51, 0.00, 0.00, 1.00, 0.00, 0.00, 0.00, 0.00, 0.00, 0.00, 0.00, 1.00, 0.00, 1.00, 0.00, 0.00, 1.00, 0.00, 1.00
602,  0,  20.033,  0.98,  1, 0.00, 0.00, 1.29, 0.00, 0.00, 0.74, 0.00, 0.00, 0.00, 0.00, 0.86, 0.90, 0.00, 0.00, 0.09, 1.04, 0.39, 0.00, 0.00, 1.00, 0.00, 0.00, 0.00, 0.00, 0.00, 0.00, 0.00, 1.00, 0.00, 1.00, 0.00, 0.00, 1.00, 0.00, 1.00
603,  0,  20.067,  0.98,  1, 0.00, 0.00, 1.27, 0.00, 0.00, 0.55, 0.00, 0.00, 0.00, 0.00, 0.99, 0.96, 0.02, 0.00, 0.00, 1.33, 0.35, 0.00, 0.00, 1.00, 0.00, 0.00, 0.00, 0.00, 0.00, 0.00, 0.00, 1.00, 0.00, 1.00, 0.00, 0.00, 1.00, 0.00, 1.00
604,  0,  20.100,  0.98,  1, 0.00, 0.00, 1.12, 0.00, 0.00, 0.52, 0.03, 0.00, 0.00, 0.00, 0.72, 0.86, 0.02, 0.00, 0.00, 1.42, 0.41, 0.00, 0.00, 1.00, 0.00, 0.00, 0.00, 0.00, 0.00, 0.00, 0.00, 1.00, 0.00, 1.00, 0.00, 0.00, 1.00, 0.00, 1.00
605,  0,  20.133,  0.98,  1, 0.00, 0.00, 0.93, 0.00, 0.00, 0.59, 0.03, 0.00, 0.00, 0.00, 0.32, 0.63, 0.02, 0.00, 0.00, 1.42, 0.55, 0.00, 0.00, 1.00, 0.00, 0.00, 0.00, 0.00, 0.00, 0.00, 0.00, 1.00, 0.00, 1.00, 0.00, 0.00, 1.00, 0.00, 1.00
606,  0,  20.167,  0.98,  1, 0.00, 0.00, 0.99, 0.00, 0.00, 0.68, 0.03, 0.00, 0.00, 0.00, 0.00, 0.43, 0.00, 0.00, 0.08, 1.21, 0.84, 0.00, 0.00, 1.00, 0.00, 0.00, 0.00, 0.00, 0.00, 0.00, 0.00, 1.00, 0.00, 1.00, 0.00, 0.00, 1.00, 0.00, 1.00
607,  0,  20.200,  0.98,  1, 0.00, 0.00, 0.89, 0.00, 0.00, 0.72, 0.00, 0.03, 0.00, 0.00, 0.00, 0.56, 0.00, 0.00, 0.08, 1.30, 1.03, 0.00, 0.00, 1.00, 0.00, 0.00, 0.00, 0.00, 0.00, 0.00, 0.00, 1.00, 0.00, 1.00, 0.00, 0.00, 0.00, 0.00, 1.00
608,  0,  20.233,  0.88,  1, 0.00, 0.00, 0.67, 0.00, 0.00, 0.78, 0.00, 0.10, 0.00, 0.00, 0.00, 0.53, 0.00, 0.00, 0.14, 1.56, 0.93, 0.00, 0.00, 1.00, 0.00, 0.00, 0.00, 0.00, 0.00, 0.00, 0.00, 1.00, 0.00, 1.00, 0.00, 0.00, 0.00, 0.00, 1.00
609,  0,  20.267,  0.88,  1, 0.00, 0.00, 0.27, 0.00, 0.00, 1.04, 0.00, 0.10, 0.00, 0.00, 0.00, 0.83, 0.00, 0.00, 0.17, 1.76, 0.86, 0.00, 0.00, 1.00, 0.00, 0.00, 0.00, 0.00, 0.00, 0.00, 0.00, 1.00, 0.00, 1.00, 0.00, 0.00, 0.00, 0.00, 1.00
610,  0,  20.300,  0.88,  1, 0.00, 0.00, 0.16, 0.00, 0.00, 1.21, 0.10, 0.08, 0.00, 0.00, 0.00, 0.75, 0.00, 0.00, 0.17, 1.87, 0.54, 0.00, 0.00, 1.00, 0.00, 0.00, 0.00, 0.00, 0.00, 0.00, 0.00, 1.00, 0.00, 1.00, 0.00, 0.00, 0.00, 0.00, 1.00
611,  0,  20.333,  0.98,  1, 0.00, 0.00, 0.08, 0.00, 0.00, 0.85, 0.24, 0.00, 0.00, 0.00, 0.00, 0.71, 0.00, 0.04, 0.11, 1.60, 0.54, 0.00, 0.00, 1.00, 0.00, 0.00, 0.00, 0.00, 0.00, 0.00, 0.00, 1.00, 0.00, 1.00, 0.00, 0.00, 0.00, 0.00, 1.00
612,  0,  20.367,  0.98,  1, 0.00, 0.00, 0.20, 0.00, 0.00, 0.48, 0.24, 0.00, 0.00, 0.00, 0.20, 0.64, 0.00, 0.08, 0.00, 1.49, 0.48, 0.00, 0.00, 1.00, 0.00, 0.00, 0.00, 0.00, 0.00, 0.00, 0.00, 1.00, 0.00, 1.00, 0.00, 0.00, 0.00, 0.00, 1.00
613,  0,  20.400,  0.98,  1, 0.00, 0.00, 0.37, 0.00, 0.00, 0.13, 0.13, 0.10, 0.00, 0.26, 0.77, 0.61, 0.00, 0.08, 0.00, 1.24, 0.62, 0.00, 0.00, 1.00, 0.00, 0.00, 0.00, 0.00, 0.00, 0.00, 0.00, 1.00, 0.00, 1.00, 0.00, 0.00, 0.00, 0.00, 1.00
614,  0,  20.433,  0.98,  1, 0.00, 0.00, 0.65, 0.00, 0.00, 0.15, 0.00, 0.11, 0.00, 0.42, 0.88, 0.51, 0.00, 0.05, 0.00, 1.26, 0.78, 0.00, 0.00, 1.00, 0.00, 0.00, 0.00, 0.00, 0.00, 0.00, 0.00, 1.00, 0.00, 0.00, 0.00, 0.00, 0.00, 0.00, 0.00
615,  0,  20.467,  0.98,  1, 0.00, 0.00, 0.80, 0.00, 0.00, 0.10, 0.02, 0.11, 0.00, 0.42, 0.73, 0.26, 0.00, 0.00, 0.00, 1.22, 0.95, 0.00, 0.00, 1.00, 0.00, 0.00, 0.00, 0.00, 0.00, 0.00, 0.00, 1.00, 0.00, 0.00, 0.00, 0.00, 0.00, 0.00, 0.00
616,  0,  20.500,  0.98,  1, 0.00, 0.00, 0.82, 0.00, 0.00, 0.17, 0.12, 0.01, 0.00, 0.17, 0.32, 0.15, 0.00, 0.00, 0.00, 1.16, 1.04, 0.00, 0.00, 1.00, 0.00, 0.00, 0.00, 0.00, 0.00, 0.00, 0.00, 1.00, 0.00, 0.00, 0.00, 0.00, 0.00, 0.00, 0.00
617,  0,  20.533,  0.98,  1, 0.00, 0.00, 1.01, 0.00, 0.00, 0.12, 0.47, 0.00, 0.00, 0.00, 0.21, 0.07, 0.00, 0.00, 0.00, 1.19, 0.91, 0.00, 0.00, 1.00, 0.00, 0.00, 0.00, 0.00, 0.00, 0.00, 0.00, 1.00, 0.00, 0.00, 0.00, 0.00, 0.00, 0.00, 1.00
618,  0,  20.567,  0.98,  1, 0.00, 0.00, 1.47, 0.00, 0.00, 0.09, 0.76, 0.00, 0.00, 0.00, 0.49, 0.02, 0.00, 0.00, 0.00, 1.22, 1.01, 0.00, 0.00, 1.00, 0.00, 0.00, 0.00, 0.00, 0.00, 0.00, 0.00, 1.00, 0.00, 0.00, 0.00, 0.00, 0.00, 0.00, 1.00
619,  0,  20.600,  0.98,  1, 0.00, 0.00, 1.91, 0.00, 0.00, 0.02, 0.85, 0.00, 0.00, 0.00, 0.67, 0.00, 0.00, 0.00, 0.00, 1.11, 1.12, 0.00, 0.00, 1.00, 0.00, 0.00, 0.00, 0.00, 0.00, 0.00, 0.00, 1.00, 0.00, 0.00, 1.00, 0.00, 0.00, 0.00, 1.00
620,  0,  20.633,  0.88,  1, 0.00, 0.00, 2.09, 0.00, 0.00, 0.02, 0.77, 0.00, 0.00, 0.00, 0.96, 0.05, 0.00, 0.00, 0.16, 0.90, 1.20, 0.00, 0.00, 1.00, 0.00, 0.00, 0.00, 0.00, 0.00, 0.00, 1.00, 1.00, 0.00, 0.00, 1.00, 0.00, 0.00, 0.00, 1.00
621,  0,  20.667,  0.88,  1, 0.00, 0.00, 2.01, 0.00, 0.00, 0.00, 0.74, 0.00, 0.00, 0.11, 1.20, 0.12, 0.00, 0.00, 0.45, 0.68, 1.18, 0.00, 0.00, 1.00, 0.00, 0.00, 0.00, 0.00, 0.00, 0.00, 1.00, 1.00, 0.00, 0.00, 1.00, 0.00, 0.00, 0.00, 1.00
622,  0,  20.700,  0.88,  1, 0.00, 0.00, 1.97, 0.00, 0.00, 0.00, 0.76, 0.00, 0.00, 0.35, 1.50, 0.24, 0.00, 0.00, 1.00, 0.75, 1.29, 0.00, 0.00, 1.00, 0.00, 0.00, 0.00, 0.00, 0.00, 0.00, 1.00, 1.00, 0.00, 0.00, 1.00, 0.00, 0.00, 0.00, 1.00
623,  0,  20.733,  0.88,  1, 0.00, 0.00, 1.55, 0.00, 0.00, 0.00, 0.88, 0.00, 0.04, 0.61, 1.64, 0.50, 0.00, 0.00, 1.10, 0.64, 1.61, 0.00, 0.00, 1.00, 0.00, 0.00, 0.00, 0.00, 0.00, 0.00, 1.00, 1.00, 0.00, 0.00, 0.00, 0.00, 0.00, 0.00, 1.00
624,  0,  20.767,  0.88,  1, 0.00, 0.00, 1.28, 0.00, 0.00, 0.00, 0.70, 0.00, 0.04, 0.50, 1.06, 0.43, 0.00, 0.00, 0.87, 0.49, 1.51, 0.00, 0.00, 1.00, 0.00, 0.00, 0.00, 0.00, 0.00, 0.00, 1.00, 1.00, 0.00, 0.00, 0.00, 0.00, 0.00, 0.00, 1.00
625,  0,  20.800,  0.98,  1, 0.00, 0.00, 1.05, 0.00, 0.00, 0.00, 0.61, 0.00, 0.04, 0.26, 0.50, 0.31, 0.00, 0.00, 0.38, 0.39, 1.20, 0.00, 0.00, 1.00, 0.00, 0.00, 0.00, 0.00, 0.00, 0.00, 0.00, 1.00, 0.00, 0.00, 0.00, 0.00, 0.00, 0.00, 1.00
626,  0,  20.833,  0.88,  1, 0.04, 0.00, 1.18, 0.00, 0.00, 0.05, 0.41, 0.00, 0.00, 0.00, 0.19, 0.00, 0.00, 0.00, 0.26, 0.35, 0.87, 0.00, 0.00, 1.00, 0.00, 0.00, 0.00, 0.00, 0.00, 0.00, 0.00, 1.00, 0.00, 0.00, 0.00, 0.00, 0.00, 0.00, 1.00
627,  0,  20.867,  0.98,  1, 0.06, 0.00, 1.12, 0.00, 0.00, 0.54, 0.50, 0.00, 0.00, 0.00, 0.29, 0.00, 0.14, 0.00, 0.47, 0.55, 0.85, 0.00, 0.00, 1.00, 0.00, 0.00, 0.00, 0.00, 0.00, 0.00, 0.00, 1.00, 0.00, 0.00, 0.00, 0.00, 0.00, 0.00, 1.00
628,  0,  20.900,  0.98,  1, 0.06, 0.00, 1.06, 0.00, 0.00, 0.92, 0.38, 0.00, 0.00, 0.00, 0.33, 0.56, 0.19, 0.00, 0.56, 0.73, 0.93, 0.00, 0.00, 1.00, 0.00, 0.00, 0.00, 0.00, 0.00, 0.00, 0.00, 1.00, 0.00, 1.00, 0.00, 0.00, 0.00, 0.00, 1.00
629,  0,  20.933,  0.98,  1, 0.02, 0.00, 1.23, 0.00, 0.00, 1.13, 0.20, 0.00, 0.00, 0.00, 0.63, 0.95, 0.25, 0.00, 0.48, 0.85, 0.86, 0.00, 0.00, 1.00, 0.00, 0.00, 0.00, 0.00, 0.00, 0.00, 0.00, 1.00, 0.00, 1.00, 0.00, 0.00, 0.00, 0.00, 1.00
630,  0,  20.967,  0.98,  1, 0.03, 0.00, 1.49, 0.00, 0.00, 1.01, 0.00, 0.00, 0.00, 0.00, 0.80, 1.42, 0.29, 0.00, 0.22, 1.03, 0.91, 0.00, 0.00, 1.00, 0.00, 0.00, 0.00, 0.00, 0.00, 0.00, 0.00, 1.00, 0.00, 1.00, 0.00, 0.00, 0.00, 0.00, 1.00
631,  0,  21.000,  0.98,  1, 0.03, 0.00, 1.68, 0.00, 0.00, 1.01, 0.00, 0.00, 0.00, 0.00, 1.23, 1.37, 0.55, 0.00, 0.23, 0.77, 0.99, 0.00, 0.00, 1.00, 0.00, 0.00, 0.00, 0.00, 0.00, 0.00, 0.00, 1.00, 1.00, 1.00, 0.00, 0.00, 0.00, 0.00, 1.00
632,  0,  21.033,  0.98,  1, 0.03, 0.00, 1.62, 0.00, 0.00, 1.15, 0.00, 0.00, 0.00, 0.00, 1.30, 1.45, 0.80, 0.00, 0.24, 0.81, 1.11, 0.00, 0.00, 1.00, 0.00, 0.00, 0.00, 0.00, 0.00, 0.00, 0.00, 1.00, 1.00, 1.00, 0.00, 0.00, 0.00, 0.00, 1.00
633,  0,  21.067,  0.98,  1, 0.01, 0.00, 1.35, 0.00, 0.00, 1.15, 0.00, 0.00, 0.00, 0.00, 1.36, 1.48, 0.71, 0.00, 0.24, 0.69, 1.02, 0.00, 0.00, 1.00, 0.00, 0.00, 0.00, 0.00, 0.00, 0.00, 0.00, 1.00, 1.00, 1.00, 0.00, 0.00, 0.00, 0.00, 1.00
634,  0,  21.100,  0.98,  1, 0.13, 0.00, 1.17, 0.00, 0.00, 0.95, 0.00, 0.00, 0.00, 0.00, 1.29, 1.66, 0.51, 0.00, 0.07, 0.91, 1.01, 0.00, 0.00, 1.00, 1.00, 0.00, 0.00, 0.00, 0.00, 0.00, 0.00, 1.00, 1.00, 1.00, 0.00, 0.00, 0.00, 0.00, 1.00
635,  0,  21.133,  0.98,  1, 0.25, 0.00, 1.19, 0.00, 0.00, 0.70, 0.00, 0.00, 0.00, 0.00, 1.15, 1.74, 0.21, 0.00, 0.00, 0.60, 1.06, 0.00, 0.00, 1.00, 1.00, 0.00, 0.00, 0.00, 0.00, 0.00, 0.00, 1.00, 1.00, 1.00, 0.00, 0.00, 0.00, 0.00, 1.00
636,  0,  21.167,  0.98,  1, 0.39, 0.00, 1.42, 0.00, 0.00, 0.50, 0.00, 0.00, 0.00, 0.00, 1.12, 1.77, 0.11, 0.00, 0.00, 0.34, 1.24, 0.00, 0.00, 1.00, 1.00, 0.00, 0.00, 0.00, 0.00, 0.00, 0.00, 1.00, 1.00, 1.00, 0.00, 0.00, 0.00, 0.00, 1.00
637,  0,  21.200,  0.98,  1, 0.37, 0.00, 1.64, 0.00, 0.00, 0.66, 0.00, 0.00, 0.00, 0.00, 1.00, 1.61, 0.00, 0.00, 0.00, 0.00, 1.16, 0.00, 0.00, 1.00, 0.00, 0.00, 0.00, 0.00, 0.00, 0.00, 0.00, 1.00, 1.00, 1.00, 0.00, 0.00, 0.00, 0.00, 1.00
638,  0,  21.233,  0.98,  1, 0.38, 0.00, 1.68, 0.00, 0.00, 0.58, 0.00, 0.00, 0.00, 0.00, 0.87, 1.59, 0.00, 0.00, 0.00, 0.00, 1.09, 0.00, 0.00, 1.00, 0.00, 0.00, 0.00, 0.00, 0.00, 0.00, 0.00, 1.00, 1.00, 1.00, 0.00, 0.00, 0.00, 0.00, 1.00
639,  0,  21.267,  0.98,  1, 0.23, 0.00, 1.75, 0.00, 0.00, 0.57, 0.00, 0.00, 0.00, 0.00, 0.74, 1.66, 0.00, 0.00, 0.01, 0.12, 0.94, 0.00, 0.00, 1.00, 0.00, 0.00, 0.00, 0.00, 0.00, 0.00, 0.00, 1.00, 1.00, 1.00, 0.00, 0.00, 0.00, 0.00, 1.00
640,  0,  21.300,  0.98,  1, 0.12, 0.00, 1.78, 0.00, 0.00, 0.67, 0.00, 0.00, 0.00, 0.00, 0.53, 1.73, 0.28, 0.00, 0.01, 0.14, 1.05, 0.00, 0.00, 1.00, 0.00, 0.00, 0.00, 0.00, 0.00, 0.00, 0.00, 1.00, 1.00, 1.00, 0.00, 0.00, 0.00, 0.00, 1.00
641,  0,  21.333,  0.98,  1, 0.00, 0.00, 1.83, 0.00, 0.00, 0.85, 0.00, 0.00, 0.00, 0.00, 0.40, 1.77, 0.67, 0.00, 0.03, 0.48, 1.10, 0.00, 0.00, 1.00, 0.00, 0.00, 0.00, 0.00, 0.00, 0.00, 0.00, 1.00, 1.00, 1.00, 0.00, 0.00, 0.00, 0.00, 1.00
642,  0,  21.367,  0.98,  1, 0.00, 0.00, 1.61, 0.00, 0.00, 0.94, 0.00, 0.00, 0.00, 0.00, 0.37, 1.63, 0.93, 0.00, 0.13, 0.59, 1.16, 0.00, 0.00, 1.00, 0.00, 0.00, 0.00, 0.00, 0.00, 0.00, 0.00, 1.00, 1.00, 1.00, 0.00, 0.00, 0.00, 0.00, 1.00
643,  0,  21.400,  0.98,  1, 0.00, 0.00, 1.52, 0.00, 0.00, 0.81, 0.00, 0.00, 0.00, 0.00, 0.35, 1.46, 1.00, 0.03, 0.28, 0.81, 1.13, 0.00, 0.00, 1.00, 0.00, 0.00, 0.00, 0.00, 0.00, 0.00, 0.00, 1.00, 1.00, 1.00, 0.00, 0.00, 0.00, 0.00, 1.00
644,  0,  21.433,  0.98,  1, 0.00, 0.00, 1.41, 0.00, 0.00, 0.80, 0.00, 0.00, 0.00, 0.00, 0.45, 1.35, 0.77, 0.03, 0.42, 0.77, 1.07, 0.00, 0.00, 1.00, 0.00, 0.00, 0.00, 0.00, 0.00, 0.00, 0.00, 1.00, 1.00, 1.00, 0.00, 0.00, 0.00, 0.00, 1.00
645,  0,  21.467,  0.98,  1, 0.00, 0.00, 1.42, 0.00, 0.00, 0.84, 0.00, 0.00, 0.00, 0.00, 0.34, 1.17, 0.73, 0.03, 0.60, 0.87, 1.03, 0.00, 0.00, 1.00, 0.00, 0.00, 0.00, 0.00, 0.00, 0.00, 0.00, 1.00, 1.00, 1.00, 0.00, 0.00, 0.00, 0.00, 1.00
646,  0,  21.500,  0.98,  1, 0.00, 0.00, 1.24, 0.00, 0.00, 0.79, 0.00, 0.00, 0.00, 0.00, 0.31, 0.90, 0.57, 0.00, 0.71, 0.89, 1.10, 0.00, 0.00, 1.00, 0.00, 0.00, 0.00, 0.00, 0.00, 0.00, 0.00, 1.00, 1.00, 1.00, 0.00, 0.00, 0.00, 0.00, 1.00
647,  0,  21.533,  0.98,  1, 0.00, 0.00, 1.35, 0.00, 0.00, 1.20, 0.00, 0.00, 0.00, 0.05, 0.33, 0.90, 0.41, 0.00, 0.91, 0.76, 1.33, 0.00, 0.00, 1.00, 0.00, 0.00, 0.00, 0.00, 0.00, 0.00, 0.00, 1.00, 1.00, 1.00, 0.00, 0.00, 0.00, 0.00, 1.00
648,  0,  21.567,  0.98,  1, 0.00, 0.00, 1.54, 0.00, 0.00, 1.37, 0.02, 0.00, 0.00, 0.28, 0.56, 0.94, 0.19, 0.00, 1.18, 0.44, 1.38, 0.00, 0.00, 1.00, 0.00, 0.00, 0.00, 0.00, 0.00, 0.00, 0.00, 0.00, 1.00, 0.00, 0.00, 0.00, 0.00, 0.00, 1.00
649,  0,  21.600,  0.98,  1, 0.00, 0.00, 1.84, 0.00, 0.00, 1.62, 0.16, 0.04, 0.00, 0.36, 0.65, 0.95, 0.00, 0.00, 1.42, 0.26, 1.34, 0.00, 0.00, 1.00, 0.00, 0.00, 0.00, 0.00, 0.00, 0.00, 1.00, 0.00, 1.00, 0.00, 0.00, 0.00, 0.00, 0.00, 1.00
650,  0,  21.633,  0.93,  1, 0.00, 0.00, 1.99, 0.03, 0.00, 1.37, 0.35, 0.16, 0.00, 0.54, 0.58, 0.70, 0.00, 0.00, 1.57, 0.22, 1.03, 0.00, 0.00, 1.00, 0.00, 0.00, 0.00, 1.00, 0.00, 0.00, 1.00, 0.00, 1.00, 0.00, 0.00, 0.00, 0.00, 0.00, 1.00
651,  0,  21.667,  0.93,  1, 0.00, 0.00, 2.01, 0.24, 0.00, 1.23, 0.47, 0.25, 0.00, 0.59, 0.56, 0.69, 0.00, 0.01, 1.46, 0.38, 0.94, 0.00, 0.00, 1.00, 0.00, 0.00, 0.00, 1.00, 0.00, 0.00, 1.00, 0.00, 1.00, 0.00, 0.00, 0.00, 0.00, 0.00, 1.00
652,  0,  21.700,  0.88,  1, 0.00, 0.00, 2.10, 0.33, 0.00, 0.92, 0.49, 0.31, 0.00, 0.82, 0.64, 0.78, 0.00, 0.08, 1.45, 0.43, 0.77, 0.00, 0.00, 1.00, 0.00, 0.00, 0.00, 1.00, 0.00, 0.00, 1.00, 0.00, 1.00, 0.00, 0.00, 0.00, 0.00, 0.00, 1.00
653,  0,  21.733,  0.88,  1, 0.00, 0.00, 2.06, 0.37, 0.00, 0.73, 0.46, 0.21, 0.00, 1.10, 0.89, 0.88, 0.00, 0.15, 1.28, 0.44, 0.70, 0.00, 0.00, 1.00, 0.00, 0.00, 0.00, 1.00, 0.00, 0.00, 1.00, 1.00, 1.00, 0.00, 0.00, 0.00, 0.00, 0.00, 1.00
654,  0,  21.767,  0.93,  1, 0.00, 0.00, 1.98, 0.24, 0.00, 0.55, 0.37, 0.16, 0.00, 1.17, 1.03, 0.71, 0.00, 0.19, 1.28, 0.46, 0.74, 0.00, 0.00, 1.00, 0.00, 0.00, 0.00, 1.00, 0.00, 0.00, 1.00, 1.00, 1.00, 0.00, 0.00, 0.00, 0.00, 0.00, 1.00
655,  0,  21.800,  0.93,  1, 0.00, 0.00, 1.83, 0.14, 0.00, 0.53, 0.24, 0.06, 0.00, 1.07, 1.05, 0.61, 0.00, 0.17, 1.09, 0.38, 0.74, 0.00, 0.00, 1.00, 0.00, 0.00, 0.00, 0.00, 0.00, 0.00, 1.00, 1.00, 1.00, 0.00, 0.00, 0.00, 0.00, 0.00, 1.00
656,  0,  21.833,  0.93,  1, 0.00, 0.10, 1.82, 0.08, 0.00, 0.60, 0.09, 0.04, 0.00, 0.85, 0.93, 0.56, 0.10, 0.17, 1.02, 0.40, 0.68, 0.00, 0.00, 1.00, 0.00, 0.00, 1.00, 0.00, 0.00, 0.00, 1.00, 1.00, 1.00, 1.00, 0.00, 0.00, 0.00, 0.00, 1.00
657,  0,  21.867,  0.93,  1, 0.00, 0.17, 1.90, 0.00, 0.00, 0.74, 0.02, 0.01, 0.00, 0.64, 0.91, 0.74, 0.17, 0.13, 0.89, 0.34, 0.53, 0.00, 0.00, 1.00, 0.00, 0.00, 1.00, 0.00, 0.00, 0.00, 0.00, 1.00, 1.00, 1.00, 0.00, 0.00, 0.00, 0.00, 1.00
658,  0,  21.900,  0.93,  1, 0.00, 0.17, 1.89, 0.00, 0.00, 0.92, 0.00, 0.01, 0.00, 0.56, 0.83, 0.97, 0.27, 0.08, 0.87, 0.43, 0.56, 0.00, 0.00, 1.00, 0.00, 0.00, 1.00, 0.00, 0.00, 0.00, 0.00, 1.00, 1.00, 1.00, 0.00, 0.00, 0.00, 0.00, 1.00
659,  0,  21.933,  0.93,  1, 0.00, 0.07, 1.83, 0.00, 0.00, 0.92, 0.00, 0.00, 0.00, 0.36, 0.70, 1.33, 0.35, 0.03, 0.81, 0.35, 0.66, 0.00, 0.00, 1.00, 0.00, 0.00, 1.00, 0.00, 0.00, 0.00, 0.00, 1.00, 1.00, 1.00, 0.00, 0.00, 0.00, 0.00, 1.00
660,  0,  21.967,  0.93,  1, 0.00, 0.00, 1.71, 0.00, 0.00, 1.02, 0.00, 0.00, 0.00, 0.40, 0.49, 1.45, 0.38, 0.02, 0.78, 0.45, 0.70, 0.00, 0.00, 1.00, 0.00, 0.00, 1.00, 0.00, 0.00, 0.00, 0.00, 1.00, 1.00, 1.00, 0.00, 0.00, 0.00, 0.00, 1.00
661,  0,  22.000,  0.93,  1, 0.00, 0.00, 1.62, 0.00, 0.00, 1.04, 0.00, 0.00, 0.00, 0.43, 0.49, 1.65, 0.35, 0.05, 0.76, 0.38, 0.76, 0.00, 0.00, 1.00, 0.00, 0.00, 1.00, 0.00, 0.00, 0.00, 0.00, 1.00, 1.00, 1.00, 0.00, 0.00, 0.00, 0.00, 1.00
662,  0,  22.033,  0.93,  1, 0.00, 0.00, 1.44, 0.00, 0.00, 1.36, 0.00, 0.00, 0.00, 0.56, 0.52, 1.48, 0.36, 0.18, 0.87, 0.43, 1.02, 0.00, 0.00, 1.00, 0.00, 0.00, 1.00, 0.00, 0.00, 0.00, 0.00, 1.00, 1.00, 1.00, 0.00, 0.00, 0.00, 0.00, 1.00
663,  0,  22.067,  0.98,  1, 0.00, 0.00, 1.33, 0.00, 0.00, 1.39, 0.00, 0.00, 0.00, 0.64, 0.52, 1.35, 0.55, 0.27, 0.83, 0.36, 1.18, 0.00, 0.00, 1.00, 0.00, 0.00, 1.00, 0.00, 0.00, 0.00, 0.00, 1.00, 1.00, 1.00, 0.00, 0.00, 0.00, 0.00, 1.00
664,  0,  22.100,  0.98,  1, 0.00, 0.00, 1.23, 0.00, 0.00, 1.46, 0.00, 0.00, 0.00, 0.59, 0.33, 1.00, 0.77, 0.34, 0.89, 0.29, 1.26, 0.00, 0.00, 1.00, 0.00, 0.00, 1.00, 0.00, 0.00, 0.00, 0.00, 1.00, 1.00, 1.00, 0.00, 0.00, 0.00, 0.00, 1.00
665,  0,  22.133,  0.98,  1, 0.08, 0.00, 1.04, 0.00, 0.00, 1.18, 0.00, 0.00, 0.00, 0.36, 0.16, 1.01, 0.80, 0.20, 0.64, 0.44, 1.05, 0.00, 0.00, 1.00, 0.00, 0.00, 0.00, 0.00, 0.00, 0.00, 0.00, 1.00, 1.00, 1.00, 0.00, 0.00, 0.00, 0.00, 1.00
666,  0,  22.167,  0.98,  1, 0.15, 0.00, 1.01, 0.00, 0.00, 1.15, 0.00, 0.00, 0.00, 0.10, 0.08, 1.11, 0.62, 0.10, 0.49, 0.32, 0.92, 0.00, 0.00, 1.00, 0.00, 0.00, 0.00, 0.00, 0.00, 0.00, 0.00, 0.00, 1.00, 1.00, 0.00, 0.00, 0.00, 0.00, 1.00
667,  0,  22.200,  0.98,  1, 0.22, 0.00, 1.01, 0.00, 0.00, 1.11, 0.00, 0.00, 0.00, 0.00, 0.07, 1.34, 0.32, 0.00, 0.18, 0.39, 0.67, 0.00, 0.00, 1.00, 0.00, 0.00, 0.00, 0.00, 0.00, 0.00, 0.00, 0.00, 1.00, 1.00, 0.00, 0.00, 0.00, 0.00, 1.00
668,  0,  22.233,  0.98,  1, 0.14, 0.00, 1.10, 0.00, 0.00, 1.14, 0.00, 0.00, 0.00, 0.00, 0.07, 1.16, 0.10, 0.00, 0.11, 0.32, 0.38, 0.00, 0.00, 1.00, 0.00, 0.00, 0.00, 0.00, 0.00, 0.00, 0.00, 0.00, 1.00, 0.00, 0.00, 0.00, 0.00, 0.00, 0.00
669,  0,  22.267,  0.98,  1, 0.17, 0.00, 1.08, 0.00, 0.00, 1.22, 0.00, 0.00, 0.00, 0.00, 0.00, 1.08, 0.00, 0.00, 0.00, 0.47, 0.12, 0.00, 0.00, 1.00, 1.00, 0.00, 0.00, 0.00, 0.00, 0.00, 0.00, 1.00, 1.00, 0.00, 0.00, 0.00, 0.00, 0.00, 0.00
670,  0,  22.300,  0.88,  1, 0.42, 0.00, 1.02, 0.00, 0.00, 0.96, 0.00, 0.00, 0.00, 0.00, 0.00, 0.89, 0.00, 0.00, 0.09, 0.67, 0.00, 0.00, 0.00, 1.00, 1.00, 0.00, 0.00, 0.00, 0.00, 0.00, 0.00, 1.00, 0.00, 0.00, 0.00, 0.00, 0.00, 0.00, 0.00
671,  0,  22.333,  0.88,  1, 0.63, 0.09, 1.18, 0.17, 0.00, 0.91, 0.00, 0.00, 0.00, 0.00, 0.00, 0.86, 0.00, 0.00, 0.25, 0.59, 0.00, 0.00, 0.00, 1.00, 1.00, 0.00, 0.00, 0.00, 0.00, 0.00, 0.00, 1.00, 0.00, 0.00, 0.00, 0.00, 0.00, 0.00, 0.00
672,  0,  22.367,  0.88,  1, 0.66, 0.55, 1.12, 0.74, 0.00, 0.47, 0.00, 0.00, 0.00, 0.00, 0.00, 0.62, 0.00, 0.03, 0.47, 0.50, 0.00, 0.00, 0.00, 1.00, 1.00, 0.00, 0.00, 0.00, 0.00, 0.00, 0.00, 1.00, 0.00, 0.00, 0.00, 0.00, 0.00, 0.00, 0.00
673,  0,  22.400,  0.88,  1, 0.62, 0.93, 1.10, 1.04, 0.00, 0.31, 0.00, 0.06, 0.00, 0.00, 0.00, 0.48, 0.00, 0.12, 0.54, 0.41, 0.00, 0.00, 0.00, 1.00, 1.00, 0.00, 0.00, 0.00, 0.00, 0.00, 0.00, 1.00, 0.00, 0.00, 0.00, 0.00, 0.00, 0.00, 0.00
674,  0,  22.433,  0.88,  1, 0.83, 1.28, 1.17, 1.13, 0.00, 0.00, 0.00, 0.17, 0.00, 0.00, 0.00, 0.24, 0.00, 0.12, 0.51, 0.54, 0.00, 0.00, 0.00, 1.00, 1.00, 0.00, 0.00, 0.00, 0.00, 0.00, 0.00, 1.00, 0.00, 0.00, 0.00, 0.00, 0.00, 0.00, 0.00
675,  0,  22.467,  0.88,  1, 0.94, 1.00, 1.26, 0.64, 0.00, 0.00, 0.00, 0.27, 0.00, 0.18, 0.02, 0.20, 0.00, 0.09, 0.38, 0.83, 0.00, 0.00, 0.00, 1.00, 1.00, 0.00, 0.00, 0.00, 0.00, 0.00, 0.00, 1.00, 0.00, 0.00, 0.00, 0.00, 0.00, 0.00, 0.00
676,  0,  22.500,  0.88,  1, 0.79, 0.97, 1.21, 0.49, 0.00, 0.04, 0.00, 0.27, 0.00, 0.21, 0.02, 0.11, 0.00, 0.11, 0.44, 1.11, 0.00, 0.00, 0.00, 1.00, 1.00, 0.00, 0.00, 0.00, 0.00, 0.00, 0.00, 1.00, 0.00, 0.00, 0.00, 0.00, 0.00, 0.00, 0.00
677,  0,  22.533,  0.88,  1, 0.62, 0.75, 1.09, 0.38, 0.00, 0.18, 0.00, 0.33, 0.00, 0.37, 0.02, 0.24, 0.00, 0.22, 0.48, 1.30, 0.00, 0.00, 0.00, 1.00, 1.00, 0.00, 0.00, 0.00, 0.00, 0.00, 0.00, 1.00, 0.00, 0.00, 0.00, 0.00, 0.00, 0.00, 0.00
678,  0,  22.567,  0.88,  1, 0.47, 0.79, 0.97, 0.30, 0.00, 0.18, 0.06, 0.37, 0.00, 0.30, 0.00, 0.23, 0.00, 0.32, 0.81, 1.28, 0.00, 0.00, 0.00, 1.00, 1.00, 0.00, 0.00, 0.00, 0.00, 0.00, 0.00, 1.00, 0.00, 0.00, 0.00, 0.00, 0.00, 0.00, 0.00
679,  0,  22.600,  0.88,  1, 0.33, 0.73, 0.92, 0.15, 0.00, 0.37, 0.06, 0.43, 0.00, 0.30, 0.00, 0.28, 0.00, 0.38, 0.87, 1.16, 0.00, 0.00, 0.00, 1.00, 1.00, 0.00, 0.00, 0.00, 0.00, 0.00, 0.00, 1.00, 0.00, 0.00, 0.00, 0.00, 0.00, 0.00, 0.00
680,  0,  22.633,  0.88,  1, 0.10, 0.77, 0.69, 0.00, 0.00, 0.31, 0.09, 0.38, 0.00, 0.27, 0.00, 0.27, 0.00, 0.45, 0.92, 0.99, 0.00, 0.00, 0.00, 1.00, 1.00, 0.00, 0.00, 0.00, 0.00, 0.00, 0.00, 1.00, 0.00, 0.00, 0.00, 0.00, 0.00, 0.00, 0.00
681,  0,  22.667,  0.88,  1, 0.15, 0.56, 0.68, 0.22, 0.00, 0.31, 0.03, 0.41, 0.00, 0.21, 0.00, 0.35, 0.00, 0.41, 0.85, 1.12, 0.00, 0.00, 0.00, 1.00, 1.00, 0.00, 0.00, 0.00, 0.00, 0.00, 0.00, 1.00, 0.00, 0.00, 0.00, 0.00, 0.00, 0.00, 0.00
682,  0,  22.700,  0.88,  1, 0.34, 0.56, 0.69, 0.48, 0.00, 0.26, 0.03, 0.34, 0.00, 0.26, 0.00, 0.24, 0.00, 0.27, 0.89, 1.23, 0.00, 0.00, 0.00, 1.00, 1.00, 0.00, 0.00, 0.00, 0.00, 0.00, 0.00, 1.00, 0.00, 0.00, 0.00, 0.00, 0.00, 0.00, 0.00
683,  0,  22.733,  0.88,  1, 0.66, 0.55, 0.84, 0.72, 0.00, 0.19, 0.00, 0.26, 0.00, 0.12, 0.00, 0.12, 0.00, 0.10, 0.99, 1.28, 0.00, 0.00, 0.00, 1.00, 1.00, 0.00, 0.00, 0.00, 0.00, 0.00, 0.00, 1.00, 0.00, 0.00, 0.00, 0.00, 0.00, 0.00, 0.00
684,  0,  22.767,  0.98,  1, 0.52, 0.73, 1.02, 0.50, 0.00, 0.19, 0.00, 0.09, 0.00, 0.07, 0.00, 0.00, 0.00, 0.11, 0.91, 0.98, 0.00, 0.00, 0.00, 1.00, 1.00, 0.00, 0.00, 0.00, 0.00, 0.00, 0.00, 1.00, 0.00, 0.00, 0.00, 0.00, 0.00, 0.00, 0.00
685,  0,  22.800,  0.88,  1, 0.37, 0.76, 1.19, 0.24, 0.00, 0.09, 0.00, 0.02, 0.00, 0.00, 0.00, 0.00, 0.00, 0.26, 0.62, 0.65, 0.00, 0.00, 1.00, 1.00, 1.00, 0.00, 0.00, 0.00, 0.00, 0.00, 0.00, 1.00, 0.00, 0.00, 0.00, 0.00, 0.00, 0.00, 0.00
686,  0,  22.833,  0.88,  1, 0.11, 0.72, 1.33, 0.08, 0.00, 0.52, 0.00, 0.00, 0.00, 0.00, 0.00, 0.00, 0.00, 0.44, 0.47, 0.44, 0.00, 0.00, 1.00, 1.00, 1.00, 0.00, 0.00, 0.00, 0.00, 0.00, 0.00, 1.00, 0.00, 0.00, 0.00, 0.00, 0.00, 0.00, 0.00
687,  0,  22.867,  0.93,  1, 0.13, 0.72, 1.45, 0.08, 0.00, 1.06, 0.00, 0.00, 0.00, 0.04, 0.00, 0.12, 0.00, 0.56, 0.29, 0.40, 0.00, 0.00, 1.00, 1.00, 1.00, 0.00, 0.00, 0.00, 0.00, 0.00, 0.00, 1.00, 0.00, 0.00, 0.00, 0.00, 0.00, 0.00, 0.00
688,  0,  22.900,  0.88,  1, 0.24, 0.67, 1.55, 0.10, 0.00, 1.49, 0.00, 0.00, 0.00, 0.13, 0.00, 0.27, 0.00, 0.44, 0.39, 0.44, 0.00, 0.00, 1.00, 1.00, 1.00, 0.00, 0.00, 0.00, 0.00, 0.00, 0.00, 1.00, 0.00, 0.00, 0.00, 0.00, 0.00, 0.00, 0.00
689,  0,  22.933,  0.88,  1, 0.37, 0.90, 1.54, 0.15, 0.00, 1.46, 0.00, 0.00, 0.00, 0.13, 0.00, 0.52, 0.00, 0.27, 0.34, 0.48, 0.00, 1.00, 1.00, 1.00, 1.00, 0.00, 0.00, 0.00, 0.00, 0.00, 0.00, 1.00, 0.00, 0.00, 0.00, 0.00, 0.00, 0.00, 0.00
690,  0,  22.967,  0.88,  1, 0.40, 0.79, 1.44, 0.15, 0.00, 1.53, 0.00, 0.00, 0.00, 0.23, 0.00, 0.62, 0.00, 0.13, 0.40, 0.60, 0.00, 1.00, 1.00, 1.00, 1.00, 0.00, 0.00, 0.00, 0.00, 0.00, 0.00, 1.00, 0.00, 0.00, 0.00, 0.00, 0.00, 0.00, 0.00
691,  0,  23.000,  0.88,  1, 0.30, 0.65, 1.33, 0.14, 0.00, 1.51, 0.00, 0.00, 0.00, 0.25, 0.05, 0.61, 0.00, 0.10, 0.51, 0.42, 0.00, 0.00, 1.00, 1.00, 1.00, 0.00, 0.00, 0.00, 0.00, 0.00, 0.00, 1.00, 0.00, 0.00, 0.00, 0.00, 0.00, 0.00, 0.00
692,  0,  23.033,  0.88,  1, 0.10, 0.21, 1.31, 0.00, 0.00, 1.56, 0.00, 0.00, 0.00, 0.34, 0.13, 0.50, 0.00, 0.17, 0.77, 0.38, 0.00, 1.00, 1.00, 1.00, 1.00, 0.00, 0.00, 0.00, 0.00, 0.00, 0.00, 1.00, 0.00, 0.00, 0.00, 0.00, 0.00, 0.00, 0.00
693,  0,  23.067,  0.88,  1, 0.12, 0.16, 1.59, 0.00, 0.00, 1.82, 0.00, 0.00, 0.00, 0.20, 0.18, 0.68, 0.09, 0.11, 0.88, 0.13, 0.00, 0.00, 1.00, 1.00, 1.00, 0.00, 0.00, 0.00, 0.00, 0.00, 0.00, 1.00, 0.00, 0.00, 0.00, 0.00, 0.00, 0.00, 0.00
694,  0,  23.100,  0.98,  1, 0.49, 0.08, 1.88, 0.00, 0.00, 2.08, 0.00, 0.12, 0.00, 0.08, 0.38, 0.97, 0.26, 0.07, 0.82, 0.26, 0.00, 1.00, 1.00, 1.00, 1.00, 0.00, 0.00, 0.00, 0.00, 0.00, 0.00, 1.00, 1.00, 0.00, 0.00, 0.00, 0.00, 0.00, 0.00
695,  0,  23.133,  0.98,  1, 0.84, 0.13, 2.21, 0.00, 0.00, 2.48, 0.00, 0.25, 0.00, 0.00, 0.46, 1.59, 0.44, 0.00, 0.44, 0.14, 0.00, 0.00, 1.00, 1.00, 1.00, 0.00, 0.00, 0.00, 0.00, 0.00, 0.00, 1.00, 1.00, 0.00, 0.00, 0.00, 0.00, 0.00, 0.00
696,  0,  23.167,  0.98,  1, 1.08, 0.27, 2.03, 0.00, 0.00, 2.30, 0.00, 0.38, 0.00, 0.17, 0.62, 2.05, 0.51, 0.00, 0.18, 0.18, 0.00, 0.00, 1.00, 1.00, 1.00, 0.00, 0.00, 0.00, 0.00, 0.00, 0.00, 1.00, 1.00, 0.00, 0.00, 0.00, 0.00, 0.00, 0.00
697,  0,  23.200,  0.98,  1, 0.94, 0.32, 2.02, 0.00, 0.00, 2.27, 0.00, 0.40, 0.00, 0.18, 0.42, 2.23, 0.34, 0.00, 0.03, 0.04, 0.00, 0.00, 1.00, 1.00, 1.00, 0.00, 0.00, 0.00, 0.00, 0.00, 0.00, 1.00, 1.00, 0.00, 0.00, 0.00, 0.00, 0.00, 0.00
698,  0,  23.233,  0.98,  1, 0.76, 0.41, 1.92, 0.00, 0.00, 2.09, 0.00, 0.27, 0.00, 0.18, 0.41, 2.04, 0.27, 0.00, 0.18, 0.04, 0.00, 0.00, 1.00, 1.00, 1.00, 0.00, 0.00, 0.00, 0.00, 0.00, 0.00, 1.00, 1.00, 0.00, 0.00, 0.00, 0.00, 0.00, 0.00
699,  0,  23.267,  0.98,  1, 0.65, 0.30, 2.04, 0.00, 0.00, 2.17, 0.00, 0.14, 0.00, 0.05, 0.53, 1.91, 0.11, 0.00, 0.31, 0.00, 0.00, 0.00, 1.00, 1.00, 1.00, 0.00, 0.00, 0.00, 0.00, 0.00, 0.00, 1.00, 1.00, 1.00, 0.00, 0.00, 0.00, 0.00, 0.00
700,  0,  23.300,  0.98,  1, 0.45, 0.20, 1.89, 0.00, 0.00, 2.09, 0.00, 0.04, 0.00, 0.28, 0.67, 1.89, 0.23, 0.00, 0.34, 0.00, 0.00, 0.00, 1.00, 1.00, 1.00, 0.00, 0.00, 0.00, 0.00, 0.00, 0.00, 1.00, 1.00, 1.00, 0.00, 0.00, 0.00, 0.00, 0.00
701,  0,  23.333,  0.98,  1, 0.37, 0.06, 1.85, 0.00, 0.00, 2.43, 0.00, 0.04, 0.00, 0.28, 0.81, 2.06, 0.21, 0.00, 0.20, 0.00, 0.00, 0.00, 1.00, 1.00, 1.00, 0.00, 0.00, 0.00, 0.00, 0.00, 0.00, 1.00, 1.00, 0.00, 0.00, 0.00, 0.00, 0.00, 0.00
702,  0,  23.367,  0.98,  1, 0.35, 0.00, 1.76, 0.00, 0.00, 2.50, 0.00, 0.04, 0.00, 0.34, 0.79, 2.00, 0.21, 0.00, 0.13, 0.00, 0.00, 0.00, 1.00, 1.00, 1.00, 0.00, 0.00, 0.00, 0.00, 0.00, 0.00, 1.00, 1.00, 0.00, 0.00, 0.00, 0.00, 0.00, 0.00
703,  0,  23.400,  0.98,  1, 0.37, 0.00, 1.88, 0.00, 0.00, 2.56, 0.00, 0.00, 0.00, 0.17, 0.60, 1.92, 0.08, 0.00, 0.17, 0.00, 0.00, 0.00, 1.00, 1.00, 1.00, 0.00, 0.00, 0.00, 0.00, 0.00, 0.00, 1.00, 1.00, 0.00, 0.00, 0.00, 0.00, 0.00, 1.00
704,  0,  23.433,  0.98,  1, 0.32, 0.00, 1.95, 0.00, 0.00, 2.33, 0.00, 0.00, 0.00, 0.21, 0.61, 1.66, 0.00, 0.00, 0.18, 0.01, 0.00, 0.00, 0.00, 1.00, 1.00, 0.00, 0.00, 0.00, 0.00, 0.00, 0.00, 1.00, 1.00, 0.00, 0.00, 0.00, 0.00, 0.00, 1.00
705,  0,  23.467,  0.98,  1, 0.25, 0.00, 2.03, 0.00, 0.00, 2.17, 0.00, 0.00, 0.00, 0.32, 0.53, 1.53, 0.00, 0.00, 0.23, 0.01, 0.00, 0.00, 0.00, 1.00, 1.00, 0.00, 0.00, 0.00, 0.00, 0.00, 0.00, 1.00, 1.00, 0.00, 0.00, 0.00, 0.00, 0.00, 0.00
706,  0,  23.500,  0.98,  1, 0.16, 0.00, 1.89, 0.00, 0.00, 2.03, 0.00, 0.00, 0.00, 0.24, 0.52, 1.32, 0.00, 0.00, 0.24, 0.01, 0.00, 0.00, 0.00, 1.00, 0.00, 0.00, 0.00, 0.00, 0.00, 0.00, 0.00, 1.00, 1.00, 0.00, 0.00, 0.00, 0.00, 0.00, 0.00
707,  0,  23.533,  0.98,  1, 0.15, 0.00, 1.59, 0.00, 0.00, 1.66, 0.00, 0.00, 0.00, 0.19, 0.23, 1.14, 0.00, 0.00, 0.30, 0.00, 0.00, 0.00, 0.00, 1.00, 0.00, 0.00, 0.00, 0.00, 0.00, 0.00, 0.00, 1.00, 1.00, 0.00, 0.00, 0.00, 0.00, 0.00, 0.00
708,  0,  23.567,  0.88,  1, 0.04, 0.00, 1.08, 0.00, 0.00, 1.31, 0.00, 0.00, 0.00, 0.00, 0.01, 0.85, 0.08, 0.00, 0.52, 0.13, 0.00, 0.00, 0.00, 1.00, 0.00, 0.00, 0.00, 0.00, 0.00, 0.00, 0.00, 1.00, 1.00, 0.00, 0.00, 0.00, 0.00, 0.00, 0.00
709,  0,  23.600,  0.88,  1, 0.04, 0.00, 0.68, 0.00, 0.00, 0.89, 0.00, 0.00, 0.00, 0.00, 0.01, 0.74, 0.08, 0.00, 0.82, 0.13, 0.02, 0.00, 0.00, 1.00, 0.00, 0.00, 0.00, 0.00, 0.00, 0.00, 0.00, 1.00, 0.00, 0.00, 0.00, 0.00, 0.00, 0.00, 0.00
710,  0,  23.633,  0.88,  1, 0.00, 0.00, 0.58, 0.00, 0.00, 0.91, 0.00, 0.00, 0.00, 0.00, 0.00, 0.46, 0.08, 0.00, 1.05, 0.13, 0.11, 0.00, 0.00, 1.00, 0.00, 0.00, 0.00, 0.00, 0.00, 0.00, 0.00, 1.00, 0.00, 0.00, 0.00, 0.00, 0.00, 0.00, 0.00
711,  0,  23.667,  0.82,  1, 0.00, 0.00, 0.67, 0.00, 0.00, 0.57, 0.00, 0.00, 0.00, 0.00, 0.00, 0.40, 0.08, 0.00, 0.92, 0.43, 0.14, 0.00, 0.00, 0.00, 0.00, 0.00, 0.00, 0.00, 0.00, 0.00, 0.00, 1.00, 0.00, 0.00, 0.00, 0.00, 0.00, 0.00, 0.00
712,  0,  23.700,  0.88,  1, 0.00, 0.00, 0.64, 0.00, 0.00, 0.72, 0.00, 0.00, 0.00, 0.00, 0.00, 0.20, 0.22, 0.00, 0.76, 0.94, 0.20, 0.00, 0.00, 0.00, 0.00, 0.00, 0.00, 0.00, 0.00, 0.00, 0.00, 0.00, 0.00, 0.00, 0.00, 0.00, 0.00, 0.00, 0.00
713,  0,  23.733,  0.88,  1, 0.00, 0.00, 0.50, 0.00, 0.00, 0.53, 0.00, 0.00, 0.00, 0.00, 0.00, 0.22, 0.22, 0.00, 0.66, 1.34, 0.12, 0.00, 0.00, 0.00, 0.00, 0.00, 0.00, 0.00, 0.00, 0.00, 0.00, 0.00, 0.00, 0.00, 0.00, 0.00, 0.00, 0.00, 1.00
714,  0,  23.767,  0.88,  1, 0.00, 0.00, 0.41, 0.00, 0.00, 0.88, 0.00, 0.00, 0.00, 0.00, 0.00, 0.06, 0.15, 0.00, 0.54, 1.43, 0.16, 0.00, 0.00, 0.00, 0.00, 0.00, 0.00, 0.00, 0.00, 0.00, 0.00, 0.00, 0.00, 0.00, 0.00, 0.00, 0.00, 0.00, 1.00
715,  0,  23.800,  0.88,  1, 0.00, 0.00, 0.41, 0.00, 0.00, 0.71, 0.00, 0.00, 0.00, 0.00, 0.00, 0.04, 0.00, 0.00, 0.38, 1.38, 0.15, 0.00, 0.00, 0.00, 1.00, 0.00, 0.00, 0.00, 0.00, 0.00, 0.00, 0.00, 0.00, 0.00, 0.00, 0.00, 0.00, 0.00, 1.00
716,  0,  23.833,  0.88,  1, 0.00, 0.00, 0.26, 0.00, 0.00, 0.56, 0.00, 0.00, 0.00, 0.00, 0.00, 0.00, 0.00, 0.00, 0.19, 1.16, 0.15, 0.00, 0.00, 0.00, 1.00, 0.00, 0.00, 0.00, 0.00, 0.00, 0.00, 0.00, 0.00, 0.00, 0.00, 0.00, 0.00, 0.00, 1.00
717,  0,  23.867,  0.98,  1, 0.00, 0.00, 0.55, 0.00, 0.00, 0.55, 0.10, 0.00, 0.00, 0.00, 0.00, 0.00, 0.15, 0.00, 0.10, 0.74, 0.33, 0.00, 0.00, 1.00, 1.00, 0.00, 0.00, 0.00, 0.00, 0.00, 0.00, 0.00, 0.00, 0.00, 0.00, 0.00, 0.00, 0.00, 1.00
718,  0,  23.900,  0.98,  1, 0.00, 0.00, 0.67, 0.00, 0.00, 0.73, 0.22, 0.00, 0.00, 0.00, 0.00, 0.00, 0.15, 0.00, 0.01, 0.64, 0.95, 0.00, 0.00, 1.00, 1.00, 0.00, 0.00, 0.00, 0.00, 0.00, 0.00, 0.00, 0.00, 0.00, 0.00, 0.00, 0.00, 0.00, 1.00
719,  0,  23.933,  0.88,  1, 0.00, 0.00, 0.95, 0.00, 0.00, 0.88, 0.36, 0.00, 0.00, 0.00, 0.00, 0.00, 0.22, 0.00, 0.02, 0.88, 1.49, 0.00, 0.00, 1.00, 1.00, 0.00, 0.00, 0.00, 0.00, 0.00, 0.00, 0.00, 0.00, 1.00, 0.00, 0.00, 0.00, 0.00, 1.00
720,  0,  23.967,  0.88,  1, 0.00, 0.00, 0.97, 0.00, 0.00, 0.77, 0.34, 0.00, 0.00, 0.00, 0.00, 0.00, 0.28, 0.00, 0.02, 1.27, 1.75, 0.00, 0.00, 1.00, 1.00, 0.00, 0.00, 0.00, 0.00, 0.00, 0.00, 0.00, 0.00, 1.00, 0.00, 0.00, 0.00, 0.00, 1.00
721,  0,  24.000,  0.88,  1, 0.00, 0.00, 1.29, 0.00, 0.00, 0.73, 0.35, 0.00, 0.00, 0.00, 0.00, 0.00, 0.37, 0.00, 0.02, 1.38, 1.56, 0.00, 0.00, 1.00, 1.00, 0.00, 0.00, 0.00, 0.00, 0.00, 0.00, 0.00, 0.00, 1.00, 0.00, 0.00, 0.00, 0.00, 1.00
722,  0,  24.033,  0.88,  1, 0.00, 0.00, 1.46, 0.00, 0.00, 0.58, 0.24, 0.00, 0.00, 0.00, 0.25, 0.00, 0.35, 0.00, 0.00, 1.42, 1.54, 0.00, 0.00, 1.00, 1.00, 0.00, 0.00, 0.00, 0.00, 0.00, 0.00, 0.00, 0.00, 1.00, 0.00, 0.00, 0.00, 0.00, 1.00
723,  0,  24.067,  0.88,  1, 0.00, 0.00, 1.51, 0.00, 0.00, 0.35, 0.19, 0.00, 0.00, 0.00, 0.29, 0.00, 0.29, 0.00, 0.00, 1.45, 1.60, 0.00, 0.00, 1.00, 1.00, 0.00, 0.00, 0.00, 0.00, 0.00, 0.00, 0.00, 0.00, 1.00, 0.00, 0.00, 0.00, 0.00, 1.00
724,  0,  24.100,  0.98,  1, 0.00, 0.00, 1.56, 0.00, 0.00, 0.21, 0.07, 0.00, 0.00, 0.00, 0.41, 0.09, 0.54, 0.00, 0.00, 1.62, 1.62, 0.00, 0.00, 1.00, 1.00, 0.00, 0.00, 0.00, 0.00, 0.00, 0.00, 0.00, 0.00, 1.00, 0.00, 0.00, 0.00, 0.00, 1.00
725,  0,  24.133,  0.98,  1, 0.05, 0.00, 1.78, 0.00, 0.00, 0.45, 0.04, 0.00, 0.00, 0.00, 0.37, 0.11, 0.76, 0.00, 0.00, 1.78, 1.57, 0.00, 0.00, 1.00, 1.00, 0.00, 0.00, 0.00, 0.00, 0.00, 0.00, 0.00, 0.00, 1.00, 0.00, 0.00, 0.00, 0.00, 1.00
726,  0,  24.167,  0.98,  1, 0.12, 0.00, 1.88, 0.00, 0.00, 0.88, 0.00, 0.00, 0.00, 0.00, 0.39, 0.19, 0.85, 0.00, 0.03, 1.78, 1.36, 0.00, 0.00, 1.00, 1.00, 0.00, 0.00, 0.00, 0.00, 0.00, 0.00, 0.00, 0.00, 1.00, 0.00, 0.00, 0.00, 0.00, 1.00
727,  0,  24.200,  0.98,  1, 0.31, 0.03, 1.83, 0.00, 0.00, 1.06, 0.00, 0.00, 0.00, 0.00, 0.40, 0.14, 0.50, 0.00, 0.07, 1.59, 1.48, 0.00, 0.00, 1.00, 1.00, 0.00, 0.00, 0.00, 0.00, 0.00, 0.00, 0.00, 0.00, 0.00, 0.00, 0.00, 0.00, 0.00, 1.00
728,  0,  24.233,  0.98,  1, 0.41, 0.16, 1.81, 0.00, 0.00, 1.11, 0.00, 0.00, 0.00, 0.00, 0.21, 0.15, 0.24, 0.00, 0.07, 1.44, 1.68, 0.00, 0.00, 1.00, 1.00, 0.00, 0.00, 0.00, 0.00, 0.00, 0.00, 0.00, 0.00, 0.00, 0.00, 0.00, 0.00, 0.00, 1.00
729,  0,  24.267,  0.98,  1, 0.85, 0.50, 1.81, 0.00, 0.00, 0.77, 0.00, 0.00, 0.00, 0.00, 0.39, 0.14, 0.00, 0.00, 0.11, 1.07, 1.79, 0.00, 0.00, 1.00, 1.00, 0.00, 0.00, 0.00, 0.00, 0.00, 0.00, 0.00, 0.00, 0.00, 0.00, 0.00, 0.00, 0.00, 1.00
730,  0,  24.300,  0.98,  1, 1.88, 1.84, 1.63, 0.60, 0.00, 0.45, 0.00, 0.00, 0.00, 0.00, 0.26, 0.32, 0.00, 0.00, 0.13, 0.61, 1.15, 1.00, 1.00, 1.00, 1.00, 0.00, 0.00, 0.00, 0.00, 0.00, 0.00, 0.00, 0.00, 0.00, 0.00, 0.00, 0.00, 0.00, 0.00
731,  0,  24.333,  0.98,  1, 3.15, 3.16, 1.28, 1.48, 0.00, 0.09, 0.00, 0.00, 0.00, 0.00, 0.24, 0.53, 0.00, 0.00, 0.13, 0.23, 0.47, 1.00, 1.00, 1.00, 1.00, 0.00, 0.00, 0.00, 0.00, 0.00, 0.00, 0.00, 0.00, 0.00, 1.00, 0.00, 0.00, 0.00, 0.00
732,  0,  24.367,  0.98,  1, 3.71, 4.00, 0.98, 2.16, 0.00, 0.04, 0.00, 0.00, 0.00, 0.00, 0.00, 0.51, 0.00, 0.00, 0.06, 0.19, 0.00, 1.00, 1.00, 0.00, 1.00, 0.00, 0.00, 0.00, 0.00, 0.00, 0.00, 0.00, 0.00, 0.00, 1.00, 0.00, 0.00, 0.00, 0.00
733,  0,  24.400,  0.98,  1, 3.44, 3.66, 0.80, 2.55, 0.00, 0.04, 0.00, 0.00, 0.00, 0.00, 0.00, 0.44, 0.00, 0.00, 0.00, 0.27, 0.00, 1.00, 1.00, 0.00, 1.00, 0.00, 0.00, 0.00, 0.00, 0.00, 0.00, 0.00, 1.00, 0.00, 1.00, 0.00, 0.00, 0.00, 0.00
734,  0,  24.433,  0.98,  1, 3.43, 3.56, 0.79, 2.53, 0.00, 0.04, 0.00, 0.00, 0.00, 0.00, 0.00, 0.34, 0.00, 0.00, 0.00, 0.19, 0.00, 1.00, 1.00, 0.00, 1.00, 0.00, 0.00, 0.00, 0.00, 0.00, 0.00, 0.00, 1.00, 0.00, 1.00, 0.00, 0.00, 0.00, 0.00
735,  0,  24.467,  0.98,  1, 3.05, 3.31, 0.85, 2.70, 0.00, 0.00, 0.00, 0.06, 0.14, 0.00, 0.14, 0.82, 0.00, 0.00, 0.00, 0.08, 0.00, 1.00, 1.00, 0.00, 1.00, 0.00, 0.00, 0.00, 0.00, 0.00, 0.00, 0.00, 1.00, 0.00, 1.00, 0.00, 0.00, 0.00, 0.00
736,  0,  24.500,  0.03,  0, 2.10, 2.27, 0.64, 1.71, 0.00, 0.00, 0.00, 0.06, 0.14, 0.00, 0.14, 0.68, 0.00, 0.00, 0.00, 0.00, 0.00, 1.00, 1.00, 0.00, 1.00, 0.00, 0.00, 0.00, 0.00, 0.00, 0.00, 0.00, 1.00, 0.00, 1.00, 0.00, 0.00, 0.00, 0.00
737,  0,  24.533,  0.03,  0, 1.08, 0.91, 0.86, 1.12, 0.00, 0.30, 0.00, 0.06, 0.14, 0.00, 0.14, 0.85, 0.00, 0.00, 0.00, 0.03, 0.02, 1.00, 0.00, 1.00, 1.00, 0.00, 0.00, 0.00, 0.00, 0.00, 0.00, 0.00, 1.00, 0.00, 1.00, 0.00, 0.00, 0.00, 0.00
738,  0,  24.567,  0.88,  1, 0.77, 0.00, 1.16, 0.26, 0.00, 1.07, 0.00, 0.00, 0.00, 0.00, 0.00, 0.67, 0.00, 0.00, 0.00, 0.03, 0.40, 0.00, 0.00, 1.00, 1.00, 0.00, 1.00, 0.00, 0.00, 0.00, 0.00, 1.00, 1.00, 0.00, 1.00, 0.00, 0.00, 0.00, 0.00
739,  0,  24.600,  0.98,  1, 1.16, 0.09, 1.60, 0.37, 0.00, 1.54, 0.00, 0.00, 0.00, 0.00, 0.00, 1.13, 0.00, 0.00, 0.00, 0.03, 0.53, 0.00, 0.00, 1.00, 1.00, 0.00, 1.00, 0.00, 0.00, 0.00, 0.00, 1.00, 1.00, 0.00, 0.00, 0.00, 0.00, 0.00, 0.00
740,  0,  24.633,  0.98,  1, 1.21, 0.21, 1.67, 0.11, 0.00, 1.72, 0.00, 0.00, 0.00, 0.00, 0.00, 1.39, 0.09, 0.00, 0.00, 0.08, 0.85, 0.00, 0.00, 1.00, 1.00, 0.00, 1.00, 0.00, 0.00, 0.00, 0.00, 1.00, 1.00, 0.00, 0.00, 0.00, 0.00, 0.00, 0.00
741,  0,  24.667,  0.98,  1, 1.19, 0.26, 1.55, 0.11, 0.00, 1.24, 0.00, 0.00, 0.00, 0.00, 0.00, 1.42, 0.13, 0.00, 0.00, 0.18, 0.82, 0.00, 0.00, 1.00, 1.00, 0.00, 1.00, 0.00, 0.00, 0.00, 0.00, 1.00, 1.00, 0.00, 0.00, 0.00, 0.00, 0.00, 1.00
742,  0,  24.700,  0.98,  1, 1.00, 0.17, 1.86, 0.00, 0.00, 1.32, 0.00, 0.00, 0.00, 0.00, 0.00, 1.46, 0.13, 0.00, 0.02, 0.46, 0.97, 0.00, 0.00, 1.00, 1.00, 0.00, 1.00, 0.00, 0.00, 0.00, 0.00, 1.00, 1.00, 0.00, 0.00, 0.00, 0.00, 0.00, 1.00
743,  0,  24.733,  0.98,  1, 0.74, 0.06, 1.96, 0.00, 0.00, 1.48, 0.00, 0.00, 0.00, 0.00, 0.05, 1.19, 0.10, 0.00, 0.03, 0.50, 0.84, 0.00, 0.00, 1.00, 1.00, 0.00, 1.00, 0.00, 0.00, 0.00, 0.00, 1.00, 1.00, 0.00, 0.00, 0.00, 0.00, 0.00, 1.00
744,  0,  24.767,  0.98,  1, 0.77, 0.23, 2.06, 0.00, 0.00, 1.73, 0.00, 0.00, 0.00, 0.00, 0.05, 0.98, 0.06, 0.00, 0.15, 0.57, 0.74, 0.00, 0.00, 1.00, 1.00, 0.00, 1.00, 0.00, 0.00, 0.00, 0.00, 1.00, 1.00, 0.00, 0.00, 0.00, 0.00, 0.00, 1.00
745,  0,  24.800,  0.98,  1, 0.74, 0.23, 1.87, 0.00, 0.00, 1.93, 0.00, 0.00, 0.00, 0.00, 0.07, 0.78, 0.15, 0.00, 0.12, 0.35, 0.54, 0.00, 0.00, 1.00, 1.00, 0.00, 1.00, 0.00, 0.00, 0.00, 0.00, 1.00, 1.00, 0.00, 0.00, 0.00, 0.00, 0.00, 1.00
746,  0,  24.833,  0.98,  1, 0.60, 0.23, 1.62, 0.00, 0.00, 1.89, 0.00, 0.00, 0.00, 0.00, 0.02, 0.82, 0.12, 0.00, 0.11, 0.34, 0.55, 0.00, 0.00, 1.00, 1.00, 0.00, 1.00, 0.00, 0.00, 0.00, 0.00, 0.00, 1.00, 0.00, 0.00, 0.00, 0.00, 0.00, 1.00
747,  0,  24.867,  0.98,  1, 0.24, 0.00, 1.31, 0.00, 0.00, 1.43, 0.00, 0.00, 0.00, 0.00, 0.02, 0.92, 0.32, 0.09, 0.00, 0.38, 0.39, 0.00, 0.00, 1.00, 1.00, 0.00, 0.00, 0.00, 0.00, 0.00, 0.00, 0.00, 1.00, 1.00, 0.00, 0.00, 0.00, 0.00, 1.00
748,  0,  24.900,  0.98,  1, 0.13, 0.00, 1.13, 0.00, 0.00, 0.99, 0.00, 0.00, 0.00, 0.00, 0.00, 0.91, 0.23, 0.10, 0.00, 0.55, 0.37, 0.00, 0.00, 1.00, 1.00, 0.00, 0.00, 0.00, 0.00, 0.00, 0.00, 0.00, 1.00, 1.00, 0.00, 0.00, 0.00, 0.00, 0.00
749,  0,  24.933,  0.98,  1, 0.11, 0.00, 1.08, 0.00, 0.00, 0.49, 0.00, 0.00, 0.00, 0.00, 0.00, 0.80, 0.30, 0.29, 0.00, 0.66, 0.14, 0.00, 0.00, 1.00, 1.00, 0.00, 0.00, 0.00, 0.00, 0.00, 0.00, 0.00, 1.00, 1.00, 0.00, 0.00, 0.00, 0.00, 0.00
750,  0,  24.967,  0.98,  1, 0.07, 0.00, 1.14, 0.00, 0.00, 0.69, 0.00, 0.00, 0.00, 0.00, 0.00, 0.94, 0.25, 0.43, 0.00, 0.65, 0.09, 0.00, 0.00, 1.00, 1.00, 0.00, 0.00, 0.00, 0.00, 0.00, 0.00, 1.00, 1.00, 1.00, 0.00, 0.00, 0.00, 0.00, 0.00
751,  0,  25.000,  0.98,  1, 0.19, 0.00, 1.10, 0.00, 0.00, 0.93, 0.00, 0.00, 0.00, 0.00, 0.00, 1.24, 0.55, 0.52, 0.00, 0.75, 0.07, 0.00, 0.00, 1.00, 1.00, 0.00, 0.00, 0.00, 0.00, 0.00, 0.00, 1.00, 1.00, 1.00, 0.00, 0.00, 0.00, 0.00, 0.00
752,  0,  25.033,  0.98,  1, 0.46, 0.27, 1.29, 0.00, 0.00, 1.27, 0.00, 0.00, 0.00, 0.00, 0.02, 1.47, 0.45, 0.33, 0.09, 0.85, 0.07, 0.00, 0.00, 1.00, 1.00, 0.00, 0.00, 0.00, 0.00, 0.00, 0.00, 1.00, 1.00, 1.00, 0.00, 0.00, 0.00, 0.00, 0.00
753,  0,  25.067,  0.98,  1, 0.77, 0.47, 1.44, 0.00, 0.00, 1.52, 0.00, 0.00, 0.00, 0.00, 0.02, 1.47, 0.31, 0.10, 0.09, 0.79, 0.03, 0.00, 0.00, 1.00, 1.00, 0.00, 0.00, 0.00, 0.00, 0.00, 0.00, 1.00, 1.00, 1.00, 0.00, 0.00, 0.00, 0.00, 0.00
754,  0,  25.100,  0.98,  1, 0.72, 0.47, 1.52, 0.00, 0.00, 1.62, 0.00, 0.00, 0.00, 0.00, 0.02, 1.38, 0.09, 0.00, 0.09, 0.86, 0.19, 0.00, 0.00, 1.00, 1.00, 0.00, 0.00, 0.00, 0.00, 0.00, 0.00, 1.00, 1.00, 1.00, 0.00, 0.00, 0.00, 0.00, 0.00
755,  0,  25.133,  0.98,  1, 0.68, 0.20, 1.52, 0.00, 0.00, 1.76, 0.00, 0.00, 0.00, 0.00, 0.00, 1.42, 0.10, 0.00, 0.00, 0.87, 0.32, 0.00, 0.00, 1.00, 1.00, 0.00, 0.00, 0.00, 0.00, 0.00, 0.00, 1.00, 1.00, 1.00, 0.00, 0.00, 0.00, 0.00, 0.00
756,  0,  25.167,  0.98,  1, 0.50, 0.00, 1.30, 0.00, 0.00, 1.97, 0.00, 0.00, 0.00, 0.00, 0.05, 1.31, 0.21, 0.00, 0.00, 0.96, 0.70, 0.00, 0.00, 1.00, 1.00, 0.00, 0.00, 0.00, 0.00, 0.00, 0.00, 1.00, 1.00, 1.00, 0.00, 0.00, 0.00, 0.00, 0.00
757,  0,  25.200,  0.98,  1, 0.42, 0.00, 1.30, 0.00, 0.00, 1.78, 0.00, 0.00, 0.00, 0.00, 0.05, 1.09, 0.46, 0.03, 0.00, 1.03, 0.91, 0.00, 0.00, 1.00, 1.00, 0.00, 0.00, 0.00, 0.00, 0.00, 0.00, 0.00, 0.00, 1.00, 0.00, 0.00, 0.00, 0.00, 0.00
758,  0,  25.233,  0.98,  1, 0.44, 0.03, 1.17, 0.00, 0.00, 1.75, 0.00, 0.00, 0.00, 0.00, 0.05, 0.85, 0.57, 0.03, 0.00, 1.14, 0.90, 0.00, 0.00, 1.00, 1.00, 0.00, 0.00, 0.00, 0.00, 0.00, 0.00, 0.00, 0.00, 1.00, 0.00, 0.00, 0.00, 0.00, 0.00
759,  0,  25.267,  0.98,  1, 0.54, 0.03, 1.28, 0.00, 0.00, 1.57, 0.00, 0.00, 0.00, 0.00, 0.00, 0.72, 0.46, 0.03, 0.00, 1.02, 0.59, 0.00, 0.00, 1.00, 1.00, 0.00, 0.00, 0.00, 0.00, 0.00, 0.00, 0.00, 0.00, 1.00, 0.00, 0.00, 0.00, 0.00, 0.00
760,  0,  25.300,  0.98,  1, 0.48, 0.03, 1.28, 0.00, 0.00, 1.62, 0.00, 0.00, 0.00, 0.00, 0.00, 0.75, 0.36, 0.14, 0.10, 0.74, 0.51, 0.00, 0.00, 1.00, 1.00, 0.00, 0.00, 0.00, 0.00, 0.00, 0.00, 0.00, 0.00, 1.00, 0.00, 0.00, 0.00, 0.00, 1.00
761,  0,  25.333,  0.98,  1, 0.22, 0.00, 1.27, 0.00, 0.00, 1.44, 0.00, 0.00, 0.00, 0.00, 0.00, 0.90, 0.42, 0.34, 0.20, 0.50, 0.95, 0.00, 0.00, 1.00, 1.00, 0.00, 0.00, 0.00, 0.00, 0.00, 0.00, 0.00, 0.00, 1.00, 0.00, 0.00, 0.00, 0.00, 0.00
762,  0,  25.367,  0.98,  1, 0.00, 0.00, 1.35, 0.00, 0.00, 1.40, 0.00, 0.00, 0.00, 0.00, 0.00, 1.14, 0.77, 0.55, 0.35, 0.66, 1.17, 0.00, 0.00, 1.00, 1.00, 0.00, 1.00, 0.00, 0.00, 0.00, 0.00, 0.00, 1.00, 1.00, 0.00, 0.00, 0.00, 0.00, 0.00
763,  0,  25.400,  0.98,  1, 0.01, 0.05, 1.44, 0.00, 0.00, 1.50, 0.00, 0.00, 0.00, 0.00, 0.00, 1.25, 0.73, 0.61, 0.24, 1.01, 1.10, 0.00, 0.00, 1.00, 1.00, 0.00, 1.00, 0.00, 0.00, 0.00, 0.00, 0.00, 1.00, 1.00, 0.00, 0.00, 0.00, 0.00, 1.00
764,  0,  25.433,  0.98,  1, 0.12, 0.25, 1.49, 0.00, 0.00, 1.65, 0.00, 0.00, 0.00, 0.00, 0.00, 1.43, 0.69, 0.60, 0.15, 1.24, 0.80, 0.00, 0.00, 1.00, 1.00, 0.00, 1.00, 0.00, 0.00, 0.00, 0.00, 1.00, 1.00, 1.00, 0.00, 0.00, 0.00, 0.00, 1.00
765,  0,  25.467,  0.98,  1, 0.52, 0.63, 1.65, 0.00, 0.00, 1.66, 0.00, 0.00, 0.00, 0.00, 0.00, 1.50, 0.40, 0.39, 0.00, 1.20, 1.01, 0.00, 0.00, 1.00, 1.00, 0.00, 0.00, 0.00, 0.00, 0.00, 0.00, 1.00, 1.00, 1.00, 0.00, 0.00, 0.00, 0.00, 1.00
766,  0,  25.500,  0.98,  1, 0.81, 0.82, 1.95, 0.00, 0.00, 1.46, 0.00, 0.00, 0.00, 0.00, 0.00, 1.38, 0.31, 0.18, 0.00, 0.81, 1.26, 0.00, 0.00, 1.00, 1.00, 0.00, 0.00, 0.00, 0.00, 0.00, 0.00, 1.00, 1.00, 1.00, 0.00, 0.00, 0.00, 0.00, 1.00
767,  0,  25.533,  0.98,  1, 0.93, 0.91, 2.08, 0.00, 0.00, 1.36, 0.00, 0.00, 0.00, 0.00, 0.00, 1.31, 0.24, 0.00, 0.00, 0.60, 1.43, 0.00, 0.00, 1.00, 1.00, 0.00, 0.00, 0.00, 0.00, 0.00, 0.00, 1.00, 1.00, 1.00, 0.00, 0.00, 0.00, 0.00, 1.00
768,  0,  25.567,  0.98,  1, 0.53, 0.53, 1.82, 0.00, 0.00, 1.44, 0.00, 0.00, 0.00, 0.00, 0.00, 1.25, 0.18, 0.00, 0.00, 0.73, 1.37, 0.00, 0.00, 1.00, 1.00, 0.00, 0.00, 0.00, 0.00, 0.00, 0.00, 1.00, 1.00, 1.00, 0.00, 0.00, 0.00, 0.00, 1.00
769,  0,  25.600,  0.98,  1, 0.41, 0.50, 1.58, 0.00, 0.00, 1.80, 0.00, 0.00, 0.00, 0.00, 0.00, 1.54, 0.07, 0.03, 0.00, 0.68, 1.02, 0.00, 0.00, 1.00, 1.00, 0.00, 0.00, 0.00, 0.00, 0.00, 0.00, 1.00, 1.00, 1.00, 0.00, 0.00, 0.00, 0.00, 1.00
770,  0,  25.633,  0.98,  1, 0.18, 0.20, 1.37, 0.00, 0.00, 2.09, 0.00, 0.00, 0.00, 0.00, 0.00, 1.80, 0.00, 0.32, 0.00, 0.70, 1.01, 0.00, 0.00, 1.00, 1.00, 0.00, 0.00, 0.00, 0.00, 0.00, 0.00, 1.00, 1.00, 0.00, 0.00, 0.00, 0.00, 0.00, 1.00
771,  0,  25.667,  0.98,  1, 0.18, 0.20, 1.81, 0.00, 0.00, 2.40, 0.00, 0.00, 0.00, 0.00, 0.00, 1.92, 0.13, 0.42, 0.00, 0.33, 0.95, 0.00, 0.00, 1.00, 1.00, 0.00, 0.00, 0.00, 0.00, 0.00, 0.00, 1.00, 1.00, 0.00, 0.00, 0.00, 0.00, 0.00, 0.00
772,  0,  25.700,  0.77,  1, 0.14, 0.41, 1.26, 0.58, 0.02, 1.64, 0.00, 0.00, 0.19, 0.00, 0.30, 1.59, 0.24, 0.39, 0.68, 0.65, 0.79, 0.00, 0.00, 1.00, 1.00, 0.00, 0.00, 0.00, 0.00, 0.00, 0.00, 1.00, 1.00, 0.00, 0.00, 0.00, 0.00, 0.00, 0.00
773,  0,  25.733,  0.03,  0, 0.14, 0.41, 0.87, 0.58, 0.02, 0.93, 0.00, 0.00, 0.19, 0.00, 0.30, 0.81, 0.24, 0.10, 0.68, 0.42, 0.38, 0.00, 0.00, 1.00, 0.00, 0.00, 0.00, 0.00, 0.00, 0.00, 0.00, 1.00, 0.00, 0.00, 0.00, 0.00, 0.00, 0.00, 0.00
774,  0,  25.767,  0.03,  0, 0.14, 1.20, 0.27, 0.58, 0.21, 0.29, 0.83, 0.15, 0.55, 0.01, 0.30, 0.27, 0.11, 0.00, 1.39, 0.42, 0.00, 0.00, 0.00, 1.00, 0.00, 0.00, 0.00, 0.00, 0.00, 0.00, 0.00, 0.00, 0.00, 0.00, 0.00, 0.00, 0.00, 0.00, 0.00
775,  0,  25.800,  0.03,  0, 0.00, 0.79, 0.27, 0.00, 0.19, 0.29, 0.83, 0.15, 0.36, 0.01, 0.00, 0.00, 0.00, 0.00, 0.71, 0.00, 0.00, 0.00, 1.00, 1.00, 0.00, 0.00, 0.00, 0.00, 0.00, 0.00, 0.00, 0.00, 0.00, 0.00, 0.00, 0.00, 0.00, 0.00, 0.00
776,  0,  25.833,  0.03,  0, 0.32, 1.71, 0.95, 0.28, 0.19, 0.87, 0.83, 0.15, 0.36, 0.01, 0.00, 0.84, 0.05, 0.17, 0.71, 0.04, 0.10, 0.00, 1.00, 1.00, 1.00, 0.00, 0.00, 0.00, 0.00, 0.00, 0.00, 0.00, 0.00, 0.00, 1.00, 0.00, 0.00, 0.00, 0.00
777,  0,  25.867,  0.88,  1, 0.32, 1.27, 1.42, 0.28, 0.00, 0.97, 0.00, 0.00, 0.00, 0.00, 0.00, 1.82, 0.39, 0.52, 0.00, 0.17, 0.33, 0.00, 0.00, 1.00, 1.00, 0.00, 0.00, 0.00, 0.00, 0.00, 0.00, 0.00, 1.00, 0.00, 0.00, 0.00, 0.00, 0.00, 0.00
778,  0,  25.900,  0.88,  1, 0.32, 1.27, 2.26, 0.28, 0.00, 1.60, 0.00, 0.00, 0.00, 0.00, 0.00, 2.76, 0.71, 1.18, 0.00, 0.72, 0.45, 0.00, 1.00, 1.00, 1.00, 0.00, 0.00, 0.00, 0.00, 0.00, 0.00, 0.00, 1.00, 0.00, 1.00, 0.00, 0.00, 0.00, 0.00
779,  0,  25.933,  0.88,  1, 0.00, 0.36, 2.13, 0.00, 0.00, 1.39, 0.00, 0.00, 0.00, 0.00, 0.00, 2.88, 1.15, 1.56, 0.00, 1.00, 0.35, 0.00, 1.00, 1.00, 1.00, 0.00, 0.00, 0.00, 0.00, 0.00, 0.00, 0.00, 1.00, 0.00, 0.00, 0.00, 0.00, 0.00, 0.00
780,  0,  25.967,  0.82,  1, 0.70, 0.91, 1.79, 0.00, 0.00, 1.00, 0.00, 0.00, 0.00, 0.06, 0.01, 2.39, 0.81, 1.22, 0.00, 0.86, 0.22, 0.00, 1.00, 1.00, 1.00, 0.00, 0.00, 0.00, 0.00, 0.00, 0.00, 1.00, 1.00, 0.00, 0.00, 0.00, 0.00, 0.00, 0.00
781,  0,  26.000,  0.88,  1, 1.39, 1.98, 1.32, 0.16, 0.00, 0.53, 0.00, 0.00, 0.00, 0.06, 0.01, 1.82, 0.49, 0.55, 0.00, 0.35, 0.30, 0.00, 1.00, 1.00, 1.00, 0.00, 0.00, 0.00, 0.00, 0.00, 0.00, 1.00, 1.00, 0.00, 0.00, 0.00, 0.00, 0.00, 0.00
782,  0,  26.033,  0.98,  1, 1.48, 2.33, 0.99, 0.25, 0.00, 0.42, 0.00, 0.00, 0.00, 0.06, 0.01, 1.13, 0.00, 0.00, 0.12, 0.60, 0.30, 1.00, 1.00, 1.00, 1.00, 0.00, 0.00, 0.00, 0.00, 0.00, 0.00, 1.00, 0.00, 0.00, 0.00, 0.00, 0.00, 0.00, 0.00
783,  0,  26.067,  0.98,  1, 1.77, 2.55, 1.09, 0.68, 0.00, 0.42, 0.00, 0.00, 0.00, 0.00, 0.00, 0.99, 0.00, 0.00, 0.26, 0.73, 0.19, 1.00, 1.00, 1.00, 1.00, 0.00, 0.00, 0.00, 0.00, 0.00, 0.00, 1.00, 0.00, 0.00, 0.00, 0.00, 0.00, 0.00, 0.00
784,  0,  26.100,  0.88,  1, 2.29, 2.59, 1.70, 0.79, 0.00, 0.67, 0.00, 0.00, 0.00, 0.00, 0.00, 0.85, 0.00, 0.00, 0.28, 0.70, 0.00, 1.00, 1.00, 1.00, 1.00, 0.00, 0.00, 0.00, 0.00, 0.00, 0.00, 1.00, 0.00, 0.00, 1.00, 0.00, 0.00, 0.00, 0.00
785,  0,  26.133,  0.98,  1, 3.83, 3.83, 2.00, 1.11, 0.00, 0.40, 0.00, 0.00, 0.00, 0.00, 0.00, 0.86, 0.00, 0.00, 0.15, 0.14, 0.00, 1.00, 1.00, 1.00, 1.00, 0.00, 0.00, 0.00, 0.00, 0.00, 0.00, 1.00, 0.00, 0.00, 0.00, 0.00, 0.00, 0.00, 0.00
786,  0,  26.167,  0.98,  1, 4.50, 4.26, 2.14, 1.10, 0.00, 0.40, 0.00, 0.00, 0.00, 0.06, 0.00, 0.90, 0.00, 0.00, 0.02, 0.00, 0.00, 1.00, 1.00, 1.00, 1.00, 0.00, 0.00, 0.00, 0.00, 0.00, 0.00, 1.00, 0.00, 0.00, 1.00, 0.00, 0.00, 0.00, 0.00
787,  0,  26.200,  0.88,  1, 3.84, 3.88, 1.55, 1.09, 0.00, 0.22, 0.00, 0.00, 0.00, 0.06, 0.02, 1.15, 0.14, 0.14, 0.06, 0.23, 0.00, 1.00, 1.00, 1.00, 1.00, 0.00, 0.00, 0.00, 0.00, 0.00, 0.00, 1.00, 0.00, 0.00, 1.00, 0.00, 0.00, 0.00, 0.00
788,  0,  26.233,  0.88,  1, 3.14, 3.20, 1.54, 1.01, 0.00, 0.22, 0.00, 0.00, 0.00, 0.06, 0.05, 1.17, 0.14, 0.14, 0.06, 0.33, 0.00, 1.00, 1.00, 1.00, 1.00, 0.00, 0.00, 0.00, 0.00, 0.00, 0.00, 1.00, 0.00, 0.00, 1.00, 0.00, 0.00, 0.00, 0.00
789,  0,  26.267,  0.98,  1, 2.55, 2.59, 1.64, 0.92, 0.00, 0.46, 0.00, 0.00, 0.00, 0.00, 0.05, 1.01, 0.14, 0.14, 0.06, 0.54, 0.00, 1.00, 1.00, 1.00, 1.00, 0.00, 0.00, 0.00, 0.00, 0.00, 0.00, 1.00, 0.00, 0.00, 1.00, 0.00, 0.00, 0.00, 0.00
790,  0,  26.300,  0.98,  1, 3.01, 2.48, 1.91, 0.84, 0.00, 0.42, 0.00, 0.00, 0.00, 0.00, 0.03, 0.79, 0.00, 0.00, 0.14, 0.54, 0.00, 1.00, 1.00, 1.00, 1.00, 0.00, 0.00, 0.00, 0.00, 0.00, 0.00, 1.00, 0.00, 0.00, 1.00, 0.00, 0.00, 0.00, 0.00
791,  0,  26.333,  0.98,  1, 2.99, 2.30, 2.10, 0.85, 0.00, 0.63, 0.00, 0.00, 0.00, 0.00, 0.00, 0.73, 0.00, 0.00, 0.31, 0.59, 0.00, 1.00, 1.00, 1.00, 1.00, 0.00, 0.00, 0.00, 0.00, 0.00, 0.00, 1.00, 0.00, 0.00, 1.00, 0.00, 0.00, 0.00, 0.00
792,  0,  26.367,  0.98,  1, 2.47, 1.99, 1.85, 0.58, 0.00, 0.38, 0.00, 0.00, 0.00, 0.00, 0.00, 0.96, 0.00, 0.00, 0.34, 0.50, 0.00, 1.00, 1.00, 1.00, 1.00, 0.00, 0.00, 0.00, 0.00, 0.00, 0.00, 1.00, 0.00, 0.00, 1.00, 0.00, 0.00, 0.00, 0.00
793,  0,  26.400,  0.98,  1, 2.03, 2.09, 1.83, 0.53, 0.00, 0.20, 0.00, 0.00, 0.00, 0.00, 0.00, 1.09, 0.00, 0.00, 0.20, 0.45, 0.00, 1.00, 1.00, 1.00, 1.00, 0.00, 0.00, 0.00, 0.00, 0.00, 0.00, 1.00, 1.00, 0.00, 1.00, 0.00, 0.00, 0.00, 0.00
794,  0,  26.433,  0.98,  1, 1.46, 1.61, 1.69, 0.19, 0.00, 0.11, 0.00, 0.00, 0.00, 0.00, 0.00, 1.37, 0.00, 0.00, 0.04, 0.48, 0.00, 1.00, 1.00, 1.00, 1.00, 0.00, 0.00, 0.00, 0.00, 0.00, 0.00, 1.00, 1.00, 0.00, 0.00, 0.00, 0.00, 0.00, 0.00
795,  0,  26.467,  0.98,  1, 1.22, 1.22, 1.77, 0.26, 0.00, 0.29, 0.00, 0.00, 0.00, 0.00, 0.00, 1.33, 0.00, 0.00, 0.03, 0.70, 0.00, 0.00, 1.00, 1.00, 1.00, 0.00, 0.00, 0.00, 0.00, 0.00, 0.00, 1.00, 1.00, 0.00, 0.00, 0.00, 0.00, 0.00, 0.00
796,  0,  26.500,  0.98,  1, 0.96, 0.76, 1.68, 0.14, 0.00, 0.55, 0.00, 0.00, 0.00, 0.00, 0.00, 1.41, 0.00, 0.00, 0.03, 0.88, 0.00, 0.00, 1.00, 1.00, 1.00, 0.00, 0.00, 0.00, 0.00, 0.00, 0.00, 1.00, 1.00, 0.00, 0.00, 0.00, 0.00, 0.00, 0.00
797,  0,  26.533,  0.98,  1, 0.89, 0.69, 1.55, 0.14, 0.00, 0.59, 0.00, 0.00, 0.00, 0.00, 0.00, 1.42, 0.02, 0.00, 0.03, 1.19, 0.00, 0.00, 1.00, 1.00, 1.00, 0.00, 0.00, 0.00, 0.00, 0.00, 0.00, 1.00, 1.00, 0.00, 0.00, 0.00, 0.00, 0.00, 0.00
798,  0,  26.567,  0.98,  1, 0.73, 0.67, 1.44, 0.00, 0.00, 0.55, 0.00, 0.00, 0.00, 0.00, 0.00, 1.55, 0.02, 0.03, 0.00, 1.18, 0.00, 0.00, 1.00, 1.00, 1.00, 0.00, 0.00, 0.00, 0.00, 0.00, 0.00, 1.00, 1.00, 0.00, 0.00, 0.00, 0.00, 0.00, 0.00
799,  0,  26.600,  0.98,  1, 0.53, 0.47, 1.25, 0.00, 0.00, 0.49, 0.00, 0.00, 0.00, 0.00, 0.00, 1.71, 0.09, 0.17, 0.00, 1.40, 0.00, 0.00, 1.00, 1.00, 1.00, 0.00, 0.00, 0.00, 0.00, 0.00, 0.00, 1.00, 1.00, 0.00, 0.00, 0.00, 0.00, 0.00, 0.00
800,  0,  26.633,  0.98,  1, 0.27, 0.28, 1.15, 0.00, 0.00, 0.52, 0.00, 0.00, 0.00, 0.00, 0.00, 1.73, 0.07, 0.33, 0.00, 1.22, 0.00, 0.00, 1.00, 1.00, 1.00, 0.00, 0.00, 0.00, 0.00, 0.00, 0.00, 1.00, 1.00, 1.00, 0.00, 0.00, 0.00, 0.00, 0.00
801,  0,  26.667,  0.98,  1, 0.10, 0.06, 1.18, 0.10, 0.00, 0.86, 0.00, 0.00, 0.00, 0.00, 0.00, 1.71, 0.18, 0.49, 0.00, 1.44, 0.00, 0.00, 1.00, 1.00, 1.00, 0.00, 0.00, 0.00, 0.00, 0.00, 0.00, 1.00, 1.00, 1.00, 0.00, 0.00, 0.00, 0.00, 0.00
802,  0,  26.700,  0.98,  1, 0.00, 0.00, 1.28, 0.10, 0.00, 1.13, 0.00, 0.00, 0.00, 0.00, 0.00, 1.59, 0.11, 0.59, 0.00, 1.05, 0.00, 0.00, 0.00, 1.00, 1.00, 0.00, 0.00, 0.00, 0.00, 0.00, 0.00, 0.00, 1.00, 1.00, 0.00, 0.00, 0.00, 0.00, 0.00
803,  0,  26.733,  0.98,  1, 0.01, 0.00, 1.44, 0.10, 0.00, 1.40, 0.00, 0.00, 0.00, 0.00, 0.00, 1.50, 0.13, 0.52, 0.00, 0.95, 0.06, 0.00, 0.00, 1.00, 1.00, 0.00, 0.00, 0.00, 0.00, 0.00, 0.00, 0.00, 1.00, 1.00, 0.00, 0.00, 0.00, 0.00, 0.00
804,  0,  26.767,  0.98,  1, 0.01, 0.00, 1.30, 0.00, 0.00, 1.33, 0.00, 0.00, 0.00, 0.00, 0.00, 1.18, 0.12, 0.46, 0.04, 0.60, 0.12, 0.00, 0.00, 1.00, 1.00, 0.00, 0.00, 0.00, 0.00, 0.00, 0.00, 0.00, 1.00, 1.00, 0.00, 0.00, 0.00, 0.00, 0.00
805,  0,  26.800,  0.98,  1, 0.01, 0.00, 1.28, 0.00, 0.00, 1.47, 0.00, 0.00, 0.00, 0.00, 0.00, 0.96, 0.22, 0.42, 0.13, 0.77, 0.33, 0.00, 0.00, 1.00, 1.00, 0.00, 0.00, 0.00, 0.00, 0.00, 0.00, 0.00, 1.00, 1.00, 0.00, 0.00, 0.00, 0.00, 1.00
806,  0,  26.833,  0.98,  1, 0.00, 0.00, 1.29, 0.00, 0.00, 1.60, 0.00, 0.00, 0.00, 0.00, 0.00, 0.81, 0.41, 0.52, 0.16, 0.77, 0.41, 0.00, 0.00, 1.00, 1.00, 0.00, 0.00, 0.00, 0.00, 0.00, 0.00, 0.00, 0.00, 1.00, 0.00, 0.00, 0.00, 0.00, 1.00
807,  0,  26.867,  0.98,  1, 0.00, 0.00, 1.35, 0.00, 0.00, 1.69, 0.00, 0.00, 0.00, 0.00, 0.00, 1.03, 0.39, 0.62, 0.12, 0.81, 0.54, 0.00, 0.00, 1.00, 1.00, 0.00, 0.00, 0.00, 0.00, 0.00, 0.00, 0.00, 0.00, 1.00, 0.00, 0.00, 0.00, 0.00, 1.00
808,  0,  26.900,  0.98,  1, 0.00, 0.00, 1.39, 0.00, 0.00, 1.69, 0.00, 0.00, 0.00, 0.00, 0.00, 1.04, 0.34, 0.58, 0.03, 0.77, 0.56, 0.00, 0.00, 1.00, 1.00, 0.00, 1.00, 0.00, 0.00, 0.00, 0.00, 0.00, 0.00, 1.00, 0.00, 0.00, 0.00, 0.00, 1.00
809,  0,  26.933,  0.98,  1, 0.03, 0.00, 1.28, 0.00, 0.00, 1.58, 0.00, 0.00, 0.00, 0.00, 0.00, 1.09, 0.17, 0.39, 0.00, 0.92, 0.55, 0.00, 0.00, 1.00, 1.00, 0.00, 1.00, 0.00, 0.00, 0.00, 0.00, 0.00, 0.00, 1.00, 0.00, 0.00, 0.00, 0.00, 1.00
810,  0,  26.967,  0.98,  1, 0.18, 0.00, 1.34, 0.00, 0.00, 1.65, 0.00, 0.00, 0.00, 0.00, 0.00, 1.04, 0.13, 0.17, 0.03, 0.80, 0.63, 0.00, 0.00, 1.00, 1.00, 0.00, 1.00, 0.00, 0.00, 0.00, 0.00, 0.00, 0.00, 1.00, 0.00, 0.00, 0.00, 0.00, 1.00
811,  0,  27.000,  0.98,  1, 0.39, 0.00, 1.34, 0.00, 0.00, 1.26, 0.00, 0.00, 0.00, 0.00, 0.00, 0.97, 0.18, 0.00, 0.11, 0.58, 0.57, 0.00, 0.00, 1.00, 1.00, 0.00, 1.00, 0.00, 0.00, 0.00, 0.00, 0.00, 0.00, 1.00, 0.00, 0.00, 0.00, 0.00, 1.00
812,  0,  27.033,  0.98,  1, 0.51, 0.00, 1.36, 0.00, 0.00, 1.08, 0.00, 0.00, 0.00, 0.00, 0.00, 0.81, 0.16, 0.00, 0.11, 0.42, 0.59, 0.00, 0.00, 1.00, 1.00, 0.00, 0.00, 0.00, 0.00, 0.00, 0.00, 0.00, 0.00, 1.00, 0.00, 0.00, 0.00, 0.00, 1.00
813,  0,  27.067,  0.98,  1, 0.43, 0.00, 1.27, 0.00, 0.00, 0.77, 0.00, 0.00, 0.00, 0.00, 0.00, 0.75, 0.15, 0.00, 0.08, 0.63, 0.54, 0.00, 0.00, 1.00, 1.00, 0.00, 0.00, 0.00, 0.00, 0.00, 0.00, 0.00, 0.00, 1.00, 0.00, 0.00, 0.00, 0.00, 1.00
814,  0,  27.100,  0.98,  1, 0.22, 0.00, 1.13, 0.00, 0.00, 0.85, 0.00, 0.00, 0.00, 0.00, 0.05, 0.63, 0.22, 0.04, 0.00, 0.87, 0.62, 0.00, 0.00, 1.00, 1.00, 0.00, 0.00, 0.00, 0.00, 0.00, 0.00, 0.00, 0.00, 1.00, 0.00, 0.00, 0.00, 0.00, 1.00
815,  0,  27.133,  0.98,  1, 0.14, 0.00, 1.03, 0.00, 0.00, 0.84, 0.00, 0.00, 0.00, 0.00, 0.05, 0.62, 0.38, 0.09, 0.00, 0.78, 0.52, 0.00, 0.00, 1.00, 1.00, 0.00, 0.00, 0.00, 0.00, 0.00, 0.00, 0.00, 0.00, 1.00, 0.00, 0.00, 0.00, 0.00, 0.00
816,  0,  27.167,  0.98,  1, 0.15, 0.00, 0.99, 0.00, 0.00, 0.83, 0.00, 0.00, 0.00, 0.00, 0.05, 0.41, 0.59, 0.16, 0.00, 0.65, 0.47, 0.00, 0.00, 1.00, 1.00, 0.00, 0.00, 0.00, 0.00, 0.00, 0.00, 1.00, 0.00, 1.00, 0.00, 0.00, 0.00, 0.00, 0.00
817,  0,  27.200,  0.98,  1, 0.26, 0.00, 0.99, 0.00, 0.00, 0.75, 0.00, 0.00, 0.00, 0.00, 0.00, 0.37, 0.64, 0.16, 0.00, 0.66, 0.45, 0.00, 0.00, 1.00, 1.00, 0.00, 0.00, 0.00, 0.00, 0.00, 0.00, 1.00, 0.00, 1.00, 0.00, 0.00, 0.00, 0.00, 0.00
818,  0,  27.233,  0.98,  1, 0.31, 0.00, 1.06, 0.00, 0.00, 0.72, 0.00, 0.00, 0.00, 0.00, 0.00, 0.26, 0.76, 0.17, 0.00, 0.77, 0.56, 0.00, 0.00, 1.00, 1.00, 0.00, 0.00, 0.00, 0.00, 0.00, 0.00, 1.00, 0.00, 1.00, 0.00, 0.00, 0.00, 0.00, 0.00
819,  0,  27.267,  0.98,  1, 0.31, 0.00, 1.06, 0.00, 0.00, 0.60, 0.00, 0.00, 0.00, 0.00, 0.00, 0.22, 0.89, 0.15, 0.00, 1.00, 0.54, 0.00, 0.00, 1.00, 1.00, 0.00, 0.00, 0.00, 0.00, 0.00, 0.00, 1.00, 0.00, 1.00, 0.00, 0.00, 0.00, 0.00, 0.00
820,  0,  27.300,  0.98,  1, 0.24, 0.00, 1.07, 0.00, 0.00, 0.55, 0.00, 0.00, 0.00, 0.00, 0.00, 0.26, 1.06, 0.13, 0.00, 0.98, 0.44, 0.00, 0.00, 1.00, 1.00, 0.00, 0.00, 0.00, 0.00, 0.00, 0.00, 1.00, 0.00, 1.00, 0.00, 0.00, 0.00, 0.00, 0.00
821,  0,  27.333,  0.98,  1, 0.24, 0.00, 1.02, 0.00, 0.00, 0.56, 0.00, 0.00, 0.00, 0.00, 0.00, 0.35, 1.21, 0.10, 0.00, 1.05, 0.43, 0.00, 0.00, 1.00, 1.00, 0.00, 0.00, 0.00, 0.00, 0.00, 0.00, 0.00, 0.00, 1.00, 0.00, 0.00, 0.00, 0.00, 0.00
822,  0,  27.367,  0.98,  1, 0.46, 0.00, 1.02, 0.00, 0.00, 0.74, 0.00, 0.00, 0.00, 0.00, 0.02, 0.44, 1.20, 0.05, 0.00, 0.94, 0.35, 0.00, 0.00, 1.00, 1.00, 0.00, 0.00, 0.00, 0.00, 0.00, 0.00, 0.00, 0.00, 1.00, 0.00, 0.00, 0.00, 0.00, 0.00
823,  0,  27.400,  0.98,  1, 0.80, 0.00, 1.09, 0.00, 0.00, 0.97, 0.00, 0.00, 0.00, 0.00, 0.04, 0.45, 1.20, 0.04, 0.01, 0.80, 0.27, 0.00, 0.00, 1.00, 1.00, 0.00, 0.00, 0.00, 0.00, 0.00, 0.00, 0.00, 0.00, 1.00, 0.00, 0.00, 0.00, 0.00, 0.00
824,  0,  27.433,  0.98,  1, 0.82, 0.00, 1.19, 0.00, 0.00, 1.05, 0.00, 0.00, 0.00, 0.00, 0.04, 0.51, 1.05, 0.00, 0.10, 0.57, 0.24, 0.00, 0.00, 1.00, 1.00, 0.00, 0.00, 0.00, 0.00, 0.00, 0.00, 0.00, 0.00, 1.00, 0.00, 0.00, 0.00, 0.00, 0.00
825,  0,  27.467,  0.98,  1, 0.88, 0.00, 1.40, 0.00, 0.00, 0.97, 0.00, 0.00, 0.00, 0.00, 0.01, 0.67, 0.93, 0.00, 0.10, 0.42, 0.50, 0.00, 0.00, 1.00, 1.00, 0.00, 0.00, 0.00, 0.00, 0.00, 0.00, 0.00, 1.00, 1.00, 0.00, 0.00, 0.00, 0.00, 0.00
826,  0,  27.500,  0.98,  1, 1.00, 0.26, 1.75, 0.00, 0.00, 0.88, 0.00, 0.00, 0.00, 0.00, 0.00, 0.96, 0.57, 0.00, 0.09, 0.26, 0.71, 0.00, 0.00, 1.00, 1.00, 0.00, 0.00, 0.00, 0.00, 0.00, 0.00, 0.00, 1.00, 1.00, 0.00, 0.00, 0.00, 0.00, 1.00
827,  0,  27.533,  0.98,  1, 1.35, 0.49, 2.09, 0.00, 0.00, 0.87, 0.00, 0.00, 0.00, 0.00, 0.00, 1.11, 0.29, 0.00, 0.00, 0.32, 0.86, 0.00, 0.00, 1.00, 1.00, 0.00, 0.00, 0.00, 0.00, 0.00, 0.00, 1.00, 1.00, 1.00, 0.00, 0.00, 0.00, 0.00, 1.00
828,  0,  27.567,  0.98,  1, 1.27, 0.60, 2.24, 0.00, 0.00, 0.77, 0.00, 0.00, 0.00, 0.00, 0.00, 1.20, 0.18, 0.00, 0.00, 0.25, 0.76, 0.00, 0.00, 1.00, 1.00, 0.00, 0.00, 0.00, 0.00, 0.00, 0.00, 1.00, 1.00, 1.00, 0.00, 0.00, 0.00, 0.00, 1.00
829,  0,  27.600,  0.98,  1, 1.05, 0.48, 2.13, 0.00, 0.00, 0.65, 0.00, 0.00, 0.00, 0.00, 0.00, 1.14, 0.28, 0.00, 0.00, 0.39, 0.69, 0.00, 0.00, 1.00, 1.00, 0.00, 0.00, 0.00, 0.00, 0.00, 0.00, 1.00, 1.00, 1.00, 0.00, 0.00, 0.00, 0.00, 1.00
830,  0,  27.633,  0.98,  1, 0.76, 0.31, 1.97, 0.00, 0.00, 0.58, 0.00, 0.00, 0.00, 0.00, 0.00, 1.23, 0.45, 0.00, 0.00, 0.37, 0.71, 0.00, 0.00, 1.00, 1.00, 0.00, 0.00, 0.00, 0.00, 0.00, 0.00, 1.00, 1.00, 1.00, 0.00, 0.00, 0.00, 0.00, 1.00
831,  0,  27.667,  0.98,  1, 0.63, 0.24, 1.88, 0.00, 0.00, 0.85, 0.00, 0.00, 0.00, 0.00, 0.06, 1.35, 0.33, 0.00, 0.00, 0.46, 0.62, 0.00, 0.00, 1.00, 1.00, 0.00, 0.00, 0.00, 0.00, 0.00, 0.00, 1.00, 1.00, 1.00, 0.00, 0.00, 0.00, 0.00, 1.00
832,  0,  27.700,  0.98,  1, 0.48, 0.11, 1.79, 0.00, 0.00, 0.94, 0.00, 0.00, 0.00, 0.00, 0.12, 1.47, 0.17, 0.00, 0.00, 0.40, 0.79, 0.00, 0.00, 1.00, 1.00, 0.00, 0.00, 0.00, 0.00, 0.00, 0.00, 1.00, 1.00, 1.00, 0.00, 0.00, 0.00, 0.00, 1.00
833,  0,  27.733,  0.98,  1, 0.53, 0.26, 1.81, 0.00, 0.00, 1.13, 0.00, 0.00, 0.00, 0.00, 0.12, 1.40, 0.05, 0.00, 0.00, 0.45, 0.66, 0.00, 0.00, 1.00, 1.00, 0.00, 0.00, 0.00, 0.00, 0.00, 0.00, 1.00, 1.00, 1.00, 0.00, 0.00, 0.00, 0.00, 1.00
834,  0,  27.767,  0.98,  1, 0.74, 0.61, 1.93, 0.00, 0.00, 1.06, 0.00, 0.00, 0.00, 0.00, 0.06, 1.16, 0.07, 0.00, 0.00, 0.38, 0.80, 0.00, 0.00, 1.00, 1.00, 0.00, 0.00, 0.00, 0.00, 0.00, 0.00, 1.00, 1.00, 1.00, 0.00, 0.00, 0.00, 0.00, 1.00
835,  0,  27.800,  0.98,  1, 1.10, 0.90, 1.99, 0.00, 0.00, 1.25, 0.00, 0.00, 0.00, 0.00, 0.00, 1.13, 0.13, 0.00, 0.00, 0.34, 0.72, 0.00, 0.00, 1.00, 1.00, 0.00, 0.00, 0.00, 0.00, 0.00, 0.00, 1.00, 1.00, 1.00, 0.00, 0.00, 0.00, 0.00, 1.00
836,  0,  27.833,  0.98,  1, 1.23, 0.97, 2.07, 0.00, 0.00, 1.37, 0.00, 0.00, 0.00, 0.00, 0.00, 1.09, 0.20, 0.00, 0.00, 0.34, 0.87, 0.00, 0.00, 1.00, 1.00, 0.00, 0.00, 0.00, 0.00, 0.00, 0.00, 1.00, 1.00, 1.00, 0.00, 0.00, 0.00, 0.00, 1.00
837,  0,  27.867,  0.98,  1, 1.16, 0.68, 1.91, 0.00, 0.00, 1.56, 0.00, 0.00, 0.00, 0.00, 0.03, 1.21, 0.18, 0.00, 0.01, 0.32, 0.78, 0.00, 0.00, 1.00, 1.00, 0.00, 0.00, 0.00, 0.00, 0.00, 0.00, 1.00, 1.00, 1.00, 0.00, 0.00, 0.00, 0.00, 1.00
838,  0,  27.900,  0.98,  1, 1.01, 0.51, 1.84, 0.00, 0.00, 1.78, 0.00, 0.00, 0.00, 0.00, 0.05, 1.08, 0.13, 0.00, 0.01, 0.39, 0.73, 0.00, 0.00, 1.00, 1.00, 0.00, 0.00, 0.00, 0.00, 0.00, 0.00, 1.00, 1.00, 1.00, 0.00, 0.00, 0.00, 0.00, 1.00
839,  0,  27.933,  0.98,  1, 0.98, 0.39, 1.71, 0.00, 0.00, 2.09, 0.00, 0.00, 0.00, 0.00, 0.11, 1.06, 0.03, 0.00, 0.06, 0.39, 0.66, 0.00, 0.00, 1.00, 1.00, 0.00, 0.00, 0.00, 0.00, 0.00, 0.00, 1.00, 1.00, 1.00, 0.00, 0.00, 0.00, 0.00, 1.00
840,  0,  27.967,  0.98,  1, 1.02, 0.40, 1.69, 0.00, 0.00, 2.52, 0.00, 0.00, 0.00, 0.00, 0.09, 0.95, 0.25, 0.00, 0.12, 0.47, 0.66, 0.00, 0.00, 1.00, 1.00, 0.00, 0.00, 0.00, 0.00, 0.00, 0.00, 1.00, 1.00, 1.00, 0.00, 0.00, 0.00, 0.00, 1.00
841,  0,  28.000,  0.98,  1, 1.04, 0.45, 1.72, 0.00, 0.00, 2.61, 0.00, 0.00, 0.00, 0.00, 0.06, 0.89, 0.40, 0.00, 0.17, 0.51, 0.44, 0.00, 0.00, 1.00, 1.00, 0.00, 0.00, 0.00, 0.00, 0.00, 0.00, 1.00, 1.00, 1.00, 0.00, 0.00, 0.00, 0.00, 1.00
842,  0,  28.033,  0.98,  1, 0.98, 0.49, 1.84, 0.00, 0.00, 2.50, 0.00, 0.00, 0.00, 0.00, 0.00, 0.99, 0.64, 0.00, 0.12, 0.60, 0.19, 0.00, 0.00, 1.00, 1.00, 0.00, 0.00, 0.00, 0.00, 0.00, 0.00, 1.00, 1.00, 1.00, 0.00, 0.00, 0.00, 0.00, 1.00
843,  0,  28.067,  0.98,  1, 0.97, 0.56, 1.92, 0.00, 0.00, 2.20, 0.00, 0.00, 0.00, 0.00, 0.00, 1.10, 0.59, 0.00, 0.09, 0.57, 0.24, 0.00, 0.00, 1.00, 1.00, 0.00, 0.00, 0.00, 0.00, 0.00, 0.00, 1.00, 0.00, 1.00, 0.00, 0.00, 0.00, 0.00, 1.00
844,  0,  28.100,  0.98,  1, 0.92, 0.54, 1.89, 0.00, 0.00, 2.07, 0.00, 0.00, 0.00, 0.00, 0.00, 1.14, 0.61, 0.00, 0.04, 0.63, 0.43, 0.00, 0.00, 1.00, 1.00, 0.00, 0.00, 0.00, 0.00, 0.00, 0.00, 1.00, 0.00, 1.00, 0.00, 0.00, 0.00, 0.00, 1.00
845,  0,  28.133,  0.98,  1, 0.88, 0.50, 1.80, 0.00, 0.00, 2.08, 0.00, 0.00, 0.00, 0.00, 0.00, 0.98, 0.57, 0.00, 0.04, 0.64, 0.49, 0.00, 0.00, 1.00, 1.00, 0.00, 0.00, 0.00, 0.00, 0.00, 0.00, 1.00, 1.00, 1.00, 0.00, 0.00, 0.00, 0.00, 1.00
846,  0,  28.167,  0.98,  1, 0.84, 0.32, 1.78, 0.00, 0.00, 2.14, 0.00, 0.00, 0.00, 0.00, 0.00, 0.85, 0.57, 0.00, 0.00, 0.74, 0.44, 0.00, 0.00, 1.00, 1.00, 0.00, 0.00, 0.00, 0.00, 0.00, 0.00, 1.00, 1.00, 1.00, 0.00, 0.00, 0.00, 0.00, 1.00
847,  0,  28.200,  0.98,  1, 0.92, 0.42, 1.78, 0.00, 0.00, 2.38, 0.00, 0.00, 0.00, 0.00, 0.00, 0.84, 0.54, 0.00, 0.00, 0.68, 0.41, 0.00, 0.00, 1.00, 1.00, 0.00, 0.00, 0.00, 0.00, 0.00, 0.00, 1.00, 1.00, 1.00, 0.00, 0.00, 0.00, 0.00, 1.00
848,  0,  28.233,  0.98,  1, 0.87, 0.40, 1.73, 0.00, 0.00, 2.25, 0.00, 0.00, 0.00, 0.00, 0.00, 0.88, 0.38, 0.00, 0.00, 0.54, 0.53, 0.00, 0.00, 1.00, 1.00, 0.00, 0.00, 0.00, 0.00, 0.00, 0.00, 1.00, 1.00, 1.00, 0.00, 0.00, 0.00, 0.00, 1.00
849,  0,  28.267,  0.98,  1, 0.80, 0.40, 1.67, 0.00, 0.00, 2.17, 0.00, 0.00, 0.00, 0.00, 0.00, 0.99, 0.26, 0.00, 0.00, 0.41, 0.44, 0.00, 0.00, 1.00, 1.00, 0.00, 0.00, 0.00, 0.00, 0.00, 0.00, 1.00, 1.00, 1.00, 0.00, 0.00, 0.00, 0.00, 1.00
850,  0,  28.300,  0.98,  1, 0.59, 0.15, 1.51, 0.08, 0.00, 1.86, 0.00, 0.00, 0.00, 0.00, 0.00, 1.19, 0.19, 0.09, 0.00, 0.41, 0.55, 0.00, 0.00, 1.00, 1.00, 0.00, 0.00, 0.00, 0.00, 0.00, 0.00, 1.00, 1.00, 1.00, 0.00, 0.00, 0.00, 0.00, 1.00
851,  0,  28.333,  0.98,  1, 0.43, 0.00, 1.42, 0.16, 0.00, 1.85, 0.00, 0.00, 0.00, 0.00, 0.00, 1.47, 0.15, 0.19, 0.00, 0.39, 0.59, 0.00, 0.00, 1.00, 1.00, 0.00, 0.00, 0.00, 0.00, 0.00, 0.00, 1.00, 1.00, 1.00, 0.00, 0.00, 0.00, 0.00, 0.00
852,  0,  28.367,  0.98,  1, 0.33, 0.00, 1.36, 0.20, 0.00, 1.66, 0.00, 0.00, 0.00, 0.00, 0.01, 1.62, 0.20, 0.19, 0.00, 0.32, 0.60, 0.00, 0.00, 1.00, 1.00, 0.00, 0.00, 0.00, 0.00, 0.00, 0.00, 1.00, 1.00, 1.00, 0.00, 0.00, 0.00, 0.00, 0.00
853,  0,  28.400,  0.98,  1, 0.32, 0.05, 1.57, 0.12, 0.00, 1.71, 0.00, 0.00, 0.00, 0.00, 0.01, 1.58, 0.20, 0.12, 0.00, 0.22, 0.35, 0.00, 0.00, 1.00, 1.00, 0.00, 0.00, 0.00, 0.00, 0.00, 0.00, 1.00, 1.00, 1.00, 0.00, 0.00, 0.00, 0.00, 0.00
854,  0,  28.433,  0.98,  1, 0.31, 0.08, 1.65, 0.04, 0.00, 1.68, 0.00, 0.00, 0.00, 0.00, 0.01, 1.49, 0.32, 0.11, 0.00, 0.23, 0.13, 0.00, 0.00, 1.00, 1.00, 0.00, 0.00, 0.00, 0.00, 0.00, 0.00, 1.00, 1.00, 1.00, 0.00, 0.00, 0.00, 0.00, 0.00
855,  0,  28.467,  0.98,  1, 0.42, 0.13, 1.62, 0.00, 0.00, 1.73, 0.00, 0.00, 0.00, 0.00, 0.13, 1.33, 0.43, 0.22, 0.00, 0.23, 0.21, 0.00, 0.00, 1.00, 1.00, 0.00, 0.00, 0.00, 0.00, 0.00, 0.00, 1.00, 1.00, 1.00, 0.00, 0.00, 0.00, 0.00, 0.00
856,  0,  28.500,  0.98,  1, 0.48, 0.10, 1.65, 0.00, 0.00, 1.59, 0.00, 0.00, 0.00, 0.00, 0.16, 1.36, 0.61, 0.36, 0.00, 0.35, 0.44, 0.00, 0.00, 1.00, 1.00, 0.00, 0.00, 0.00, 0.00, 0.00, 0.00, 1.00, 1.00, 1.00, 0.00, 0.00, 0.00, 0.00, 0.00
857,  0,  28.533,  0.98,  1, 0.68, 0.21, 1.79, 0.00, 0.00, 1.51, 0.00, 0.00, 0.00, 0.00, 0.20, 1.09, 0.71, 0.30, 0.00, 0.23, 0.56, 0.00, 0.00, 1.00, 1.00, 0.00, 0.00, 0.00, 0.00, 0.00, 0.00, 1.00, 0.00, 1.00, 0.00, 0.00, 0.00, 0.00, 0.00
858,  0,  28.567,  0.98,  1, 0.71, 0.19, 1.90, 0.00, 0.00, 1.73, 0.00, 0.00, 0.00, 0.00, 0.24, 1.00, 0.70, 0.19, 0.00, 0.39, 0.52, 0.00, 0.00, 1.00, 1.00, 0.00, 0.00, 0.00, 0.00, 0.00, 0.00, 1.00, 0.00, 1.00, 0.00, 0.00, 0.00, 0.00, 0.00
859,  0,  28.600,  0.98,  1, 0.60, 0.17, 1.76, 0.00, 0.00, 1.75, 0.00, 0.00, 0.00, 0.00, 0.25, 0.77, 0.58, 0.04, 0.03, 0.22, 0.54, 0.00, 0.00, 1.00, 1.00, 0.00, 0.00, 0.00, 0.00, 0.00, 0.00, 1.00, 0.00, 1.00, 0.00, 0.00, 0.00, 0.00, 0.00
860,  0,  28.633,  0.98,  1, 0.43, 0.03, 1.70, 0.00, 0.00, 1.71, 0.00, 0.00, 0.00, 0.00, 0.37, 0.96, 0.38, 0.04, 0.03, 0.22, 0.61, 0.00, 0.00, 1.00, 1.00, 0.00, 0.00, 0.00, 0.00, 0.00, 0.00, 1.00, 0.00, 1.00, 0.00, 0.00, 0.00, 0.00, 0.00
861,  0,  28.667,  0.98,  1, 0.26, 0.00, 1.71, 0.00, 0.00, 1.28, 0.00, 0.00, 0.00, 0.00, 0.41, 0.97, 0.41, 0.10, 0.06, 0.06, 0.69, 0.00, 0.00, 1.00, 1.00, 0.00, 0.00, 0.00, 0.00, 0.00, 0.00, 1.00, 0.00, 1.00, 0.00, 0.00, 0.00, 0.00, 0.00
862,  0,  28.700,  0.98,  1, 0.17, 0.00, 1.68, 0.00, 0.00, 1.01, 0.00, 0.00, 0.00, 0.00, 0.53, 0.92, 0.42, 0.15, 0.03, 0.12, 0.67, 0.00, 0.00, 1.00, 1.00, 0.00, 0.00, 0.00, 0.00, 0.00, 0.00, 1.00, 0.00, 1.00, 0.00, 0.00, 0.00, 0.00, 0.00
863,  0,  28.733,  0.98,  1, 0.10, 0.00, 1.53, 0.00, 0.00, 0.82, 0.00, 0.00, 0.00, 0.00, 0.45, 0.74, 0.66, 0.13, 0.03, 0.12, 0.70, 0.00, 0.00, 1.00, 1.00, 0.00, 0.00, 0.00, 0.00, 0.00, 0.00, 1.00, 0.00, 1.00, 0.00, 0.00, 0.00, 0.00, 0.00
864,  0,  28.767,  0.98,  1, 0.08, 0.00, 1.39, 0.00, 0.00, 1.04, 0.00, 0.00, 0.00, 0.00, 0.40, 0.87, 0.95, 0.12, 0.00, 0.30, 0.66, 0.00, 0.00, 1.00, 1.00, 0.00, 0.00, 0.00, 0.00, 0.00, 0.00, 1.00, 1.00, 1.00, 0.00, 0.00, 0.00, 0.00, 0.00
865,  0,  28.800,  0.98,  1, 0.11, 0.00, 1.31, 0.00, 0.00, 1.19, 0.00, 0.00, 0.00, 0.00, 0.40, 1.02, 1.02, 0.06, 0.00, 0.23, 0.61, 0.00, 0.00, 1.00, 1.00, 0.00, 0.00, 0.00, 0.00, 0.00, 0.00, 1.00, 1.00, 1.00, 0.00, 0.00, 0.00, 0.00, 0.00
866,  0,  28.833,  0.98,  1, 0.10, 0.00, 1.21, 0.00, 0.00, 1.34, 0.00, 0.00, 0.00, 0.00, 0.33, 1.17, 1.15, 0.05, 0.00, 0.47, 0.54, 0.00, 0.00, 1.00, 1.00, 0.00, 0.00, 0.00, 0.00, 0.00, 0.00, 1.00, 1.00, 1.00, 0.00, 0.00, 0.00, 0.00, 0.00
867,  0,  28.867,  0.98,  1, 0.07, 0.00, 1.15, 0.00, 0.00, 1.19, 0.00, 0.00, 0.00, 0.00, 0.28, 1.10, 0.92, 0.04, 0.00, 0.38, 0.59, 0.00, 0.00, 1.00, 1.00, 0.00, 0.00, 0.00, 0.00, 0.00, 0.00, 1.00, 1.00, 1.00, 0.00, 0.00, 0.00, 0.00, 0.00
868,  0,  28.900,  0.98,  1, 0.08, 0.00, 1.20, 0.00, 0.00, 1.17, 0.00, 0.00, 0.00, 0.00, 0.26, 1.00, 0.94, 0.05, 0.00, 0.49, 0.65, 0.00, 0.00, 1.00, 1.00, 0.00, 0.00, 0.00, 0.00, 0.00, 0.00, 1.00, 1.00, 1.00, 0.00, 0.00, 0.00, 0.00, 0.00
869,  0,  28.933,  0.98,  1, 0.15, 0.00, 1.34, 0.00, 0.00, 0.96, 0.00, 0.00, 0.00, 0.00, 0.51, 0.99, 0.77, 0.05, 0.00, 0.36, 0.66, 0.00, 0.00, 1.00, 1.00, 0.00, 0.00, 0.00, 0.00, 0.00, 0.00, 1.00, 1.00, 1.00, 0.00, 0.00, 0.00, 0.00, 0.00
870,  0,  28.967,  0.98,  1, 0.36, 0.00, 1.49, 0.00, 0.00, 0.75, 0.00, 0.00, 0.00, 0.00, 0.63, 1.04, 0.65, 0.01, 0.00, 0.23, 0.57, 0.00, 0.00, 1.00, 1.00, 0.00, 0.00, 0.00, 0.00, 0.00, 0.00, 1.00, 1.00, 1.00, 0.00, 0.00, 0.00, 0.00, 0.00
871,  0,  29.000,  0.98,  1, 0.43, 0.00, 1.59, 0.00, 0.00, 0.67, 0.00, 0.00, 0.00, 0.00, 0.77, 1.12, 0.57, 0.00, 0.00, 0.10, 0.54, 0.00, 0.00, 1.00, 1.00, 0.00, 0.00, 0.00, 0.00, 0.00, 0.00, 1.00, 1.00, 1.00, 0.00, 0.00, 0.00, 0.00, 0.00
872,  0,  29.033,  0.98,  1, 0.45, 0.00, 1.62, 0.00, 0.00, 0.90, 0.00, 0.00, 0.00, 0.00, 0.79, 1.05, 0.59, 0.00, 0.00, 0.00, 0.57, 0.00, 0.00, 1.00, 1.00, 0.00, 0.00, 0.00, 0.00, 0.00, 0.00, 1.00, 1.00, 1.00, 0.00, 0.00, 0.00, 0.00, 0.00
873,  0,  29.067,  0.98,  1, 0.42, 0.00, 1.70, 0.00, 0.00, 1.02, 0.00, 0.00, 0.00, 0.00, 0.81, 1.08, 0.50, 0.00, 0.00, 0.08, 0.50, 0.00, 0.00, 1.00, 1.00, 0.00, 0.00, 0.00, 0.00, 0.00, 0.00, 1.00, 1.00, 1.00, 0.00, 0.00, 0.00, 0.00, 0.00
874,  0,  29.100,  0.98,  1, 0.44, 0.00, 1.70, 0.00, 0.00, 1.20, 0.00, 0.00, 0.00, 0.00, 0.84, 1.01, 0.54, 0.00, 0.00, 0.10, 0.39, 0.00, 0.00, 1.00, 1.00, 0.00, 0.00, 0.00, 0.00, 0.00, 0.00, 1.00, 0.00, 1.00, 0.00, 0.00, 0.00, 0.00, 0.00
875,  0,  29.133,  0.98,  1, 0.47, 0.00, 1.76, 0.00, 0.00, 1.11, 0.00, 0.00, 0.00, 0.00, 0.84, 0.92, 0.53, 0.00, 0.00, 0.24, 0.34, 0.00, 0.00, 1.00, 1.00, 0.00, 0.00, 0.00, 0.00, 0.00, 0.00, 1.00, 0.00, 1.00, 0.00, 0.00, 0.00, 0.00, 0.00
876,  0,  29.167,  0.98,  1, 0.47, 0.00, 1.73, 0.00, 0.00, 1.08, 0.00, 0.00, 0.00, 0.00, 0.75, 0.80, 0.48, 0.00, 0.00, 0.16, 0.33, 0.00, 0.00, 1.00, 1.00, 0.00, 0.00, 0.00, 0.00, 0.00, 0.00, 1.00, 0.00, 1.00, 0.00, 0.00, 0.00, 0.00, 0.00
877,  0,  29.200,  0.98,  1, 0.45, 0.00, 1.61, 0.00, 0.00, 0.93, 0.00, 0.00, 0.00, 0.00, 0.76, 0.86, 0.51, 0.00, 0.00, 0.21, 0.35, 0.00, 0.00, 1.00, 1.00, 0.00, 0.00, 0.00, 0.00, 0.00, 0.00, 1.00, 1.00, 1.00, 0.00, 0.00, 0.00, 0.00, 0.00
878,  0,  29.233,  0.98,  1, 0.38, 0.00, 1.59, 0.00, 0.00, 0.80, 0.00, 0.00, 0.00, 0.00, 0.58, 1.03, 0.52, 0.03, 0.00, 0.24, 0.44, 0.00, 0.00, 1.00, 1.00, 0.00, 0.00, 0.00, 0.00, 0.00, 0.00, 1.00, 0.00, 1.00, 0.00, 0.00, 0.00, 0.00, 1.00
879,  0,  29.267,  0.98,  1, 0.26, 0.00, 1.52, 0.00, 0.00, 0.78, 0.00, 0.00, 0.00, 0.00, 0.64, 1.08, 0.70, 0.03, 0.00, 0.38, 0.59, 0.00, 0.00, 1.00, 1.00, 0.00, 0.00, 0.00, 0.00, 0.00, 0.00, 1.00, 0.00, 1.00, 0.00, 0.00, 0.00, 0.00, 1.00
880,  0,  29.300,  0.98,  1, 0.16, 0.00, 1.58, 0.00, 0.00, 0.90, 0.00, 0.00, 0.00, 0.00, 0.31, 0.95, 0.70, 0.03, 0.00, 0.41, 0.71, 0.00, 0.00, 1.00, 1.00, 0.00, 0.00, 0.00, 0.00, 0.00, 0.00, 1.00, 0.00, 1.00, 0.00, 0.00, 0.00, 0.00, 1.00
881,  0,  29.333,  0.98,  1, 0.13, 0.00, 1.53, 0.00, 0.00, 1.09, 0.00, 0.00, 0.00, 0.00, 0.20, 0.62, 0.73, 0.02, 0.00, 0.38, 0.71, 0.00, 0.00, 1.00, 1.00, 0.00, 0.00, 0.00, 0.00, 0.00, 0.00, 1.00, 0.00, 1.00, 0.00, 0.00, 0.00, 0.00, 1.00
882,  0,  29.367,  0.98,  1, 0.07, 0.00, 1.62, 0.00, 0.00, 1.22, 0.00, 0.00, 0.00, 0.00, 0.00, 0.28, 0.89, 0.02, 0.07, 0.49, 0.73, 0.00, 0.00, 1.00, 1.00, 0.00, 0.00, 0.00, 0.00, 0.00, 0.00, 1.00, 0.00, 1.00, 0.00, 0.00, 0.00, 1.00, 1.00
883,  0,  29.400,  0.98,  1, 0.04, 0.00, 1.77, 0.00, 0.00, 1.24, 0.00, 0.00, 0.00, 0.00, 0.00, 0.05, 0.93, 0.02, 0.29, 0.85, 0.75, 0.00, 0.00, 1.00, 1.00, 0.00, 0.00, 0.00, 0.00, 0.00, 0.00, 1.00, 0.00, 1.00, 0.00, 1.00, 1.00, 1.00, 1.00
884,  0,  29.433,  0.98,  1, 0.00, 0.00, 2.00, 0.00, 0.00, 1.34, 0.00, 0.00, 0.00, 0.00, 0.00, 0.00, 0.83, 0.00, 0.47, 1.11, 0.78, 0.00, 0.00, 1.00, 1.00, 0.00, 0.00, 0.00, 0.00, 0.00, 0.00, 1.00, 0.00, 1.00, 0.00, 1.00, 1.00, 1.00, 1.00
885,  0,  29.467,  0.98,  1, 0.00, 0.00, 2.06, 0.00, 0.00, 1.27, 0.00, 0.00, 0.00, 0.00, 0.00, 0.01, 0.58, 0.00, 0.59, 1.18, 0.81, 0.00, 0.00, 1.00, 1.00, 0.00, 0.00, 0.00, 0.00, 0.00, 0.00, 0.00, 0.00, 1.00, 0.00, 1.00, 1.00, 1.00, 1.00
886,  0,  29.500,  0.98,  1, 0.00, 0.00, 2.03, 0.00, 0.00, 1.07, 0.00, 0.00, 0.00, 0.00, 0.00, 0.14, 0.47, 0.00, 0.50, 1.12, 0.79, 0.00, 0.00, 1.00, 1.00, 0.00, 0.00, 0.00, 0.00, 0.00, 0.00, 0.00, 0.00, 1.00, 0.00, 1.00, 1.00, 0.00, 1.00
887,  0,  29.533,  0.98,  1, 0.00, 0.00, 1.91, 0.00, 0.00, 0.86, 0.00, 0.00, 0.00, 0.00, 0.00, 0.23, 0.49, 0.00, 0.45, 1.22, 0.83, 0.00, 0.00, 1.00, 1.00, 0.00, 0.00, 0.00, 0.00, 0.00, 0.00, 0.00, 0.00, 1.00, 0.00, 0.00, 1.00, 0.00, 1.00
888,  0,  29.567,  0.98,  1, 0.00, 0.00, 1.94, 0.00, 0.00, 1.00, 0.00, 0.00, 0.00, 0.00, 0.00, 0.28, 0.53, 0.00, 0.30, 1.25, 0.68, 0.00, 0.00, 1.00, 1.00, 0.00, 0.00, 0.00, 0.00, 0.00, 0.00, 0.00, 0.00, 1.00, 0.00, 0.00, 1.00, 0.00, 1.00
889,  0,  29.600,  0.98,  1, 0.00, 0.00, 1.91, 0.00, 0.00, 1.20, 0.00, 0.00, 0.00, 0.00, 0.00, 0.23, 0.58, 0.00, 0.25, 1.21, 0.62, 0.00, 0.00, 1.00, 1.00, 0.00, 0.00, 0.00, 0.00, 0.00, 0.00, 0.00, 0.00, 1.00, 0.00, 0.00, 1.00, 0.00, 1.00
890,  0,  29.633,  0.98,  1, 0.00, 0.00, 1.91, 0.00, 0.00, 1.53, 0.00, 0.00, 0.00, 0.00, 0.00, 0.24, 0.60, 0.00, 0.13, 0.96, 0.41, 0.00, 0.00, 1.00, 1.00, 0.00, 0.00, 0.00, 0.00, 0.00, 0.00, 0.00, 0.00, 1.00, 0.00, 0.00, 1.00, 0.00, 1.00
891,  0,  29.667,  0.98,  1, 0.00, 0.00, 1.87, 0.00, 0.00, 1.69, 0.00, 0.00, 0.00, 0.00, 0.00, 0.23, 0.63, 0.00, 0.08, 0.91, 0.47, 0.00, 0.00, 1.00, 1.00, 0.00, 0.00, 0.00, 0.00, 0.00, 0.00, 0.00, 0.00, 1.00, 0.00, 0.00, 0.00, 0.00, 1.00
892,  0,  29.700,  0.98,  1, 0.00, 0.00, 1.86, 0.00, 0.00, 1.73, 0.00, 0.00, 0.00, 0.00, 0.00, 0.26, 0.60, 0.00, 0.06, 0.78, 0.49, 0.00, 0.00, 1.00, 1.00, 0.00, 0.00, 0.00, 0.00, 0.00, 0.00, 0.00, 0.00, 1.00, 0.00, 0.00, 0.00, 0.00, 1.00
893,  0,  29.733,  0.98,  1, 0.00, 0.00, 1.90, 0.00, 0.00, 1.60, 0.00, 0.00, 0.00, 0.00, 0.00, 0.23, 0.52, 0.00, 0.06, 0.61, 0.58, 0.00, 0.00, 1.00, 1.00, 0.00, 0.00, 0.00, 0.00, 0.00, 0.00, 0.00, 0.00, 1.00, 0.00, 0.00, 0.00, 0.00, 1.00
894,  0,  29.767,  0.98,  1, 0.00, 0.00, 1.91, 0.00, 0.00, 1.35, 0.00, 0.00, 0.00, 0.00, 0.00, 0.23, 0.52, 0.00, 0.06, 0.51, 0.66, 0.00, 0.00, 1.00, 1.00, 0.00, 0.00, 0.00, 0.00, 0.00, 0.00, 0.00, 0.00, 1.00, 0.00, 0.00, 0.00, 0.00, 1.00
895,  0,  29.800,  0.98,  1, 0.00, 0.00, 1.97, 0.00, 0.00, 1.14, 0.00, 0.00, 0.00, 0.00, 0.00, 0.27, 0.50, 0.00, 0.00, 0.42, 0.73, 0.00, 0.00, 1.00, 1.00, 0.00, 0.00, 0.00, 0.00, 0.00, 0.00, 0.00, 0.00, 1.00, 0.00, 0.00, 0.00, 0.00, 1.00
896,  0,  29.833,  0.98,  1, 0.00, 0.00, 1.97, 0.00, 0.00, 0.93, 0.00, 0.00, 0.00, 0.00, 0.00, 0.33, 0.37, 0.00, 0.00, 0.43, 0.71, 0.00, 0.00, 1.00, 1.00, 0.00, 0.00, 0.00, 0.00, 0.00, 0.00, 0.00, 0.00, 1.00, 0.00, 0.00, 0.00, 0.00, 1.00
897,  0,  29.867,  0.98,  1, 0.03, 0.00, 1.98, 0.00, 0.00, 0.76, 0.00, 0.00, 0.00, 0.00, 0.00, 0.50, 0.27, 0.00, 0.00, 0.43, 0.66, 0.00, 0.00, 1.00, 1.00, 0.00, 0.00, 0.00, 0.00, 0.00, 0.00, 0.00, 0.00, 1.00, 0.00, 0.00, 0.00, 0.00, 1.00
898,  0,  29.900,  0.98,  1, 0.03, 0.00, 1.91, 0.00, 0.00, 0.72, 0.00, 0.00, 0.00, 0.00, 0.00, 0.38, 0.17, 0.00, 0.00, 0.44, 0.49, 0.00, 0.00, 1.00, 1.00, 0.00, 0.00, 0.00, 0.00, 0.00, 0.00, 0.00, 0.00, 1.00, 0.00, 0.00, 0.00, 0.00, 1.00
899,  0,  29.933,  0.98,  1, 0.03, 0.00, 1.83, 0.00, 0.00, 0.70, 0.00, 0.00, 0.00, 0.00, 0.00, 0.26, 0.21, 0.00, 0.00, 0.58, 0.46, 0.00, 0.00, 1.00, 1.00, 0.00, 0.00, 0.00, 0.00, 0.00, 0.00, 0.00, 0.00, 1.00, 0.00, 0.00, 0.00, 0.00, 1.00
900,  0,  29.967,  0.98,  1, 0.00, 0.00, 1.80, 0.00, 0.00, 0.86, 0.00, 0.00, 0.00, 0.00, 0.00, 0.03, 0.12, 0.00, 0.00, 0.49, 0.36, 0.00, 0.00, 1.00, 1.00, 0.00, 0.00, 0.00, 0.00, 0.00, 0.00, 0.00, 0.00, 1.00, 0.00, 0.00, 0.00, 0.00, 1.00
901,  0,  30.000,  0.98,  1, 0.00, 0.00, 1.77, 0.00, 0.00, 1.03, 0.00, 0.00, 0.00, 0.00, 0.00, 0.00, 0.21, 0.00, 0.00, 0.43, 0.30, 0.00, 0.00, 1.00, 1.00, 0.00, 0.00, 0.00, 0.00, 0.00, 0.00, 0.00, 0.00, 1.00, 0.00, 0.00, 0.00, 0.00, 1.00
902,  0,  30.033,  0.98,  1, 0.02, 0.00, 1.82, 0.00, 0.00, 1.20, 0.00, 0.00, 0.00, 0.00, 0.00, 0.00, 0.31, 0.00, 0.00, 0.19, 0.27, 0.00, 0.00, 1.00, 1.00, 0.00, 0.00, 0.00, 0.00, 0.00, 0.00, 0.00, 0.00, 1.00, 0.00, 0.00, 0.00, 0.00, 1.00
903,  0,  30.067,  0.98,  1, 0.02, 0.00, 1.76, 0.00, 0.00, 1.29, 0.00, 0.00, 0.00, 0.00, 0.00, 0.01, 0.31, 0.00, 0.00, 0.19, 0.26, 0.00, 0.00, 1.00, 1.00, 0.00, 0.00, 0.00, 0.00, 0.00, 0.00, 0.00, 0.00, 1.00, 0.00, 0.00, 0.00, 0.00, 1.00
904,  0,  30.100,  0.98,  1, 0.09, 0.00, 1.80, 0.00, 0.00, 1.36, 0.00, 0.00, 0.00, 0.00, 0.00, 0.03, 0.24, 0.00, 0.00, 0.18, 0.22, 0.00, 0.00, 1.00, 1.00, 0.00, 0.00, 0.00, 0.00, 0.00, 0.00, 0.00, 0.00, 1.00, 0.00, 0.00, 0.00, 0.00, 1.00
905,  0,  30.133,  0.98,  1, 0.12, 0.00, 1.79, 0.00, 0.00, 1.34, 0.00, 0.00, 0.00, 0.00, 0.00, 0.03, 0.14, 0.00, 0.00, 0.31, 0.19, 0.00, 0.00, 1.00, 1.00, 0.00, 0.00, 0.00, 0.00, 0.00, 0.00, 0.00, 0.00, 1.00, 0.00, 0.00, 0.00, 0.00, 1.00
906,  0,  30.167,  0.98,  1, 0.17, 0.00, 1.84, 0.00, 0.00, 1.32, 0.00, 0.00, 0.00, 0.00, 0.00, 0.02, 0.19, 0.00, 0.00, 0.32, 0.24, 0.00, 0.00, 1.00, 1.00, 0.00, 0.00, 0.00, 0.00, 0.00, 0.00, 0.00, 0.00, 1.00, 0.00, 0.00, 0.00, 0.00, 1.00
907,  0,  30.200,  0.98,  1, 0.13, 0.00, 1.81, 0.00, 0.00, 1.12, 0.00, 0.00, 0.00, 0.00, 0.00, 0.00, 0.12, 0.00, 0.00, 0.31, 0.37, 0.00, 0.00, 1.00, 1.00, 0.00, 0.00, 0.00, 0.00, 0.00, 0.00, 0.00, 0.00, 1.00, 0.00, 0.00, 0.00, 0.00, 1.00
908,  0,  30.233,  0.98,  1, 0.12, 0.00, 1.74, 0.00, 0.00, 0.97, 0.00, 0.00, 0.00, 0.00, 0.00, 0.00, 0.11, 0.00, 0.00, 0.18, 0.46, 0.00, 0.00, 1.00, 1.00, 0.00, 0.00, 0.00, 0.00, 0.00, 0.00, 0.00, 0.00, 1.00, 0.00, 0.00, 0.00, 0.00, 1.00
909,  0,  30.267,  0.98,  1, 0.13, 0.00, 1.71, 0.00, 0.00, 0.96, 0.00, 0.00, 0.00, 0.00, 0.00, 0.07, 0.16, 0.00, 0.02, 0.21, 0.54, 0.00, 0.00, 1.00, 1.00, 0.00, 0.00, 0.00, 0.00, 0.00, 0.00, 0.00, 0.00, 1.00, 0.00, 0.00, 0.00, 0.00, 1.00
910,  0,  30.300,  0.98,  1, 0.13, 0.00, 1.69, 0.00, 0.00, 1.07, 0.00, 0.00, 0.00, 0.00, 0.00, 0.13, 0.17, 0.00, 0.03, 0.14, 0.59, 0.00, 0.00, 1.00, 1.00, 0.00, 0.00, 0.00, 0.00, 0.00, 0.00, 0.00, 0.00, 1.00, 0.00, 0.00, 0.00, 0.00, 1.00
911,  0,  30.333,  0.98,  1, 0.12, 0.00, 1.73, 0.00, 0.00, 1.20, 0.00, 0.00, 0.00, 0.00, 0.00, 0.24, 0.15, 0.00, 0.03, 0.17, 0.61, 0.00, 0.00, 1.00, 1.00, 0.00, 0.00, 0.00, 0.00, 0.00, 0.00, 1.00, 0.00, 1.00, 0.00, 0.00, 0.00, 0.00, 0.00
912,  0,  30.367,  0.98,  1, 0.18, 0.00, 1.60, 0.00, 0.00, 1.13, 0.00, 0.00, 0.00, 0.00, 0.00, 0.23, 0.08, 0.00, 0.01, 0.03, 0.68, 0.00, 0.00, 1.00, 1.00, 0.00, 0.00, 0.00, 0.00, 0.00, 0.00, 1.00, 0.00, 1.00, 0.00, 0.00, 0.00, 0.00, 0.00
913,  0,  30.400,  0.98,  1, 0.31, 0.00, 1.52, 0.00, 0.00, 1.18, 0.00, 0.00, 0.00, 0.00, 0.00, 0.34, 0.04, 0.00, 0.00, 0.08, 0.68, 0.00, 0.00, 1.00, 1.00, 0.00, 0.00, 0.00, 0.00, 0.00, 0.00, 1.00, 0.00, 1.00, 0.00, 0.00, 0.00, 0.00, 0.00
914,  0,  30.433,  0.98,  1, 0.39, 0.00, 1.43, 0.00, 0.00, 1.30, 0.00, 0.00, 0.00, 0.00, 0.00, 0.38, 0.04, 0.00, 0.00, 0.09, 0.76, 0.00, 0.00, 1.00, 1.00, 0.00, 0.00, 0.00, 0.00, 0.00, 0.00, 1.00, 0.00, 1.00, 0.00, 0.00, 0.00, 0.00, 0.00
915,  0,  30.467,  0.98,  1, 0.47, 0.00, 1.50, 0.00, 0.00, 1.29, 0.00, 0.00, 0.00, 0.00, 0.01, 0.50, 0.08, 0.00, 0.00, 0.15, 0.75, 0.00, 0.00, 1.00, 1.00, 0.00, 0.00, 0.00, 0.00, 0.00, 0.00, 1.00, 0.00, 1.00, 0.00, 0.00, 0.00, 0.00, 0.00
916,  0,  30.500,  0.98,  1, 0.47, 0.00, 1.45, 0.00, 0.00, 1.10, 0.00, 0.00, 0.00, 0.00, 0.01, 0.57, 0.08, 0.00, 0.00, 0.11, 0.75, 0.00, 0.00, 1.00, 1.00, 0.00, 0.00, 0.00, 0.00, 0.00, 0.00, 1.00, 0.00, 1.00, 0.00, 0.00, 0.00, 0.00, 0.00
917,  0,  30.533,  0.98,  1, 0.53, 0.00, 1.43, 0.00, 0.00, 0.86, 0.00, 0.00, 0.00, 0.00, 0.01, 0.74, 0.08, 0.00, 0.00, 0.06, 0.86, 0.00, 0.00, 1.00, 1.00, 0.00, 0.00, 0.00, 0.00, 0.00, 0.00, 1.00, 0.00, 1.00, 0.00, 0.00, 0.00, 0.00, 0.00
918,  0,  30.567,  0.98,  1, 0.38, 0.00, 1.36, 0.00, 0.00, 0.76, 0.00, 0.00, 0.00, 0.00, 0.00, 0.99, 0.10, 0.00, 0.00, 0.00, 0.86, 0.00, 0.00, 1.00, 1.00, 0.00, 0.00, 0.00, 0.00, 0.00, 0.00, 1.00, 0.00, 1.00, 0.00, 0.00, 0.00, 0.00, 1.00
919,  0,  30.600,  0.98,  1, 0.32, 0.00, 1.42, 0.00, 0.00, 1.01, 0.00, 0.00, 0.00, 0.00, 0.00, 1.08, 0.10, 0.00, 0.00, 0.00, 1.01, 0.00, 0.00, 1.00, 1.00, 0.00, 0.00, 0.00, 0.00, 0.00, 0.00, 1.00, 0.00, 1.00, 0.00, 0.00, 0.00, 0.00, 1.00
920,  0,  30.633,  0.98,  1, 0.21, 0.00, 1.52, 0.00, 0.00, 1.06, 0.00, 0.00, 0.00, 0.00, 0.00, 1.05, 0.27, 0.00, 0.00, 0.00, 0.98, 0.00, 0.00, 1.00, 1.00, 0.00, 0.00, 0.00, 0.00, 0.00, 0.00, 1.00, 0.00, 1.00, 0.00, 0.00, 0.00, 0.00, 1.00
921,  0,  30.667,  0.98,  1, 0.25, 0.00, 1.62, 0.00, 0.00, 1.11, 0.00, 0.00, 0.00, 0.00, 0.00, 0.77, 0.19, 0.00, 0.00, 0.00, 1.09, 0.00, 0.00, 1.00, 1.00, 0.00, 0.00, 0.00, 0.00, 0.00, 0.00, 1.00, 0.00, 1.00, 0.00, 0.00, 0.00, 0.00, 1.00
922,  0,  30.700,  0.98,  1, 0.19, 0.00, 1.61, 0.00, 0.00, 0.86, 0.00, 0.00, 0.00, 0.00, 0.00, 0.63, 0.19, 0.00, 0.00, 0.00, 1.03, 0.00, 0.00, 1.00, 1.00, 0.00, 0.00, 0.00, 0.00, 0.00, 0.00, 1.00, 1.00, 1.00, 0.00, 0.00, 0.00, 0.00, 1.00
923,  0,  30.733,  0.98,  1, 0.19, 0.00, 1.55, 0.00, 0.00, 0.88, 0.00, 0.00, 0.00, 0.00, 0.00, 0.66, 0.02, 0.00, 0.00, 0.00, 1.04, 0.00, 0.00, 1.00, 1.00, 0.00, 0.00, 0.00, 0.00, 0.00, 0.00, 0.00, 0.00, 1.00, 0.00, 0.00, 0.00, 0.00, 1.00
924,  0,  30.767,  0.98,  1, 0.10, 0.00, 1.69, 0.00, 0.00, 0.77, 0.00, 0.00, 0.00, 0.00, 0.03, 0.78, 0.21, 0.00, 0.00, 0.00, 1.04, 0.00, 0.00, 1.00, 1.00, 0.00, 0.00, 0.00, 0.00, 0.00, 0.00, 0.00, 0.00, 1.00, 0.00, 0.00, 0.00, 0.00, 1.00
925,  0,  30.800,  0.98,  1, 0.10, 0.00, 1.89, 0.00, 0.00, 0.70, 0.00, 0.00, 0.00, 0.00, 0.03, 0.78, 0.27, 0.00, 0.00, 0.00, 1.06, 0.00, 0.00, 1.00, 1.00, 0.00, 0.00, 0.00, 0.00, 0.00, 0.00, 0.00, 0.00, 1.00, 0.00, 0.00, 0.00, 0.00, 1.00
926,  0,  30.833,  0.98,  1, 0.14, 0.00, 2.05, 0.00, 0.00, 0.57, 0.00, 0.00, 0.00, 0.00, 0.03, 0.72, 0.27, 0.00, 0.02, 0.00, 0.85, 0.00, 0.00, 1.00, 1.00, 0.00, 0.00, 0.00, 0.00, 0.00, 0.00, 0.00, 1.00, 1.00, 0.00, 0.00, 0.00, 0.00, 1.00
927,  0,  30.867,  0.98,  1, 0.29, 0.00, 2.07, 0.00, 0.00, 0.76, 0.00, 0.00, 0.00, 0.00, 0.00, 0.80, 0.15, 0.00, 0.02, 0.00, 0.64, 0.00, 0.00, 1.00, 1.00, 0.00, 0.00, 0.00, 0.00, 0.00, 0.00, 0.00, 1.00, 1.00, 0.00, 0.00, 0.00, 0.00, 1.00
928,  0,  30.900,  0.98,  1, 0.40, 0.00, 2.04, 0.00, 0.00, 1.01, 0.00, 0.00, 0.00, 0.00, 0.00, 0.95, 0.10, 0.00, 0.02, 0.00, 0.43, 0.00, 0.00, 1.00, 1.00, 0.00, 0.00, 0.00, 0.00, 0.00, 0.00, 0.00, 1.00, 1.00, 0.00, 0.00, 0.00, 0.00, 1.00
929,  0,  30.933,  0.98,  1, 0.40, 0.00, 1.97, 0.00, 0.00, 1.12, 0.00, 0.00, 0.00, 0.00, 0.00, 1.00, 0.21, 0.00, 0.00, 0.00, 0.43, 0.00, 0.00, 1.00, 1.00, 0.00, 0.00, 0.00, 0.00, 0.00, 0.00, 0.00, 0.00, 1.00, 0.00, 0.00, 0.00, 0.00, 1.00
930,  0,  30.967,  0.98,  1, 0.38, 0.00, 1.87, 0.00, 0.00, 1.16, 0.00, 0.00, 0.00, 0.00, 0.00, 0.88, 0.22, 0.00, 0.00, 0.00, 0.42, 0.00, 0.00, 1.00, 1.00, 0.00, 0.00, 0.00, 0.00, 0.00, 0.00, 0.00, 0.00, 1.00, 0.00, 0.00, 0.00, 0.00, 1.00
931,  0,  31.000,  0.98,  1, 0.42, 0.00, 1.76, 0.00, 0.00, 1.15, 0.00, 0.00, 0.00, 0.00, 0.00, 0.76, 0.31, 0.00, 0.00, 0.00, 0.56, 0.00, 0.00, 1.00, 1.00, 0.00, 0.00, 0.00, 0.00, 0.00, 0.00, 0.00, 1.00, 1.00, 0.00, 0.00, 0.00, 0.00, 1.00
932,  0,  31.033,  0.98,  1, 0.50, 0.00, 1.72, 0.00, 0.00, 1.25, 0.00, 0.00, 0.00, 0.00, 0.06, 0.72, 0.23, 0.00, 0.00, 0.00, 0.67, 0.00, 0.00, 1.00, 1.00, 0.00, 0.00, 0.00, 0.00, 0.00, 0.00, 0.00, 1.00, 1.00, 0.00, 0.00, 0.00, 0.00, 0.00
933,  0,  31.067,  0.98,  1, 0.45, 0.00, 1.61, 0.00, 0.00, 1.22, 0.00, 0.00, 0.00, 0.00, 0.07, 0.86, 0.27, 0.00, 0.00, 0.00, 0.68, 0.00, 0.00, 1.00, 1.00, 0.00, 0.00, 0.00, 0.00, 0.00, 0.00, 1.00, 1.00, 1.00, 0.00, 0.00, 0.00, 0.00, 0.00
934,  0,  31.100,  0.98,  1, 0.32, 0.00, 1.57, 0.00, 0.00, 1.13, 0.00, 0.00, 0.00, 0.00, 0.07, 0.99, 0.16, 0.00, 0.00, 0.00, 0.69, 0.00, 0.00, 1.00, 1.00, 0.00, 0.00, 0.00, 0.00, 0.00, 0.00, 1.00, 0.00, 1.00, 0.00, 0.00, 0.00, 0.00, 0.00
935,  0,  31.133,  0.98,  1, 0.26, 0.00, 1.52, 0.00, 0.00, 1.04, 0.00, 0.00, 0.00, 0.00, 0.02, 1.13, 0.13, 0.00, 0.00, 0.00, 0.68, 0.00, 0.00, 1.00, 1.00, 0.00, 0.00, 0.00, 0.00, 0.00, 0.00, 1.00, 0.00, 1.00, 0.00, 0.00, 0.00, 0.00, 0.00
936,  0,  31.167,  0.98,  1, 0.37, 0.07, 1.69, 0.00, 0.00, 1.32, 0.00, 0.00, 0.00, 0.00, 0.00, 1.01, 0.15, 0.00, 0.04, 0.00, 0.58, 0.00, 0.00, 1.00, 1.00, 0.00, 0.00, 0.00, 0.00, 0.00, 0.00, 1.00, 1.00, 1.00, 0.00, 0.00, 0.00, 0.00, 0.00
937,  0,  31.200,  0.98,  1, 0.59, 0.07, 1.89, 0.00, 0.00, 1.53, 0.00, 0.00, 0.00, 0.00, 0.01, 0.88, 0.18, 0.00, 0.04, 0.02, 0.32, 0.00, 0.00, 1.00, 1.00, 0.00, 0.00, 0.00, 0.00, 0.00, 0.00, 1.00, 1.00, 1.00, 0.00, 0.00, 0.00, 0.00, 0.00
938,  0,  31.233,  0.98,  1, 0.83, 0.24, 2.05, 0.00, 0.00, 1.55, 0.00, 0.00, 0.00, 0.00, 0.01, 0.88, 0.18, 0.00, 0.04, 0.02, 0.08, 0.00, 0.00, 1.00, 1.00, 0.00, 0.00, 0.00, 0.00, 0.00, 0.00, 1.00, 1.00, 1.00, 0.00, 0.00, 0.00, 0.00, 0.00
939,  0,  31.267,  0.98,  1, 0.94, 0.28, 2.01, 0.00, 0.00, 1.43, 0.00, 0.00, 0.00, 0.00, 0.01, 0.90, 0.04, 0.00, 0.00, 0.02, 0.06, 0.00, 0.00, 1.00, 1.00, 0.00, 0.00, 0.00, 0.00, 0.00, 0.00, 1.00, 1.00, 1.00, 0.00, 0.00, 0.00, 0.00, 0.00
940,  0,  31.300,  0.98,  1, 0.89, 0.28, 1.89, 0.00, 0.00, 1.38, 0.00, 0.00, 0.00, 0.00, 0.00, 1.05, 0.00, 0.00, 0.00, 0.00, 0.11, 0.00, 0.00, 1.00, 1.00, 0.00, 0.00, 0.00, 0.00, 0.00, 0.00, 1.00, 1.00, 1.00, 0.00, 0.00, 0.00, 0.00, 0.00
941,  0,  31.333,  0.98,  1, 0.70, 0.11, 1.77, 0.00, 0.00, 1.54, 0.00, 0.00, 0.00, 0.00, 0.00, 1.22, 0.00, 0.00, 0.00, 0.00, 0.22, 0.00, 0.00, 1.00, 1.00, 0.00, 0.00, 0.00, 0.00, 0.00, 0.00, 1.00, 1.00, 1.00, 0.00, 0.00, 0.00, 0.00, 0.00
942,  0,  31.367,  0.98,  1, 0.55, 0.00, 1.68, 0.00, 0.00, 1.40, 0.00, 0.00, 0.00, 0.00, 0.00, 1.51, 0.00, 0.00, 0.00, 0.00, 0.24, 0.00, 0.00, 1.00, 1.00, 0.00, 0.00, 0.00, 0.00, 0.00, 0.00, 1.00, 1.00, 1.00, 0.00, 0.00, 0.00, 0.00, 0.00
943,  0,  31.400,  0.98,  1, 0.47, 0.00, 1.64, 0.00, 0.00, 1.31, 0.00, 0.00, 0.00, 0.00, 0.00, 1.65, 0.00, 0.00, 0.00, 0.00, 0.19, 0.00, 0.00, 1.00, 1.00, 0.00, 0.00, 0.00, 0.00, 0.00, 0.00, 1.00, 1.00, 1.00, 0.00, 0.00, 0.00, 0.00, 0.00
944,  0,  31.433,  0.98,  1, 0.51, 0.07, 1.74, 0.00, 0.00, 1.37, 0.00, 0.00, 0.00, 0.00, 0.00, 1.52, 0.00, 0.00, 0.00, 0.06, 0.07, 0.00, 0.00, 1.00, 1.00, 0.00, 0.00, 0.00, 0.00, 0.00, 0.00, 1.00, 1.00, 1.00, 0.00, 0.00, 0.00, 0.00, 0.00
945,  0,  31.467,  0.98,  1, 0.55, 0.12, 1.79, 0.00, 0.00, 1.50, 0.00, 0.00, 0.00, 0.00, 0.00, 1.34, 0.00, 0.00, 0.00, 0.06, 0.00, 0.00, 0.00, 1.00, 1.00, 0.00, 0.00, 0.00, 0.00, 0.00, 0.00, 1.00, 1.00, 1.00, 0.00, 0.00, 0.00, 0.00, 0.00
946,  0,  31.500,  0.98,  1, 0.55, 0.12, 1.84, 0.00, 0.00, 1.67, 0.00, 0.00, 0.00, 0.00, 0.00, 1.34, 0.00, 0.00, 0.00, 0.06, 0.00, 0.00, 0.00, 1.00, 1.00, 0.00, 0.00, 0.00, 0.00, 0.00, 0.00, 1.00, 1.00, 1.00, 0.00, 0.00, 0.00, 0.00, 0.00
947,  0,  31.533,  0.98,  1, 0.40, 0.04, 1.78, 0.00, 0.00, 1.65, 0.00, 0.00, 0.00, 0.00, 0.00, 1.36, 0.00, 0.01, 0.00, 0.05, 0.00, 0.00, 0.00, 1.00, 1.00, 0.00, 0.00, 0.00, 0.00, 0.00, 0.00, 1.00, 1.00, 1.00, 0.00, 0.00, 0.00, 0.00, 0.00
948,  0,  31.567,  0.98,  1, 0.25, 0.00, 1.71, 0.00, 0.00, 1.62, 0.00, 0.00, 0.00, 0.00, 0.00, 1.49, 0.02, 0.02, 0.00, 0.17, 0.00, 0.00, 0.00, 1.00, 1.00, 0.00, 0.00, 0.00, 0.00, 0.00, 0.00, 1.00, 1.00, 1.00, 0.00, 0.00, 0.00, 0.00, 0.00
949,  0,  31.600,  0.98,  1, 0.23, 0.10, 1.64, 0.00, 0.00, 1.49, 0.00, 0.00, 0.00, 0.00, 0.00, 1.48, 0.05, 0.06, 0.00, 0.30, 0.00, 0.00, 0.00, 1.00, 1.00, 0.00, 0.00, 0.00, 0.00, 0.00, 0.00, 1.00, 1.00, 0.00, 0.00, 0.00, 0.00, 0.00, 0.00
950,  0,  31.633,  0.98,  1, 0.31, 0.16, 1.67, 0.00, 0.00, 1.39, 0.00, 0.00, 0.00, 0.00, 0.00, 1.57, 0.09, 0.05, 0.00, 0.35, 0.00, 0.00, 0.00, 1.00, 1.00, 0.00, 0.00, 0.00, 0.00, 0.00, 0.00, 1.00, 1.00, 0.00, 0.00, 0.00, 0.00, 0.00, 0.00
951,  0,  31.667,  0.98,  1, 0.46, 0.16, 1.81, 0.00, 0.00, 1.31, 0.00, 0.00, 0.00, 0.00, 0.00, 1.62, 0.06, 0.05, 0.00, 0.35, 0.00, 0.00, 0.00, 1.00, 1.00, 0.00, 0.00, 0.00, 0.00, 0.00, 0.00, 1.00, 1.00, 0.00, 0.00, 0.00, 0.00, 0.00, 0.00
952,  0,  31.700,  0.98,  1, 0.58, 0.07, 1.83, 0.00, 0.00, 1.30, 0.00, 0.00, 0.00, 0.00, 0.00, 1.74, 0.04, 0.00, 0.00, 0.33, 0.00, 0.00, 0.00, 1.00, 1.00, 0.00, 0.00, 0.00, 0.00, 0.00, 0.00, 1.00, 1.00, 1.00, 0.00, 0.00, 0.00, 0.00, 0.00
953,  0,  31.733,  0.98,  1, 0.64, 0.10, 1.86, 0.00, 0.00, 1.32, 0.00, 0.00, 0.00, 0.00, 0.09, 1.69, 0.01, 0.00, 0.00, 0.33, 0.00, 0.00, 0.00, 1.00, 1.00, 0.00, 0.00, 0.00, 0.00, 0.00, 0.00, 1.00, 1.00, 1.00, 0.00, 0.00, 0.00, 0.00, 0.00
954,  0,  31.767,  0.98,  1, 0.59, 0.10, 1.70, 0.00, 0.00, 1.47, 0.00, 0.00, 0.00, 0.00, 0.14, 1.75, 0.03, 0.04, 0.00, 0.40, 0.00, 0.00, 0.00, 1.00, 1.00, 0.00, 0.00, 0.00, 0.00, 0.00, 0.00, 1.00, 1.00, 0.00, 0.00, 0.00, 0.00, 0.00, 0.00
955,  0,  31.800,  0.98,  1, 0.55, 0.12, 1.59, 0.00, 0.00, 1.64, 0.00, 0.00, 0.00, 0.00, 0.25, 1.67, 0.03, 0.04, 0.00, 0.39, 0.00, 0.00, 0.00, 1.00, 1.00, 0.00, 0.00, 0.00, 0.00, 0.00, 0.00, 1.00, 1.00, 0.00, 0.00, 0.00, 0.00, 0.00, 0.00
956,  0,  31.833,  0.98,  1, 0.55, 0.06, 1.32, 0.00, 0.00, 1.63, 0.00, 0.00, 0.00, 0.00, 0.30, 1.73, 0.02, 0.06, 0.00, 0.34, 0.00, 0.00, 0.00, 1.00, 1.00, 0.00, 0.00, 0.00, 0.00, 0.00, 0.00, 0.00, 1.00, 0.00, 0.00, 0.00, 0.00, 0.00, 0.00
957,  0,  31.867,  0.98,  1, 0.58, 0.10, 1.23, 0.00, 0.00, 1.51, 0.00, 0.00, 0.00, 0.00, 0.25, 1.69, 0.00, 0.09, 0.00, 0.16, 0.00, 0.00, 0.00, 1.00, 1.00, 0.00, 0.00, 0.00, 0.00, 0.00, 0.00, 1.00, 1.00, 0.00, 0.00, 0.00, 0.00, 0.00, 0.00
958,  0,  31.900,  0.98,  1, 0.55, 0.10, 1.14, 0.00, 0.00, 1.32, 0.00, 0.00, 0.00, 0.00, 0.14, 1.72, 0.00, 0.11, 0.00, 0.18, 0.00, 0.00, 0.00, 1.00, 1.00, 0.00, 0.00, 0.00, 0.00, 0.00, 0.00, 1.00, 1.00, 0.00, 0.00, 0.00, 0.00, 0.00, 0.00
959,  0,  31.933,  0.98,  1, 0.48, 0.08, 1.16, 0.00, 0.00, 1.39, 0.00, 0.00, 0.00, 0.00, 0.00, 1.76, 0.00, 0.13, 0.00, 0.23, 0.00, 0.00, 0.00, 1.00, 1.00, 0.00, 0.00, 0.00, 0.00, 0.00, 0.00, 0.00, 1.00, 0.00, 0.00, 0.00, 0.00, 0.00, 0.00
960,  0,  31.967,  0.98,  1, 0.37, 0.05, 1.34, 0.00, 0.00, 1.36, 0.00, 0.00, 0.00, 0.00, 0.00, 1.69, 0.00, 0.07, 0.00, 0.33, 0.00, 0.00, 0.00, 1.00, 1.00, 0.00, 0.00, 0.00, 0.00, 0.00, 0.00, 0.00, 1.00, 0.00, 0.00, 0.00, 0.00, 0.00, 0.00
961,  0,  32.000,  0.98,  1, 0.23, 0.00, 1.50, 0.00, 0.00, 1.42, 0.00, 0.00, 0.00, 0.00, 0.00, 1.65, 0.00, 0.03, 0.00, 0.24, 0.00, 0.00, 0.00, 1.00, 1.00, 0.00, 0.00, 0.00, 0.00, 0.00, 0.00, 0.00, 1.00, 0.00, 0.00, 0.00, 0.00, 0.00, 0.00
962,  0,  32.033,  0.98,  1, 0.09, 0.00, 1.68, 0.00, 0.00, 1.33, 0.00, 0.00, 0.00, 0.00, 0.00, 1.56, 0.00, 0.00, 0.00, 0.15, 0.00, 0.00, 0.00, 1.00, 1.00, 0.00, 0.00, 0.00, 0.00, 0.00, 0.00, 0.00, 1.00, 0.00, 0.00, 0.00, 0.00, 0.00, 0.00
963,  0,  32.067,  0.98,  1, 0.01, 0.00, 1.65, 0.00, 0.00, 1.41, 0.00, 0.00, 0.00, 0.00, 0.00, 1.60, 0.00, 0.00, 0.00, 0.05, 0.00, 0.00, 0.00, 1.00, 1.00, 0.00, 0.00, 0.00, 0.00, 0.00, 0.00, 0.00, 1.00, 0.00, 0.00, 0.00, 0.00, 0.00, 0.00
964,  0,  32.100,  0.98,  1, 0.05, 0.00, 1.65, 0.00, 0.00, 1.46, 0.00, 0.00, 0.00, 0.00, 0.00, 1.56, 0.00, 0.00, 0.00, 0.00, 0.00, 0.00, 0.00, 1.00, 1.00, 0.00, 0.00, 0.00, 0.00, 0.00, 0.00, 0.00, 1.00, 0.00, 0.00, 0.00, 0.00, 0.00, 0.00
965,  0,  32.133,  0.98,  1, 0.12, 0.02, 1.67, 0.00, 0.00, 1.51, 0.00, 0.00, 0.00, 0.00, 0.00, 1.53, 0.00, 0.00, 0.01, 0.03, 0.00, 0.00, 0.00, 1.00, 1.00, 0.00, 0.00, 0.00, 0.00, 0.00, 0.00, 0.00, 1.00, 0.00, 0.00, 0.00, 0.00, 0.00, 0.00
966,  0,  32.167,  0.98,  1, 0.12, 0.02, 1.71, 0.00, 0.00, 1.54, 0.00, 0.00, 0.00, 0.00, 0.00, 1.44, 0.00, 0.00, 0.01, 0.03, 0.00, 0.00, 0.00, 1.00, 1.00, 0.00, 0.00, 0.00, 0.00, 0.00, 0.00, 0.00, 1.00, 0.00, 0.00, 0.00, 0.00, 0.00, 0.00
967,  0,  32.200,  0.98,  1, 0.14, 0.02, 1.77, 0.00, 0.00, 1.59, 0.00, 0.00, 0.00, 0.01, 0.00, 1.37, 0.00, 0.00, 0.01, 0.03, 0.00, 0.00, 0.00, 1.00, 1.00, 0.00, 0.00, 0.00, 0.00, 0.00, 0.00, 0.00, 1.00, 0.00, 0.00, 0.00, 0.00, 0.00, 0.00
968,  0,  32.233,  0.98,  1, 0.07, 0.00, 1.77, 0.00, 0.00, 1.61, 0.00, 0.00, 0.00, 0.01, 0.00, 1.31, 0.00, 0.00, 0.00, 0.00, 0.00, 0.00, 0.00, 1.00, 1.00, 0.00, 0.00, 0.00, 0.00, 0.00, 0.00, 0.00, 1.00, 0.00, 0.00, 0.00, 0.00, 0.00, 0.00
969,  0,  32.267,  0.98,  1, 0.10, 0.00, 1.81, 0.00, 0.00, 1.50, 0.00, 0.00, 0.00, 0.01, 0.00, 1.39, 0.00, 0.00, 0.00, 0.00, 0.00, 0.00, 0.00, 1.00, 1.00, 0.00, 0.00, 0.00, 0.00, 0.00, 0.00, 1.00, 1.00, 0.00, 0.00, 0.00, 0.00, 0.00, 0.00
970,  0,  32.300,  0.98,  1, 0.09, 0.00, 1.79, 0.00, 0.00, 1.28, 0.00, 0.00, 0.00, 0.00, 0.00, 1.50, 0.00, 0.00, 0.00, 0.04, 0.00, 0.00, 0.00, 1.00, 1.00, 0.00, 0.00, 0.00, 0.00, 0.00, 0.00, 1.00, 1.00, 0.00, 0.00, 0.00, 0.00, 0.00, 0.00
971,  0,  32.333,  0.98,  1, 0.09, 0.00, 1.79, 0.00, 0.00, 1.03, 0.00, 0.00, 0.00, 0.00, 0.00, 1.60, 0.00, 0.00, 0.00, 0.10, 0.00, 0.00, 0.00, 1.00, 1.00, 0.00, 0.00, 0.00, 0.00, 0.00, 0.00, 1.00, 1.00, 0.00, 0.00, 0.00, 0.00, 0.00, 0.00
972,  0,  32.367,  0.98,  1, 0.05, 0.00, 1.63, 0.00, 0.00, 0.90, 0.00, 0.00, 0.00, 0.00, 0.00, 1.57, 0.00, 0.00, 0.00, 0.28, 0.00, 0.00, 0.00, 1.00, 1.00, 0.00, 0.00, 0.00, 0.00, 0.00, 0.00, 1.00, 1.00, 0.00, 0.00, 0.00, 0.00, 0.00, 0.00
973,  0,  32.400,  0.98,  1, 0.00, 0.00, 1.47, 0.00, 0.00, 0.78, 0.00, 0.00, 0.00, 0.00, 0.00, 1.56, 0.00, 0.00, 0.00, 0.39, 0.00, 0.00, 0.00, 1.00, 1.00, 0.00, 0.00, 0.00, 0.00, 0.00, 0.00, 1.00, 1.00, 0.00, 0.00, 0.00, 0.00, 0.00, 0.00
974,  0,  32.433,  0.98,  1, 0.00, 0.00, 1.31, 0.00, 0.00, 0.73, 0.00, 0.00, 0.00, 0.00, 0.00, 1.37, 0.00, 0.01, 0.00, 0.55, 0.00, 0.00, 0.00, 1.00, 1.00, 0.00, 0.00, 0.00, 0.00, 0.00, 0.00, 1.00, 1.00, 0.00, 0.00, 0.00, 0.00, 0.00, 0.00
975,  0,  32.467,  0.98,  1, 0.08, 0.00, 1.31, 0.00, 0.00, 0.70, 0.00, 0.00, 0.00, 0.00, 0.00, 1.30, 0.00, 0.03, 0.00, 0.56, 0.00, 0.00, 0.00, 1.00, 1.00, 0.00, 0.00, 0.00, 0.00, 0.00, 0.00, 0.00, 1.00, 0.00, 0.00, 0.00, 0.00, 0.00, 0.00
976,  0,  32.500,  0.98,  1, 0.10, 0.00, 1.36, 0.00, 0.00, 0.75, 0.00, 0.00, 0.00, 0.00, 0.00, 1.27, 0.00, 0.03, 0.00, 0.46, 0.00, 0.00, 0.00, 1.00, 1.00, 0.00, 0.00, 0.00, 0.00, 0.00, 0.00, 0.00, 1.00, 0.00, 0.00, 0.00, 0.00, 0.00, 0.00
977,  0,  32.533,  0.98,  1, 0.10, 0.00, 1.38, 0.00, 0.00, 0.77, 0.00, 0.00, 0.00, 0.01, 0.00, 1.46, 0.00, 0.02, 0.00, 0.31, 0.00, 0.00, 0.00, 1.00, 1.00, 0.00, 0.00, 0.00, 0.00, 0.00, 0.00, 0.00, 1.00, 0.00, 0.00, 0.00, 0.00, 0.00, 0.00
978,  0,  32.567,  0.98,  1, 0.07, 0.00, 1.38, 0.00, 0.00, 0.77, 0.00, 0.00, 0.00, 0.04, 0.00, 1.44, 0.00, 0.00, 0.00, 0.18, 0.00, 0.00, 0.00, 1.00, 1.00, 0.00, 0.00, 0.00, 0.00, 0.00, 0.00, 0.00, 1.00, 0.00, 0.00, 0.00, 0.00, 0.00, 0.00
979,  0,  32.600,  0.98,  1, 0.06, 0.00, 1.38, 0.00, 0.00, 0.71, 0.00, 0.00, 0.00, 0.05, 0.00, 1.40, 0.00, 0.02, 0.05, 0.31, 0.00, 0.00, 0.00, 1.00, 1.00, 0.00, 0.00, 0.00, 0.00, 0.00, 0.00, 0.00, 1.00, 0.00, 0.00, 0.00, 0.00, 0.00, 0.00
980,  0,  32.633,  0.98,  1, 0.06, 0.00, 1.36, 0.00, 0.00, 0.63, 0.00, 0.00, 0.00, 0.08, 0.00, 1.39, 0.00, 0.02, 0.10, 0.36, 0.00, 0.00, 0.00, 1.00, 1.00, 0.00, 0.00, 0.00, 0.00, 0.00, 0.00, 0.00, 1.00, 0.00, 0.00, 0.00, 0.00, 0.00, 0.00
981,  0,  32.667,  0.98,  1, 0.00, 0.00, 1.30, 0.00, 0.00, 0.75, 0.00, 0.00, 0.00, 0.05, 0.00, 1.45, 0.00, 0.02, 0.10, 0.40, 0.00, 0.00, 0.00, 1.00, 1.00, 0.00, 0.00, 0.00, 0.00, 0.00, 0.00, 0.00, 1.00, 0.00, 0.00, 0.00, 0.00, 0.00, 0.00
982,  0,  32.700,  0.98,  1, 0.00, 0.00, 1.28, 0.00, 0.00, 0.90, 0.00, 0.00, 0.00, 0.04, 0.00, 1.37, 0.00, 0.00, 0.06, 0.32, 0.00, 0.00, 0.00, 1.00, 1.00, 0.00, 0.00, 0.00, 0.00, 0.00, 0.00, 0.00, 1.00, 0.00, 0.00, 0.00, 0.00, 0.00, 0.00
983,  0,  32.733,  0.98,  1, 0.04, 0.00, 1.30, 0.00, 0.00, 1.12, 0.00, 0.00, 0.00, 0.00, 0.00, 1.40, 0.00, 0.00, 0.03, 0.34, 0.00, 0.00, 0.00, 1.00, 1.00, 0.00, 0.00, 0.00, 0.00, 0.00, 0.00, 0.00, 1.00, 0.00, 0.00, 0.00, 0.00, 0.00, 0.00
984,  0,  32.767,  0.98,  1, 0.10, 0.00, 1.49, 0.00, 0.00, 1.23, 0.00, 0.00, 0.00, 0.00, 0.00, 1.47, 0.00, 0.00, 0.08, 0.42, 0.00, 0.00, 0.00, 1.00, 1.00, 0.00, 0.00, 0.00, 0.00, 0.00, 0.00, 0.00, 1.00, 0.00, 0.00, 0.00, 0.00, 0.00, 0.00
985,  0,  32.800,  0.98,  1, 0.20, 0.00, 1.65, 0.00, 0.00, 1.43, 0.00, 0.00, 0.00, 0.00, 0.00, 1.59, 0.00, 0.00, 0.11, 0.43, 0.00, 0.00, 0.00, 1.00, 1.00, 0.00, 0.00, 0.00, 0.00, 0.00, 0.00, 0.00, 1.00, 0.00, 0.00, 0.00, 0.00, 0.00, 0.00
986,  0,  32.833,  0.98,  1, 0.30, 0.00, 1.78, 0.00, 0.00, 1.50, 0.00, 0.00, 0.00, 0.00, 0.00, 1.56, 0.00, 0.01, 0.12, 0.35, 0.00, 0.00, 0.00, 1.00, 1.00, 0.00, 0.00, 0.00, 0.00, 0.00, 0.00, 0.00, 1.00, 0.00, 0.00, 0.00, 0.00, 0.00, 0.00
987,  0,  32.867,  0.98,  1, 0.27, 0.00, 1.80, 0.00, 0.00, 1.74, 0.00, 0.00, 0.00, 0.00, 0.00, 1.53, 0.00, 0.01, 0.06, 0.18, 0.00, 0.00, 0.00, 1.00, 1.00, 0.00, 0.00, 0.00, 0.00, 0.00, 0.00, 0.00, 1.00, 0.00, 0.00, 0.00, 0.00, 0.00, 0.00
988,  0,  32.900,  0.98,  1, 0.26, 0.00, 1.85, 0.00, 0.00, 1.85, 0.00, 0.00, 0.00, 0.00, 0.00, 1.57, 0.00, 0.02, 0.11, 0.22, 0.00, 0.00, 0.00, 1.00, 1.00, 0.00, 0.00, 0.00, 0.00, 0.00, 0.00, 0.00, 1.00, 0.00, 0.00, 0.00, 0.00, 0.00, 0.00
989,  0,  32.933,  0.98,  1, 0.29, 0.10, 1.82, 0.00, 0.00, 1.95, 0.00, 0.00, 0.00, 0.00, 0.00, 1.64, 0.00, 0.01, 0.13, 0.21, 0.00, 0.00, 0.00, 1.00, 1.00, 0.00, 0.00, 0.00, 0.00, 0.00, 0.00, 0.00, 1.00, 0.00, 0.00, 0.00, 0.00, 0.00, 0.00
990,  0,  32.967,  0.98,  1, 0.42, 0.10, 1.71, 0.00, 0.00, 1.85, 0.00, 0.00, 0.00, 0.00, 0.00, 1.60, 0.00, 0.01, 0.13, 0.19, 0.00, 0.00, 0.00, 1.00, 1.00, 0.00, 0.00, 0.00, 0.00, 0.00, 0.00, 0.00, 1.00, 0.00, 0.00, 0.00, 0.00, 0.00, 0.00
991,  0,  33.000,  0.98,  1, 0.41, 0.10, 1.52, 0.00, 0.00, 1.86, 0.00, 0.00, 0.00, 0.00, 0.00, 1.65, 0.00, 0.04, 0.10, 0.06, 0.00, 0.00, 0.00, 1.00, 1.00, 0.00, 0.00, 0.00, 0.00, 0.00, 0.00, 0.00, 1.00, 0.00, 0.00, 0.00, 0.00, 0.00, 0.00
992,  0,  33.033,  0.98,  1, 0.37, 0.00, 1.39, 0.00, 0.00, 1.87, 0.00, 0.00, 0.00, 0.00, 0.00, 1.62, 0.00, 0.04, 0.04, 0.03, 0.00, 0.00, 0.00, 1.00, 1.00, 0.00, 0.00, 0.00, 0.00, 0.00, 0.00, 0.00, 1.00, 0.00, 0.00, 0.00, 0.00, 0.00, 0.00
993,  0,  33.067,  0.98,  1, 0.38, 0.00, 1.37, 0.00, 0.00, 1.84, 0.00, 0.00, 0.00, 0.00, 0.00, 1.58, 0.00, 0.04, 0.04, 0.03, 0.00, 0.00, 0.00, 1.00, 1.00, 0.00, 0.00, 0.00, 0.00, 0.00, 0.00, 0.00, 1.00, 0.00, 0.00, 0.00, 0.00, 0.00, 0.00
994,  0,  33.100,  0.98,  1, 0.37, 0.00, 1.35, 0.00, 0.00, 1.49, 0.00, 0.00, 0.00, 0.00, 0.00, 1.49, 0.00, 0.00, 0.01, 0.03, 0.00, 0.00, 0.00, 1.00, 1.00, 0.00, 0.00, 0.00, 0.00, 0.00, 0.00, 0.00, 1.00, 0.00, 0.00, 0.00, 0.00, 0.00, 0.00
995,  0,  33.133,  0.98,  1, 0.38, 0.00, 1.42, 0.00, 0.00, 1.38, 0.00, 0.00, 0.00, 0.00, 0.00, 1.43, 0.04, 0.00, 0.05, 0.00, 0.00, 0.00, 0.00, 1.00, 1.00, 0.00, 0.00, 0.00, 0.00, 0.00, 0.00, 0.00, 1.00, 0.00, 0.00, 0.00, 0.00, 0.00, 0.00
996,  0,  33.167,  0.98,  1, 0.21, 0.00, 1.42, 0.00, 0.00, 1.22, 0.00, 0.00, 0.00, 0.00, 0.00, 1.46, 0.05, 0.00, 0.05, 0.08, 0.00, 0.00, 0.00, 1.00, 1.00, 0.00, 0.00, 0.00, 0.00, 0.00, 0.00, 0.00, 1.00, 1.00, 0.00, 0.00, 0.00, 0.00, 0.00
997,  0,  33.200,  0.98,  1, 0.13, 0.00, 1.45, 0.00, 0.00, 1.23, 0.00, 0.00, 0.00, 0.00, 0.00, 1.37, 0.05, 0.00, 0.04, 0.19, 0.00, 0.00, 0.00, 1.00, 1.00, 0.00, 0.00, 0.00, 0.00, 0.00, 0.00, 0.00, 1.00, 1.00, 0.00, 0.00, 0.00, 0.00, 0.00
998,  0,  33.233,  0.98,  1, 0.05, 0.00, 1.40, 0.00, 0.00, 1.15, 0.00, 0.00, 0.00, 0.00, 0.00, 1.37, 0.01, 0.00, 0.00, 0.31, 0.01, 0.00, 0.00, 1.00, 1.00, 0.00, 0.00, 0.00, 0.00, 0.00, 0.00, 0.00, 1.00, 1.00, 0.00, 0.00, 0.00, 0.00, 0.00
999,  0,  33.267,  0.98,  1, 0.12, 0.00, 1.42, 0.00, 0.00, 1.17, 0.00, 0.00, 0.00, 0.00, 0.00, 1.28, 0.00, 0.00, 0.04, 0.25, 0.01, 0.00, 0.00, 1.00, 1.00, 0.00, 0.00, 0.00, 0.00, 0.00, 0.00, 0.00, 1.00, 1.00, 0.00, 0.00, 0.00, 0.00, 0.00
1000,  0,  33.300,  0.98,  1, 0.42, 0.02, 1.36, 0.00, 0.00, 1.34, 0.00, 0.00, 0.00, 0.00, 0.00, 1.33, 0.00, 0.00, 0.12, 0.30, 0.01, 0.00, 0.00, 1.00, 1.00, 0.00, 0.00, 0.00, 0.00, 0.00, 0.00, 0.00, 1.00, 0.00, 0.00, 0.00, 0.00, 0.00, 0.00
1001,  0,  33.333,  0.98,  1, 0.58, 0.11, 1.38, 0.00, 0.00, 1.31, 0.00, 0.00, 0.00, 0.00, 0.00, 1.31, 0.00, 0.00, 0.15, 0.22, 0.00, 0.00, 0.00, 1.00, 1.00, 0.00, 0.00, 0.00, 0.00, 0.00, 0.00, 0.00, 1.00, 0.00, 0.00, 0.00, 0.00, 0.00, 0.00
1002,  0,  33.367,  0.98,  1, 0.70, 0.11, 1.29, 0.00, 0.00, 1.37, 0.00, 0.00, 0.00, 0.00, 0.00, 1.35, 0.00, 0.00, 0.17, 0.25, 0.00, 0.00, 0.00, 1.00, 1.00, 0.00, 0.00, 0.00, 0.00, 0.00, 0.00, 0.00, 1.00, 0.00, 0.00, 0.00, 0.00, 0.00, 0.00
1003,  0,  33.400,  0.98,  1, 0.62, 0.21, 1.28, 0.00, 0.00, 1.23, 0.00, 0.00, 0.00, 0.00, 0.00, 1.27, 0.00, 0.00, 0.19, 0.10, 0.01, 0.00, 0.00, 1.00, 1.00, 0.00, 0.00, 0.00, 0.00, 0.00, 0.00, 0.00, 1.00, 0.00, 0.00, 0.00, 0.00, 0.00, 0.00
1004,  0,  33.433,  0.98,  1, 0.66, 0.19, 1.22, 0.00, 0.00, 1.32, 0.00, 0.00, 0.00, 0.00, 0.02, 1.20, 0.00, 0.00, 0.19, 0.05, 0.01, 0.00, 0.00, 1.00, 1.00, 0.00, 0.00, 0.00, 0.00, 0.00, 0.00, 0.00, 1.00, 0.00, 0.00, 0.00, 0.00, 0.00, 0.00
1005,  0,  33.467,  0.98,  1, 0.72, 0.19, 1.27, 0.00, 0.00, 1.43, 0.00, 0.00, 0.00, 0.00, 0.02, 1.20, 0.00, 0.00, 0.23, 0.00, 0.01, 0.00, 0.00, 1.00, 1.00, 0.00, 0.00, 0.00, 0.00, 0.00, 0.00, 0.00, 1.00, 0.00, 0.00, 0.00, 0.00, 0.00, 0.00
1006,  0,  33.500,  0.98,  1, 0.69, 0.08, 1.19, 0.00, 0.00, 1.52, 0.00, 0.00, 0.00, 0.00, 0.02, 1.14, 0.00, 0.00, 0.18, 0.00, 0.00, 0.00, 0.00, 1.00, 1.00, 0.00, 0.00, 0.00, 0.00, 0.00, 0.00, 0.00, 1.00, 0.00, 0.00, 0.00, 0.00, 0.00, 0.00
1007,  0,  33.533,  0.98,  1, 0.65, 0.11, 1.13, 0.00, 0.00, 1.48, 0.00, 0.00, 0.00, 0.00, 0.00, 1.15, 0.00, 0.00, 0.16, 0.00, 0.00, 0.00, 0.00, 1.00, 1.00, 0.00, 0.00, 0.00, 0.00, 0.00, 0.00, 0.00, 1.00, 0.00, 0.00, 0.00, 0.00, 0.00, 0.00
1008,  0,  33.567,  0.98,  1, 0.48, 0.11, 1.19, 0.00, 0.00, 1.26, 0.00, 0.00, 0.00, 0.00, 0.00, 1.20, 0.00, 0.00, 0.20, 0.19, 0.00, 0.00, 0.00, 1.00, 1.00, 0.00, 0.00, 0.00, 0.00, 0.00, 0.00, 0.00, 1.00, 0.00, 0.00, 0.00, 0.00, 0.00, 0.00
1009,  0,  33.600,  0.98,  1, 0.30, 0.22, 1.33, 0.00, 0.00, 1.26, 0.00, 0.00, 0.00, 0.00, 0.00, 1.30, 0.00, 0.00, 0.34, 0.27, 0.00, 0.00, 0.00, 1.00, 1.00, 0.00, 0.00, 0.00, 0.00, 0.00, 0.00, 0.00, 1.00, 0.00, 0.00, 0.00, 0.00, 0.00, 0.00
1010,  0,  33.633,  0.98,  1, 0.14, 0.11, 1.41, 0.00, 0.00, 1.19, 0.00, 0.00, 0.00, 0.00, 0.00, 1.41, 0.00, 0.00, 0.42, 0.40, 0.00, 0.00, 0.00, 1.00, 1.00, 0.00, 0.00, 0.00, 0.00, 0.00, 0.00, 0.00, 1.00, 0.00, 0.00, 0.00, 0.00, 0.00, 0.00
1011,  0,  33.667,  0.98,  1, 0.07, 0.11, 1.34, 0.00, 0.00, 1.37, 0.00, 0.00, 0.00, 0.00, 0.00, 1.43, 0.00, 0.00, 0.33, 0.34, 0.00, 0.00, 0.00, 1.00, 1.00, 0.00, 0.00, 0.00, 0.00, 0.00, 0.00, 0.00, 1.00, 0.00, 0.00, 0.00, 0.00, 0.00, 0.00
1012,  0,  33.700,  0.98,  1, 0.04, 0.00, 1.24, 0.00, 0.00, 1.39, 0.00, 0.00, 0.00, 0.00, 0.00, 1.48, 0.00, 0.00, 0.22, 0.32, 0.03, 0.00, 0.00, 1.00, 1.00, 0.00, 0.00, 0.00, 0.00, 0.00, 0.00, 0.00, 1.00, 0.00, 0.00, 0.00, 0.00, 0.00, 0.00
1013,  0,  33.733,  0.98,  1, 0.02, 0.00, 1.25, 0.00, 0.00, 1.55, 0.00, 0.00, 0.00, 0.03, 0.00, 1.48, 0.00, 0.00, 0.17, 0.35, 0.05, 0.00, 0.00, 1.00, 1.00, 0.00, 0.00, 0.00, 0.00, 0.00, 0.00, 0.00, 1.00, 0.00, 0.00, 0.00, 0.00, 0.00, 0.00
1014,  0,  33.767,  0.98,  1, 0.13, 0.00, 1.29, 0.00, 0.00, 1.50, 0.00, 0.00, 0.00, 0.03, 0.00, 1.48, 0.00, 0.00, 0.17, 0.31, 0.05, 0.00, 0.00, 1.00, 1.00, 0.00, 0.00, 0.00, 0.00, 0.00, 0.00, 0.00, 1.00, 0.00, 0.00, 0.00, 0.00, 0.00, 0.00
1015,  0,  33.800,  0.98,  1, 0.17, 0.00, 1.37, 0.00, 0.00, 1.49, 0.00, 0.00, 0.00, 0.03, 0.00, 1.55, 0.00, 0.00, 0.11, 0.42, 0.02, 0.00, 0.00, 1.00, 1.00, 0.00, 0.00, 0.00, 0.00, 0.00, 0.00, 0.00, 1.00, 0.00, 0.00, 0.00, 0.00, 0.00, 0.00
1016,  0,  33.833,  0.98,  1, 0.24, 0.03, 1.39, 0.00, 0.00, 1.50, 0.00, 0.00, 0.00, 0.00, 0.00, 1.43, 0.00, 0.00, 0.06, 0.39, 0.00, 0.00, 0.00, 1.00, 1.00, 0.00, 0.00, 0.00, 0.00, 0.00, 0.00, 0.00, 1.00, 0.00, 0.00, 0.00, 0.00, 0.00, 0.00
1017,  0,  33.867,  0.98,  1, 0.19, 0.06, 1.38, 0.00, 0.00, 1.43, 0.00, 0.00, 0.00, 0.06, 0.00, 1.53, 0.00, 0.02, 0.02, 0.43, 0.00, 0.00, 0.00, 1.00, 1.00, 0.00, 0.00, 0.00, 0.00, 0.00, 0.00, 0.00, 1.00, 0.00, 0.00, 0.00, 0.00, 0.00, 0.00
1018,  0,  33.900,  0.98,  1, 0.28, 0.27, 1.45, 0.00, 0.00, 1.37, 0.00, 0.00, 0.00, 0.06, 0.00, 1.42, 0.00, 0.02, 0.00, 0.39, 0.00, 0.00, 0.00, 1.00, 1.00, 0.00, 0.00, 0.00, 0.00, 0.00, 0.00, 0.00, 1.00, 0.00, 0.00, 0.00, 0.00, 0.00, 0.00
1019,  0,  33.933,  0.98,  1, 0.34, 0.42, 1.44, 0.00, 0.00, 1.34, 0.00, 0.00, 0.00, 0.06, 0.00, 1.50, 0.00, 0.02, 0.04, 0.33, 0.00, 0.00, 0.00, 1.00, 1.00, 0.00, 0.00, 0.00, 0.00, 0.00, 0.00, 0.00, 1.00, 0.00, 0.00, 0.00, 0.00, 0.00, 0.00
1020,  0,  33.967,  0.98,  1, 0.28, 0.45, 1.50, 0.00, 0.00, 1.40, 0.00, 0.00, 0.00, 0.00, 0.00, 1.37, 0.00, 0.00, 0.04, 0.23, 0.00, 0.00, 0.00, 1.00, 1.00, 0.00, 0.00, 0.00, 0.00, 0.00, 0.00, 0.00, 1.00, 0.00, 0.00, 0.00, 0.00, 0.00, 0.00
1021,  0,  34.000,  0.98,  1, 0.14, 0.28, 1.48, 0.00, 0.00, 1.32, 0.00, 0.00, 0.00, 0.00, 0.00, 1.26, 0.00, 0.00, 0.06, 0.12, 0.00, 0.00, 0.00, 1.00, 1.00, 0.00, 0.00, 0.00, 0.00, 0.00, 0.00, 0.00, 1.00, 0.00, 0.00, 0.00, 0.00, 0.00, 0.00
1022,  0,  34.033,  0.98,  1, 0.00, 0.10, 1.50, 0.00, 0.00, 1.32, 0.00, 0.00, 0.00, 0.00, 0.00, 1.15, 0.00, 0.00, 0.02, 0.19, 0.00, 0.00, 0.00, 1.00, 1.00, 0.00, 0.00, 0.00, 0.00, 0.00, 0.00, 0.00, 1.00, 0.00, 0.00, 0.00, 0.00, 0.00, 0.00
1023,  0,  34.067,  0.98,  1, 0.00, 0.15, 1.48, 0.00, 0.00, 1.14, 0.00, 0.00, 0.00, 0.00, 0.00, 1.17, 0.00, 0.00, 0.02, 0.24, 0.00, 0.00, 0.00, 1.00, 1.00, 0.00, 0.00, 0.00, 0.00, 0.00, 0.00, 0.00, 1.00, 0.00, 0.00, 0.00, 0.00, 0.00, 0.00
1024,  0,  34.100,  0.98,  1, 0.00, 0.19, 1.46, 0.00, 0.00, 1.34, 0.00, 0.00, 0.00, 0.00, 0.00, 1.32, 0.00, 0.00, 0.00, 0.34, 0.00, 0.00, 0.00, 1.00, 1.00, 0.00, 0.00, 0.00, 0.00, 0.00, 0.00, 0.00, 1.00, 0.00, 0.00, 0.00, 0.00, 0.00, 0.00
1025,  0,  34.133,  0.98,  1, 0.00, 0.28, 1.53, 0.00, 0.00, 1.31, 0.00, 0.00, 0.00, 0.00, 0.00, 1.42, 0.00, 0.00, 0.02, 0.27, 0.00, 0.00, 0.00, 1.00, 1.00, 0.00, 0.00, 0.00, 0.00, 0.00, 0.00, 0.00, 1.00, 0.00, 0.00, 0.00, 0.00, 0.00, 0.00
1026,  0,  34.167,  0.98,  1, 0.00, 0.16, 1.58, 0.00, 0.00, 1.40, 0.00, 0.00, 0.00, 0.00, 0.00, 1.43, 0.00, 0.00, 0.02, 0.24, 0.00, 0.00, 0.00, 1.00, 1.00, 0.00, 0.00, 0.00, 0.00, 0.00, 0.00, 0.00, 1.00, 0.00, 0.00, 0.00, 0.00, 0.00, 0.00
1027,  0,  34.200,  0.98,  1, 0.00, 0.09, 1.59, 0.00, 0.00, 1.34, 0.00, 0.00, 0.00, 0.00, 0.00, 1.53, 0.00, 0.00, 0.02, 0.31, 0.00, 0.00, 0.00, 1.00, 1.00, 0.00, 0.00, 0.00, 0.00, 0.00, 0.00, 0.00, 1.00, 0.00, 0.00, 0.00, 0.00, 0.00, 0.00
1028,  0,  34.233,  0.98,  1, 0.04, 0.05, 1.60, 0.00, 0.00, 1.36, 0.00, 0.00, 0.00, 0.00, 0.00, 1.54, 0.00, 0.00, 0.00, 0.30, 0.00, 0.00, 0.00, 1.00, 1.00, 0.00, 0.00, 0.00, 0.00, 0.00, 0.00, 0.00, 1.00, 0.00, 0.00, 0.00, 0.00, 0.00, 0.00
1029,  0,  34.267,  0.98,  1, 0.07, 0.05, 1.60, 0.00, 0.00, 1.39, 0.00, 0.00, 0.00, 0.00, 0.00, 1.58, 0.00, 0.00, 0.00, 0.33, 0.00, 0.00, 0.00, 1.00, 1.00, 0.00, 0.00, 0.00, 0.00, 0.00, 0.00, 0.00, 1.00, 0.00, 0.00, 0.00, 0.00, 0.00, 0.00
1030,  0,  34.300,  0.98,  1, 0.19, 0.15, 1.60, 0.00, 0.00, 1.32, 0.00, 0.00, 0.00, 0.00, 0.00, 1.50, 0.00, 0.00, 0.06, 0.30, 0.00, 0.00, 0.00, 1.00, 1.00, 0.00, 0.00, 0.00, 0.00, 0.00, 0.00, 0.00, 1.00, 0.00, 0.00, 0.00, 0.00, 0.00, 0.00
1031,  0,  34.333,  0.98,  1, 0.21, 0.10, 1.57, 0.00, 0.00, 1.23, 0.00, 0.00, 0.00, 0.00, 0.00, 1.49, 0.00, 0.00, 0.06, 0.36, 0.00, 0.00, 0.00, 1.00, 1.00, 0.00, 0.00, 0.00, 0.00, 0.00, 0.00, 0.00, 1.00, 0.00, 0.00, 0.00, 0.00, 0.00, 0.00
1032,  0,  34.367,  0.98,  1, 0.17, 0.10, 1.45, 0.00, 0.00, 1.34, 0.00, 0.00, 0.00, 0.00, 0.00, 1.35, 0.00, 0.00, 0.13, 0.34, 0.00, 0.00, 0.00, 1.00, 1.00, 0.00, 0.00, 0.00, 0.00, 0.00, 0.00, 0.00, 1.00, 0.00, 0.00, 0.00, 0.00, 0.00, 0.00
1033,  0,  34.400,  0.98,  1, 0.05, 0.01, 1.37, 0.00, 0.00, 1.45, 0.00, 0.00, 0.00, 0.00, 0.00, 1.27, 0.00, 0.00, 0.12, 0.24, 0.00, 0.00, 0.00, 1.00, 1.00, 0.00, 0.00, 0.00, 0.00, 0.00, 0.00, 0.00, 1.00, 0.00, 0.00, 0.00, 0.00, 0.00, 0.00
1034,  0,  34.433,  0.98,  1, 0.05, 0.01, 1.36, 0.00, 0.00, 1.68, 0.00, 0.00, 0.00, 0.00, 0.00, 1.27, 0.00, 0.00, 0.14, 0.31, 0.00, 0.00, 0.00, 1.00, 1.00, 0.00, 0.00, 0.00, 0.00, 0.00, 0.00, 0.00, 1.00, 0.00, 0.00, 0.00, 0.00, 0.00, 0.00
1035,  0,  34.467,  0.98,  1, 0.14, 0.00, 1.48, 0.00, 0.00, 1.82, 0.00, 0.00, 0.00, 0.00, 0.00, 1.42, 0.00, 0.00, 0.06, 0.54, 0.00, 0.00, 0.00, 1.00, 1.00, 0.00, 0.00, 0.00, 0.00, 0.00, 0.00, 0.00, 1.00, 0.00, 0.00, 0.00, 0.00, 0.00, 0.00
